# Blender 5.1.1
# www.blender.org
mtllib skull-med.mtl
o 12140_Skull_v3_L2
v -1.645800 -14.795900 1.097601
v -0.796600 -14.935400 1.816201
v -0.000100 -15.232700 0.998401
v 0.000000 -14.888300 2.629101
v -1.642500 -14.497800 2.767101
v -4.629300 -10.729700 4.041201
v -4.614300 -10.177800 4.642601
v -4.236400 -10.686800 4.893101
v -4.529600 -9.608300 4.973301
v -4.952100 -9.685300 4.551901
v -4.772200 -11.349800 0.566001
v -4.575800 -12.055400 0.820401
v -4.113800 -12.504500 0.443601
v -4.269200 -12.653100 1.118401
v -4.915400 -11.535100 1.287901
v -4.904000 -11.603300 1.997601
v -4.656400 -12.089600 1.512901
v -4.487200 -12.398200 1.675401
v -5.280600 -9.924300 0.756101
v -5.151900 -10.787300 0.978001
v -5.401400 -10.231100 1.489301
v -5.301100 -10.442600 2.455601
v -5.159200 -10.961900 1.807501
v -5.052900 -11.174900 2.628101
v -4.723100 -11.739600 2.720701
v -5.082100 -10.771200 3.337701
v -5.702000 -8.632000 0.969401
v -5.580300 -9.438700 1.158001
v -5.777300 -8.954900 1.700501
v -5.006500 -10.240100 4.011201
v -5.384600 -9.702600 4.070401
v -5.605800 -9.271300 2.931801
v -5.538300 -9.714500 2.120301
v -5.364800 -10.060300 3.236201
v -6.104300 -7.275000 1.370801
v -5.990000 -8.095200 1.420801
v -6.150000 -7.619400 2.038200
v -5.343300 -9.288500 4.704401
v -5.255300 -8.782900 5.104801
v -5.655100 -8.753000 4.744300
v -5.905600 -8.119000 3.437801
v -5.875500 -8.457100 2.467701
v -5.665100 -8.980500 3.872001
v -5.941500 -7.989900 4.489400
v -5.948000 -7.901599 5.532001
v -6.227700 -7.074800 3.991400
v -6.446300 -6.499100 2.489400
v -6.191100 -7.288900 2.921100
v -6.324800 -7.080100 5.276900
v -6.277200 -7.112299 6.613501
v -6.598300 -6.001800 4.598401
v -6.845600 -5.120600 2.821600
v -6.546900 -6.111000 3.382801
v -7.164200 -4.072700 3.190300
v -6.890100 -4.935500 3.785501
v -6.809000 -4.848199 5.043900
v -6.809100 -3.494400 4.588100
v -6.965600 -3.927500 4.015000
v -7.102200 -3.511500 3.609700
v -6.754800 -3.860600 5.107901
v -6.782200 -4.171400 5.965900
v -6.727600 -3.338200 5.623100
v -6.643000 -6.195400 6.150500
v -6.618700 -6.405799 8.009901
v -6.877200 -5.093100 6.759100
v -7.022000 -4.929100 8.318500
v -5.551000 -8.362600 5.365500
v -5.378600 -7.755700 5.779000
v -5.771900 -7.537300 6.331700
v -5.635500 -7.094500 6.925200
v -6.051700 -6.858799 7.579700
v -5.951000 -6.764100 8.389501
v -5.287200 -7.201799 6.192300
v -5.007800 -7.406000 5.532701
v -5.377400 -6.620299 6.669600
v -5.635700 -6.718299 7.570200
v -5.759500 -6.307799 8.345300
v -6.256700 -5.714299 9.816500
v -6.446000 -5.232999 9.474100
v -6.074700 -5.151299 8.565100
v -6.779900 -4.679599 9.127100
v -6.722700 -5.530699 9.902700
v -6.950900 -5.787499 9.750200
v -6.914200 -5.959099 9.090800
v -6.712400 -6.367999 9.670701
v -6.649800 -5.926599 10.127300
v -6.768500 -6.116899 10.010700
v -6.476300 -6.294899 10.073900
v -6.932700 -5.251400 9.380900
v -6.819000 -5.776499 10.023900
v -6.542500 -5.743799 10.056500
v -6.220400 -6.609399 9.714601
v -6.380900 -6.685699 9.114101
v -6.513900 -6.444099 9.927801
v -5.869500 -6.579700 9.133101
v -5.988500 -6.259699 9.668000
v -6.188500 -6.416299 9.933901
v -6.308000 -6.057899 10.052300
v -6.824000 -3.865200 6.839200
v -7.044200 -3.287399 8.192200
v -7.043100 -2.135299 7.982800
v -6.856600 -2.843499 6.763700
v -6.752400 -2.748699 5.514900
v -7.288700 -2.361099 8.770600
v -7.494000 -2.522499 9.355000
v -7.200100 -1.842599 9.163200
v -7.393800 -1.635499 10.031800
v -7.546900 -2.003799 9.671700
v -7.691600 -2.202599 10.179000
v -7.088200 -2.435499 10.155300
v -7.408700 -2.526399 9.834900
v -7.052200 -2.817099 9.525700
v -6.819400 -1.642699 9.129200
v -7.082900 -1.621799 9.565700
v -6.941000 -1.497599 9.987300
v -6.981300 -4.116399 8.722200
v -6.889800 -3.581199 9.024600
v -7.178700 -3.049699 9.087400
v -5.965700 -5.877399 9.152800
v -5.673700 -5.961200 7.442101
v -5.463800 -5.598300 6.427600
v -6.697800 -1.876699 7.956100
v -6.942700 -1.773399 8.708400
v -6.664500 -1.631999 9.540300
v -6.493900 -1.754999 9.934600
v -6.449700 -1.906299 9.136600
v -6.531300 -1.788199 8.693100
v -6.231400 -2.154999 7.956800
v -6.451400 -2.224599 9.971700
v -6.705800 -2.520299 9.747800
v -6.342700 -2.497099 9.180000
v -6.421500 -2.056199 9.534200
v -6.238400 -2.247599 8.684900
v -5.920600 -2.764499 7.883600
v -6.305800 -3.666999 8.664900
v -6.527400 -4.209599 8.889600
v -6.626200 -3.129799 9.215900
v -6.080800 -3.109599 8.452000
v -5.841800 -3.933800 7.476400
v -5.970400 -4.557799 7.806100
v -5.085700 -6.647500 5.809501
v -4.644300 -6.810200 4.856201
v -0.816900 -13.669200 2.353901
v -0.376100 -13.576100 3.189101
v -0.764700 -13.416300 3.969601
v 0.000000 -13.601000 3.911701
v 0.000000 -13.798300 2.326701
v -1.710500 -13.301600 2.449201
v -1.149100 -13.251100 3.285901
v -1.494200 -12.902000 4.096201
v -2.488100 -12.799400 2.447001
v -1.930900 -12.762400 3.325901
v -2.167100 -12.224400 4.019301
v -3.122500 -12.056700 2.431301
v -2.646400 -12.112800 3.263001
v -2.623900 -11.324900 3.950601
v -3.602200 -11.155300 2.560601
v -3.137500 -11.213700 3.297101
v -2.962100 -10.366100 4.037801
v -3.928000 -10.186000 2.681601
v -3.465000 -10.252200 3.423901
v -3.225200 -9.406600 4.134901
v -4.119400 -9.153700 2.758501
v -3.669000 -9.242200 3.516701
v -3.514300 -8.485000 4.268600
v -5.472700 -4.545599 5.570001
v -5.036300 -5.690700 5.265501
v -4.887000 -5.673399 4.168900
v -6.802300 -2.929500 4.461800
v -6.765400 -3.094100 4.924700
v -6.564700 -2.460999 5.489600
v -6.797500 -2.230500 6.713400
v -7.081000 -3.087800 3.290500
v -6.946600 -3.225500 3.994800
v -7.106200 -3.670000 2.468300
v -7.228300 -3.511100 3.031900
v -6.671200 -2.713800 2.989400
v -6.840600 -2.772000 3.789000
v -6.605200 -2.610300 4.348700
v -6.704300 -2.696199 4.834600
v -6.372000 -2.240900 6.714400
v -6.049100 -2.710099 5.529800
v -6.294100 -2.611500 4.810000
v -6.031100 -2.843700 4.301300
v -6.101600 -2.836600 3.069600
v -6.334100 -2.633100 3.626000
v -5.669300 -3.346900 5.627601
v -5.908000 -2.696300 6.751500
v -5.818200 -3.104100 4.855100
v -5.693400 -3.484700 4.263700
v -5.632200 -4.680799 6.505900
v -5.640900 -3.558300 6.711101
v -5.568700 -3.927200 4.916101
v -5.483000 -4.479899 4.226501
v -4.522000 -6.422900 4.105101
v -4.457700 -6.856200 3.224200
v -5.298900 -4.882699 4.713400
v -6.303500 -6.885900 1.854600
v -6.362800 -6.204400 1.832600
v -6.740700 -4.837300 2.151800
v -6.612300 -5.640000 2.243500
v -7.056000 -4.315700 2.525600
v -6.631100 -3.419600 2.174900
v -6.286100 -2.976300 2.501600
v -5.881000 -3.508100 2.683900
v -5.866100 -3.118400 3.523000
v -6.962600 -3.116900 2.624400
v -5.718500 -4.633600 2.550400
v -5.669300 -4.013999 3.416200
v -6.372300 -4.699900 1.932900
v -6.127800 -4.015400 2.140000
v -6.800500 -4.092500 2.089200
v -5.365300 -5.158500 3.285600
v -5.428700 -5.857200 2.265301
v -6.023600 -5.997900 1.616701
v -5.880900 -5.306400 1.943500
v -6.396200 -5.464300 1.882300
v -5.729000 -7.047900 1.123201
v -6.096600 -6.616200 1.446500
v -5.571300 -6.456000 1.521500
v -5.133800 -7.041100 1.768000
v -4.902000 -6.335400 2.757300
v -5.780300 -7.800200 0.951301
v -5.335300 -8.418300 0.712901
v -5.231100 -7.690200 1.069801
v -4.835000 -8.425700 1.436401
v -4.676900 -7.631000 2.240100
v -4.253900 -8.094500 2.879401
v -5.342200 -9.150600 0.673001
v -4.915100 -9.735700 0.507701
v -4.844900 -9.082900 0.766001
v -4.500400 -9.724400 1.172501
v -4.493500 -8.946500 2.016401
v -4.879600 -10.520800 0.482301
v -4.428000 -11.077700 0.332701
v -4.444400 -10.364400 0.563001
v -4.152100 -10.816600 1.014401
v -4.253200 -10.057800 1.863601
v -3.747800 -12.181600 0.218101
v -3.967300 -11.438300 0.419501
v -3.701900 -11.712100 0.895801
v -3.930400 -11.043600 1.749901
v 0.000000 -14.537500 0.070901
v -0.814700 -14.703900 0.070801
v 0.000000 -15.035100 0.201701
v -1.667700 -14.673600 0.254401
v -1.502900 -14.182700 0.090701
v -0.426600 -13.968500 1.460201
v 0.000000 -14.153200 0.713501
v -0.951600 -14.028100 0.746101
v -2.309500 -14.057000 0.159801
v -3.040800 -13.730200 0.369201
v -2.810200 -13.374300 0.176601
v -2.199700 -13.573800 0.288301
v -2.595200 -13.149000 0.777701
v -1.839300 -13.678800 0.790201
v -0.588400 -14.244600 0.241901
v -1.423300 -13.935600 0.377401
v -1.366000 -13.749800 1.527101
v -2.247900 -13.335400 1.576801
v -4.325300 -11.795700 0.312101
v -3.503700 -12.959200 0.228901
v -3.234200 -12.458800 0.789201
v -3.058600 -12.789600 0.304501
v -3.503200 -12.114200 0.449601
v -2.924300 -12.732900 1.548201
v -3.464800 -11.931200 1.599501
v -6.323500 -1.935599 10.351500
v -6.460300 -1.709099 10.611600
v -6.494200 -2.084099 10.718900
v -7.562800 -2.027199 10.745600
v -7.422400 -2.260299 10.522800
v -7.103200 -2.217399 10.786000
v -6.722000 -2.323199 10.444000
v -6.652000 -1.521399 10.389600
v -6.911700 -1.514899 10.755000
v -7.364500 -1.601699 10.787100
v -7.666900 -1.807699 10.518000
v -7.186400 -1.478299 10.419300
v -7.318900 -1.929799 10.938200
v -6.962500 -1.845499 11.019900
v -7.095300 -1.609499 10.921800
v -6.823900 -2.100599 10.926100
v -6.628300 -1.763099 10.880800
v -4.320700 -11.856900 3.593501
v -4.386900 -11.314000 4.446701
v -3.933700 -11.762400 4.847601
v -4.686400 -11.281600 3.393501
v -2.409500 -14.374500 0.642901
v -3.169900 -13.819700 1.225601
v -3.704800 -13.255300 0.712401
v -3.477500 -12.951800 2.378701
v -3.528600 -13.167300 2.263901
v -3.618500 -13.178200 2.140901
v -3.479800 -13.264000 2.346301
v -2.879900 -13.825900 2.277101
v -2.309300 -14.308100 1.785201
v -3.367300 -13.426800 2.297901
v -3.246100 -13.612700 1.900901
v -3.564800 -13.337300 1.931901
v -3.037200 -13.597300 3.211001
v -2.274200 -14.241000 3.754001
v -1.522000 -14.644200 4.141601
v -2.725200 -13.824900 4.534801
v -2.552100 -13.988900 2.756401
v -3.448400 -13.161200 2.455201
v -3.452900 -13.180000 2.627001
v -3.203500 -13.509000 2.616201
v -3.391700 -13.304400 2.785201
v -3.409000 -13.322500 2.518101
v -3.793000 -12.669000 3.503101
v -3.309600 -13.206000 4.056801
v -3.455300 -12.704800 4.708701
v -3.913000 -12.248500 4.228501
v -3.493400 -13.015800 2.633001
v -3.629400 -12.931000 2.766201
v -3.526600 -13.120700 3.132201
v -3.719000 -12.894700 2.989301
v -3.550800 -13.094900 2.842901
v -4.108400 -12.447100 2.831701
v -4.080000 -12.309000 3.277801
v -3.602800 -12.848000 2.581701
v -3.712800 -12.770000 2.502101
v -3.895400 -12.659700 2.965801
v -3.897600 -12.685400 2.596501
v -3.764200 -12.795000 2.753501
v -4.379000 -12.157100 2.774301
v -4.249100 -12.645900 2.074901
v -4.626200 -12.124500 2.088801
v -4.086100 -12.938600 1.476001
v -3.638900 -12.807400 2.334301
v -3.742600 -12.875600 2.207901
v -3.615500 -12.991700 2.191101
v -4.070000 -12.648200 2.392301
v -3.908600 -12.871400 2.153701
v -3.755400 -13.201300 1.818101
v -3.752700 -13.075900 2.082601
v -3.511400 -13.314800 2.153801
v -3.842500 -12.758400 2.345801
v -4.262300 -7.988200 4.527400
v -3.923400 -8.339900 3.627201
v -4.248400 -7.403800 3.858401
v -4.924700 -9.183500 4.970500
v -4.784000 -8.536800 5.112401
v -5.127400 -8.108000 5.324100
v -4.716800 -7.702099 5.005900
v -4.447200 -8.352800 4.916201
v -4.145000 -8.587400 4.986500
v -0.000100 -14.853300 3.919101
v -0.777800 -14.816700 3.416301
v 0.000000 -14.053800 4.749501
v -0.434600 -13.737800 4.427501
v -0.982300 -13.815800 4.722801
v -1.791400 -13.169600 4.912901
v -1.251200 -13.328100 4.544701
v -2.368600 -12.261000 4.877301
v -1.938200 -12.619200 4.592801
v -2.656300 -11.254200 4.910801
v -2.378700 -11.695100 4.518101
v -3.024700 -10.328800 4.991101
v -2.681500 -10.725000 4.565101
v -3.338800 -9.337900 4.922400
v -3.038700 -9.784100 4.614401
v -3.258000 -8.823000 4.702200
v -3.528700 -8.606300 4.976501
v 0.000000 -14.604100 4.579301
v -0.722900 -14.660000 4.321201
v -1.263400 -14.306700 4.681501
v -0.573000 -14.283300 4.794101
v -2.237200 -13.534400 4.976301
v -2.007600 -14.195700 4.705501
v -1.593700 -13.757100 4.916301
v -2.880100 -12.487300 5.057301
v -2.879200 -13.171700 4.952301
v -2.356300 -12.881700 5.004401
v -3.244500 -11.489900 5.121501
v -3.386400 -12.101900 5.005501
v -2.770800 -11.856100 5.080001
v -3.610300 -10.511700 5.139601
v -3.753300 -11.123000 5.059901
v -3.112800 -10.898100 5.120801
v -4.371600 -9.043400 5.062700
v -3.915500 -9.466000 4.996100
v -3.798100 -8.303900 4.809900
v -3.735500 -8.954800 5.008901
v -4.080700 -10.063800 5.027701
v -3.461800 -9.906100 5.088201
v -0.871300 -15.102700 0.511801
v 1.645700 -14.795500 1.097601
v 0.796300 -14.934200 1.816201
v 1.642300 -14.497300 2.767001
v 4.630100 -10.730200 4.041701
v 4.614900 -10.178200 4.643301
v 4.952700 -9.685900 4.552701
v 4.529700 -9.608300 4.973601
v 4.236500 -10.686900 4.893401
v 4.769400 -11.348800 0.569001
v 4.574900 -12.054900 0.821001
v 4.915100 -11.535000 1.288001
v 4.268500 -12.652600 1.118601
v 4.113500 -12.504400 0.444001
v 4.904100 -11.603400 1.997601
v 4.656400 -12.089700 1.512901
v 4.488000 -12.398800 1.675501
v 5.280500 -9.924200 0.756101
v 5.151200 -10.787100 0.978501
v 5.400800 -10.230900 1.489501
v 5.300600 -10.442500 2.455601
v 5.159000 -10.961800 1.807501
v 5.052300 -11.174600 2.628001
v 5.080200 -10.770300 3.337101
v 4.723100 -11.739600 2.720701
v 5.701800 -8.631900 0.969701
v 5.579400 -9.438500 1.158401
v 5.776800 -8.954700 1.700601
v 5.006500 -10.240100 4.011201
v 5.384100 -9.702300 4.070201
v 5.605500 -9.271200 2.931801
v 5.537800 -9.714400 2.120301
v 5.364500 -10.060100 3.236101
v 6.103900 -7.275000 1.371201
v 5.989700 -8.095100 1.421001
v 6.150000 -7.619400 2.038200
v 5.343700 -9.288800 4.704801
v 5.654600 -8.752600 4.743900
v 5.255600 -8.782900 5.105000
v 5.905200 -8.118800 3.437801
v 5.875200 -8.457000 2.467801
v 5.664700 -8.980300 3.871901
v 5.941700 -7.990200 4.489601
v 6.227400 -7.074699 3.991400
v 5.959400 -7.912499 5.538701
v 6.446400 -6.499100 2.489400
v 6.190900 -7.288900 2.921100
v 6.326000 -7.080900 5.277300
v 6.597900 -6.001699 4.598401
v 6.276800 -7.111499 6.613201
v 6.845600 -5.120600 2.821600
v 6.546600 -6.110899 3.382801
v 7.164000 -4.072700 3.190300
v 6.889600 -4.935400 3.785501
v 6.808500 -4.848100 5.043900
v 6.808700 -3.494400 4.588100
v 6.964900 -3.927500 4.015000
v 7.102200 -3.511500 3.609700
v 6.754300 -3.860600 5.107800
v 6.727100 -3.338200 5.623100
v 6.781900 -4.171400 5.965900
v 6.642700 -6.195300 6.150401
v 6.618500 -6.405700 8.009901
v 6.876800 -5.092999 6.759000
v 7.021900 -4.929100 8.318500
v 5.550400 -8.360800 5.363400
v 5.381700 -7.748300 5.770101
v 5.772200 -7.535399 6.330400
v 5.638200 -7.088799 6.921300
v 6.051600 -6.857699 7.579200
v 5.951000 -6.763700 8.389400
v 5.290300 -7.199100 6.189001
v 5.378500 -6.619800 6.669001
v 5.012000 -7.404600 5.528501
v 5.636600 -6.717500 7.569500
v 5.759100 -6.308000 8.345500
v 6.256700 -5.714299 9.816600
v 6.446200 -5.233099 9.473800
v 6.723100 -5.530299 9.903800
v 6.780400 -4.679100 9.128700
v 6.075000 -5.151400 8.564900
v 6.951700 -5.787599 9.750900
v 6.915300 -5.959700 9.091200
v 6.713300 -6.368999 9.671401
v 6.649800 -5.926499 10.126900
v 6.768300 -6.116599 10.009800
v 6.476200 -6.295099 10.073900
v 6.932900 -5.251200 9.381400
v 6.819600 -5.776299 10.024900
v 6.542400 -5.743299 10.057900
v 6.220500 -6.610299 9.715201
v 6.381600 -6.687500 9.114801
v 6.514000 -6.444699 9.928201
v 5.869600 -6.579599 9.132901
v 5.989500 -6.259299 9.667100
v 6.188900 -6.415999 9.933601
v 6.308100 -6.057799 10.051800
v 6.823600 -3.865200 6.839200
v 7.045000 -3.287499 8.192400
v 7.043900 -2.134899 7.982700
v 6.856600 -2.843400 6.763700
v 6.753000 -2.748100 5.514800
v 7.289100 -2.360999 8.770600
v 7.200400 -1.842199 9.163100
v 7.494700 -2.522599 9.355000
v 7.393600 -1.635599 10.031600
v 7.547400 -2.003799 9.671700
v 7.694800 -2.203699 10.180200
v 7.088600 -2.434499 10.154600
v 7.409800 -2.527099 9.835400
v 7.052200 -2.816999 9.525600
v 6.819700 -1.643999 9.129400
v 7.083500 -1.620799 9.565500
v 6.941200 -1.498099 9.987300
v 6.982400 -4.116499 8.723000
v 6.890600 -3.581499 9.025600
v 7.180300 -3.050399 9.088300
v 5.965500 -5.877399 9.152900
v 5.673300 -5.961200 7.442300
v 5.463500 -5.598199 6.427701
v 6.697800 -1.877299 7.956200
v 6.942900 -1.772999 8.708200
v 6.665000 -1.632799 9.540300
v 6.451700 -1.907699 9.136400
v 6.497100 -1.756799 9.934000
v 6.532100 -1.789599 8.693300
v 6.232600 -2.156099 7.956900
v 6.454800 -2.223099 9.969900
v 6.707800 -2.517799 9.745800
v 6.346400 -2.496499 9.178100
v 6.425300 -2.056799 9.533300
v 6.240700 -2.248499 8.684500
v 5.922100 -2.764899 7.883300
v 6.306300 -3.666899 8.664400
v 6.527300 -4.209499 8.890000
v 6.627600 -3.128699 9.213600
v 6.082200 -3.109599 8.451300
v 5.841700 -3.933700 7.476400
v 5.969900 -4.557799 7.806301
v 5.086000 -6.647500 5.809300
v 4.646400 -6.810599 4.855700
v 0.817100 -13.669800 2.354001
v 0.376300 -13.577100 3.189101
v 0.764700 -13.416300 3.969601
v 1.710500 -13.301500 2.449201
v 1.149100 -13.251100 3.285901
v 1.494400 -12.902200 4.096101
v 2.487700 -12.799000 2.446801
v 1.931200 -12.762800 3.325901
v 2.167300 -12.224600 4.019301
v 3.122400 -12.056700 2.431301
v 2.646300 -12.112700 3.263001
v 2.622900 -11.324400 3.950501
v 3.602200 -11.155200 2.560601
v 3.136500 -11.213200 3.296901
v 2.961600 -10.365900 4.037801
v 3.928100 -10.186000 2.681601
v 3.464900 -10.252100 3.423901
v 3.225200 -9.406600 4.134901
v 4.119800 -9.153900 2.758601
v 3.669700 -9.242500 3.516901
v 3.513800 -8.484700 4.268600
v 5.473200 -4.545700 5.570001
v 5.036900 -5.690800 5.265400
v 4.888000 -5.673699 4.168900
v 6.802400 -2.929400 4.461800
v 6.765100 -3.094100 4.924700
v 6.564900 -2.460700 5.489500
v 6.797900 -2.230200 6.713300
v 7.080500 -3.088000 3.290600
v 6.946800 -3.225500 3.994800
v 7.108400 -3.669300 2.466900
v 7.228900 -3.511000 3.031800
v 6.671000 -2.713900 2.989500
v 6.841300 -2.771200 3.788800
v 6.605200 -2.610500 4.348700
v 6.704700 -2.695699 4.834600
v 6.372400 -2.241800 6.714500
v 6.049200 -2.710099 5.529800
v 6.294100 -2.611700 4.810000
v 6.031200 -2.843800 4.301300
v 6.101300 -2.835500 3.069300
v 6.333800 -2.632300 3.625700
v 5.669300 -3.346900 5.627601
v 5.909100 -2.697000 6.751500
v 5.818200 -3.104100 4.855100
v 5.693500 -3.484800 4.263700
v 5.632000 -4.680799 6.506001
v 5.641300 -3.558399 6.711000
v 5.569100 -3.927299 4.916101
v 5.483600 -4.480199 4.226601
v 4.523700 -6.423399 4.105101
v 4.458500 -6.856500 3.224300
v 5.299400 -4.882800 4.713400
v 6.304600 -6.886000 1.854100
v 6.363700 -6.204500 1.831900
v 6.740500 -4.837400 2.152101
v 6.612500 -5.640100 2.243401
v 7.056700 -4.315700 2.525300
v 6.631500 -3.418600 2.173100
v 6.288800 -2.982100 2.506300
v 5.882000 -3.509000 2.684700
v 5.866000 -3.118300 3.523000
v 6.962900 -3.116700 2.623900
v 5.718800 -4.633800 2.550700
v 5.670100 -4.014299 3.416500
v 6.372400 -4.700400 1.934800
v 6.127100 -4.014600 2.138500
v 6.800500 -4.092300 2.089100
v 5.365400 -5.158599 3.285600
v 5.428900 -5.857300 2.265501
v 6.023700 -5.998400 1.618300
v 5.881300 -5.306800 1.944600
v 6.395600 -5.464600 1.883900
v 5.728800 -7.048200 1.124400
v 6.097000 -6.616100 1.445900
v 5.570800 -6.455600 1.520700
v 5.133400 -7.040800 1.767601
v 4.902100 -6.335400 2.757300
v 5.779900 -7.800400 0.952401
v 5.335300 -8.418400 0.713301
v 5.231100 -7.690300 1.070101
v 4.834600 -8.425500 1.436101
v 4.676800 -7.631000 2.240000
v 4.254600 -8.094800 2.879501
v 5.342000 -9.150600 0.673301
v 4.914400 -9.735100 0.504701
v 4.844600 -9.082800 0.765701
v 4.499800 -9.724100 1.171801
v 4.493200 -8.946400 2.016301
v 4.879800 -10.520600 0.480201
v 4.427900 -11.077800 0.334401
v 4.443600 -10.363900 0.561301
v 4.151700 -10.816400 1.014101
v 4.252800 -10.057600 1.863401
v 3.747900 -12.181800 0.219201
v 3.967300 -11.438300 0.419501
v 3.701600 -11.711800 0.895601
v 3.930100 -11.043400 1.749801
v 0.814500 -14.703500 0.072801
v 1.503000 -14.182900 0.091701
v 1.667200 -14.672300 0.256201
v 0.426700 -13.969100 1.460401
v 0.951500 -14.027900 0.746001
v 2.309100 -14.056500 0.162101
v 2.810400 -13.374700 0.178201
v 3.040800 -13.730200 0.369301
v 2.200100 -13.574400 0.289001
v 1.839100 -13.678400 0.790001
v 2.595300 -13.149000 0.777801
v 0.588500 -14.244900 0.242401
v 1.423600 -13.936500 0.378201
v 1.365900 -13.749500 1.527001
v 2.247500 -13.334900 1.576601
v 4.324500 -11.795500 0.314201
v 3.503600 -12.959200 0.230001
v 3.233700 -12.458500 0.788901
v 3.059000 -12.790100 0.305501
v 3.503100 -12.114100 0.449501
v 2.924200 -12.732700 1.548101
v 3.464600 -11.931100 1.599401
v 6.324800 -1.935699 10.351100
v 6.493000 -2.084099 10.720000
v 6.460200 -1.709199 10.611800
v 7.566400 -2.028499 10.748500
v 7.424200 -2.261499 10.524200
v 7.103700 -2.217499 10.786500
v 6.724800 -2.318099 10.439800
v 6.652600 -1.522099 10.389400
v 6.911600 -1.514599 10.755300
v 7.364200 -1.601899 10.787100
v 7.667600 -1.808199 10.518400
v 7.186400 -1.477699 10.419400
v 7.319700 -1.930299 10.940100
v 6.962300 -1.845499 11.022300
v 7.095300 -1.608799 10.923000
v 6.823900 -2.100599 10.927200
v 6.627500 -1.762899 10.881800
v 4.320600 -11.856800 3.593401
v 4.387100 -11.314100 4.446801
v 3.933700 -11.762400 4.847601
v 4.688100 -11.282600 3.394201
v 2.409800 -14.374900 0.642701
v 3.172000 -13.822100 1.225601
v 3.704200 -13.254800 0.712601
v 3.473100 -12.948500 2.377501
v 3.526700 -13.166200 2.263201
v 3.477900 -13.263000 2.345801
v 3.621100 -13.180100 2.142101
v 2.880100 -13.826100 2.277201
v 2.309500 -14.308400 1.785201
v 3.367500 -13.427000 2.298001
v 3.247900 -13.614700 1.901301
v 3.567300 -13.339700 1.932801
v 3.038000 -13.598200 3.211201
v 2.274600 -14.241700 3.754301
v 2.726500 -13.826800 4.536301
v 1.521900 -14.643500 4.141401
v 2.552600 -13.989700 2.756501
v 3.449100 -13.161500 2.455201
v 3.455400 -13.181400 2.627201
v 3.203600 -13.509100 2.616201
v 3.390900 -13.303700 2.785101
v 3.407500 -13.321400 2.517901
v 3.793200 -12.669200 3.503201
v 3.309800 -13.206200 4.056801
v 3.457300 -12.706400 4.711001
v 3.913700 -12.249000 4.229001
v 3.489800 -13.013200 2.632901
v 3.627700 -12.929600 2.766201
v 3.526600 -13.120700 3.132201
v 3.718700 -12.894400 2.989301
v 3.547800 -13.092700 2.842901
v 4.109700 -12.448200 2.832101
v 4.079700 -12.308900 3.277701
v 3.598000 -12.843500 2.581101
v 3.709700 -12.766700 2.501401
v 3.895800 -12.660100 2.965901
v 3.898700 -12.686700 2.596901
v 3.763600 -12.794400 2.753501
v 4.379600 -12.157600 2.774501
v 4.251300 -12.647800 2.075401
v 4.626900 -12.125000 2.088901
v 4.086800 -12.939300 1.476101
v 3.634400 -12.802700 2.332601
v 3.744100 -12.877400 2.208801
v 3.615400 -12.991700 2.191301
v 4.072900 -12.651200 2.393301
v 3.912200 -12.875600 2.155301
v 3.758700 -13.204700 1.819001
v 3.753700 -13.076800 2.083001
v 3.516100 -13.318300 2.155601
v 3.845000 -12.761500 2.346901
v 4.267600 -7.990699 4.524701
v 3.925600 -8.340900 3.627201
v 4.250500 -7.404500 3.858100
v 4.925300 -9.184400 4.972701
v 4.783800 -8.536800 5.113700
v 5.131800 -8.103500 5.314800
v 4.720800 -7.702400 5.002800
v 4.447600 -8.353100 4.916000
v 4.146000 -8.588100 4.984500
v 0.777500 -14.814800 3.415901
v 0.434500 -13.737200 4.428101
v 0.982500 -13.816100 4.722601
v 1.789800 -13.168500 4.915701
v 1.251400 -13.328200 4.544301
v 2.368700 -12.261000 4.877001
v 1.937300 -12.618600 4.593501
v 2.661300 -11.256100 4.906201
v 2.378500 -11.695000 4.518101
v 3.026000 -10.329300 4.989801
v 2.682200 -10.725200 4.564401
v 3.342300 -9.339500 4.919100
v 3.038400 -9.784000 4.614501
v 3.258400 -8.823200 4.701900
v 3.528800 -8.606400 4.976400
v 0.722800 -14.659700 4.321601
v 1.263800 -14.309800 4.687001
v 0.572900 -14.284200 4.797401
v 2.237400 -13.534600 4.976301
v 2.008100 -14.196900 4.706701
v 1.593600 -13.757400 4.917301
v 2.880200 -12.487400 5.056901
v 2.882200 -13.175200 4.958601
v 2.355800 -12.881500 5.006001
v 3.244600 -11.490000 5.122101
v 3.386500 -12.102000 5.005601
v 2.770300 -11.856000 5.081401
v 3.610600 -10.511700 5.137701
v 3.753300 -11.122900 5.059701
v 3.114500 -10.898600 5.117901
v 4.371700 -9.043500 5.061300
v 3.915400 -9.465900 4.996500
v 3.801100 -8.305900 4.807600
v 3.735300 -8.954700 5.009301
v 4.080600 -10.063700 5.027501
v 3.462200 -9.906300 5.086801
v 0.871000 -15.101600 0.512301
v 1.073900 -14.586999 7.261701
v 1.296400 -14.954199 6.488001
v 1.049800 -15.186200 5.772501
v 0.624000 -15.250500 5.753501
v 0.943700 -15.162699 7.277601
v 0.994800 -15.365300 6.080301
v 0.688500 -15.267200 5.762201
v 0.388900 -15.192399 7.582601
v 0.356100 -15.487700 6.774201
v 0.546400 -15.354900 5.840101
v -0.013000 -15.159599 7.093001
v 0.100900 -15.328300 6.021201
v 0.531300 -15.292200 5.755201
v 0.115900 -14.507599 7.275901
v 0.104400 -14.727099 6.941601
v 0.090200 -14.974899 6.396801
v 0.149900 -15.161300 5.978201
v 0.330500 -15.227400 5.817401
v 0.533800 -15.255700 5.752801
v 0.405800 -14.445099 7.287401
v 0.432500 -14.872099 6.444901
v 0.567600 -15.148400 5.854801
v 0.902500 -14.595599 6.874901
v 1.027500 -15.038000 5.966401
v 0.696500 -15.206400 5.755601
v 1.479400 -14.609199 7.423201
v 1.437700 -14.855299 6.966301
v 1.377700 -14.893600 6.040401
v 1.630700 -14.695700 5.813601
v 1.296000 -14.627199 7.171001
v 1.265700 -14.843799 6.422601
v 1.426100 -14.767100 5.913501
v 1.289000 -14.390599 7.243201
v 1.205900 -14.588399 6.718901
v 1.267900 -14.756200 6.084901
v 1.299500 -14.353099 6.972401
v 1.311400 -14.581300 6.309501
v 1.511200 -14.684200 5.855701
v 1.688000 -14.657200 5.800501
v 1.457100 -14.234599 7.217301
v 1.440100 -14.399899 6.632401
v 1.577400 -14.623100 5.996801
v 1.671400 -14.648100 5.800401
v 1.599900 -14.231599 7.005901
v 1.673000 -14.439300 6.283501
v 1.722300 -14.590500 5.841601
v 1.735500 -14.612700 5.798901
v 1.742800 -14.090899 7.194301
v 1.758000 -14.231899 6.623001
v 1.858100 -14.453600 5.982601
v 1.851800 -14.065899 6.933101
v 1.915000 -14.237100 6.242201
v 1.834300 -14.512600 5.824001
v 1.926200 -14.011599 7.137001
v 1.961500 -14.095199 6.573301
v 1.993500 -14.365100 5.942601
v 2.039200 -14.130899 6.958601
v 2.087200 -14.314400 6.236701
v 1.871200 -14.547800 5.808501
v 2.044700 -14.235600 7.289601
v 2.179900 -14.388599 6.761801
v 2.002000 -14.522700 5.941701
v 1.715200 -14.657800 5.801001
v 2.119900 -14.521199 7.239201
v 2.056300 -14.653199 6.362701
v 1.775200 -14.664400 5.816801
v 1.870900 -14.502599 7.474901
v 1.983400 -14.782499 6.961901
v 1.764700 -14.764400 5.972901
v 1.719100 -14.741299 7.333701
v 1.655000 -14.915799 6.440301
v 1.580000 -14.769300 5.827301
v 1.931300 -13.630699 7.369001
v 1.969100 -13.764199 6.800701
v 2.213600 -14.033800 5.923601
v 2.429800 -13.938500 5.615701
v 2.465000 -13.911000 5.610201
v 2.079600 -13.322999 7.194701
v 2.238000 -13.537499 6.387801
v 2.385600 -13.853800 5.713101
v 2.235400 -13.129199 7.330801
v 2.363700 -13.173499 6.835101
v 2.470000 -13.548000 5.975401
v 2.460000 -13.866100 5.622401
v 2.652800 -13.159399 7.086401
v 2.712100 -13.288699 6.386301
v 2.544500 -13.710100 5.713101
v 2.910000 -13.403199 7.264401
v 2.959200 -13.457699 6.753601
v 2.748600 -13.664500 5.933901
v 2.505000 -13.878300 5.621801
v 2.882700 -13.877499 7.063701
v 2.842600 -13.971900 6.307001
v 2.568500 -13.953500 5.695201
v 2.474200 -14.064399 7.289101
v 2.457500 -14.278399 6.777601
v 2.464600 -14.214200 5.905501
v 2.462600 -13.958000 5.616301
v 2.019900 -14.056399 7.138701
v 2.120200 -14.287599 6.351301
v 2.354100 -14.080300 5.690201
v 2.648400 -13.035399 7.213801
v 2.708100 -13.055699 7.211601
v 2.721500 -13.022699 7.243701
v 2.599000 -12.980499 7.249601
v 2.558300 -13.069299 7.142901
v 2.647300 -13.108499 7.134501
v 2.604000 -13.154199 7.033101
v 2.664200 -13.175699 7.024401
v 2.529200 -13.166899 6.908201
v 2.644300 -13.217699 6.883201
v 2.508400 -13.210099 6.526801
v 2.645300 -13.182000 6.285501
v 2.747300 -13.012799 6.316201
v 2.889800 -12.896199 6.378101
v 2.421700 -12.881399 7.280101
v 2.363600 -13.036399 6.943701
v 2.471300 -13.068100 6.218601
v 2.859200 -12.855899 6.365001
v 2.930500 -12.804399 6.372601
v 2.278300 -12.703799 7.230001
v 2.253700 -12.929199 6.423401
v 2.676500 -12.917500 6.275401
v 2.364100 -12.420599 7.368901
v 2.252400 -12.514499 6.843101
v 2.484400 -12.844400 6.143701
v 2.881100 -12.809799 6.363901
v 2.482400 -12.282199 7.175001
v 2.513500 -12.535100 6.309501
v 2.837000 -12.712999 6.315901
v 2.659600 -12.245299 7.243001
v 2.640200 -12.235499 6.805201
v 2.866300 -12.523100 6.314201
v 2.952400 -12.729999 6.384001
v 2.803200 -12.244299 7.059301
v 2.795600 -12.299899 6.530401
v 2.993500 -12.550099 6.402301
v 2.987800 -12.697499 6.390401
v 3.000300 -12.302499 7.172501
v 3.001400 -12.292799 6.848501
v 2.996400 -12.401599 6.338701
v 3.310700 -12.429799 7.133201
v 3.240800 -12.469499 6.401701
v 3.090800 -12.574899 6.363801
v 3.570200 -12.600599 7.204901
v 3.571100 -12.599299 6.856301
v 3.470000 -12.685700 6.239401
v 3.304900 -12.669400 6.057401
v 3.131900 -12.652500 6.296201
v 3.607200 -12.774799 7.392401
v 3.683300 -12.848499 6.835901
v 3.272100 -12.960200 5.837301
v 2.976200 -12.790499 6.328201
v 3.632700 -13.044099 7.275601
v 3.392900 -13.235800 6.053001
v 2.987900 -12.980000 5.982101
v 3.403700 -13.105899 7.470001
v 3.459700 -13.338699 6.897401
v 3.019500 -13.292400 5.973801
v 2.925400 -12.856399 6.344001
v 3.275500 -13.297899 7.257901
v 3.056500 -13.434599 6.432201
v 2.883600 -13.052499 6.329301
v 3.030500 -13.150299 7.293501
v 2.962500 -13.330099 6.859901
v 2.808600 -13.270500 6.300901
v 2.843100 -13.067799 7.247501
v 2.809600 -13.166199 7.129101
v 2.763500 -13.260299 6.863601
v 2.692400 -13.297799 6.511501
v 2.818300 -13.048499 6.341501
v 2.767700 -13.075999 7.210501
v 2.719200 -13.132599 7.129801
v 2.724800 -13.196199 7.016801
v 3.548100 -11.499799 6.946701
v 3.600400 -11.410099 6.508101
v 3.462900 -11.732300 6.092201
v 3.381100 -12.025200 6.033701
v 4.006000 -11.756199 6.811001
v 3.911700 -11.835200 5.839901
v 3.466800 -11.966800 6.016601
v 3.966500 -12.083099 7.069501
v 4.070600 -12.231000 6.164201
v 3.623200 -12.112400 5.853901
v 3.943600 -12.309799 6.862201
v 3.715900 -12.392300 5.830301
v 3.446200 -12.103300 6.011701
v 3.527400 -12.345499 6.973801
v 3.474000 -12.480199 6.397001
v 3.414200 -12.272500 6.031401
v 3.019100 -12.213199 7.018101
v 2.968300 -12.255599 6.891901
v 2.996700 -12.361599 6.523501
v 3.124200 -12.362100 6.130601
v 3.245000 -12.216100 6.082201
v 2.686000 -12.062999 7.013401
v 2.982700 -12.211600 6.128401
v 3.298800 -12.070500 6.048501
v 2.831800 -11.775199 7.173301
v 2.672700 -11.859799 6.510501
v 3.179200 -11.983300 6.033901
v 2.940100 -11.437399 6.954001
v 3.112500 -11.598100 6.108401
v 3.337300 -11.928700 6.041901
v 3.220200 -11.141299 6.975001
v 3.318800 -11.303900 6.240301
v 3.560300 -11.099300 5.997701
v 3.733500 -10.795800 6.068701
v 3.060100 -11.102699 6.773101
v 3.393300 -11.136300 5.847301
v 3.644100 -10.874200 6.035201
v 3.820100 -10.615600 6.060101
v 2.770000 -10.831699 7.065601
v 3.031400 -10.978300 6.110301
v 3.536300 -10.873200 5.868801
v 3.764500 -10.672700 6.051101
v 2.713400 -10.672299 6.716601
v 3.316700 -10.787200 5.712201
v 3.662100 -10.700900 5.987201
v 2.644500 -10.468299 7.077701
v 3.001900 -10.605600 6.040401
v 3.557500 -10.640300 5.884901
v 3.776500 -10.611700 6.046101
v 2.767500 -10.346799 6.653101
v 3.414700 -10.504600 5.787501
v 3.700000 -10.521700 6.004901
v 2.822600 -10.062199 6.970001
v 3.148800 -10.161700 5.988001
v 3.625400 -10.315900 5.960801
v 3.792400 -10.545400 6.049701
v 3.107600 -9.750599 6.676501
v 3.530500 -10.036600 5.811501
v 3.756700 -10.346100 6.023701
v 3.820100 -10.434600 6.049201
v 3.327600 -9.680599 7.015301
v 3.440600 -9.728100 6.167001
v 3.744900 -10.143300 6.000301
v 3.518900 -9.640399 6.746301
v 3.722100 -9.945100 6.019301
v 3.816500 -10.291200 6.046701
v 3.771300 -9.661699 7.039401
v 3.869200 -9.817700 6.286501
v 3.876400 -10.137700 6.048601
v 4.201700 -9.934699 6.769701
v 4.178300 -10.140700 5.906301
v 3.916800 -10.356300 6.037001
v 4.363400 -10.145700 7.160101
v 4.428300 -10.274700 6.157701
v 4.159500 -10.387900 5.929501
v 3.865800 -10.550200 6.054501
v 4.444800 -10.336099 6.862101
v 4.399700 -10.507600 5.881001
v 4.006700 -10.530100 6.019501
v 4.423800 -10.393999 7.240101
v 4.491100 -10.514500 6.239501
v 4.263400 -10.614300 5.940001
v 3.878800 -10.602200 6.058201
v 4.471400 -10.543699 6.936701
v 4.413000 -10.693300 5.958001
v 4.024900 -10.650600 6.037701
v 4.446700 -10.719699 7.391401
v 4.487600 -10.823199 6.342301
v 4.235500 -10.800800 5.971901
v 3.869000 -10.645800 6.063401
v 4.444900 -11.099799 6.972901
v 4.280300 -11.068000 5.913301
v 3.932700 -10.810300 6.043601
v 4.161400 -11.435099 7.125601
v 4.208700 -11.358300 6.310701
v 3.959100 -11.154400 5.969601
v 3.826900 -10.704100 6.067301
v 3.838300 -11.530999 6.784201
v 3.875600 -11.361200 5.999301
v 3.754300 -10.953900 6.078501
v 3.566700 -11.369699 6.919701
v 3.594000 -11.434200 6.286401
v 3.624700 -11.181500 6.037701
v 3.401300 -11.307299 6.734001
v 3.503500 -11.293800 5.958201
v 3.659200 -10.959800 6.063901
v 3.036100 -9.000999 7.436700
v 2.981400 -9.174399 6.713000
v 3.267700 -9.123000 6.001801
v 3.591300 -8.834300 6.138501
v 3.649000 -8.748400 6.128500
v 2.840000 -8.799199 7.223101
v 2.965200 -8.995700 5.965600
v 3.460300 -8.859800 6.077500
v 2.843800 -8.535399 7.331601
v 2.821300 -8.681899 6.451500
v 3.264700 -8.805900 5.888501
v 3.605500 -8.721400 6.119700
v 2.831900 -8.340199 6.958100
v 3.017900 -8.616700 5.787400
v 3.510400 -8.558400 6.069000
v 3.220800 -8.059299 7.173601
v 3.133500 -8.161899 6.518401
v 3.425300 -8.352200 6.054201
v 3.630300 -8.614100 6.122200
v 3.750900 -7.930200 6.784300
v 3.677000 -8.115500 6.182100
v 3.668100 -8.372900 6.105300
v 4.290500 -8.070299 6.813001
v 4.231800 -8.157500 6.135500
v 3.948100 -8.355500 5.975501
v 3.687300 -8.629600 6.118600
v 4.502300 -8.320299 6.695500
v 4.259400 -8.504400 5.858700
v 3.848900 -8.584300 6.052900
v 4.627600 -8.430999 6.979701
v 4.558500 -8.448599 6.762801
v 4.454400 -8.511500 6.288401
v 4.293400 -8.634800 5.884901
v 4.109400 -8.696900 5.860701
v 3.865000 -8.688800 6.031900
v 4.652200 -8.565999 6.999200
v 4.480900 -8.647400 6.250101
v 4.117400 -8.788000 5.846500
v 3.705500 -8.748000 6.115100
v 4.661700 -8.829199 6.780400
v 4.311200 -8.938500 5.826701
v 3.837900 -8.857400 6.040201
v 4.658900 -9.259699 7.046900
v 4.465600 -9.223999 6.404601
v 3.963900 -9.133700 5.834701
v 3.678700 -8.826800 6.126801
v 4.219400 -9.579899 6.982501
v 3.959800 -9.440800 6.027901
v 3.652100 -9.129900 6.145300
v 3.832100 -9.500299 7.118901
v 3.696000 -9.568399 6.658101
v 3.529900 -9.416200 6.129800
v 3.616400 -8.897500 6.157701
v 3.379700 -9.286099 7.152901
v 3.262900 -9.440400 6.215800
v 3.480000 -9.145300 6.157300
v -1.063400 -14.593299 7.396601
v -1.289800 -14.957099 6.623101
v -1.057600 -15.185800 5.902801
v -0.629400 -15.249300 5.898701
v -0.936800 -15.165799 7.412701
v -0.997300 -15.367600 6.211701
v -0.691100 -15.266000 5.905101
v -0.385400 -15.192399 7.717801
v -0.352700 -15.487700 6.909401
v -0.554000 -15.343100 6.006201
v 0.016500 -15.159599 7.228201
v -0.124200 -15.328300 6.176501
v -0.544000 -15.274200 5.908701
v -0.112600 -14.507599 7.411101
v -0.101000 -14.727099 7.076801
v -0.086800 -14.974899 6.532001
v -0.182500 -15.160100 6.145601
v -0.370200 -15.222800 5.980501
v -0.548000 -15.246600 5.909601
v -0.402400 -14.445099 7.422601
v -0.429100 -14.872099 6.580101
v -0.579500 -15.156000 5.998001
v -0.896000 -14.598299 7.010001
v -1.038500 -15.048100 6.093601
v -0.698300 -15.214200 5.899601
v -1.463600 -14.620199 7.422701
v -1.424100 -14.864299 6.966001
v -1.386200 -14.885600 6.053201
v -1.605500 -14.706200 5.825801
v -1.282500 -14.636199 7.170701
v -1.259700 -14.845999 6.422501
v -1.428300 -14.768300 5.918301
v -1.276300 -14.398699 7.242901
v -1.197100 -14.593199 6.718701
v -1.273600 -14.753200 6.086501
v -1.288300 -14.359999 6.972201
v -1.307200 -14.582900 6.310101
v -1.511800 -14.680900 5.873201
v -1.686600 -14.655200 5.802801
v -1.444000 -14.243199 7.217001
v -1.430900 -14.405099 6.632201
v -1.568600 -14.613300 6.012501
v -1.666700 -14.648900 5.805201
v -1.586900 -14.240099 7.005601
v -1.667700 -14.441900 6.283501
v -1.717900 -14.591800 5.849701
v -1.744000 -14.602100 5.802401
v -1.729900 -14.099299 7.193901
v -1.748600 -14.237199 6.622801
v -1.851200 -14.453400 5.985701
v -1.840700 -14.072699 6.932901
v -1.910400 -14.238000 6.242001
v -1.831000 -14.511500 5.828701
v -1.914700 -14.018899 7.136801
v -1.954000 -14.098899 6.573201
v -1.990800 -14.364700 5.941901
v -2.027400 -14.138299 6.958301
v -2.082600 -14.315500 6.236301
v -1.868200 -14.546400 5.812401
v -2.030100 -14.245599 7.289201
v -2.168600 -14.395700 6.761601
v -1.997900 -14.523200 5.943201
v -1.718500 -14.651500 5.802101
v -2.103500 -14.532799 7.238801
v -2.049300 -14.656699 6.362401
v -1.775100 -14.663000 5.826301
v -1.853800 -14.514699 7.474501
v -1.967700 -14.793299 6.961501
v -1.761900 -14.764200 5.993201
v -1.701500 -14.753899 7.333201
v -1.646900 -14.919799 6.440201
v -1.581600 -14.767800 5.848201
v -1.925100 -13.633099 7.368901
v -1.963100 -13.766500 6.800601
v -2.208200 -14.050800 5.911001
v -2.426400 -13.938700 5.614801
v -2.461500 -13.911000 5.610401
v -2.076200 -13.322999 7.194701
v -2.234600 -13.537499 6.387801
v -2.382300 -13.854500 5.711701
v -2.232000 -13.129199 7.330801
v -2.360400 -13.173499 6.835101
v -2.466600 -13.548600 5.977001
v -2.456800 -13.866100 5.623501
v -2.649400 -13.159399 7.086401
v -2.709800 -13.285799 6.386701
v -2.541300 -13.711900 5.718201
v -2.906600 -13.403199 7.264401
v -2.955800 -13.457699 6.753601
v -2.743700 -13.666800 5.936601
v -2.501100 -13.878500 5.623401
v -2.879100 -13.877699 7.063701
v -2.839100 -13.971900 6.307001
v -2.564600 -13.953200 5.696801
v -2.465500 -14.069199 7.289001
v -2.449200 -14.282699 6.777401
v -2.461400 -14.219100 5.901101
v -2.459000 -13.958200 5.615801
v -2.007900 -14.063999 7.138501
v -2.114400 -14.289699 6.351201
v -2.348100 -14.082700 5.684401
v -2.645000 -13.035399 7.213801
v -2.718000 -13.022699 7.243701
v -2.704600 -13.055699 7.211601
v -2.595600 -12.980499 7.249601
v -2.555000 -13.069299 7.142901
v -2.643900 -13.108499 7.134501
v -2.600600 -13.154199 7.033101
v -2.660800 -13.175699 7.024401
v -2.525700 -13.166899 6.908201
v -2.640900 -13.217699 6.883201
v -2.504800 -13.210799 6.526501
v -2.641300 -13.182300 6.283901
v -2.741000 -13.012600 6.313801
v -2.869700 -12.924299 6.362201
v -2.418300 -12.881399 7.280101
v -2.360200 -13.036399 6.943701
v -2.466800 -13.068400 6.216301
v -2.843200 -12.864199 6.350901
v -2.918900 -12.809699 6.350201
v -2.274900 -12.703799 7.230001
v -2.250300 -12.929199 6.423401
v -2.671300 -12.915700 6.272501
v -2.360600 -12.420599 7.368901
v -2.249000 -12.514499 6.843101
v -2.482000 -12.843300 6.145901
v -2.870800 -12.811499 6.350101
v -2.478900 -12.282199 7.175001
v -2.512000 -12.532699 6.325801
v -2.823600 -12.719200 6.309801
v -2.656300 -12.245299 7.243001
v -2.636700 -12.235499 6.805201
v -2.838100 -12.523099 6.327901
v -2.945400 -12.726099 6.373301
v -2.799800 -12.244299 7.059301
v -2.803800 -12.307799 6.533001
v -2.976800 -12.559999 6.389601
v -2.990900 -12.673100 6.378701
v -2.996900 -12.302499 7.172501
v -2.998400 -12.293999 6.847101
v -3.002600 -12.421299 6.358801
v -3.307300 -12.429799 7.133201
v -3.233400 -12.473299 6.425201
v -3.080100 -12.587999 6.338401
v -3.566800 -12.600599 7.204901
v -3.567600 -12.599299 6.856301
v -3.460800 -12.685000 6.253701
v -3.294400 -12.676700 6.071901
v -3.121800 -12.677900 6.252901
v -3.603800 -12.774799 7.392401
v -3.679800 -12.848499 6.835901
v -3.268700 -12.960500 5.836601
v -2.970000 -12.799100 6.302901
v -3.629200 -13.044099 7.275601
v -3.389500 -13.235800 6.052701
v -2.986700 -12.980200 5.987501
v -3.400300 -13.105899 7.470001
v -3.456300 -13.338699 6.897401
v -3.015700 -13.293300 5.972001
v -2.918700 -12.866399 6.321201
v -3.272100 -13.297899 7.257901
v -3.052900 -13.435299 6.431901
v -2.881900 -13.057799 6.318701
v -3.027100 -13.150299 7.293501
v -2.959100 -13.330099 6.859901
v -2.804500 -13.271400 6.299401
v -2.839700 -13.067799 7.247501
v -2.806200 -13.166199 7.129101
v -2.760100 -13.260299 6.863701
v -2.687800 -13.298299 6.510701
v -2.812000 -13.051699 6.338601
v -2.764300 -13.075999 7.210501
v -2.715800 -13.132599 7.129801
v -2.721400 -13.196199 7.016801
v -3.544800 -11.499799 7.074801
v -3.597000 -11.410099 6.636201
v -3.459900 -11.734500 6.218201
v -3.378200 -12.025900 6.161601
v -4.002600 -11.756199 6.939101
v -3.908300 -11.835200 5.968001
v -3.463900 -11.966500 6.144001
v -3.963200 -12.083099 7.197601
v -4.067100 -12.231000 6.292301
v -3.619300 -12.110900 5.985101
v -3.940100 -12.309799 6.990301
v -3.712000 -12.391600 5.960401
v -3.443900 -12.105000 6.137501
v -3.524000 -12.345499 7.101901
v -3.475900 -12.474499 6.527401
v -3.410600 -12.272000 6.155201
v -3.015700 -12.213199 7.146201
v -2.965500 -12.255599 7.019601
v -3.018600 -12.342499 6.652001
v -3.134400 -12.344600 6.279001
v -3.245400 -12.217500 6.207301
v -2.682500 -12.062999 7.141501
v -2.980200 -12.199500 6.272701
v -3.294300 -12.070400 6.176801
v -2.828400 -11.775199 7.301401
v -2.669300 -11.859799 6.638601
v -3.173500 -11.980600 6.164601
v -2.936700 -11.437399 7.082101
v -3.110700 -11.599900 6.238801
v -3.333900 -11.928400 6.170601
v -3.216800 -11.141299 6.975001
v -3.315400 -11.303900 6.240301
v -3.556800 -11.097800 5.996201
v -3.722600 -10.813900 6.060201
v -3.056700 -11.102699 6.773101
v -3.389900 -11.136300 5.847301
v -3.642500 -10.871700 6.023701
v -3.815700 -10.623000 6.050401
v -2.766600 -10.831699 7.065601
v -3.028000 -10.978300 6.110301
v -3.528000 -10.872200 5.872201
v -3.759300 -10.678600 6.038401
v -2.710000 -10.672299 6.716601
v -3.312400 -10.787300 5.717901
v -3.654300 -10.699600 5.972201
v -2.641100 -10.468299 7.077701
v -2.998600 -10.605600 6.040401
v -3.539500 -10.634900 5.879601
v -3.769400 -10.618300 6.033501
v -2.764100 -10.346799 6.653101
v -3.398500 -10.496100 5.805401
v -3.687700 -10.529000 5.990501
v -2.819100 -10.062199 6.970001
v -3.145500 -10.161700 5.988001
v -3.614100 -10.332400 5.938001
v -3.785200 -10.553700 6.040501
v -3.104100 -9.750599 6.676501
v -3.527000 -10.036600 5.810701
v -3.747900 -10.352400 6.017601
v -3.813800 -10.427400 6.045801
v -3.324200 -9.680599 7.015301
v -3.437100 -9.728100 6.167001
v -3.734900 -10.145500 5.995901
v -3.515600 -9.640399 6.746301
v -3.718300 -9.945000 6.016901
v -3.811400 -10.288900 6.043701
v -3.767900 -9.661699 7.039401
v -3.865800 -9.817700 6.286501
v -3.878400 -10.145400 6.041501
v -4.198300 -9.934699 6.769701
v -4.190000 -10.140000 5.875601
v -3.924100 -10.370500 6.027301
v -4.360000 -10.145700 7.160101
v -4.446300 -10.285800 6.105901
v -4.193200 -10.397600 5.913301
v -3.867100 -10.560800 6.043401
v -4.441400 -10.336099 6.862101
v -4.409000 -10.537600 5.798301
v -4.040400 -10.540400 6.002601
v -4.420400 -10.393999 7.240101
v -4.504700 -10.511900 6.212001
v -4.314500 -10.625900 5.925201
v -3.885300 -10.611300 6.044901
v -4.468000 -10.543699 6.936701
v -4.411200 -10.692900 5.916501
v -4.054400 -10.659600 6.020201
v -4.443400 -10.719699 7.391401
v -4.484200 -10.823199 6.342301
v -4.254300 -10.801700 5.966501
v -3.872500 -10.655000 6.050301
v -4.441500 -11.099799 6.972901
v -4.276900 -11.068000 5.913001
v -3.945900 -10.818100 6.029901
v -4.158000 -11.435099 7.125501
v -4.205200 -11.358300 6.310701
v -3.955600 -11.152600 5.970201
v -3.824300 -10.710800 6.056401
v -3.835000 -11.530999 6.784201
v -3.872100 -11.361200 5.999301
v -3.756800 -10.953000 6.071201
v -3.563300 -11.369699 6.919701
v -3.590700 -11.434200 6.286401
v -3.622000 -11.180900 6.037501
v -3.397900 -11.307299 6.734001
v -3.500100 -11.293800 5.958201
v -3.655000 -10.964100 6.059201
v -3.030300 -9.000999 7.436700
v -2.975600 -9.174399 6.713000
v -3.257500 -9.125100 6.004800
v -3.573500 -8.838300 6.132401
v -3.632600 -8.758900 6.123701
v -2.834200 -8.799199 7.223101
v -2.957800 -8.996200 5.965900
v -3.436500 -8.864800 6.068901
v -2.838000 -8.535399 7.331601
v -2.815300 -8.681899 6.451500
v -3.247800 -8.804100 5.893500
v -3.581700 -8.736000 6.112900
v -2.826000 -8.340199 6.958100
v -3.009500 -8.617400 5.787800
v -3.484600 -8.582200 6.060101
v -3.215000 -8.059299 7.173601
v -3.126900 -8.162099 6.518500
v -3.414400 -8.362600 6.053200
v -3.611100 -8.636400 6.120400
v -3.745100 -7.930200 6.784300
v -3.665800 -8.120300 6.180201
v -3.653500 -8.395600 6.105401
v -4.284600 -8.070299 6.813001
v -4.224200 -8.158000 6.135701
v -3.937500 -8.361400 5.969601
v -3.671700 -8.647500 6.116500
v -4.496500 -8.320299 6.695500
v -4.265600 -8.525000 5.806500
v -3.842100 -8.594600 6.042400
v -4.621800 -8.430999 6.979701
v -4.552800 -8.448599 6.762801
v -4.450800 -8.509800 6.289401
v -4.282700 -8.644000 5.852100
v -4.108100 -8.708700 5.840600
v -3.860800 -8.695800 6.021101
v -4.646400 -8.565999 6.999200
v -4.477400 -8.642900 6.245000
v -4.116800 -8.791600 5.829101
v -3.695300 -8.757300 6.105900
v -4.655800 -8.829199 6.780400
v -4.304200 -8.938300 5.818300
v -3.831500 -8.863600 6.027300
v -4.653200 -9.259699 7.046900
v -4.459800 -9.223999 6.404601
v -3.953800 -9.134800 5.836700
v -3.664200 -8.833300 6.120300
v -4.213600 -9.579899 6.982501
v -3.953100 -9.441000 6.028000
v -3.643100 -9.126800 6.138700
v -3.826200 -9.500299 7.118901
v -3.690200 -9.568399 6.658101
v -3.522200 -9.416800 6.130100
v -3.600700 -8.899600 6.153400
v -3.373900 -9.286099 7.152901
v -3.256600 -9.440500 6.215900
v -3.468600 -9.140700 6.154301
v 0.821700 -14.909199 7.574101
v 0.123000 -14.833599 7.420001
v 0.181600 -14.508299 7.337001
v 0.753600 -14.471899 7.258601
v 1.398300 -14.486099 7.349301
v 1.394700 -14.273299 7.256701
v 1.619200 -14.186299 7.258501
v 1.823300 -14.057099 7.209801
v 1.943000 -14.108399 7.237001
v 1.941500 -14.346399 7.412501
v 1.667500 -14.508499 7.472201
v 2.113100 -13.341499 7.395101
v 2.583400 -13.202699 7.315401
v 2.740800 -13.750299 7.314501
v 2.099000 -13.894899 7.354701
v 2.704400 -13.065399 7.198101
v 2.667400 -13.166799 7.040101
v 3.871600 -11.799399 7.064701
v 3.773800 -12.192499 7.112901
v 2.916200 -12.012099 7.174801
v 3.098400 -11.553299 7.127701
v 3.102200 -10.936699 7.041401
v 2.794000 -10.607599 7.148701
v 2.810800 -10.339299 7.101701
v 3.174200 -9.928199 7.014301
v 3.513700 -9.782999 7.069101
v 4.049000 -9.972499 7.121001
v 4.265300 -10.329700 7.234901
v 4.309100 -10.510799 7.284001
v 4.228700 -10.992499 7.368601
v 3.798100 -11.352699 7.008501
v 3.409600 -11.120399 6.990401
v 3.038500 -8.752099 7.374300
v 3.042500 -8.379399 7.222900
v 3.804500 -8.035499 7.035601
v 4.464900 -8.351099 6.994700
v 4.515300 -8.467699 7.033000
v 4.591700 -8.808599 7.075000
v 4.214500 -9.434499 7.094400
v 3.474700 -9.130299 7.284300
v -0.815300 -14.911799 7.709201
v -0.119300 -14.833899 7.555201
v -0.177900 -14.508499 7.472201
v -0.747700 -14.473999 7.393701
v -1.384100 -14.495599 7.348901
v -1.382100 -14.281399 7.256401
v -1.605600 -14.195299 7.258201
v -1.811100 -14.064899 7.209501
v -1.930100 -14.116699 7.236701
v -1.925800 -14.357299 7.412101
v -1.651300 -14.520000 7.471701
v -2.109400 -13.341699 7.395101
v -2.579700 -13.202999 7.315401
v -2.736900 -13.750699 7.314401
v -2.089000 -13.900699 7.354501
v -2.701000 -13.065399 7.198101
v -2.664000 -13.166799 7.040101
v -3.868100 -11.799399 7.192801
v -3.770400 -12.192499 7.241001
v -2.912800 -12.012099 7.302901
v -3.095000 -11.553299 7.255801
v -3.098800 -10.936699 7.041401
v -2.790500 -10.607599 7.148701
v -2.807300 -10.339299 7.101701
v -3.170700 -9.928199 7.014301
v -3.510200 -9.782999 7.069101
v -4.045600 -9.972499 7.121001
v -4.261800 -10.329700 7.234901
v -4.305700 -10.510799 7.284001
v -4.225200 -10.992499 7.368601
v -3.794700 -11.352699 7.008501
v -3.406300 -11.120399 6.990401
v -3.032700 -8.752099 7.374300
v -3.036600 -8.379399 7.222900
v -3.798700 -8.035499 7.035601
v -4.459000 -8.351099 6.994700
v -4.509500 -8.467699 7.033000
v -4.585900 -8.808599 7.075000
v -4.208600 -9.434499 7.094400
v -3.468900 -9.130299 7.284300
v 0.529700 -14.692399 7.412501
v 1.683900 -14.280899 7.313701
v 2.384100 -13.547299 7.344901
v 2.938500 -12.725799 7.309301
v 2.684700 -13.118099 7.125101
v 3.397500 -11.936499 7.105301
v 3.586800 -10.533899 7.125801
v 3.853700 -8.687099 7.146600
v -0.524400 -14.693899 7.547601
v -1.670000 -14.290199 7.313301
v -2.378700 -13.548999 7.344901
v -2.935100 -12.725799 7.309301
v -2.681300 -13.118099 7.125101
v -3.394100 -11.936499 7.233401
v -3.583400 -10.533899 7.125801
v -3.847900 -8.687099 7.146600
v 0.209500 -14.650000 4.445201
v 0.042800 -14.852700 4.715301
v 0.099500 -15.075100 6.128401
v 0.376200 -15.073100 6.203501
v 0.328900 -14.777300 4.392101
v 0.121900 -15.102700 5.431201
v 0.323100 -15.112500 6.168401
v 0.468800 -15.070600 6.193901
v 0.645500 -14.735400 4.206601
v 0.506000 -14.884600 4.531101
v 0.540000 -15.135600 5.955701
v 0.780600 -14.669400 4.370501
v 0.893400 -15.053100 5.399901
v 0.643900 -15.091600 6.157801
v 0.556000 -15.073700 6.188301
v 0.736700 -14.376300 4.573701
v 0.796100 -14.671100 4.819001
v 0.837300 -15.002600 6.017101
v 0.660100 -14.334000 4.844601
v 0.765800 -14.815400 5.519701
v 0.637000 -15.032800 6.150601
v 0.525800 -14.190500 4.794601
v 0.568000 -14.426800 5.136001
v 0.577400 -14.990100 5.977601
v 0.497400 -15.062500 6.190701
v 0.397700 -14.287100 5.062701
v 0.406700 -14.740000 5.637001
v 0.441100 -15.021000 6.157901
v 0.206000 -14.312200 4.872001
v 0.216600 -14.549400 5.334201
v 0.216200 -14.939400 6.097301
v 0.424300 -15.059600 6.199601
v 0.144500 -14.534200 4.900301
v 0.073100 -14.883800 5.790601
v 0.258200 -15.035500 6.207501
v 1.487400 -13.485300 5.025401
v 1.669600 -13.882300 5.912901
v 1.677400 -14.098900 6.224001
v 1.671900 -14.129800 6.215601
v 1.369900 -13.909000 5.320401
v 1.578400 -14.128800 6.143801
v 1.270700 -14.029600 4.692901
v 1.431300 -14.303100 5.773801
v 1.631800 -14.179200 6.192701
v 1.574500 -14.541600 4.793801
v 1.558700 -14.290100 6.057101
v 1.789100 -14.418500 4.383501
v 1.745100 -14.460800 5.470801
v 2.073600 -14.208000 4.599801
v 2.085200 -14.200900 4.795201
v 2.004600 -14.287700 5.469201
v 1.790100 -14.215700 6.010101
v 1.675900 -14.156200 6.196401
v 2.099000 -13.853900 5.188001
v 1.877000 -14.069400 6.060101
v 1.911100 -13.516700 5.252601
v 1.979700 -13.764300 5.839801
v 1.720900 -14.086400 6.215101
v 1.768800 -13.565100 5.500101
v 1.797300 -13.946000 6.166801
v 2.714500 -13.313600 4.947601
v 2.497500 -13.076000 6.083001
v 2.461500 -12.810500 5.100601
v 2.161000 -12.773200 5.873001
v 2.057200 -12.905400 4.647701
v 1.993000 -12.728500 5.437901
v 1.898000 -13.259700 4.798001
v 1.849100 -13.243500 5.647201
v 2.111000 -13.663400 4.603501
v 2.023400 -13.661300 4.872001
v 1.941800 -13.607500 5.353401
v 1.917300 -13.420500 5.680301
v 2.401400 -13.759100 4.763601
v 2.094000 -13.707500 5.734901
v 2.597700 -13.689100 5.488801
v 2.003400 -13.178900 6.161701
v 3.065900 -11.890900 4.926701
v 2.940900 -11.820400 5.702801
v 2.877800 -11.970000 6.143201
v 2.637800 -11.823300 5.173401
v 2.602600 -11.728300 5.923901
v 2.722900 -12.010800 6.079601
v 2.431400 -12.077800 4.904701
v 2.321500 -11.959600 5.640501
v 2.510600 -12.076000 6.095101
v 2.371900 -12.360600 5.235301
v 2.271300 -12.322000 6.000901
v 2.580700 -12.410100 6.049801
v 2.616400 -12.641500 4.991401
v 2.484900 -12.707800 5.662701
v 2.492100 -12.612000 6.024401
v 2.958400 -12.880700 5.329401
v 2.731200 -12.830600 6.136501
v 2.591100 -12.587500 6.022301
v 3.163900 -12.477400 5.064001
v 3.235600 -12.746900 5.934301
v 2.838300 -12.567800 6.277801
v 3.259400 -12.144800 5.396601
v 3.154800 -12.233800 6.202101
v 2.753100 -12.223000 6.181001
v 3.977300 -11.078400 4.985701
v 3.815000 -11.103600 6.062201
v 4.011500 -11.054100 5.398801
v 3.572000 -10.998000 6.209901
v 4.015500 -10.883600 5.022901
v 3.806500 -10.835500 6.104301
v 3.947800 -10.717000 5.365901
v 3.514700 -10.635900 6.233601
v 3.868600 -10.539000 5.025701
v 3.651900 -10.458500 5.927501
v 3.698500 -10.337200 5.281401
v 3.447300 -10.361600 6.021201
v 3.515200 -10.273900 5.026801
v 3.387600 -10.143500 5.650701
v 3.248200 -10.098800 5.174401
v 3.069200 -10.133600 5.915401
v 3.047500 -10.205600 5.024201
v 2.862500 -10.069900 5.640701
v 2.796100 -10.382200 5.167601
v 2.755600 -10.438800 5.941201
v 2.719300 -10.716800 4.939601
v 2.561800 -10.584600 5.622201
v 2.592700 -10.849700 5.210601
v 2.700900 -10.743000 5.982401
v 2.628300 -11.005300 5.025901
v 2.572200 -10.982000 5.213501
v 2.486200 -10.931900 5.713601
v 2.683000 -10.864000 6.080301
v 2.642400 -11.101800 5.049901
v 2.482400 -11.087200 5.791801
v 2.589400 -11.252200 5.269701
v 2.652500 -11.209200 6.164501
v 2.804700 -11.402600 5.052901
v 2.532200 -11.454600 5.802201
v 2.802500 -11.637800 5.267201
v 2.803700 -11.529200 5.991501
v 3.182000 -11.779600 4.961701
v 2.943300 -11.813800 5.859901
v 3.379100 -11.984600 5.316801
v 3.122600 -11.536200 6.241201
v 3.650900 -11.789800 5.003301
v 3.508800 -11.686800 6.081501
v 3.884900 -11.536600 5.407401
v 3.332300 -11.264400 6.250301
v 3.893100 -11.249900 4.950201
v 3.760000 -11.259600 6.040101
v 3.991500 -11.191300 5.392201
v 3.508700 -11.118900 6.172401
v 3.203200 -8.762700 4.456400
v 2.986800 -8.604300 5.238400
v 3.097400 -8.820000 4.709600
v 3.109100 -8.757000 5.564701
v 3.104200 -9.003400 4.555901
v 2.941300 -8.907000 5.224200
v 3.053500 -9.114600 4.748001
v 3.066600 -9.024300 5.624500
v 3.093000 -9.217400 4.607100
v 2.914000 -9.295600 5.301401
v 3.068800 -9.410400 4.792700
v 3.054500 -9.427800 5.771101
v 3.208900 -9.531700 4.571101
v 3.014700 -9.658500 5.393901
v 3.220000 -9.776300 4.757201
v 3.268700 -9.686200 5.722601
v 3.555500 -9.921600 4.426001
v 3.379900 -9.979800 5.463601
v 3.755600 -10.132000 4.725601
v 3.579600 -9.752500 5.853901
v 4.104100 -10.060200 4.440801
v 3.882800 -9.810800 5.636301
v 4.264100 -9.756500 4.915401
v 3.697300 -9.374100 5.982201
v 4.387100 -9.542900 4.495501
v 4.345100 -9.493800 4.955501
v 4.069400 -9.356300 5.705201
v 3.716700 -9.234700 5.989800
v 4.422300 -9.306400 4.551600
v 4.104400 -9.144800 5.742701
v 4.389900 -9.065100 4.992100
v 3.799700 -8.912900 5.977201
v 4.418700 -8.866800 4.598900
v 4.172400 -8.738500 5.679700
v 4.304200 -8.600300 4.918800
v 3.826000 -8.519200 5.870901
v 4.201900 -8.499800 4.530301
v 3.990100 -8.280500 5.580300
v 3.970300 -8.251600 4.882700
v 3.673800 -8.276000 5.761500
v 3.763000 -8.260600 4.486900
v 3.560000 -8.055400 5.471100
v 3.443700 -8.176900 4.768500
v 3.316700 -8.308200 5.738600
v 3.335000 -8.470400 4.461501
v 3.089300 -8.269500 5.302500
v 3.175300 -8.609500 4.658900
v 3.130200 -8.602700 5.558401
v 0.936000 -14.681500 4.272601
v 0.868000 -14.959300 5.063701
v 1.023300 -14.938100 6.148801
v 1.170100 -14.874600 6.211001
v 1.224800 -14.850200 6.189601
v 1.100200 -14.755300 4.162201
v 1.121500 -14.993600 5.577601
v 1.200200 -14.904400 6.160201
v 1.404300 -14.667600 3.998501
v 1.389000 -14.837500 4.668801
v 1.328100 -14.928400 5.961201
v 1.572200 -14.653700 4.273601
v 1.539700 -14.819500 5.581301
v 1.319100 -14.847900 6.137201
v 1.287100 -14.809000 6.167101
v 1.489300 -14.403800 4.266801
v 1.617000 -14.700800 5.160601
v 1.475000 -14.760000 6.038801
v 1.351600 -14.781700 6.144101
v 1.574400 -14.561200 4.629401
v 1.545800 -14.648000 5.802601
v 1.373300 -14.736700 6.119901
v 1.312600 -14.226900 4.525101
v 1.514900 -14.648600 5.399501
v 1.377000 -14.694500 6.046101
v 1.313000 -14.777800 6.152101
v 1.288100 -14.308800 4.959601
v 1.382900 -14.642000 5.772901
v 1.273100 -14.785200 6.147801
v 1.076100 -14.174100 4.621401
v 1.236300 -14.584700 5.425201
v 1.233600 -14.759600 6.041301
v 0.973600 -14.364100 5.015801
v 1.117600 -14.728300 5.877401
v 1.186100 -14.830300 6.179901
v 0.820200 -14.381500 4.835601
v 0.935200 -14.772800 5.539301
v 1.043300 -14.860800 6.186901
v 1.144900 -14.853900 6.211701
v 0.843500 -14.813900 4.821301
v 0.892300 -14.891100 6.006901
v 1.125100 -14.882000 6.222601
v 0.427200 -14.687900 4.302601
v 0.737000 -14.569100 4.319001
v 0.623700 -14.259500 4.677201
v 0.371900 -14.227700 4.781901
v 0.189000 -14.477000 4.714801
v 1.326500 -13.723600 4.858701
v 1.474600 -14.226700 4.359301
v 2.021600 -13.777400 4.955201
v 1.691300 -13.440500 5.051401
v 2.444900 -12.965900 4.706501
v 1.963100 -13.337600 4.565501
v 2.141600 -13.639100 4.568801
v 2.605800 -13.637600 4.858801
v 2.736000 -11.934000 4.840701
v 2.445400 -12.365700 4.911301
v 2.917200 -12.673600 4.953401
v 3.186000 -12.120000 4.965101
v 3.926300 -10.982100 4.969701
v 3.931800 -10.751800 5.003601
v 3.686000 -10.465300 4.986101
v 3.278000 -10.259400 5.003401
v 2.930100 -10.503400 4.930001
v 2.720100 -10.914400 4.957601
v 2.708800 -11.010300 4.994401
v 2.780400 -11.214300 5.027701
v 2.998800 -11.524700 4.998901
v 3.424500 -11.777300 4.916501
v 3.729200 -11.434600 4.944101
v 3.872300 -11.135900 4.923801
v 3.204700 -8.902400 4.458301
v 3.152800 -9.112700 4.562700
v 3.192500 -9.330900 4.560801
v 3.368200 -9.644400 4.501801
v 3.835900 -9.970600 4.359801
v 4.222800 -9.762600 4.434001
v 4.318100 -9.508900 4.453801
v 4.369300 -9.083700 4.549700
v 4.259200 -8.696000 4.530200
v 3.984600 -8.450000 4.489901
v 3.538200 -8.392800 4.440200
v 3.307800 -8.698400 4.422201
v 1.148100 -14.653200 4.023101
v 1.488900 -14.535700 4.129701
v 1.372200 -14.291300 4.410101
v 1.193400 -14.183500 4.526601
v 0.940100 -14.246800 4.617101
v 0.855500 -14.539700 4.583501
v 0.467400 -14.445000 4.555601
v 1.670500 -13.845800 4.785901
v 2.331300 -13.370100 4.696401
v 2.806400 -12.259500 4.918401
v 3.395100 -11.034600 4.970901
v 3.705200 -9.108300 4.482501
v 1.167900 -14.407100 4.388401
v 3.263300 -8.801300 5.589601
v 3.232300 -8.939700 5.619101
v 3.230600 -9.161100 5.696701
v 3.278400 -9.395200 5.731501
v 3.438100 -9.561100 5.645401
v 3.556900 -9.390400 5.834001
v 3.627000 -9.071500 5.863700
v 3.677200 -8.807200 5.831800
v 3.644400 -8.594900 5.720000
v 3.492300 -8.539000 5.730700
v 3.325200 -8.655900 5.668301
v 3.439900 -9.003400 5.726901
v 3.339600 -11.033700 5.967701
v 3.371800 -10.873300 6.035501
v 3.356000 -10.594700 6.022001
v 3.251600 -10.408900 5.896501
v 3.003000 -10.468300 5.994401
v 2.916200 -10.726800 5.908401
v 2.912300 -10.991100 6.066501
v 2.848800 -11.270200 6.016501
v 3.012000 -11.429900 6.004401
v 3.142700 -11.263000 6.150701
v 3.292900 -11.104500 6.000801
v 3.123900 -10.919000 6.003001
v 1.992000 -13.140100 5.863501
v -0.209500 -14.650000 4.445201
v -0.042800 -14.852700 4.715301
v -0.099500 -15.075100 6.128401
v -0.376200 -15.073100 6.203501
v -0.328900 -14.777300 4.392101
v -0.121900 -15.102700 5.431201
v -0.323100 -15.112500 6.168401
v -0.468800 -15.070600 6.193901
v -0.645500 -14.735400 4.206601
v -0.506000 -14.884600 4.531101
v -0.540000 -15.135600 5.955701
v -0.780600 -14.669400 4.370501
v -0.893400 -15.053100 5.399901
v -0.643900 -15.091600 6.157801
v -0.556000 -15.073700 6.188301
v -0.736700 -14.376300 4.573701
v -0.796100 -14.671100 4.819001
v -0.837300 -15.002600 6.017101
v -0.660100 -14.334000 4.844601
v -0.765800 -14.815400 5.519701
v -0.637000 -15.032800 6.150601
v -0.525800 -14.190500 4.794601
v -0.568000 -14.426800 5.136001
v -0.577400 -14.990100 5.977601
v -0.497400 -15.062500 6.190701
v -0.397700 -14.287100 5.062701
v -0.406700 -14.740000 5.637001
v -0.441100 -15.021000 6.157901
v -0.206000 -14.312200 4.872001
v -0.216600 -14.549400 5.334201
v -0.216200 -14.939400 6.097301
v -0.424300 -15.059600 6.199601
v -0.144500 -14.534200 4.900301
v -0.073100 -14.883800 5.790601
v -0.258200 -15.035500 6.207501
v -1.487400 -13.485300 5.025401
v -1.669600 -13.882300 5.912901
v -1.677400 -14.098900 6.224001
v -1.671900 -14.129800 6.215601
v -1.369900 -13.909000 5.320401
v -1.578400 -14.128800 6.143801
v -1.270700 -14.029600 4.692901
v -1.431300 -14.303100 5.773801
v -1.631800 -14.179200 6.192701
v -1.574500 -14.541600 4.793801
v -1.558700 -14.290100 6.057101
v -1.789100 -14.418500 4.383501
v -1.745100 -14.460800 5.470801
v -2.073600 -14.208000 4.599801
v -2.085200 -14.200900 4.795201
v -2.004600 -14.287700 5.469201
v -1.790100 -14.215700 6.010101
v -1.675900 -14.156200 6.196401
v -2.099000 -13.853900 5.188001
v -1.877000 -14.069400 6.060101
v -1.911100 -13.516700 5.252601
v -1.979700 -13.764300 5.839801
v -1.720900 -14.086400 6.215101
v -1.768800 -13.565100 5.500101
v -1.797300 -13.946000 6.166801
v -2.714300 -13.313500 4.947601
v -2.497500 -13.076000 6.083001
v -2.460700 -12.810100 5.100601
v -2.161000 -12.773200 5.873001
v -2.057200 -12.905400 4.647701
v -1.993000 -12.728500 5.437901
v -1.898000 -13.259700 4.798001
v -1.849100 -13.243500 5.647201
v -2.111000 -13.663400 4.603501
v -2.023400 -13.661300 4.872001
v -1.941800 -13.607500 5.353401
v -1.917300 -13.420500 5.680301
v -2.401400 -13.759100 4.763601
v -2.094000 -13.707500 5.734901
v -2.597700 -13.689100 5.488801
v -2.003400 -13.178900 6.161701
v -3.061600 -11.888700 4.926701
v -2.940900 -11.820400 5.702801
v -2.877800 -11.970000 6.143201
v -2.637800 -11.823300 5.173401
v -2.602600 -11.728300 5.923901
v -2.722900 -12.010800 6.079601
v -2.431400 -12.077800 4.904701
v -2.321500 -11.959600 5.640501
v -2.510600 -12.076000 6.095101
v -2.371900 -12.360600 5.235301
v -2.271300 -12.322000 6.000901
v -2.580700 -12.410100 6.049801
v -2.609800 -12.638100 4.991401
v -2.484900 -12.707800 5.662701
v -2.492100 -12.612000 6.024401
v -2.947700 -12.875300 5.329401
v -2.731200 -12.830600 6.136501
v -2.591100 -12.587500 6.022301
v -3.137800 -12.464100 5.064001
v -3.235500 -12.746900 5.934301
v -2.838300 -12.567800 6.277801
v -3.249300 -12.139700 5.396601
v -3.154800 -12.233800 6.202101
v -2.753100 -12.223000 6.181001
v -3.972200 -11.225900 4.985701
v -3.815000 -11.103600 6.062201
v -3.994400 -11.103500 5.398801
v -3.572000 -10.998000 6.209901
v -3.994500 -10.944500 5.022901
v -3.806500 -10.835500 6.104301
v -3.941000 -10.717100 5.365901
v -3.514700 -10.635900 6.233601
v -3.868200 -10.539000 5.025701
v -3.651900 -10.458500 5.927501
v -3.698500 -10.337200 5.281401
v -3.447300 -10.361600 6.021201
v -3.515200 -10.273900 5.026801
v -3.387600 -10.143500 5.650701
v -3.248200 -10.098800 5.174401
v -3.069200 -10.133600 5.915401
v -3.047500 -10.205600 5.024201
v -2.862500 -10.069900 5.640701
v -2.796100 -10.382200 5.167601
v -2.755600 -10.438800 5.941201
v -2.719300 -10.716800 4.939601
v -2.561800 -10.584600 5.622201
v -2.592700 -10.849700 5.210601
v -2.700900 -10.743000 5.982401
v -2.628300 -11.005300 5.025901
v -2.572200 -10.982000 5.213501
v -2.486200 -10.931900 5.713601
v -2.683000 -10.864000 6.080301
v -2.642400 -11.101800 5.049901
v -2.482400 -11.087200 5.791801
v -2.589400 -11.252200 5.269701
v -2.652500 -11.209200 6.164501
v -2.804700 -11.402600 5.052901
v -2.532200 -11.454600 5.802201
v -2.802500 -11.637800 5.267201
v -2.803700 -11.529200 5.991501
v -3.184300 -11.782800 4.961701
v -2.943300 -11.813800 5.859901
v -3.377600 -11.986200 5.316801
v -3.122600 -11.536200 6.241201
v -3.688300 -11.895400 5.003301
v -3.508800 -11.686800 6.081501
v -3.901400 -11.635900 5.407401
v -3.332300 -11.264400 6.250301
v -3.916000 -11.449900 4.950201
v -3.760000 -11.259600 6.040101
v -3.982100 -11.273100 5.392201
v -3.508700 -11.118900 6.172401
v -3.203200 -8.762700 4.374500
v -2.986800 -8.604300 5.156500
v -3.097400 -8.820000 4.627700
v -3.109100 -8.757000 5.482800
v -3.104200 -9.003400 4.474000
v -2.941300 -8.907000 5.142301
v -3.053500 -9.114600 4.666101
v -3.066600 -9.024300 5.542601
v -3.093000 -9.217400 4.525200
v -2.914000 -9.295600 5.219501
v -3.068800 -9.410400 4.710801
v -3.054500 -9.427800 5.689200
v -3.208900 -9.531700 4.489201
v -3.014700 -9.658500 5.312001
v -3.220000 -9.776300 4.675301
v -3.268700 -9.686200 5.640701
v -3.555500 -9.921600 4.344101
v -3.379900 -9.979800 5.381701
v -3.755600 -10.132000 4.643701
v -3.579600 -9.752500 5.772001
v -4.104100 -10.060200 4.358901
v -3.882800 -9.810800 5.554401
v -4.264100 -9.756500 4.833501
v -3.697300 -9.374100 5.900301
v -4.387100 -9.542900 4.413601
v -4.345100 -9.493800 4.873601
v -4.069400 -9.356300 5.623301
v -3.716700 -9.234700 5.907900
v -4.422300 -9.306400 4.469700
v -4.104400 -9.144800 5.660800
v -4.389900 -9.065100 4.910201
v -3.799700 -8.912900 5.895300
v -4.418700 -8.866800 4.517001
v -4.172400 -8.738500 5.597800
v -4.304200 -8.600300 4.836901
v -3.826000 -8.519200 5.789001
v -4.201900 -8.499800 4.448400
v -3.990100 -8.280500 5.498401
v -3.970300 -8.251600 4.800800
v -3.673800 -8.276000 5.679600
v -3.763000 -8.260600 4.405001
v -3.560000 -8.055400 5.389201
v -3.443700 -8.176900 4.686601
v -3.316700 -8.308200 5.656701
v -3.335000 -8.470400 4.379601
v -3.089300 -8.269500 5.220601
v -3.175300 -8.609500 4.577001
v -3.130200 -8.602700 5.476501
v -0.936000 -14.681500 4.272601
v -0.868000 -14.959300 5.063701
v -1.023300 -14.938100 6.148801
v -1.170100 -14.874600 6.211001
v -1.224800 -14.850200 6.189601
v -1.100200 -14.755300 4.162201
v -1.121500 -14.993600 5.577601
v -1.200200 -14.904400 6.160201
v -1.404300 -14.667600 3.998501
v -1.389000 -14.837500 4.668801
v -1.328100 -14.928400 5.961201
v -1.572200 -14.653700 4.273601
v -1.539700 -14.819500 5.581301
v -1.319100 -14.847900 6.137201
v -1.287100 -14.809000 6.167101
v -1.489300 -14.403800 4.266801
v -1.617000 -14.700800 5.160601
v -1.475000 -14.760000 6.038801
v -1.351600 -14.781700 6.144101
v -1.574400 -14.561200 4.629401
v -1.545800 -14.648000 5.802601
v -1.373300 -14.736700 6.119901
v -1.312600 -14.226900 4.525101
v -1.514900 -14.648600 5.399501
v -1.377000 -14.694500 6.046101
v -1.313000 -14.777800 6.152101
v -1.288100 -14.308800 4.959601
v -1.382900 -14.642000 5.772901
v -1.273100 -14.785200 6.147801
v -1.076100 -14.174100 4.621401
v -1.236300 -14.584700 5.425201
v -1.233600 -14.759600 6.041301
v -0.973600 -14.364100 5.015801
v -1.117600 -14.728300 5.877401
v -1.186100 -14.830300 6.179901
v -0.820200 -14.381500 4.835601
v -0.935200 -14.772800 5.539301
v -1.043300 -14.860800 6.186901
v -1.144900 -14.853900 6.211701
v -0.843500 -14.813900 4.821301
v -0.892300 -14.891100 6.006901
v -1.125100 -14.882000 6.222601
v -0.427200 -14.687900 4.302601
v -0.737000 -14.569100 4.319001
v -0.623700 -14.259500 4.677201
v -0.371900 -14.227700 4.781901
v -0.189000 -14.477000 4.714801
v -1.326500 -13.723600 4.858701
v -1.474600 -14.226700 4.359301
v -2.021600 -13.777400 4.955201
v -1.691300 -13.440500 5.051401
v -2.444900 -12.965900 4.706501
v -1.963100 -13.337600 4.565501
v -2.141600 -13.639100 4.568801
v -2.605800 -13.637600 4.858801
v -2.735500 -11.933700 4.840701
v -2.444800 -12.365400 4.911301
v -2.897800 -12.663800 4.953401
v -3.169100 -12.111400 4.965101
v -3.914200 -11.091500 4.969701
v -3.914600 -10.768700 5.003601
v -3.686000 -10.465300 4.986101
v -3.278000 -10.259400 5.003401
v -2.930100 -10.503400 4.930001
v -2.720100 -10.914400 4.957601
v -2.708800 -11.010300 4.994401
v -2.780400 -11.214300 5.027701
v -2.998800 -11.524700 4.998901
v -3.447200 -11.830600 4.916501
v -3.778300 -11.631800 4.944101
v -3.881600 -11.311400 4.923801
v -3.204700 -8.902400 4.376400
v -3.152800 -9.112700 4.480801
v -3.192500 -9.330900 4.478900
v -3.368200 -9.644400 4.419901
v -3.835900 -9.970600 4.277901
v -4.222800 -9.762600 4.352101
v -4.318100 -9.508900 4.371901
v -4.369300 -9.083700 4.467801
v -4.259200 -8.696000 4.448300
v -3.984600 -8.450000 4.408000
v -3.538200 -8.392800 4.358301
v -3.307800 -8.698400 4.340301
v -1.148100 -14.653200 4.023101
v -1.488900 -14.535700 4.129701
v -1.372200 -14.291300 4.410101
v -1.193400 -14.183500 4.526601
v -0.940100 -14.246800 4.617101
v -0.855500 -14.539700 4.583501
v -0.467400 -14.445000 4.555601
v -1.670500 -13.845800 4.785901
v -2.331300 -13.370100 4.696401
v -2.794500 -12.253500 4.918401
v -3.393600 -11.048200 4.970901
v -3.705200 -9.108300 4.400600
v -1.167900 -14.407100 4.388401
v -3.263300 -8.801300 5.507700
v -3.232300 -8.939700 5.537200
v -3.230600 -9.161100 5.614800
v -3.278400 -9.395200 5.649601
v -3.438100 -9.561100 5.563501
v -3.556900 -9.390400 5.752100
v -3.627000 -9.071500 5.781800
v -3.677200 -8.807200 5.749900
v -3.644400 -8.594900 5.638101
v -3.492300 -8.539000 5.648800
v -3.325200 -8.655900 5.586401
v -3.439900 -9.003400 5.645000
v -3.339600 -11.033700 5.967701
v -3.371800 -10.873300 6.035501
v -3.356000 -10.594700 6.022001
v -3.251600 -10.408900 5.896501
v -3.003000 -10.468300 5.994401
v -2.916200 -10.726800 5.908401
v -2.912300 -10.991100 6.066501
v -2.848800 -11.270200 6.016501
v -3.012000 -11.429900 6.004401
v -3.142700 -11.263000 6.150701
v -3.292900 -11.104500 6.000801
v -3.123900 -10.919000 6.003001
v -1.992000 -13.140100 5.863501
v -0.002600 -12.638898 20.819601
v -0.902400 -12.859798 19.862902
v -1.805300 -12.316898 20.964399
v -2.014900 -12.750698 19.488201
v -0.002600 -13.255699 18.209202
v -4.092400 -11.488798 20.990999
v -2.950000 -12.150398 20.325600
v -3.994800 -11.921598 19.717199
v -5.596600 -11.186298 19.239599
v -4.944800 -11.336898 20.130301
v -5.871900 -10.580498 20.505400
v -6.743900 -10.110600 18.597300
v -6.160500 -11.052899 18.362600
v -6.678200 -10.998899 17.561600
v -5.524900 -11.880599 18.266199
v -6.379600 -10.354798 19.513901
v -7.125500 -9.483598 19.827900
v -7.669100 -8.445698 20.942301
v -6.836700 -9.562698 20.845501
v -6.223100 -9.623199 21.958500
v -5.179700 -10.647698 21.575399
v -4.229400 -10.636698 22.558701
v -2.962600 -11.591898 21.872499
v -1.765100 -11.444098 22.706800
v -0.818500 -12.125299 21.849701
v -0.002600 -11.639998 22.703300
v -0.002600 -10.451898 24.076799
v -0.814800 -11.052999 23.394400
v -1.825700 -10.289098 24.048401
v -4.391500 -9.520098 23.793699
v -3.038200 -10.587898 23.347099
v -6.511800 -8.476498 23.036501
v -5.397500 -9.628498 22.928200
v -8.090200 -7.248098 21.659000
v -7.246400 -8.445798 21.955200
v -6.598600 -11.477199 16.978100
v -7.128600 -10.864699 16.888000
v -7.468800 -10.120699 16.913799
v -7.353100 -10.625299 16.270399
v -6.126300 -11.748999 17.598499
v -5.455600 -12.259899 17.654400
v -8.223300 -8.807199 12.690201
v -8.001200 -9.151599 13.125401
v -7.839500 -9.408299 12.551901
v -7.821400 -9.346399 13.608901
v -8.013400 -8.939399 13.756301
v -7.871800 -9.189999 14.250701
v -7.665900 -9.390199 14.741901
v -7.865400 -9.093699 14.890301
v -7.809100 -9.417199 16.177601
v -7.637800 -10.053699 16.192400
v -7.565000 -9.930499 15.598101
v -7.667200 -8.768398 19.326700
v -7.277000 -9.386498 18.966900
v -7.427100 -9.276299 17.971800
v -8.064400 -7.944899 20.134300
v -7.732200 -8.655698 20.087700
v -8.456400 -6.846999 20.493700
v -8.181100 -7.595899 20.807400
v -7.072100 -10.077699 17.728399
v -7.608800 -9.591099 17.011499
v -7.755200 -9.458299 15.333401
v -7.989200 -8.495099 13.849801
v -8.165200 -8.581399 13.317801
v -8.303400 -8.099799 12.944201
v -7.860400 -8.734099 14.914801
v -7.955200 -8.823399 14.356501
v -7.761000 -8.759899 16.227699
v -7.897100 -8.999499 15.523401
v -7.460700 -8.511299 17.818399
v -7.619900 -8.959499 17.082701
v -7.699100 -8.140099 18.834000
v -7.573700 -8.664799 18.592400
v -8.031300 -7.535499 19.351500
v -7.888300 -8.124198 19.480000
v -8.427700 -6.628698 19.587299
v -8.226300 -7.311399 19.914000
v -4.022300 -12.521699 18.635401
v -4.805200 -11.873998 18.979401
v -4.833400 -12.461499 18.179899
v -4.266300 -12.816299 18.038202
v -1.536900 -13.154099 18.430403
v -2.646300 -12.888499 18.408302
v -1.509600 -13.230199 17.558401
v -3.150800 -12.524398 19.143200
v -3.878300 -12.805299 18.282602
v -3.700600 -12.901299 18.068401
v -3.591800 -12.700099 18.278902
v -3.362600 -12.679499 18.410002
v -3.232300 -12.705499 18.185902
v -3.431900 -12.657399 18.186201
v -3.480600 -12.641599 18.060001
v -3.593900 -12.748899 18.144201
v -0.002500 -13.691099 15.988101
v -0.473000 -13.423599 16.239302
v -0.002500 -13.309499 16.709002
v -1.019500 -13.204399 16.503302
v -0.830200 -13.410299 15.808201
v -0.410800 -13.825499 15.648501
v -0.722000 -13.888099 15.183601
v -0.002500 -14.177699 15.476001
v -1.401200 -12.784899 14.720101
v -1.413500 -13.114299 14.491901
v -1.680400 -12.883299 14.020501
v -1.303400 -13.551299 14.319301
v -1.199100 -13.288299 14.958201
v -1.321800 -12.929699 15.074601
v -1.382300 -12.804299 15.552101
v -2.502500 -13.554399 11.066401
v -2.649800 -13.386299 11.690301
v -2.181300 -13.651399 11.875101
v -2.997100 -13.188699 12.190201
v -3.035300 -13.269399 11.535301
v -3.352800 -13.214599 11.735501
v -3.845200 -13.075499 11.683101
v -3.450600 -13.158799 11.482701
v -2.894700 -13.076899 8.710601
v -2.633500 -13.353399 9.326401
v -2.378100 -13.826899 8.894001
v -2.461000 -13.620099 9.929301
v -2.872000 -12.951199 9.828101
v -3.813200 -12.763199 11.102701
v -4.034400 -12.538599 11.014501
v -4.431300 -12.369799 11.017801
v -3.864600 -12.467599 10.905101
v -4.208100 -12.744399 11.313601
v -4.623600 -12.520599 11.506601
v -3.646400 -13.041099 11.344401
v -3.463800 -13.035099 11.216101
v -3.153100 -13.158899 11.222701
v -3.288600 -13.169699 11.374501
v -2.919700 -13.297299 11.196401
v -2.946100 -13.165799 10.801901
v -2.714600 -13.347899 10.413901
v -2.962400 -12.913299 10.473501
v -2.903100 -13.037899 10.395501
v -3.088400 -12.580899 10.397901
v -3.000300 -12.740299 10.185301
v -3.134600 -12.451199 10.070601
v -3.680500 -12.360099 10.843101
v -3.627900 -12.203199 10.720201
v -3.538700 -12.377499 10.930901
v -3.715600 -12.598999 10.969001
v -3.531300 -12.643899 11.080501
v -3.545900 -12.835999 11.122901
v -3.322400 -12.791899 11.199100
v -3.274400 -13.005699 11.198301
v -3.094200 -12.902699 11.171901
v -3.067400 -13.082899 11.048101
v -3.007400 -12.929699 10.934701
v -2.978700 -12.975299 10.744101
v -3.010700 -12.795999 10.725701
v -3.023500 -12.751099 10.551801
v -3.084100 -12.599199 10.637401
v -3.335200 -12.216299 10.499201
v -3.161600 -12.439299 10.542901
v -3.213800 -12.347299 10.717701
v -3.383100 -12.209299 10.745201
v -3.141300 -12.714499 11.223201
v -3.148200 -12.541699 11.000101
v -3.135200 -12.486099 10.747901
v -3.420100 -12.453199 11.092701
v -3.270400 -12.334699 10.917201
v -3.327900 -12.604799 11.201200
v -3.051600 -12.814199 11.053001
v -3.037000 -12.778499 10.871801
v -3.066500 -12.654799 10.759301
v -8.458600 -8.587099 11.542901
v -8.478600 -8.245899 12.335001
v -8.715700 -7.547599 12.091601
v -7.700400 -9.668199 11.585101
v -8.067600 -9.167599 12.069901
v -9.466200 -1.639899 13.687600
v -9.262000 -2.095599 12.448100
v -9.442200 -1.038599 12.110000
v -9.192800 -2.720099 11.579300
v -8.923300 -3.033799 12.486300
v -7.931500 -7.259999 18.495800
v -7.834600 -7.662798 18.761400
v -7.676600 -7.781699 18.294399
v -7.482700 -8.053899 17.521000
v -7.553300 -8.104799 18.173500
v -7.288700 -8.355699 16.162800
v -7.408500 -8.450099 16.949900
v -7.177000 -8.439299 14.870801
v -7.649500 -8.579399 15.497301
v -7.315300 -8.218599 13.720501
v -7.625800 -8.489599 14.309201
v -7.611600 -7.805699 12.808001
v -7.832200 -8.153899 13.326301
v -7.948500 -7.354199 11.893401
v -8.242900 -7.647099 12.511001
v -7.694100 -6.747699 12.174501
v -7.683700 -7.275799 12.459501
v -7.644000 -7.083099 13.133501
v -7.512500 -7.688699 13.391001
v -7.556000 -7.499499 14.059901
v -7.362200 -8.026399 14.407101
v -7.507100 -7.701599 15.166001
v -7.326300 -8.102399 15.598601
v -7.526400 -7.643098 16.332899
v -7.466600 -7.918599 16.882401
v -7.698800 -7.406798 17.537100
v -7.676000 -7.623098 17.971201
v -8.364000 -6.392999 18.726000
v -8.181100 -6.993399 19.059000
v -8.145300 -6.441499 17.678801
v -8.013200 -6.890298 18.137699
v -9.053000 -4.728899 18.907101
v -8.714600 -5.775198 19.278601
v -9.044200 -4.768098 19.840000
v -7.715600 -6.288499 13.547900
v -7.714800 -6.501399 12.870601
v -7.810700 -5.943399 12.689700
v -7.667500 -6.596599 14.456101
v -7.636300 -6.881399 13.800301
v -7.687700 -6.776199 15.449601
v -7.605700 -7.184599 14.780001
v -7.837000 -6.676498 16.518000
v -7.619100 -7.238698 15.869501
v -7.763200 -7.076199 17.032301
v -7.592200 -9.659899 12.133401
v -7.283000 -9.820999 11.892401
v -7.482200 -9.493699 12.571001
v -7.674900 -9.450999 13.050801
v -7.500600 -9.409699 13.585201
v -7.617000 -9.437699 14.156701
v -7.399600 -9.418199 14.694901
v -7.456300 -9.691299 15.131301
v -7.208000 -9.954700 15.400601
v -7.311700 -10.314299 15.763401
v -6.975900 -10.582199 15.873301
v -6.897200 -11.103699 16.371000
v -6.330500 -11.349499 16.559200
v -5.963300 -11.892900 17.094801
v -5.310400 -12.033399 17.165199
v -4.764800 -12.554199 17.636900
v -4.203100 -12.615499 17.557301
v -2.267300 -13.028499 17.696102
v -2.741300 -12.745999 17.618702
v -2.127600 -12.773699 17.022902
v -1.620300 -13.058699 16.818602
v -1.661900 -12.617499 16.191999
v -1.259000 -13.015800 16.014101
v -1.536300 -12.420599 15.542701
v -1.538300 -12.612399 15.806201
v -1.411400 -12.603899 15.131501
v -1.407000 -12.434399 14.663801
v -1.791700 -12.530599 13.936601
v -1.635900 -12.690199 14.323201
v -2.303600 -12.584099 13.376001
v -2.037000 -12.773199 13.673401
v -2.025200 -13.008899 13.399101
v -2.675400 -12.618599 12.929201
v -2.395300 -12.825699 13.167500
v -2.336700 -13.042799 12.856801
v -3.272400 -12.746799 12.471901
v -2.845300 -12.914499 12.666800
v -4.004000 -12.708799 12.158001
v -3.593300 -13.028199 12.181701
v -4.312500 -12.741799 11.833201
v -4.600100 -12.246899 11.806701
v -5.291000 -11.769899 11.653001
v -5.045000 -12.228699 11.638401
v -5.431500 -12.075299 11.390901
v -5.996400 -11.576299 11.315201
v -5.680800 -11.745799 11.539201
v -5.814700 -11.288399 11.594901
v -6.578300 -10.971499 11.248901
v -6.213600 -11.181299 11.451801
v -6.392200 -10.764399 11.530501
v -7.130700 -10.364199 11.279501
v -6.774300 -10.630199 11.439801
v -6.873600 -10.272399 11.573201
v -7.259900 -10.095199 11.591801
v -3.887600 -12.917099 17.863802
v -3.657900 -12.771899 17.706001
v -2.941200 -12.777199 18.049402
v -3.145000 -12.665599 17.808702
v -3.540400 -12.812999 17.900202
v -3.402900 -12.606399 17.797501
v -3.483000 -12.454499 17.609600
v -3.636600 -12.258099 17.439199
v -3.247700 -12.232799 17.515699
v -3.317000 -12.641500 17.985203
v -3.253200 -12.509999 17.690399
v -7.363400 -9.223399 12.996801
v -7.129800 -8.951199 12.426901
v -7.223100 -8.863099 13.474501
v -7.342800 -9.204199 14.150901
v -7.121100 -8.932799 14.677001
v -7.138700 -9.510899 15.074800
v -6.848100 -9.364199 15.338401
v -6.935700 -10.006899 15.599501
v -6.601000 -9.831800 15.794600
v -6.542100 -10.635899 16.092600
v -6.069000 -10.398199 16.279400
v -5.772300 -11.275199 16.709900
v -5.210300 -10.948799 16.748899
v -4.702400 -11.884099 17.200800
v -4.092600 -11.567499 17.170200
v -3.866600 -12.433699 17.444201
v -3.035500 -11.675200 17.070999
v -3.022700 -12.408399 17.480400
v -3.481700 -11.907399 17.346399
v -2.544200 -12.283499 17.081800
v -2.330400 -11.528999 16.554199
v -1.989500 -12.150899 16.462500
v -1.947000 -11.450999 15.939101
v -1.805200 -11.504399 15.388601
v -1.711800 -12.051299 15.821901
v -1.484900 -12.054499 15.090401
v -1.755100 -11.572299 14.595701
v -1.496900 -12.125899 14.209801
v -1.800600 -11.631799 13.824701
v -1.942500 -12.201099 13.539901
v -1.943500 -11.693099 13.111501
v -2.309800 -12.237499 12.968701
v -2.264400 -11.780999 12.470101
v -2.805100 -12.323799 12.503801
v -2.838600 -11.837799 11.984501
v -3.484800 -12.345499 12.156201
v -3.452000 -11.695699 11.603001
v -4.108000 -12.090799 11.849101
v -4.118100 -11.377099 11.348801
v -4.763100 -11.616699 11.609401
v -4.819000 -10.890099 11.188101
v -5.366100 -11.186999 11.524601
v -5.374900 -10.592499 11.234001
v -5.904300 -10.772999 11.490501
v -5.913800 -10.203399 11.248801
v -6.450500 -10.302799 11.459401
v -6.451700 -9.786599 11.395401
v -6.880300 -9.339199 11.764301
v -6.920600 -9.853799 11.664101
v -7.234400 -9.437599 12.154301
v -1.875600 -14.078499 10.019201
v -2.121700 -14.013799 9.511901
v -1.589800 -14.349999 9.127001
v -1.906800 -14.063599 10.843601
v -2.200500 -13.871399 10.464301
v -1.054700 -13.330299 15.398601
v -1.019400 -13.762799 14.771401
v -0.841700 -14.243399 14.558001
v -0.500200 -14.547899 14.837201
v -0.318300 -14.373399 15.160501
v -0.002600 -14.702299 15.009201
v -0.675100 -14.249699 14.855301
v -0.517500 -14.910099 14.534201
v -0.269100 -14.862700 14.803501
v -0.002800 -14.990599 14.691601
v -0.698500 -14.644899 14.474601
v -0.980300 -14.635399 13.965001
v -8.069600 -5.184099 13.110500
v -7.912300 -5.431599 12.564300
v -7.982600 -4.929799 12.393400
v -7.739900 -5.745299 11.970900
v -7.991700 -5.882899 15.627900
v -7.773600 -6.266099 15.064100
v -7.943800 -5.725799 14.677400
v -7.979800 -5.520999 13.932700
v -7.869400 -5.727899 13.307500
v -7.775900 -6.041499 14.149800
v -8.259300 -5.750399 16.465099
v -7.893100 -6.309399 16.037901
v -8.268000 -5.997299 17.108101
v -8.919300 -4.849898 17.573900
v -8.619200 -5.703198 18.294701
v -9.423800 -3.344198 18.393999
v -9.676500 -1.911899 19.084600
v -9.704700 -1.840399 17.751301
v -8.714200 -4.722599 15.932800
v -8.263500 -5.543899 15.992200
v -8.116300 -5.337299 14.413300
v -8.566400 -4.570699 14.700800
v -8.892400 -3.255499 13.110500
v -8.434900 -4.010699 12.616000
v -8.600600 -4.110599 13.547100
v -8.258600 -4.609499 12.922400
v -8.631000 -5.170898 16.668501
v -9.604900 -1.947999 15.797100
v -9.173100 -3.057499 14.455500
v -9.394200 -3.282099 16.822701
v -9.083600 -3.754099 15.464800
v -8.248500 -5.291199 15.210700
v -8.270400 -4.933599 13.795800
v -8.724300 -5.920599 20.134399
v -8.956800 -4.877499 20.843300
v -9.575900 -1.958798 20.214300
v -9.386700 -3.370799 19.504400
v -8.630100 -6.133799 21.251400
v -8.493200 -5.346798 22.354099
v -7.623600 -7.018298 22.816601
v -6.839200 -6.607098 24.147800
v -5.621500 -8.243498 24.094999
v -4.491000 -7.674198 25.200399
v -3.110800 -9.183498 24.704201
v -1.801300 -8.355098 25.602400
v -0.823500 -9.571098 24.830000
v -0.002600 -8.430598 25.667801
v -6.911800 -8.494699 12.803701
v -6.322400 -8.432499 12.363501
v -6.528300 -8.090299 13.265201
v -6.946200 -8.382599 13.993901
v -6.569600 -7.870299 14.418701
v -6.791200 -8.522499 15.004001
v -6.337000 -8.190199 15.135501
v -6.656500 -8.830899 11.996001
v -6.005600 -8.794999 11.786001
v -6.515400 -8.968499 15.519301
v -6.067800 -8.595399 15.531601
v -5.637900 -9.049599 15.826801
v -6.163300 -9.456599 15.897901
v -5.525400 -9.971199 16.265900
v -4.903000 -9.571799 16.098101
v -4.212500 -9.978499 16.315500
v -4.654000 -10.505699 16.617701
v -3.691100 -10.808699 16.745600
v -3.425800 -10.053899 16.250999
v -2.663400 -9.929699 15.887401
v -2.809200 -10.784799 16.480400
v -2.209400 -10.668799 15.973301
v -2.094000 -9.856999 15.462301
v -1.773400 -9.939199 15.094001
v -1.879400 -10.684199 15.495401
v -1.791600 -10.786399 14.894001
v -1.689700 -9.987000 14.471301
v -1.876000 -10.097699 13.783401
v -1.889800 -10.877699 14.164101
v -2.046900 -10.954899 13.522001
v -2.092200 -10.205799 13.161801
v -2.366100 -10.358599 12.602601
v -2.194000 -11.051499 12.859401
v -2.476700 -11.128799 12.187701
v -2.707600 -10.308899 12.102901
v -3.133400 -10.205799 11.599101
v -2.927100 -11.060499 11.647701
v -3.486200 -10.907499 11.232800
v -3.695300 -10.096699 11.170801
v -4.306200 -9.759599 11.043401
v -4.186600 -10.548899 10.991901
v -4.817500 -10.174399 10.982001
v -4.740900 -9.521799 11.068201
v -5.207300 -9.323699 11.178201
v -5.312400 -9.923999 11.062101
v -5.832900 -9.620399 11.219501
v -5.642700 -9.101899 11.409701
v -6.306000 -9.244099 11.489801
v -5.958800 -8.119899 15.171201
v -5.464600 -7.855999 14.776001
v -3.902800 -9.552299 16.030500
v -4.077200 -8.724399 15.449201
v -4.439900 -9.369799 15.955101
v -1.821400 -9.470599 14.759601
v -2.379600 -8.797699 14.716201
v -2.042500 -9.434799 15.119701
v -2.450900 -9.774599 12.418501
v -2.638200 -8.899199 12.926201
v -2.182800 -9.721399 12.829001
v -4.371800 -9.295899 11.209701
v -4.078400 -8.866399 11.733801
v -3.957700 -9.516699 11.203801
v -5.936900 -8.122199 12.794101
v -5.405400 -8.057199 12.483201
v -5.556100 -7.849099 13.244501
v -6.072000 -7.819099 13.722301
v -5.586000 -7.701999 14.041401
v -5.998200 -7.799699 14.592501
v -5.550300 -8.334699 15.368201
v -4.953100 -8.141199 15.181001
v -4.940600 -8.795999 15.629101
v -4.594800 -7.755299 14.049301
v -5.201200 -7.717799 14.255401
v -3.272800 -9.284299 15.716601
v -3.086100 -8.687699 15.167101
v -2.537600 -9.223699 15.341101
v -1.926600 -9.274999 14.166901
v -2.382000 -8.705899 13.840501
v -2.672000 -8.341099 14.192101
v -3.285200 -8.004099 14.142401
v -2.101300 -9.355299 13.415201
v -2.943800 -8.329199 14.714501
v -2.846300 -9.433699 12.114401
v -3.301400 -8.815799 12.254201
v -3.433300 -9.420399 11.587401
v -4.657400 -8.971599 11.367701
v -4.731500 -8.525699 11.779201
v -5.175800 -8.927999 11.346201
v -5.387500 -8.614699 11.689001
v -5.199800 -8.199799 12.032701
v -3.961100 -8.112999 12.828601
v -3.732000 -8.527399 12.316001
v -5.709900 -8.425999 12.141201
v -4.695000 -7.991899 12.764901
v -5.059200 -7.931699 12.982401
v -4.830500 -7.820199 13.361201
v -5.064100 -8.046399 12.382501
v -4.969100 -7.867199 14.696101
v -4.444100 -7.856299 13.282001
v -5.117300 -7.742499 13.655801
v -4.231200 -8.436099 12.157501
v -4.604800 -8.162599 12.365901
v -4.361600 -7.984399 14.765301
v -3.908900 -7.850099 14.261001
v -3.944600 -7.834099 13.655301
v -3.473600 -7.993199 13.478301
v -3.607900 -8.150299 14.775401
v -3.625900 -7.869999 13.909501
v -2.970000 -8.267299 13.567201
v -3.318900 -8.342599 12.899501
v -9.279800 -3.416398 20.557400
v -9.289000 -2.050398 21.522499
v -8.557100 -2.401098 23.142900
v -8.964500 -3.610098 21.892200
v -6.890800 -3.472798 25.179199
v -7.886100 -4.491098 23.778200
v -4.509600 -4.503998 26.570801
v -5.810200 -5.750898 25.469500
v -1.792700 -5.112598 27.040400
v -3.118500 -6.658298 26.286301
v -3.992300 -12.248899 10.788301
v -4.086200 -11.938399 10.558801
v -4.997400 -12.263499 11.207001
v -5.273900 -11.919999 10.896201
v -5.711000 -11.828899 11.098401
v -5.908700 -11.488400 10.777201
v -6.290700 -11.291999 11.016001
v -6.553800 -10.907199 10.678501
v -6.912500 -10.644399 10.950001
v -7.255300 -10.189899 10.611601
v -7.502600 -9.917799 11.071001
v -7.944400 -9.354299 10.879001
v -7.993600 -9.216199 11.311501
v -3.257300 -12.285499 10.263301
v -3.558600 -11.883799 10.114601
v -4.838500 -11.513999 10.440501
v -4.694200 -11.932399 10.727101
v -5.508300 -11.018799 10.321201
v -5.410300 -11.501399 10.601301
v -6.370300 -10.695799 10.127301
v -6.074900 -11.053699 10.480000
v -7.338300 -10.164299 9.911101
v -6.853800 -10.505799 10.316101
v -8.431500 -8.978799 10.036001
v -7.750100 -9.696299 10.298401
v -8.969900 -7.470999 11.434301
v -9.194000 -6.693599 11.436601
v -9.242600 -7.184499 10.684001
v -8.600600 -8.540199 10.733901
v -3.476700 -12.222499 8.517701
v -3.165400 -12.559699 9.063301
v -3.440700 -11.970499 9.313001
v -3.226600 -12.293299 9.799501
v -3.625700 -12.044599 10.472501
v -3.908600 -11.228099 8.402901
v -3.681800 -11.639199 8.831701
v -3.931100 -11.093599 9.139301
v -3.731600 -11.480299 9.637300
v -4.285200 -11.201899 9.924501
v -4.177700 -11.602999 10.281501
v -5.150000 -10.501699 9.728601
v -4.929300 -11.056199 10.135401
v -5.818200 -10.651599 9.954901
v -6.346100 -10.512799 9.423701
v -4.709300 -8.814199 8.741301
v -4.493000 -9.324799 8.505701
v -4.416500 -8.801699 8.118401
v -4.292300 -9.928499 8.236101
v -4.565100 -9.953699 8.938701
v -4.140200 -10.554499 8.675701
v -4.409200 -10.685499 9.466501
v -7.340500 -10.054399 9.330001
v -6.837900 -10.453399 9.662001
v -8.558000 -8.768799 9.499801
v -7.969900 -9.618899 9.595001
v -5.331800 -9.493899 9.063701
v -5.093200 -9.966799 9.261801
v -5.523100 -9.998699 9.222201
v -5.804100 -10.260399 9.359901
v -6.253200 -10.038499 9.018901
v -6.212900 -9.345199 8.761600
v -5.794400 -9.746199 8.993201
v -7.250100 -9.658999 8.938001
v -6.786500 -10.219199 9.093001
v -7.109300 -8.842299 8.761901
v -6.705300 -9.580499 8.771901
v -8.338300 -8.413899 9.220101
v -7.912000 -9.373499 9.165201
v -9.234500 -6.926999 10.113601
v -8.993800 -7.948199 10.013700
v -9.441800 -5.722999 10.688000
v -9.413000 -6.288899 11.006600
v -9.374600 -5.705399 11.198400
v -9.549300 -4.663999 10.687900
v -9.473300 -5.201599 10.906200
v -9.416400 -4.735799 11.083900
v -9.635500 -3.664499 10.759400
v -9.573800 -4.215899 10.929800
v -9.403200 -3.792199 11.184700
v -9.605800 -2.503599 10.990500
v -9.558300 -3.197399 11.120000
v -9.505800 -0.809699 11.214000
v -9.497200 -1.814599 11.425900
v -9.361100 -5.670699 10.421200
v -9.422400 -6.299499 10.447800
v -9.436100 -4.621099 10.478100
v -9.442000 -5.152599 10.550800
v -9.463200 -3.643299 10.513000
v -9.561900 -4.141399 10.556900
v -9.390300 -2.475199 10.585400
v -9.586300 -3.102999 10.667700
v -9.243700 -0.790599 10.622800
v -9.436300 -1.695899 10.837300
v -0.002600 -5.139398 27.145201
v -0.822000 -3.111098 27.443300
v -0.002600 -1.021198 27.574699
v -1.797700 -1.088598 27.434000
v -4.223400 -0.667998 26.844101
v -3.039900 -2.895298 27.199900
v -6.608300 -0.123198 25.451099
v -5.648000 -2.160898 26.233000
v -8.365400 0.148302 23.651501
v -7.716100 -1.350598 24.420401
v -9.306000 0.277902 22.018499
v -8.981300 -0.887798 22.577299
v -9.741400 0.342102 20.612900
v -9.557800 -0.771898 21.084000
v -9.892200 0.384601 19.445700
v -9.784400 -0.716899 19.838400
v -9.907200 0.456501 17.926500
v -9.853400 -0.652799 18.596100
v -9.819300 0.610701 16.048100
v -9.825400 -0.550899 16.931499
v -9.739400 0.784301 14.132200
v -9.734500 -0.417099 14.947800
v -9.693900 1.046201 12.564800
v -9.630700 -0.165999 13.092800
v -8.841200 1.277702 22.935400
v -8.185800 2.354702 23.753500
v -9.157800 2.398302 22.189600
v -8.743800 7.491702 20.958799
v -7.836300 8.607402 21.624800
v -7.649800 7.489302 22.757500
v -6.940400 9.293901 22.065901
v -7.541900 9.940202 20.399401
v -7.490200 1.281302 24.611700
v -6.411100 2.560202 25.333300
v -5.343500 1.157502 26.152100
v -4.066300 2.437602 26.555500
v -2.907000 0.774002 27.141600
v -1.854300 2.298702 27.243700
v -0.858500 0.744402 27.509501
v -0.002600 2.465002 27.400999
v -8.007000 4.840202 23.419100
v -7.297100 3.681802 24.420900
v -6.225400 5.126002 24.894699
v -5.956500 7.762602 23.987200
v -6.539200 8.746602 22.922300
v -5.360200 10.087702 22.572399
v -7.091300 6.325102 23.874100
v -4.076800 5.282802 25.914600
v -5.194300 3.882302 25.767900
v -3.971400 8.029802 24.783501
v -4.693000 9.232801 23.661501
v -3.456400 10.579202 23.021099
v -5.110700 6.558802 25.021799
v -2.989100 3.854602 26.679501
v -2.055400 5.377702 26.500200
v -1.952300 8.234102 25.307899
v -2.751900 9.552902 24.237000
v -1.621400 10.822802 23.356100
v -3.058000 6.746402 25.753599
v -5.415200 11.475202 20.780001
v -6.298200 10.342102 21.536400
v -3.384700 12.088302 21.067301
v -4.283600 11.205702 21.923401
v -1.494900 12.343602 21.267401
v -2.396100 11.567002 22.224300
v -6.070200 12.250701 18.187201
v -6.911100 11.187602 19.291201
v -8.236000 10.328401 17.859600
v -3.730500 13.193701 18.570498
v -4.626000 12.432302 19.742100
v -1.685100 13.388201 18.701797
v -2.525800 12.853502 19.975498
v -0.757700 12.984602 20.010399
v -0.002600 12.431702 21.249701
v -0.002600 13.403801 18.676998
v -6.290600 12.572601 15.619799
v -7.435300 11.571201 16.732300
v -8.306700 10.599701 15.401399
v -3.802500 13.629701 15.947199
v -5.011300 13.085801 17.085197
v -1.721300 13.887101 16.115498
v -2.711100 13.652801 17.365799
v -0.002600 13.867401 16.212898
v -0.843000 13.683501 17.453098
v -6.097800 12.660701 12.977399
v -7.278500 11.849001 14.159399
v -7.826000 11.009501 12.671299
v -3.732700 13.518701 13.259199
v -4.989100 13.240901 14.482399
v -1.620200 13.837101 13.219299
v -2.645300 13.866701 14.659999
v -0.002600 13.894101 13.311699
v -0.806000 13.964301 14.746999
v -9.529300 1.368202 21.415800
v -9.625200 2.386602 20.834200
v -9.095600 4.797601 21.589701
v -8.499900 6.138702 22.321899
v -9.813200 1.418902 20.180201
v -9.804200 2.429502 19.679399
v -9.645500 3.235201 20.291100
v -9.486200 3.808302 20.762800
v -9.635000 3.873101 19.758400
v -9.907500 1.434801 18.885401
v -9.820900 2.540901 18.162701
v -9.847200 1.570701 17.141100
v -9.693300 2.784601 16.257700
v -9.741200 1.781401 15.190000
v -9.644900 2.837301 14.370900
v -8.666400 3.530002 22.838200
v -9.350200 3.385602 21.429800
v -9.719200 3.508301 19.035299
v -9.505200 5.097901 18.516600
v -9.262500 6.367702 19.855801
v -9.150600 7.788702 18.104799
v -8.630100 8.962302 19.301500
v -9.496300 4.493001 20.205900
v -9.111400 7.950501 15.438999
v -8.912900 9.181201 16.653500
v -9.390900 5.196001 15.741500
v -9.306200 6.526502 16.936501
v -9.623100 3.895901 17.221600
v -9.507500 4.158801 14.425700
v -9.549800 3.737701 15.304200
v -8.757800 8.515501 12.606999
v -8.668700 9.563501 13.982799
v -9.646800 1.214501 11.481100
v -9.618300 0.110501 11.799800
v -9.701400 1.963701 13.426400
v -9.632700 2.958701 12.768400
v -9.573500 3.681901 13.615100
v -9.494900 4.560201 12.772400
v -9.260100 6.260101 12.803500
v -9.093800 6.943601 14.127299
v -9.424400 5.040101 13.974100
v -9.335000 1.343201 10.657300
v -9.503900 0.274701 10.939500
v -9.538400 2.891701 11.513000
v -9.650400 2.073401 12.080400
v -9.305800 2.898501 10.716000
v -9.513000 2.132501 11.063100
v -9.410600 4.528001 11.307400
v -9.534000 3.773401 12.032400
v -9.136100 6.218001 10.782300
v -8.942500 7.516201 11.545599
v -8.417300 8.740901 10.384799
v -8.114800 9.952101 11.341099
v -7.150300 10.862301 10.272799
v -6.781900 11.886301 11.524099
v -5.750700 12.141401 10.563899
v -3.959500 12.753501 10.610799
v -4.931500 12.956301 11.806799
v -1.706600 13.032901 10.650999
v -2.678100 13.444501 11.862000
v -0.002600 13.178401 10.667399
v -0.758700 13.587701 11.891099
v -6.551400 10.080201 8.593699
v -6.220900 11.191301 9.530199
v -5.593400 11.290901 9.140699
v -7.938400 8.234601 8.764099
v -7.575700 9.594901 9.365899
v -5.283400 9.576801 7.525899
v -5.532200 10.576001 8.366999
v -4.431200 11.395101 8.729999
v -4.992100 11.956901 9.668999
v -2.144900 11.703401 8.678199
v -3.053000 12.296401 9.573499
v -2.650900 9.611201 7.263299
v -3.681200 10.582301 7.869399
v -0.002600 11.963101 8.647599
v -0.902200 12.612201 9.587099
v -0.002600 9.877201 7.233699
v -1.169300 10.889301 7.871399
v -8.697400 1.391901 10.381300
v -9.110100 2.211801 10.495100
v -8.775200 2.951601 10.307400
v -8.666700 -0.870799 10.271300
v -9.001600 0.268001 10.434200
v -9.358000 5.463501 11.847600
v -9.160200 4.364501 10.546700
v -9.233400 5.022901 10.844600
v -8.710200 7.395201 9.746399
v -8.793400 6.098701 9.251200
v -9.076900 5.227001 10.046400
v -8.859600 4.308801 9.778300
v -9.397500 3.641401 10.963700
v -8.956300 3.602001 10.415300
v -1.442300 8.601301 6.977000
v -0.002600 7.488700 6.833600
v -3.077300 7.531800 6.830200
v -6.474300 7.561000 7.256299
v -4.490700 8.564701 6.984099
v -6.755800 8.896701 7.862000
v -8.026800 6.903000 8.333099
v -8.163400 5.727701 8.002000
v -8.477500 4.220201 8.682300
v -8.692300 5.041601 8.926600
v -8.646000 3.603401 9.608400
v -8.491700 2.981801 9.285700
v -8.508200 2.310101 10.048500
v -8.016400 1.605201 9.856800
v -8.238400 0.371501 10.286300
v -7.642500 -0.487799 10.398400
v -6.897200 6.137600 7.268300
v -5.210800 5.838601 6.967500
v -7.149100 5.092700 7.147099
v -8.142300 4.786100 7.732399
v -8.094300 4.031701 7.453499
v -8.325900 3.559601 8.344700
v -8.164500 2.948401 7.975000
v -8.130200 2.404101 8.924500
v -7.824700 1.726201 8.585700
v -7.668600 0.711301 9.565500
v -7.049500 0.162501 9.394500
v -4.506000 -10.111799 7.488501
v -4.440900 -9.426699 7.757101
v -4.723600 -8.985199 7.274001
v -4.080100 -11.464899 7.681001
v -4.241900 -10.699199 7.944901
v -3.642300 -12.480099 7.759001
v -3.815700 -11.913899 8.079301
v -3.112300 -13.368199 7.827801
v -3.328900 -12.823899 8.175301
v -2.419400 -14.239100 7.902101
v -2.714000 -13.657599 8.288401
v -1.619800 -14.704799 8.003501
v -2.028700 -14.347199 8.443001
v -0.710100 -14.713799 8.973601
v -1.157300 -14.708999 8.488101
v -0.821700 -15.132399 8.018501
v -4.538400 -10.192299 7.011201
v -4.717100 -9.586699 7.105201
v -4.673300 -9.062199 6.795401
v -4.140400 -11.569199 7.213201
v -4.496000 -10.892900 7.315401
v -3.727300 -12.560099 7.301601
v -4.036000 -12.127899 7.459001
v -3.215700 -13.488599 7.356001
v -3.559700 -13.046999 7.526801
v -2.402000 -14.338699 7.438001
v -2.896200 -13.995299 7.583901
v -1.620000 -14.811099 7.502601
v -2.041600 -14.626599 7.662401
v -0.821000 -15.146699 7.506101
v -1.265100 -15.077199 7.708201
v -4.417600 -9.614999 6.747501
v -4.147400 -9.106099 6.555100
v -3.995800 -10.148899 6.730901
v -4.175700 -10.884899 6.932401
v -3.739500 -11.504199 6.949301
v -3.832100 -12.090599 7.107601
v -3.470200 -12.445899 7.049501
v -3.436700 -12.974799 7.167501
v -3.046000 -13.349799 7.019301
v -2.812000 -13.946299 7.192501
v -2.265100 -14.196299 7.116601
v -1.942500 -14.536899 7.324901
v -1.488700 -14.573799 7.242501
v -1.170200 -14.879799 7.357401
v -0.728200 -14.823899 7.270801
v -3.715200 -9.554999 6.580001
v -3.322800 -8.961499 6.570601
v -3.205800 -9.971299 6.747001
v -3.531500 -10.741299 6.798601
v -3.080600 -11.234599 6.917101
v -3.334500 -11.905799 6.945501
v -2.880300 -12.153299 6.980501
v -3.052800 -12.734799 6.977401
v -2.550300 -12.946699 6.990101
v -2.489700 -13.613099 6.961301
v -1.926700 -13.735699 7.031101
v -1.764400 -14.242199 7.079701
v -1.318100 -14.176999 7.161401
v -1.053100 -14.542599 7.177401
v -0.635200 -14.417499 7.214901
v -0.002600 -14.907599 7.224801
v -0.337900 -14.709399 7.163401
v -0.002600 -14.499999 7.206701
v -3.765300 -8.523199 6.529301
v -4.005000 -8.213199 6.608901
v -3.506400 -7.959099 6.766301
v -4.342600 -8.532499 6.623401
v -4.335800 -7.992599 6.757801
v -4.663400 -8.431499 6.916101
v -4.400400 -7.915699 7.158801
v -3.963500 -7.663499 7.030400
v -3.939300 -7.868700 6.763801
v -4.261900 -7.755499 6.917301
v -5.291900 -8.803499 9.015801
v -4.955600 -9.234099 8.961901
v -6.069900 -8.625699 8.762001
v -5.727600 -9.082199 8.870001
v -6.786900 -8.108899 8.895301
v -6.591400 -8.755099 8.743901
v -8.910000 -6.756699 9.979501
v -8.833800 -7.697899 9.705901
v -7.860400 -7.902400 9.206501
v -7.699700 -8.797899 8.901501
v -7.196100 -7.423100 9.447001
v -7.283600 -8.060199 8.966101
v -7.379200 -5.596899 11.138500
v -7.663000 -5.269099 11.793800
v -7.524600 -4.776799 11.585100
v -6.651000 -5.424499 10.723800
v -6.387400 -4.752599 10.910600
v -7.017200 -4.460799 11.069200
v -6.207700 -3.718399 11.123200
v -5.593800 -5.101199 10.786900
v -7.158700 -5.117499 11.089800
v -6.243300 -6.138799 10.377500
v -6.945800 -5.854799 10.588100
v -7.193900 -6.376999 10.401401
v -6.229800 -7.690000 9.149401
v -6.262100 -8.141399 8.886600
v -5.826500 -8.157199 8.927101
v -6.725400 -7.554599 9.254601
v -6.601600 -7.040299 9.678301
v -5.824800 -6.745199 9.923701
v -6.484900 -6.547099 10.088101
v -5.847600 -5.802599 10.558800
v -4.903800 -6.244299 10.025300
v -5.666300 -6.413799 10.179401
v -5.214600 -8.222999 9.102201
v -5.583400 -8.471699 8.974901
v -5.684300 -7.870500 9.110001
v -5.502100 -7.424799 9.410601
v -6.051600 -7.211199 9.532601
v -4.672400 -8.056099 8.768901
v -4.910300 -8.511299 8.977801
v -4.991000 -7.772299 9.209001
v -4.736600 -7.201000 9.362001
v -5.214600 -6.955299 9.756701
v -4.206500 -7.699699 8.129501
v -4.388000 -8.350299 7.648500
v -4.507100 -8.315599 8.422201
v -4.044800 -7.603700 7.491500
v -3.573700 -7.411200 7.824800
v -4.426600 -7.428999 8.738001
v -3.989500 -6.919000 8.851801
v -4.343200 -6.612199 9.368301
v -3.729100 -6.059899 9.402000
v -3.157600 -6.968699 8.646401
v -3.732700 -7.207300 8.357501
v -2.906700 -6.079299 9.129000
v -3.424500 -6.585700 9.031301
v -2.796400 -7.719100 7.674500
v -3.478200 -7.603499 7.251700
v -2.445500 -6.856299 8.318101
v -2.991500 -7.235099 8.151401
v -2.248100 -5.965000 8.781800
v -2.655400 -6.564600 8.756601
v -1.604700 -7.137499 8.523601
v -2.009000 -6.525000 8.538301
v -1.488800 -6.106500 8.971000
v -0.002600 -6.129200 8.829900
v -0.854800 -6.821899 8.916301
v -0.002600 -7.209599 8.491601
v -1.601000 -7.881400 8.009801
v -2.163700 -7.342100 8.020001
v -2.977200 -8.285699 6.983100
v -2.448200 -8.708699 7.449400
v -2.824700 -9.310699 6.998001
v -2.375800 -9.648999 7.372601
v -2.749000 -10.418499 7.062601
v -2.295000 -10.789699 7.385101
v -2.616000 -11.518099 7.154001
v -2.151500 -11.702099 7.497401
v -2.420200 -12.330299 7.196401
v -1.956600 -12.483099 7.510501
v -2.017700 -13.110099 7.233201
v -1.484100 -13.155999 7.556901
v -1.451900 -13.726999 7.318601
v -0.945400 -13.635699 7.610101
v -0.531000 -13.951399 7.556401
v -0.881900 -14.065199 7.413101
v -0.290300 -14.196699 7.395201
v -0.002600 -13.890299 7.647401
v -0.937200 -12.601999 7.914601
v -1.411600 -12.547699 7.771601
v -1.119900 -12.058199 7.992401
v -1.671100 -11.871099 7.776801
v -1.256900 -11.305099 8.034801
v -1.808700 -11.042099 7.734301
v -1.376000 -10.409599 7.996601
v -0.002600 -10.349099 8.390100
v -0.699900 -10.811499 8.264301
v -0.002600 -11.254799 8.336801
v -1.928100 -10.039299 7.664601
v -1.454400 -9.436299 7.932401
v -0.002600 -9.456499 8.278201
v -0.765700 -9.893399 8.234701
v -1.962300 -9.044699 7.683401
v -1.460700 -8.577999 7.858301
v -2.094200 -8.203499 7.714200
v -0.002600 -7.872900 8.126501
v -0.880800 -7.622700 8.439501
v -0.002600 -8.576599 8.080701
v -0.809800 -8.215399 8.016701
v -0.771700 -8.989599 8.054301
v -0.002600 -12.940799 7.938601
v -0.544200 -12.355199 8.076401
v -0.002600 -12.042499 8.223701
v -0.879500 -13.052699 7.777701
v -0.390800 -13.593999 7.696901
v -0.627200 -11.657599 8.206001
v -5.455300 -4.085299 10.963400
v -5.309500 -2.974399 10.837500
v -4.842600 -4.254599 10.542200
v -4.835000 -5.161299 10.401900
v -4.200900 -4.781999 10.106900
v -4.003700 -5.450299 9.784100
v -3.362800 -4.694299 9.770100
v -2.735400 -4.492199 9.524900
v -3.121500 -5.350299 9.500200
v -2.072400 -4.445000 9.357300
v -2.463700 -5.256499 9.205600
v -1.338900 -4.453700 9.234800
v -1.837800 -5.243100 9.085500
v -3.682300 -4.264299 10.001900
v -3.948700 -4.028499 10.250500
v -3.399500 -3.689099 9.986900
v -4.351000 -4.190699 10.338600
v -4.329900 -3.600299 10.505600
v -3.072600 -3.976799 9.722000
v -2.951000 -3.327699 9.605100
v -2.455900 -3.817299 9.478100
v -2.076100 -3.167599 9.442400
v -7.344400 4.257401 6.997300
v -6.206100 4.095901 6.952400
v -7.487800 3.578701 6.883900
v -8.022200 3.363700 7.256400
v -7.840800 2.720100 7.099700
v -8.025900 2.309401 7.669400
v -7.721300 1.672501 7.431000
v -7.527700 0.947401 8.282300
v -6.871600 0.507501 8.083000
v -5.794400 -0.812999 10.095800
v -6.359400 -0.071399 9.041800
v -5.606900 -0.135399 8.644100
v -0.768700 -5.307400 9.100500
v -0.002600 -4.457500 9.063100
v -1.708700 -3.808299 9.337600
v -1.383600 -3.147699 9.002200
v -6.084700 0.404401 7.859300
v -6.427700 0.970701 7.408500
v -5.207300 0.594401 7.438500
v -6.810700 3.025501 6.751900
v -6.611300 3.453400 6.812099
v -5.787200 3.104001 6.975300
v -7.102500 1.167401 7.308200
v -6.892300 1.745400 6.907200
v -7.359800 2.957700 6.809700
v -6.987300 2.440100 6.771500
v -7.460800 2.164901 6.973300
v -6.114800 1.371001 7.149700
v -5.813200 2.134100 6.984900
v -6.377700 2.679000 6.818400
v -6.623800 2.121100 6.815400
v -1.464700 6.490800 7.017300
v -0.002600 5.597701 7.045800
v -2.599800 5.365901 6.906600
v -4.433300 6.676001 6.860000
v -5.739100 4.921000 7.035200
v -4.523600 4.293100 6.989500
v -5.163400 3.719600 7.066199
v -4.302100 3.253901 7.018099
v -3.869500 3.632500 6.925200
v -3.010900 3.274000 6.974699
v -4.125600 2.131800 7.056900
v -4.985100 2.709800 7.084300
v -3.795200 4.770300 6.934400
v -3.856600 1.131601 7.146100
v -4.747500 1.521801 7.152900
v -3.574700 1.607600 7.006800
v -2.838500 1.602801 7.115600
v -3.476300 2.541400 6.959300
v -1.287700 4.024601 8.091700
v -0.950700 4.810300 7.325399
v -0.002400 4.513300 8.147100
v -2.182500 3.781200 7.273600
v -2.187800 2.865001 8.198100
v -2.255900 1.719801 8.355900
v -2.539700 2.291600 7.556100
v -0.919500 3.934601 10.756300
v -0.564500 4.360501 9.504500
v -0.002500 4.254201 10.812700
v -1.649600 3.453101 9.432900
v -1.837400 2.807901 10.609600
v -2.287700 2.251601 9.436900
v -2.011500 1.741501 10.462600
v -1.431700 0.691801 10.329200
v -1.626900 0.520501 9.215900
v -1.288100 0.266901 8.870500
v -1.874500 0.732401 8.353500
v -0.002400 -0.030399 9.346300
v -0.727000 0.276101 9.783500
v -0.002600 0.512801 10.350900
v -0.337100 3.916201 11.662000
v -0.002500 3.640301 12.208000
v -0.642500 3.586801 12.035100
v -1.208200 3.364701 11.594000
v -1.006200 2.787801 11.802300
v -0.002600 2.800701 12.002500
v -0.390700 3.199201 12.128700
v -1.640900 2.310401 11.270100
v -1.088500 1.995001 11.454300
v -0.878000 1.302501 11.120500
v -1.439000 1.415601 11.022500
v -0.587100 0.885501 10.799500
v -0.002600 1.183001 11.072900
v -0.002600 2.030501 11.609800
v -0.549200 2.417401 11.775200
v -4.754400 -3.426899 10.587100
v -4.486100 -2.651799 10.302000
v -3.771100 -3.023399 10.157300
v -3.764000 -3.595299 10.465600
v -4.126800 -2.983999 10.390200
v -4.056100 -2.581999 10.019300
v -4.956200 -1.872699 10.368100
v -4.431600 -1.254899 9.917500
v -3.363200 -2.349899 9.416600
v -3.389000 -3.053199 9.790800
v -4.214200 -2.137999 9.894300
v -3.817700 -1.792799 9.545000
v -3.814900 -2.465899 9.750500
v -4.931000 -0.411499 9.572000
v -4.276700 -0.328599 8.992000
v -2.675300 -2.558099 9.395400
v -2.591400 -1.749899 8.797800
v -3.908200 -1.001799 9.383500
v -3.324000 -0.873299 8.910800
v -3.252900 -1.597299 9.119700
v -4.777800 0.134801 8.389500
v -4.066800 0.030801 7.956000
v -1.924000 -2.320899 8.937400
v -2.107000 -1.538999 8.198800
v -3.702800 -0.340499 8.534100
v -3.052500 -0.471899 8.176700
v -2.729500 -1.025699 8.460300
v -1.488300 -1.265899 7.952300
v -0.557300 -1.836999 8.647200
v -0.002500 -1.358599 8.707100
v -0.002600 -2.905899 8.760600
v -3.114000 0.313301 7.162200
v -4.076300 0.510101 7.431200
v -2.536200 -0.377099 7.265100
v -2.401800 -0.931499 7.678000
v -3.230700 -0.069499 7.667400
v -2.947400 0.872201 6.998800
v -2.280500 0.666401 7.188800
v -0.002500 -0.535999 8.806000
v -0.788600 -0.838999 8.468400
v -1.357700 -0.314099 8.114900
v -0.745600 -0.190099 8.811000
v -2.293200 1.156301 7.699800
v -1.930100 0.144301 7.423100
v -2.020500 0.507301 7.593100
v -2.141700 1.126901 9.523800
v -1.650800 0.220201 8.085000
v -2.418000 0.161801 7.090800
v -1.861300 -0.446799 7.440900
v -0.479200 -14.986300 14.340001
v -0.737100 -14.916799 14.193501
v -0.869800 -14.827999 13.836201
v -1.663000 -14.099199 10.812201
v -1.744600 -14.088499 10.433001
v -1.598300 -14.081299 10.081301
v -1.598900 -14.188699 9.695001
v -1.327300 -14.186299 9.509801
v -0.695300 -14.220099 9.270701
v -1.072700 -14.388799 9.261001
v -0.340700 -14.591199 9.350701
v -0.002600 -14.953699 9.090401
v -0.002600 -14.273799 9.475501
v -1.302300 -13.779499 9.366801
v -1.040500 -13.998399 9.273401
v -0.742500 -13.724699 9.061501
v -1.547600 -13.760099 10.011101
v -1.443100 -13.999299 9.762901
v -1.656300 -13.798999 10.797201
v -1.610000 -13.960299 10.442201
v -1.710800 -13.477099 10.290701
v -1.710800 -13.064999 9.713601
v -1.800500 -13.217299 10.655201
v -0.380600 -14.640699 14.174701
v -0.617000 -14.806399 14.045001
v -0.716900 -14.524699 13.739101
v -0.545000 -14.364999 13.904501
v -0.673000 -14.039099 13.599201
v -0.361800 -14.168299 13.922601
v -1.521500 -13.457599 9.473101
v -1.392800 -13.071899 8.976801
v -1.095600 -13.443199 8.975001
v -0.857000 -13.081899 8.841501
v -0.486200 -13.479099 9.038201
v -0.002600 -13.704899 9.272501
v -0.334200 -13.266799 9.091801
v -1.459100 -13.789699 13.560801
v -1.123100 -14.071799 14.114301
v -1.669800 -13.268099 13.830501
v -1.140700 -14.345999 13.392901
v -1.125200 -14.232299 13.615601
v -1.294500 -14.183599 13.317201
v -1.334400 -14.390599 13.082501
v -1.023100 -14.611599 13.600801
v -1.077500 -14.532299 13.324100
v -1.217300 -14.529399 13.165601
v -1.212100 -14.587699 12.976001
v -0.920600 -14.342399 13.267101
v -0.912700 -14.577199 13.530901
v -1.058100 -14.293199 12.939501
v -1.063100 -14.478599 13.103701
v -0.886900 -13.866899 13.218401
v -0.979500 -14.073199 13.084701
v -1.119700 -13.747599 12.931401
v -0.783000 -14.216099 13.443401
v -1.846100 -13.779199 12.701801
v -1.504800 -14.079999 13.012601
v -1.472600 -14.409499 12.693501
v -2.349900 -13.398999 12.444901
v -1.913600 -13.326799 13.135801
v -1.762500 -14.212999 11.576301
v -2.051700 -13.892699 11.335201
v -1.614200 -14.353899 12.217001
v -1.616500 -14.211399 12.538201
v -1.839200 -14.035199 12.081401
v -1.704000 -14.198699 11.169901
v -1.562000 -14.283299 11.481801
v -1.330400 -14.561099 12.848401
v -1.288900 -14.542599 12.630101
v -1.589200 -14.416599 11.823901
v -1.437500 -14.488699 12.081501
v -1.448500 -14.525999 12.408401
v -1.164800 -14.468099 12.800801
v -1.165800 -14.255699 12.586201
v -1.507800 -13.957199 11.497001
v -1.585200 -14.059499 11.167101
v -1.328100 -14.142599 12.057201
v -1.279300 -14.411699 12.351401
v -1.431100 -14.266299 11.776201
v -1.659700 -13.610899 11.140201
v -1.663900 -13.394699 11.490701
v -1.148600 -14.000499 12.777701
v -1.312100 -13.646199 12.570201
v -1.297300 -13.924999 12.331801
v -1.485200 -13.561199 12.067401
v -1.468100 -13.789999 11.795801
v -8.868500 -2.559899 10.431700
v -9.291400 -3.120899 10.487500
v -9.182700 -3.658199 10.493900
v -9.079100 -1.761399 10.446800
v -7.190200 -2.273199 10.937800
v -6.820600 -0.758099 10.434800
v -8.130300 -1.669799 10.405100
v -6.112100 -2.428399 10.786800
v -6.965400 -3.498799 11.047800
v -7.541900 -3.481999 11.143500
v -7.500700 -4.175899 11.410100
v -8.081500 -3.904199 11.806600
v -8.008700 -4.424999 12.116600
v -8.513800 -2.984399 10.897500
v -8.157600 -2.678599 10.779200
v -7.922500 -2.874899 10.900500
v -8.160500 -2.996199 10.984900
v -8.071700 -3.177799 11.112400
v -7.647900 -2.992399 10.951700
v -8.546500 -3.645599 12.228300
v -8.568600 -3.417499 11.867700
v -8.426100 -3.387399 11.412800
v -8.007500 -3.468299 11.383300
v -9.220900 -4.621099 10.508200
v -9.346900 -4.140099 10.467500
v -9.128400 -5.629399 10.396700
v -9.301000 -5.124099 10.443100
v -9.228300 -6.171899 10.204400
v -9.260900 -4.301599 11.179200
v -9.129900 -4.742099 11.121700
v -9.036100 -3.883099 11.218300
v -8.970400 -4.228499 11.010400
v -9.009300 -4.642699 10.783900
v -8.842100 -3.604999 10.880100
v -9.066500 -4.122099 10.621900
v -8.920400 -3.197299 10.655900
v -9.246000 -5.212199 11.206500
v -8.996400 -5.627399 11.235000
v -8.889600 -5.639799 10.724700
v -8.977700 -5.166999 10.996600
v -9.059400 -5.129099 10.590400
v -8.684500 -7.002699 11.721001
v -8.590300 -6.551599 11.277601
v -9.121400 -6.095699 11.414300
v -8.414800 -6.675599 10.289501
v -8.726300 -6.057699 10.926000
v -8.443500 -7.426499 9.609601
v -8.859700 -6.131399 10.343000
v -7.691300 -6.570099 11.337201
v -7.544900 -6.065999 11.218500
v -7.717800 -6.244499 12.052800
v -7.506300 -6.617099 10.692001
v -7.593600 -6.871799 10.366201
v -7.845000 -6.947699 11.577701
v -8.072900 -6.773199 10.868401
v -7.763800 -7.239599 9.806001
v -7.149400 -6.869499 9.882301
v -9.110900 -3.424599 11.370900
v -8.793000 -3.276699 11.513200
v -8.762800 -3.549399 11.254100
v -8.815500 -3.076399 11.869300
v -8.587300 -3.325799 11.603900
v -8.480600 -3.249599 11.075900
v -8.349200 -3.561199 11.725900
v -1.789600 -12.747499 10.119401
v -1.819000 -12.234900 9.582601
v -1.746500 -12.521599 10.588601
v -1.656700 -13.148999 11.775701
v -1.762600 -12.706899 11.423801
v -1.568300 -12.917699 11.987301
v -1.246300 -13.416099 12.722501
v -1.260000 -13.120099 12.443601
v -1.146400 -13.190699 12.817401
v -1.801300 -12.970199 11.071401
v -1.436000 -13.307499 12.292901
v -1.176200 -12.614399 8.767001
v -0.930500 -12.222699 8.732701
v -1.495700 -12.144399 8.815301
v -1.678000 -12.620199 9.168401
v -0.612700 -12.827199 8.846801
v -0.366600 -12.553499 8.904601
v -0.621100 -11.898999 8.838101
v -0.369600 -11.613899 9.263700
v -0.923900 -11.262499 8.845901
v -1.768400 -11.741999 9.102201
v -1.502100 -11.289499 8.866601
v -1.836700 -11.445099 9.584501
v -1.757300 -12.279799 11.012601
v -1.620900 -11.816999 10.548701
v -1.697300 -11.972399 11.337101
v -1.349900 -12.768899 12.156101
v -1.489400 -12.294299 11.863701
v -1.127300 -12.603099 12.318101
v -1.652800 -12.478399 11.669501
v -1.815800 -12.007599 10.072601
v -1.238900 -11.680299 8.697601
v -0.811700 -13.648199 13.347101
v -0.945800 -13.255199 13.137201
v -0.697500 -13.421599 13.401901
v -0.172000 -13.922799 13.818601
v -0.330300 -13.619299 13.589301
v -0.002600 -13.671799 13.639201
v -0.002600 -14.199299 14.019801
v -0.521100 -13.829599 13.643601
v -1.045800 -13.507999 13.041201
v -1.028900 -12.931699 12.915301
v -1.028500 -12.640099 12.679401
v -0.919200 -12.644499 13.017201
v -0.517000 -13.239699 13.379701
v -0.701800 -12.767900 13.218801
v -0.313500 -13.088899 13.273901
v -0.832300 -13.004899 13.197001
v -1.107300 -12.930199 12.556001
v -1.702400 -11.424899 10.952501
v -1.565100 -10.879699 10.513301
v -1.659300 -11.010699 11.276501
v -1.542100 -10.433399 10.889701
v -1.351400 -9.916899 10.467901
v -1.359600 -10.151199 11.234301
v -1.135300 -9.615399 10.840201
v -0.872900 -9.302999 10.445001
v -0.894200 -9.429599 11.206601
v -0.602500 -9.231599 10.807001
v -0.356200 -9.449899 10.334401
v -0.379300 -9.508899 11.160001
v -1.441600 -10.782899 11.531001
v -1.202600 -10.568299 11.789301
v -1.393400 -11.447999 11.790301
v -1.153800 -11.239299 12.041001
v -0.983100 -10.858799 12.394801
v -1.091500 -11.830999 12.300401
v -1.529300 -10.343999 10.110301
v -1.655900 -10.680699 9.706001
v -1.339800 -10.032699 9.828801
v -1.411900 -10.345699 9.517501
v -1.336800 -10.582899 9.184501
v -1.188700 -10.155499 9.461901
v -1.050400 -10.267499 9.290101
v -0.853700 -10.515699 9.152901
v -0.789300 -9.929399 9.445601
v -0.548400 -10.214999 9.381101
v -0.363200 -10.679299 9.477401
v -0.311700 -9.991899 9.717801
v -0.606100 -10.957699 9.126501
v -1.168800 -10.862599 8.944601
v -1.628200 -10.972199 9.270401
v -1.760900 -11.205599 10.078201
v -1.242000 -12.101399 12.055901
v -1.596200 -11.670599 11.577801
v -0.950800 -12.286499 12.824800
v -0.978800 -11.901899 12.649101
v -0.748100 -12.097799 12.956201
v -0.535200 -12.520000 13.192501
v -0.377600 -12.245499 13.044701
v -0.809300 -12.467999 13.075001
v -1.033400 -12.280899 12.483701
v -0.244400 -12.655899 12.954501
v -0.256800 -12.294099 12.550701
v -0.197400 -13.008599 12.711401
v -0.209200 -12.639299 12.325101
v -0.253100 -12.287899 11.982100
v -0.174000 -12.965399 12.038101
v -0.206400 -12.623199 11.716501
v -0.250600 -12.293599 11.411801
v -0.160000 -12.935799 11.446601
v -0.204700 -12.596799 11.154001
v -0.253600 -12.261799 10.851901
v -0.143100 -12.876099 10.873801
v -0.200500 -12.560299 10.566101
v -0.251900 -12.192099 10.286001
v -0.161900 -12.906599 10.263401
v -0.193100 -12.523499 9.971901
v -0.254200 -12.022599 9.697501
v -0.181200 -12.928399 9.679701
v -0.196000 -12.368299 9.453701
v -0.249200 -12.046599 9.345701
v -0.186500 -12.612999 9.196301
v -0.260800 -12.200999 9.126001
v -0.181100 -10.469099 9.807301
v -0.001300 -10.911399 9.734901
v -0.004600 -10.335499 10.083901
v -0.003200 -10.031599 10.541301
v -0.161100 -9.982599 10.175701
v -0.668100 -9.293199 10.181601
v -0.839400 -9.518399 9.885401
v -1.114500 -9.629399 10.124501
v -1.057300 -9.888999 9.629201
v -0.529800 -9.611300 9.756801
v -1.119400 -9.891399 11.536001
v -0.833300 -9.681799 11.809201
v -0.974500 -10.209899 12.092001
v -0.728300 -10.001399 12.233701
v -0.814500 -11.695399 12.787401
v -0.813600 -11.331100 12.718301
v -0.623100 -11.579999 12.887801
v -0.543100 -11.891399 12.943101
v -0.384500 -11.772299 12.868401
v -1.001800 -11.510199 12.527501
v -0.002500 -13.312699 13.247701
v -0.119500 -13.189799 13.032201
v -0.002700 -13.219799 12.732100
v -0.002500 -13.194299 12.039001
v -0.097100 -13.132599 11.727401
v -0.002500 -13.154499 11.425701
v -0.150500 -13.309599 9.674901
v -0.196500 -13.136199 9.402601
v -0.002700 -13.466099 9.605700
v -0.003000 -13.386599 9.867701
v -0.187600 -12.899899 9.391101
v -0.239200 -12.941699 9.110201
v -0.570300 -9.765299 12.040401
v -0.405500 -9.771399 11.733500
v -0.380200 -10.019699 12.234101
v -0.208700 -9.855699 11.437601
v -0.002800 -9.878899 11.155201
v -0.002700 -10.008599 11.696901
v -0.626200 -9.456199 11.513401
v -0.138900 -11.361199 9.709501
v -0.222200 -11.113799 9.580301
v -0.301400 -11.885399 10.077201
v -0.269900 -11.831999 10.375801
v -0.270100 -11.628899 9.951301
v -0.269300 -12.088999 11.114801
v -0.233400 -11.982899 11.403001
v -0.243400 -11.955499 10.846001
v -0.275500 -12.060299 12.242601
v -0.261800 -11.883499 12.497801
v -0.222200 -11.955299 12.007901
v -0.267400 -12.084799 11.693601
v -0.284700 -12.021999 10.586301
v -0.300400 -11.633199 9.685301
v -0.141300 -11.860499 10.609200
v -0.003800 -11.884999 10.855901
v -0.002900 -11.792099 10.376501
v -0.128200 -11.916699 11.742901
v -0.003700 -11.885899 12.082301
v -0.007000 -11.905599 11.441701
v -0.138300 -11.916799 11.126201
v -0.155400 -11.685399 10.163201
v -0.003000 -11.562999 9.967601
v -0.030800 -11.218699 9.693701
v 0.000100 -11.336499 9.732100
v -0.322400 -12.021599 12.740801
v -0.002600 -10.115299 12.206001
v -0.200800 -10.196399 12.427101
v -0.002600 -10.354999 12.605601
v -0.450800 -10.383699 12.615101
v -0.234800 -11.704799 12.762201
v -0.265000 -11.565799 12.935001
v -0.002800 -11.675299 12.736501
v -0.125600 -11.851499 12.338901
v -0.424100 -11.538699 12.948201
v -0.375300 -11.298699 13.002101
v -0.651300 -10.227499 12.435901
v -0.587700 -11.246399 12.884901
v -0.426600 -10.848299 12.861701
v -0.698400 -10.833099 12.683501
v -0.283000 -11.864199 9.429701
v -0.647100 -13.274899 17.173002
v -0.798700 -6.950998 26.458500
v -0.002600 5.457202 26.673800
v -1.026900 6.857602 26.084700
v -0.002600 8.309302 25.436800
v -0.975400 3.947902 27.075100
v -0.884300 9.703702 24.500200
v -0.002600 10.906301 23.430599
v -0.726300 11.740502 22.364901
v -0.002600 -15.185099 7.998001
v -0.367000 -14.986499 8.477101
v -0.428500 -15.304699 7.682401
v -0.002700 -15.186299 7.482501
v -0.384300 -15.042099 7.352101
v -0.715700 -3.788699 9.057900
v -0.517600 1.629801 11.356700
v -1.284900 -2.256299 8.482700
v -0.002600 -14.942599 14.494001
v -0.262700 -15.001599 14.549801
v -0.216100 -14.838099 14.377101
v -0.002700 -14.643600 14.322901
v -0.188100 -14.431499 14.164701
v -0.359100 -13.973499 9.273601
v -0.156400 -13.436599 13.457801
v -0.176500 -9.747799 10.818201
v -0.124900 -13.196499 10.022601
v -0.002900 -13.206100 10.288601
v -0.073500 -13.045999 11.151401
v -0.002500 -13.064599 10.849501
v -0.102400 -13.159699 12.393901
v -0.078800 -13.054899 10.562701
v -0.151800 -13.440699 9.381701
v -0.200600 -10.013799 11.962901
v -0.098200 -11.466399 9.835701
v -0.213100 -10.545399 12.763501
v -0.002600 -10.769699 12.902301
v -0.208700 -11.024699 12.992801
v -0.002600 -11.265999 13.078601
v -0.168700 -11.465799 13.025801
v 0.897300 -12.860698 19.863201
v 2.010000 -12.752098 19.488602
v 1.800300 -12.318198 20.964899
v 4.088000 -11.490398 20.991699
v 2.945300 -12.151999 20.326200
v 3.990300 -11.923198 19.717800
v 5.593100 -11.188398 19.240499
v 4.940700 -11.338698 20.131100
v 5.868400 -10.582499 20.506300
v 6.741400 -10.112599 18.598200
v 6.157800 -11.055299 18.363701
v 5.521300 -11.882799 18.267099
v 6.675900 -11.001399 17.562500
v 6.376700 -10.356998 19.514799
v 7.123100 -9.485698 19.828600
v 7.667000 -8.447798 20.943300
v 6.833900 -9.564798 20.846500
v 6.219700 -9.625098 21.959700
v 5.175600 -10.649498 21.576401
v 4.225000 -10.638098 22.559601
v 2.957800 -11.593198 21.873100
v 1.760000 -11.444698 22.707199
v 0.813300 -12.125698 21.850000
v 0.809600 -11.052898 23.394400
v 1.820600 -10.289498 24.048800
v 4.387100 -9.521198 23.794901
v 3.033400 -10.588799 23.347900
v 6.508500 -8.478098 23.038099
v 5.393500 -9.629998 22.929399
v 8.088300 -7.249699 21.660299
v 7.243800 -8.447698 21.956600
v 6.595500 -11.479999 16.977699
v 7.126600 -10.867299 16.888100
v 7.351100 -10.628599 16.269199
v 7.467500 -10.122799 16.914301
v 6.123500 -11.751899 17.599001
v 5.451300 -12.261699 17.654400
v 8.222100 -8.808499 12.691201
v 7.999000 -9.153599 13.126001
v 8.012400 -8.940499 13.757001
v 7.818100 -9.349099 13.609101
v 7.836000 -9.410799 12.552501
v 7.870100 -9.192299 14.250801
v 7.862600 -9.094199 14.890401
v 7.662600 -9.392299 14.741501
v 7.808100 -9.418299 16.177799
v 7.636500 -10.056099 16.191999
v 7.562000 -9.932599 15.597201
v 7.665800 -8.770098 19.326700
v 7.274900 -9.388298 18.967400
v 7.425800 -9.277599 17.972200
v 8.063400 -7.946799 20.134399
v 7.730300 -8.657598 20.088200
v 8.455400 -6.848598 20.494101
v 8.179700 -7.597798 20.808100
v 7.069600 -10.079299 17.729000
v 7.607800 -9.592499 17.011999
v 7.753400 -9.460199 15.333001
v 7.988200 -8.493599 13.851101
v 8.164200 -8.581199 13.319101
v 8.300900 -8.098999 12.945501
v 7.858000 -8.733099 14.915201
v 7.954400 -8.822899 14.357201
v 7.760100 -8.759099 16.227800
v 7.896100 -8.999199 15.523701
v 7.460300 -8.511599 17.818199
v 7.619300 -8.959699 17.083000
v 7.698200 -8.141299 18.833500
v 7.573300 -8.665999 18.592300
v 8.030100 -7.536999 19.350901
v 7.887300 -8.125798 19.479700
v 8.426600 -6.630098 19.587000
v 8.225200 -7.312999 19.913799
v 4.017300 -12.522399 18.635599
v 4.801000 -11.875798 18.980200
v 4.829100 -12.463499 18.180300
v 4.261300 -12.817299 18.038202
v 1.504600 -13.230899 17.558302
v 1.531800 -13.154899 18.430502
v 2.641500 -12.890299 18.408302
v 3.146000 -12.525798 19.143600
v 3.873100 -12.804699 18.282602
v 3.586600 -12.698699 18.278702
v 3.695800 -12.898999 18.068502
v 3.357300 -12.679299 18.409903
v 3.227000 -12.705699 18.185802
v 3.426600 -12.659199 18.186102
v 3.475600 -12.640299 18.060303
v 3.589400 -12.744999 18.144102
v 0.468500 -13.425900 16.239801
v 0.826800 -13.413099 15.809101
v 1.015300 -13.206999 16.503502
v 0.406300 -13.827099 15.649601
v 0.718900 -13.890399 15.185301
v 1.399900 -12.786799 14.721101
v 1.412000 -13.116099 14.493201
v 1.197400 -13.290399 14.959301
v 1.301600 -13.553099 14.320801
v 1.678300 -12.884699 14.021901
v 1.320300 -12.931799 15.075401
v 1.380700 -12.806799 15.552401
v 2.498800 -13.556399 11.066401
v 2.645500 -13.387799 11.690501
v 3.031000 -13.270899 11.535101
v 2.992500 -13.189599 12.190601
v 2.177900 -13.653799 11.875601
v 3.348000 -13.215399 11.735601
v 3.445700 -13.159499 11.482601
v 3.840800 -13.076999 11.683301
v 2.892700 -13.079299 8.711201
v 2.631100 -13.355899 9.326801
v 2.865200 -12.950699 9.828201
v 2.458200 -13.622899 9.929501
v 2.375400 -13.829700 8.894701
v 3.808200 -12.764099 11.102001
v 4.029500 -12.539599 11.013501
v 3.859800 -12.468799 10.903801
v 4.426400 -12.370599 11.017101
v 4.203800 -12.746099 11.313101
v 4.621200 -12.524699 11.507201
v 3.641300 -13.041599 11.344101
v 3.458500 -13.034899 11.216401
v 3.148900 -13.160199 11.221901
v 3.283900 -13.170699 11.374101
v 2.915600 -13.298599 11.196001
v 2.943700 -13.167599 10.801201
v 2.711700 -13.349999 10.413801
v 2.957900 -12.913999 10.473401
v 2.898700 -13.038599 10.395401
v 3.080900 -12.580299 10.397801
v 2.991700 -12.739199 10.185601
v 3.124100 -12.448399 10.070601
v 3.674900 -12.359299 10.844001
v 3.532600 -12.375299 10.933201
v 3.622200 -12.201899 10.721401
v 3.710000 -12.597599 10.970701
v 3.525600 -12.642299 11.082701
v 3.540300 -12.834699 11.124601
v 3.316600 -12.790899 11.200701
v 3.269700 -13.006499 11.197501
v 3.091200 -12.904199 11.169701
v 3.065600 -13.084999 11.046201
v 3.006500 -12.931699 10.932601
v 2.977300 -12.977099 10.743101
v 3.007900 -12.797099 10.724901
v 3.018700 -12.751699 10.551401
v 3.079700 -12.600199 10.636600
v 3.328900 -12.215199 10.498701
v 3.155600 -12.439599 10.542001
v 3.209400 -12.348899 10.716101
v 3.377800 -12.208899 10.745101
v 3.137300 -12.715599 11.221501
v 3.145200 -12.543599 10.998001
v 3.131500 -12.488099 10.746301
v 3.414300 -12.451599 11.094801
v 3.266100 -12.336099 10.916001
v 3.322100 -12.603499 11.203201
v 3.050100 -12.816399 11.050101
v 3.035400 -12.780099 10.870201
v 3.063500 -12.656299 10.758201
v 8.457000 -8.588699 11.543900
v 8.477100 -8.246299 12.336401
v 8.711100 -7.547799 12.091901
v 7.697200 -9.670899 11.586201
v 8.065200 -9.169599 12.070701
v 9.465700 -1.641099 13.687400
v 9.261200 -2.097099 12.448400
v 8.921900 -3.035799 12.486200
v 9.192600 -2.722499 11.581100
v 9.441700 -1.039199 12.110100
v 7.930300 -7.261399 18.495199
v 7.833500 -7.664099 18.760700
v 7.675600 -7.782799 18.293800
v 7.482100 -8.054399 17.520500
v 7.552600 -8.105599 18.173000
v 7.288400 -8.355199 16.162600
v 7.408800 -8.449699 16.949699
v 7.175400 -8.438399 14.871101
v 7.646600 -8.578699 15.497401
v 7.319400 -8.215399 13.723001
v 7.622000 -8.488899 14.309501
v 7.612900 -7.802899 12.811201
v 7.828200 -8.153499 13.326701
v 7.939900 -7.356899 11.890301
v 8.242900 -7.644299 12.514601
v 7.693600 -6.746799 12.175301
v 7.688200 -7.272799 12.463401
v 7.646800 -7.082699 13.134901
v 7.513100 -7.687699 13.392501
v 7.555900 -7.499799 14.060301
v 7.361700 -8.026099 14.407601
v 7.506500 -7.702199 15.166001
v 7.325700 -8.102399 15.598501
v 7.525500 -7.643999 16.332500
v 7.466000 -7.919199 16.882000
v 7.697800 -7.408099 17.536501
v 7.675000 -7.624299 17.970501
v 8.362700 -6.394498 18.725500
v 8.179800 -6.994899 19.058399
v 8.144000 -6.442998 17.678200
v 8.012000 -6.891798 18.137100
v 9.052000 -4.730198 18.906799
v 8.713500 -5.776499 19.278400
v 9.043400 -4.769299 19.840200
v 7.715900 -6.289599 13.547900
v 7.716300 -6.501699 12.871101
v 7.811300 -5.943999 12.689300
v 7.667100 -6.597799 14.455901
v 7.636600 -6.882199 13.800501
v 7.687000 -6.777599 15.449201
v 7.605200 -7.185599 14.779901
v 7.836000 -6.677999 16.517500
v 7.618500 -7.239899 15.869101
v 7.762300 -7.077599 17.031700
v 7.588600 -9.664599 12.135501
v 7.477500 -9.492999 12.570701
v 7.278200 -9.826699 11.897101
v 7.670200 -9.452299 13.051001
v 7.496300 -9.407199 13.585201
v 7.612300 -9.438299 14.156701
v 7.395300 -9.414599 14.696201
v 7.451000 -9.690699 15.131601
v 7.203000 -9.952699 15.402301
v 7.307500 -10.315899 15.762501
v 6.970800 -10.581399 15.874301
v 6.893000 -11.105299 16.370199
v 6.325200 -11.348299 16.560600
v 5.958300 -11.893299 17.094801
v 5.305000 -12.032299 17.166300
v 4.759700 -12.554899 17.636801
v 4.197800 -12.615599 17.557301
v 2.263100 -13.030899 17.695402
v 2.124100 -12.775799 17.021702
v 2.736900 -12.747799 17.617601
v 1.616100 -13.060299 16.818201
v 1.659900 -12.620099 16.191099
v 1.256200 -13.018699 16.014301
v 1.535400 -12.422400 15.542401
v 1.537100 -12.614699 15.805801
v 1.410700 -12.605899 15.131901
v 1.408100 -12.436099 14.664801
v 1.790600 -12.531199 13.938201
v 1.634100 -12.691299 14.324301
v 2.301300 -12.584199 13.377901
v 2.034100 -12.773799 13.674601
v 2.023100 -13.010399 13.400901
v 2.674300 -12.619099 12.932901
v 2.394000 -12.826999 13.170501
v 2.338900 -13.047899 12.862201
v 3.269500 -12.747299 12.474801
v 2.839500 -12.913899 12.666401
v 3.999700 -12.709199 12.159501
v 3.588900 -13.028899 12.182601
v 4.309100 -12.743699 11.834901
v 4.595400 -12.247099 11.807801
v 5.287000 -11.770799 11.657201
v 5.040000 -12.228999 11.638301
v 5.427700 -12.077199 11.391601
v 5.993200 -11.578699 11.316301
v 5.677600 -11.747899 11.542301
v 5.809900 -11.288899 11.596801
v 6.574900 -10.973499 11.250001
v 6.209000 -11.182099 11.453101
v 6.387900 -10.765899 11.534901
v 7.128000 -10.367199 11.281001
v 6.770200 -10.631899 11.442001
v 6.869200 -10.275299 11.577801
v 7.255900 -10.097899 11.594001
v 3.882500 -12.916899 17.863901
v 3.652900 -12.770000 17.707201
v 2.936400 -12.778899 18.048903
v 3.140000 -12.668299 17.807201
v 3.536000 -12.808799 17.901503
v 3.398300 -12.602799 17.799101
v 3.477700 -12.454599 17.609501
v 3.242500 -12.234199 17.514400
v 3.631400 -12.256999 17.440500
v 3.311900 -12.643099 17.984602
v 3.247900 -12.513399 17.687901
v 7.360900 -9.219099 12.995801
v 7.221400 -8.858899 13.474101
v 7.126800 -8.948099 12.425301
v 7.340200 -9.200199 14.151601
v 7.118800 -8.929499 14.678401
v 7.134200 -9.509799 15.075601
v 6.844300 -9.362399 15.340401
v 6.931700 -10.003999 15.603001
v 6.597000 -9.829700 15.797701
v 6.537200 -10.634199 16.094999
v 6.064000 -10.397199 16.281000
v 5.767100 -11.274199 16.711201
v 5.205100 -10.948299 16.749701
v 4.697200 -11.883099 17.202000
v 4.087400 -11.567499 17.170300
v 3.861300 -12.433399 17.444500
v 3.030800 -11.676199 17.069700
v 3.017800 -12.409799 17.479200
v 3.476500 -11.907499 17.346201
v 2.540300 -12.285399 17.080099
v 2.327200 -11.530699 16.552000
v 1.987400 -12.153199 16.460501
v 1.945400 -11.452799 15.937001
v 1.804400 -11.505599 15.387601
v 1.710500 -12.052899 15.820801
v 1.482200 -12.055199 15.090401
v 1.754300 -11.572999 14.596001
v 1.496300 -12.126499 14.210901
v 1.799100 -11.631999 13.825701
v 1.940200 -12.201099 13.541301
v 1.938800 -11.693099 13.111901
v 2.307900 -12.237299 12.971101
v 2.261900 -11.780699 12.472301
v 2.802200 -12.323699 12.506401
v 2.834900 -11.837599 11.986401
v 3.480400 -12.345399 12.157501
v 3.447000 -11.695599 11.603401
v 4.103300 -12.090799 11.850401
v 4.112700 -11.377199 11.348001
v 4.758200 -11.616499 11.611401
v 4.813700 -10.890199 11.187401
v 5.361000 -11.187099 11.524701
v 5.369700 -10.592499 11.233500
v 5.899100 -10.773099 11.490701
v 5.908700 -10.203199 11.247501
v 6.445500 -10.302899 11.459201
v 6.447000 -9.785799 11.393501
v 6.876400 -9.337199 11.761801
v 6.915900 -9.853299 11.663201
v 7.230900 -9.434499 12.152001
v 1.870900 -14.080099 10.019501
v 2.118000 -14.016099 9.512401
v 1.585000 -14.351099 9.127501
v 1.902300 -14.065699 10.843601
v 2.196700 -13.873799 10.464401
v 1.052100 -13.332599 15.399601
v 1.017100 -13.764699 14.772901
v 0.839100 -14.245199 14.559501
v 0.496600 -14.549799 14.838901
v 0.314000 -14.375299 15.162201
v 0.672100 -14.251699 14.857100
v 0.512700 -14.910399 14.534401
v 0.263100 -14.859900 14.801701
v 0.695900 -14.647399 14.476301
v 0.978900 -14.639199 13.966301
v 8.069000 -5.185599 13.109800
v 7.912700 -5.432499 12.563100
v 7.741300 -5.744699 11.968700
v 7.982400 -4.930899 12.391500
v 7.990500 -5.884499 15.627400
v 7.772700 -6.267499 15.063800
v 7.942500 -5.727299 14.677000
v 7.978800 -5.522399 13.932400
v 7.869100 -5.729199 13.307100
v 7.775000 -6.042799 14.149600
v 8.257800 -5.751899 16.464600
v 7.891900 -6.310998 16.037399
v 8.266700 -5.998798 17.107599
v 8.918100 -4.851298 17.573400
v 8.618000 -5.704598 18.294300
v 9.423000 -3.345299 18.393801
v 9.704100 -1.841199 17.751101
v 9.675800 -1.912599 19.084700
v 8.712800 -4.724099 15.932300
v 8.262000 -5.545399 15.991600
v 8.115000 -5.338899 14.412900
v 8.565100 -4.572199 14.700400
v 8.891100 -3.257099 13.110000
v 8.599400 -4.111999 13.546600
v 8.433400 -4.012399 12.614900
v 8.257400 -4.610899 12.921500
v 8.629600 -5.172399 16.667900
v 9.604100 -1.948999 15.796800
v 9.172100 -3.058799 14.455100
v 9.393300 -3.283299 16.822300
v 9.082400 -3.755499 15.464300
v 8.247000 -5.292699 15.210200
v 8.269300 -4.935099 13.795300
v 8.723300 -5.921799 20.134600
v 8.955900 -4.878599 20.844200
v 9.575200 -1.959498 20.215000
v 9.385900 -3.371799 19.504601
v 8.629000 -6.135199 21.252600
v 8.491700 -5.347898 22.355900
v 7.621200 -7.019698 22.818399
v 6.836100 -6.608198 24.149799
v 5.617600 -8.244598 24.096600
v 4.486500 -7.674998 25.201900
v 3.105900 -9.184198 24.705099
v 1.796200 -8.355298 25.602800
v 0.818200 -9.570898 24.829700
v 6.908400 -8.492299 12.802901
v 6.524300 -8.088299 13.264901
v 6.317700 -8.431499 12.363001
v 6.944400 -8.378399 13.994301
v 6.565600 -7.868499 14.419101
v 6.788700 -8.519099 15.006101
v 6.332800 -8.188399 15.136901
v 6.652300 -8.829399 11.994801
v 6.000700 -8.794099 11.785201
v 6.511500 -8.966599 15.521701
v 6.062800 -8.594999 15.532201
v 5.632700 -9.049699 15.826801
v 6.158400 -9.455799 15.899201
v 5.520200 -9.970899 16.266399
v 4.897700 -9.571899 16.097900
v 4.207300 -9.978599 16.315201
v 4.648700 -10.505599 16.617800
v 3.685900 -10.809099 16.745100
v 3.420800 -10.054399 16.250299
v 2.659100 -9.930799 15.886001
v 2.804600 -10.785699 16.479200
v 2.207500 -10.670999 15.970401
v 2.092500 -9.859299 15.459601
v 1.771500 -9.940499 15.093001
v 1.878700 -10.685999 15.493301
v 1.792000 -10.787799 14.893201
v 1.690800 -9.989100 14.471001
v 1.874500 -10.098799 13.784301
v 1.889300 -10.878499 14.164701
v 2.045100 -10.955400 13.523301
v 2.090600 -10.206599 13.163601
v 2.363700 -10.359099 12.604701
v 2.192500 -11.051699 12.861801
v 2.474400 -11.128799 12.190401
v 2.705200 -10.309499 12.105501
v 3.130200 -10.206299 11.601901
v 2.924100 -11.060499 11.650501
v 3.481800 -10.907499 11.234401
v 3.691000 -10.096999 11.172801
v 4.301100 -9.759799 11.044201
v 4.181500 -10.548999 10.992201
v 4.812200 -10.174299 10.981001
v 4.735700 -9.521799 11.068201
v 5.202200 -9.323299 11.177201
v 5.307200 -9.923899 11.061101
v 5.827900 -9.619999 11.218201
v 5.637700 -9.101399 11.408601
v 6.301300 -9.243299 11.488501
v 5.953700 -8.119499 15.171401
v 5.459400 -7.856099 14.775901
v 3.897700 -9.552599 16.030100
v 4.072000 -8.724999 15.448601
v 4.434600 -9.369999 15.954901
v 1.820800 -9.472699 14.758601
v 2.378000 -8.800599 14.714801
v 2.040700 -9.436899 15.117901
v 2.447300 -9.775099 12.419801
v 2.635200 -8.900699 12.927601
v 2.179900 -9.722099 12.830401
v 4.366800 -9.296399 11.210801
v 4.073700 -8.867299 11.735301
v 3.953000 -9.517200 11.205501
v 5.931700 -8.122399 12.794101
v 5.550300 -7.852199 13.245101
v 5.400300 -8.056699 12.482901
v 6.066900 -7.818899 13.722301
v 5.580700 -7.702099 14.041401
v 5.993000 -7.799299 14.592701
v 5.545100 -8.334899 15.368001
v 4.947900 -8.141399 15.180901
v 4.935400 -8.796499 15.628601
v 4.589500 -7.755499 14.049201
v 5.195900 -7.717899 14.255401
v 3.268000 -9.285099 15.715601
v 3.082100 -8.689699 15.165501
v 2.534800 -9.226099 15.338701
v 1.925500 -9.277199 14.167001
v 2.379200 -8.707799 13.840901
v 2.668900 -8.343299 14.191801
v 3.280900 -8.005699 14.142101
v 2.099400 -9.356799 13.416501
v 2.940100 -8.331399 14.713401
v 2.843100 -9.434699 12.116401
v 3.297400 -8.816999 12.255601
v 3.429200 -9.421099 11.589101
v 4.652300 -8.972199 11.368701
v 4.726400 -8.526599 11.780101
v 5.170600 -8.928099 11.346101
v 5.382600 -8.613400 11.687601
v 5.194500 -8.201599 12.033801
v 3.956200 -8.113899 12.829101
v 3.727500 -8.528499 12.317101
v 5.705000 -8.425099 12.140501
v 4.689800 -7.992399 12.765100
v 5.053900 -7.931899 12.982501
v 4.825200 -7.820199 13.361201
v 5.058900 -8.046799 12.382801
v 4.963800 -7.867499 14.696001
v 4.438800 -7.856499 13.282101
v 5.112000 -7.742699 13.655801
v 4.226500 -8.437499 12.158801
v 4.599700 -8.163799 12.366701
v 4.356400 -7.984699 14.765201
v 3.903900 -7.850899 14.260801
v 3.939600 -7.834799 13.655301
v 3.469200 -7.994799 13.478601
v 3.602900 -8.150999 14.775101
v 3.621200 -7.871199 13.909401
v 2.966400 -8.269199 13.567701
v 3.314900 -8.344299 12.900601
v 9.278900 -3.417298 20.558100
v 9.288000 -2.050998 21.523899
v 8.555300 -2.401698 23.145100
v 8.963300 -3.610998 21.893801
v 6.887700 -3.473298 25.181601
v 7.883800 -4.491998 23.780500
v 4.505000 -4.504298 26.572300
v 5.806300 -5.751598 25.471500
v 1.787500 -5.112698 27.040701
v 3.113500 -6.658698 26.287201
v 3.987400 -12.249799 10.787401
v 4.081400 -11.939099 10.558101
v 4.993000 -12.264799 11.206701
v 5.269700 -11.921799 10.895101
v 5.707400 -11.831199 11.098201
v 5.904600 -11.490199 10.776401
v 6.286800 -11.293599 11.016001
v 6.550300 -10.909499 10.678001
v 6.910100 -10.647399 10.950401
v 7.252800 -10.192599 10.611601
v 7.500600 -9.920899 11.071601
v 7.941400 -9.356099 10.879201
v 7.987900 -9.215899 11.311401
v 3.248600 -12.282999 10.263501
v 3.551700 -11.882299 10.115101
v 4.833800 -11.515199 10.439401
v 4.689300 -11.933199 10.726401
v 5.503700 -11.020399 10.319901
v 5.405000 -11.501299 10.601401
v 6.365800 -10.697199 10.126601
v 6.070200 -11.054799 10.479401
v 7.335500 -10.167099 9.910301
v 6.850500 -10.508399 10.315401
v 8.429900 -8.981199 10.035401
v 7.747500 -9.698699 10.298201
v 8.968800 -7.471499 11.436101
v 9.242000 -7.185699 10.684301
v 9.192900 -6.692499 11.440601
v 8.598800 -8.541999 10.734200
v 3.475100 -12.224399 8.518301
v 3.161400 -12.560499 9.063301
v 3.436700 -11.971699 9.312601
v 3.216400 -12.290999 9.798901
v 3.620100 -12.043799 10.472701
v 3.907300 -11.229799 8.403201
v 3.680400 -11.641299 8.831701
v 3.928700 -11.095499 9.138401
v 3.728300 -11.482099 9.636401
v 4.281000 -11.203300 9.923501
v 4.173400 -11.604399 10.280301
v 5.144900 -10.501699 9.728601
v 4.924600 -11.057299 10.134401
v 5.812700 -10.650999 9.955301
v 6.341400 -10.514299 9.422401
v 4.706200 -8.814199 8.739301
v 4.491600 -9.325399 8.504001
v 4.562100 -9.954999 8.936601
v 4.291900 -9.929699 8.235601
v 4.415900 -8.801299 8.117201
v 4.139000 -10.556299 8.674801
v 4.405500 -10.686999 9.465201
v 7.336400 -10.055799 9.328801
v 6.833500 -10.454799 9.661301
v 8.557100 -8.770700 9.496901
v 7.967700 -9.621399 9.593801
v 5.326600 -9.493599 9.064601
v 5.088200 -9.966899 9.261600
v 5.517800 -9.997299 9.224501
v 5.798800 -10.259599 9.361001
v 6.247900 -10.037699 9.020401
v 6.207600 -9.344899 8.763501
v 5.789100 -9.745599 8.994801
v 7.245600 -9.659699 8.936201
v 6.781700 -10.219999 9.092101
v 7.104100 -8.842199 8.761501
v 6.699600 -9.579499 8.775501
v 8.334800 -8.414099 9.216801
v 7.908500 -9.374599 9.163001
v 9.232300 -6.927399 10.111001
v 8.997000 -7.951499 10.010801
v 9.441800 -5.723399 10.687800
v 9.412300 -6.289199 11.008500
v 9.371800 -5.705299 11.200800
v 9.547400 -4.664199 10.687900
v 9.472000 -5.201799 10.907700
v 9.413000 -4.735999 11.085600
v 9.634800 -3.664699 10.759200
v 9.572000 -4.216199 10.931000
v 9.399200 -3.792399 11.185400
v 9.605500 -2.503899 10.990000
v 9.557200 -3.197999 11.121100
v 9.505200 -0.809899 11.213000
v 9.497300 -1.815299 11.426100
v 9.359200 -5.670599 10.418300
v 9.423500 -6.300099 10.445100
v 9.430700 -4.621099 10.478400
v 9.440300 -5.152799 10.549100
v 9.459300 -3.643299 10.511200
v 9.560100 -4.141499 10.555100
v 9.386900 -2.475199 10.583400
v 9.584300 -3.103099 10.666300
v 9.241100 -0.790699 10.620400
v 9.434900 -1.695899 10.835400
v 0.816800 -3.111198 27.443600
v 1.792600 -1.088598 27.434601
v 4.218700 -0.668098 26.845699
v 3.034900 -2.895398 27.200701
v 6.604900 -0.123198 25.453300
v 5.644100 -2.161198 26.235100
v 8.363300 0.148302 23.653799
v 7.713500 -1.350798 24.422800
v 9.304900 0.277802 22.020201
v 8.979900 -0.888098 22.579300
v 9.740700 0.342002 20.613899
v 9.557000 -0.772298 21.085199
v 9.891700 0.384401 19.446100
v 9.783800 -0.717299 19.839001
v 9.906700 0.456401 17.926500
v 9.852800 -0.653299 18.596100
v 9.818800 0.610501 16.047899
v 9.824800 -0.551399 16.931299
v 9.738800 0.784101 14.132000
v 9.733900 -0.417699 14.947500
v 9.693500 1.046001 12.564500
v 9.630000 -0.166499 13.092700
v 8.839600 1.277802 22.937599
v 9.156400 2.398602 22.191401
v 8.183300 2.355102 23.755800
v 8.742100 7.493301 20.960300
v 7.833600 8.609002 21.626499
v 7.539000 9.942101 20.400700
v 6.937100 9.295502 22.067499
v 7.646800 7.490602 22.759501
v 7.487200 1.281502 24.614000
v 6.407400 2.560502 25.335400
v 5.339300 1.157702 26.153999
v 4.062000 2.437902 26.557800
v 2.902000 0.774002 27.142799
v 1.849200 2.298802 27.244600
v 0.853300 0.744502 27.510000
v 8.004400 4.841102 23.421301
v 7.293900 3.682402 24.423100
v 6.221500 5.126602 24.896700
v 5.952400 7.763602 23.988899
v 6.535500 8.747902 22.924000
v 5.356000 10.088902 22.573700
v 7.087900 6.326102 23.876200
v 4.072200 5.283302 25.916100
v 5.190000 3.882702 25.769699
v 3.966700 8.030602 24.784901
v 4.688400 9.233802 23.662800
v 3.451500 10.580202 23.021999
v 5.106300 6.559502 25.023300
v 2.984200 3.855002 26.680799
v 2.050300 5.377902 26.500999
v 1.947200 8.234402 25.308500
v 2.746900 9.553602 24.238001
v 1.616200 10.823202 23.356501
v 3.053100 6.746902 25.754700
v 5.410900 11.476702 20.780899
v 6.294500 10.343801 21.537800
v 3.379700 12.089202 21.067801
v 4.278900 11.206802 21.924200
v 1.489700 12.344002 21.267700
v 2.391000 11.567702 22.224899
v 6.066300 12.252701 18.187799
v 6.907700 11.189602 19.292200
v 8.233900 10.330501 17.860399
v 3.725500 13.194701 18.570799
v 4.621400 12.433702 19.742701
v 1.679900 13.388401 18.701899
v 2.520700 12.854102 19.975698
v 0.752500 12.984602 20.010399
v 6.286800 12.574601 15.619899
v 7.432300 11.573400 16.732800
v 8.304800 10.602001 15.401499
v 3.797700 13.630801 15.947299
v 5.006900 13.087501 17.085499
v 1.716100 13.887101 16.115498
v 2.706000 13.653201 17.365898
v 0.837800 13.683401 17.453098
v 6.093700 12.662501 12.977099
v 7.275600 11.851301 14.159199
v 7.823800 11.011801 12.670699
v 3.728200 13.521101 13.258799
v 4.984500 13.242401 14.482299
v 1.614700 13.835201 13.219599
v 2.640100 13.867001 14.659999
v 0.800800 13.964201 14.746999
v 9.528300 1.368302 21.417200
v 9.624400 2.386902 20.835300
v 9.094400 4.798401 21.591200
v 8.497900 6.139902 22.323799
v 9.812600 1.419002 20.181000
v 9.803600 2.429801 19.679899
v 9.644800 3.235701 20.291901
v 9.634400 3.873701 19.759001
v 9.485400 3.808902 20.763800
v 9.907000 1.434901 18.885599
v 9.820300 2.541201 18.162800
v 9.846700 1.570801 17.141001
v 9.692700 2.785001 16.257601
v 9.740700 1.781501 15.189800
v 9.644400 2.837601 14.370700
v 8.664400 3.530602 22.840300
v 9.349200 3.386202 21.431101
v 9.718700 3.508801 19.035700
v 9.504600 5.098701 18.517000
v 9.261600 6.368901 19.856800
v 9.149800 7.790202 18.105400
v 8.628300 8.964202 19.302601
v 9.495600 4.493701 20.206800
v 9.110800 7.951901 15.438999
v 8.911800 9.183101 16.653900
v 9.390300 5.196801 15.741400
v 9.305600 6.527502 16.936701
v 9.622600 3.896501 17.221600
v 9.507000 4.159301 14.425600
v 9.549200 3.738201 15.304100
v 8.756800 8.517001 12.606399
v 8.667400 9.565401 13.982399
v 9.650700 1.214701 11.479000
v 9.618100 0.110301 11.799200
v 9.700800 1.963701 13.426200
v 9.632200 2.958901 12.768100
v 9.572900 3.682301 13.614900
v 9.494300 4.560701 12.772100
v 9.259400 6.261001 12.803100
v 9.093000 6.944701 14.126999
v 9.423800 5.040701 13.974000
v 9.342400 1.343301 10.646100
v 9.504200 0.274701 10.936900
v 9.543900 2.892301 11.511000
v 9.652100 2.073701 12.079500
v 9.314300 2.899401 10.704600
v 9.524800 2.133301 11.057200
v 9.410200 4.528401 11.306400
v 9.533700 3.773801 12.031800
v 9.135400 6.218801 10.781100
v 8.941600 7.517401 11.544799
v 8.415600 8.742401 10.383599
v 8.113000 9.954001 11.340199
v 7.147100 10.864001 10.271799
v 6.778500 11.888301 11.523299
v 5.746100 12.142401 10.563399
v 3.954400 12.754001 10.610499
v 4.926800 12.957601 11.806499
v 1.701300 13.033001 10.650999
v 2.672900 13.444801 11.861899
v 0.753500 13.588001 11.890999
v 6.547500 10.081501 8.592199
v 6.216400 11.192201 9.529599
v 5.588900 11.292301 9.139499
v 7.935800 8.235801 8.762099
v 7.572900 9.596501 9.364399
v 5.278500 9.577401 7.524899
v 5.527600 10.577201 8.365699
v 4.426100 11.395601 8.729499
v 4.987200 11.957901 9.668399
v 2.139600 11.703401 8.678199
v 3.047600 12.295901 9.573999
v 2.645700 9.611201 7.263199
v 3.676000 10.582501 7.869199
v 0.897100 12.614701 9.585399
v 1.164100 10.889501 7.871199
v 8.698300 1.391201 10.364700
v 9.117800 2.212801 10.476700
v 8.786400 2.950001 10.295500
v 8.662000 -0.870899 10.269500
v 8.998800 0.268001 10.429200
v 9.357400 5.464101 11.846900
v 9.159600 4.364701 10.544600
v 9.232500 5.023301 10.843400
v 8.708800 7.396301 9.744799
v 8.791900 6.099401 9.249300
v 9.076000 5.227301 10.044700
v 8.859400 4.308501 9.776000
v 9.400700 3.641801 10.960400
v 8.960700 3.600901 10.408200
v 1.437100 8.601301 6.976799
v 3.072100 7.531800 6.830299
v 6.469800 7.561501 7.254700
v 4.485500 8.564901 6.983799
v 6.751900 8.897701 7.860099
v 8.023200 6.903501 8.331599
v 8.160800 5.728200 7.999499
v 8.476600 4.220100 8.679900
v 8.690900 5.041800 8.924400
v 8.651200 3.601901 9.604800
v 8.499500 2.978101 9.281800
v 8.520300 2.304301 10.034500
v 8.024400 1.600101 9.848000
v 8.235700 0.370801 10.281500
v 7.637700 -0.488099 10.397900
v 6.892800 6.137900 7.266799
v 7.144400 5.092900 7.146100
v 5.205600 5.838601 6.967299
v 8.140000 4.786500 7.729800
v 8.092000 4.031800 7.450900
v 8.325200 3.559101 8.342400
v 8.163800 2.947301 7.972600
v 8.134200 2.399801 8.921300
v 7.825100 1.723601 8.583200
v 7.668100 0.708801 9.562300
v 7.045700 0.161001 9.392800
v 4.505200 -10.112700 7.488301
v 4.440500 -9.426999 7.756801
v 4.723100 -8.984699 7.273201
v 4.079500 -11.466599 7.681201
v 4.241100 -10.700499 7.945101
v 3.640300 -12.481799 7.759401
v 3.814200 -11.915599 8.079901
v 3.111900 -13.371899 7.828601
v 3.326700 -12.825799 8.176001
v 2.415800 -14.240899 7.902401
v 2.711400 -13.659999 8.289001
v 1.615300 -14.706299 8.003601
v 2.025000 -14.349299 8.443601
v 0.705200 -14.715199 8.974501
v 1.152800 -14.710999 8.488701
v 0.816800 -15.133199 8.018501
v 4.536400 -10.193099 7.009201
v 4.715900 -9.587099 7.103901
v 4.670100 -9.061999 6.793701
v 4.137500 -11.570099 7.212101
v 4.494700 -10.894099 7.314601
v 3.727000 -12.562699 7.300201
v 4.034500 -12.129499 7.458601
v 3.214400 -13.491799 7.354801
v 3.558000 -13.049299 7.526601
v 2.397100 -14.339299 7.437801
v 2.893300 -13.997499 7.583801
v 1.617100 -14.815999 7.500701
v 2.037500 -14.628399 7.662201
v 0.816700 -15.149799 7.504701
v 1.262300 -15.083399 7.707201
v 4.413300 -9.615199 6.746201
v 3.990600 -10.148899 6.730801
v 4.142400 -9.105999 6.554501
v 4.171600 -10.885299 6.931201
v 3.734500 -11.504399 6.948701
v 3.826700 -12.090499 7.107801
v 3.464300 -12.445599 7.049801
v 3.431900 -12.975199 7.167301
v 3.042800 -13.351799 7.014701
v 2.807300 -13.946999 7.191901
v 2.260600 -14.197499 7.114701
v 1.937300 -14.536899 7.325001
v 1.483000 -14.572699 7.244401
v 1.165200 -14.880399 7.357101
v 0.723000 -14.823899 7.270701
v 3.710000 -9.555099 6.579501
v 3.200900 -9.971299 6.748401
v 3.318000 -8.961699 6.572001
v 3.526300 -10.741299 6.798701
v 3.075600 -11.234499 6.917701
v 3.329200 -11.905599 6.946601
v 2.875500 -12.153199 6.982301
v 3.047600 -12.734900 6.977301
v 2.545300 -12.946799 6.990801
v 2.484600 -13.613199 6.961801
v 1.921800 -13.735699 7.033201
v 1.759100 -14.241899 7.080901
v 1.313100 -14.177099 7.164101
v 1.047800 -14.542399 7.178301
v 0.630000 -14.417599 7.216201
v 0.332700 -14.709299 7.165301
v 3.760000 -8.523099 6.529000
v 3.501000 -7.958700 6.765700
v 4.000000 -8.212899 6.607901
v 4.338400 -8.531899 6.621301
v 4.331700 -7.991600 6.756401
v 4.661000 -8.430399 6.914801
v 4.398400 -7.913400 7.157500
v 3.958300 -7.663499 7.030400
v 3.934400 -7.867599 6.762200
v 4.257500 -7.754499 6.916501
v 5.286500 -8.803599 9.017201
v 4.951500 -9.234499 8.959901
v 6.064600 -8.625899 8.763301
v 5.722300 -9.081999 8.871901
v 6.781700 -8.108899 8.895301
v 6.586100 -8.755199 8.744901
v 8.905400 -6.755799 9.976701
v 8.833400 -7.698399 9.700101
v 7.855100 -7.902599 9.206701
v 7.695000 -8.797899 8.899601
v 7.191000 -7.422500 9.446101
v 7.278400 -8.059999 8.965501
v 7.377500 -5.595899 11.135300
v 7.663600 -5.269199 11.790400
v 7.523100 -4.777399 11.581900
v 6.646100 -5.424399 10.723200
v 6.382200 -4.752599 10.910700
v 5.588800 -5.100999 10.786000
v 6.202300 -3.718299 11.123900
v 7.012700 -4.460799 11.067700
v 7.155400 -5.117199 11.087200
v 6.237800 -6.139099 10.378100
v 6.941600 -5.853999 10.586500
v 7.191200 -6.373999 10.398101
v 6.224600 -7.689799 9.149001
v 6.256800 -8.141500 8.886901
v 5.821200 -8.157599 8.928301
v 6.720100 -7.554599 9.254601
v 6.596300 -7.040399 9.678401
v 5.819700 -6.744899 9.923301
v 6.479500 -6.547399 10.088501
v 5.842400 -5.802599 10.558700
v 4.899200 -6.243399 10.023500
v 5.661100 -6.413599 10.179001
v 5.209400 -8.223099 9.102601
v 5.578100 -8.471999 8.976101
v 5.678900 -7.870999 9.111301
v 5.496600 -7.425300 9.411601
v 6.046400 -7.210999 9.532201
v 4.668900 -8.054999 8.766501
v 4.906100 -8.510899 8.975701
v 4.986500 -7.771800 9.207701
v 4.732600 -7.199600 9.359701
v 5.209300 -6.955299 9.756701
v 4.202900 -7.698500 8.128501
v 4.387300 -8.348599 7.647501
v 4.505000 -8.314699 8.420300
v 4.041400 -7.601099 7.490100
v 3.569200 -7.409200 7.823400
v 4.422500 -7.427999 8.736601
v 3.984700 -6.918499 8.851101
v 4.338500 -6.611599 9.367301
v 3.724300 -6.059500 9.401100
v 3.152400 -6.968500 8.646101
v 3.728100 -7.206200 8.356601
v 2.902000 -6.078499 9.127300
v 3.419600 -6.585100 9.030301
v 2.792000 -7.721099 7.677600
v 3.473000 -7.603799 7.252100
v 2.440400 -6.854599 8.315501
v 2.986400 -7.233600 8.149801
v 2.243200 -5.964099 8.779700
v 2.650600 -6.563399 8.754601
v 1.599600 -7.138700 8.526101
v 2.003900 -6.522900 8.533901
v 1.483400 -6.107100 8.972900
v 0.849600 -6.822599 8.918001
v 1.596100 -7.882199 8.012101
v 2.158600 -7.342400 8.020601
v 2.973400 -8.286999 6.986701
v 2.444100 -8.709199 7.451900
v 2.820700 -9.310899 7.000801
v 2.371800 -9.648999 7.375101
v 2.744600 -10.418499 7.064601
v 2.291000 -10.789699 7.387801
v 2.611800 -11.518199 7.156501
v 2.147300 -11.702299 7.499901
v 2.416100 -12.330499 7.199601
v 1.952500 -12.483499 7.513301
v 2.013500 -13.110600 7.236701
v 1.479400 -13.156399 7.558701
v 1.447200 -13.727499 7.321501
v 0.940300 -13.635999 7.611101
v 0.525800 -13.951099 7.555801
v 0.876800 -14.065499 7.414601
v 0.285100 -14.196699 7.395701
v 0.932200 -12.602399 7.915901
v 1.406900 -12.548100 7.773201
v 1.115100 -12.058499 7.993901
v 1.666600 -11.871399 7.778701
v 1.252200 -11.305299 8.036501
v 1.804500 -11.042199 7.736801
v 1.371500 -10.409599 7.998901
v 0.694900 -10.811499 8.265801
v 1.923900 -10.039299 7.667001
v 1.449700 -9.436299 7.934200
v 0.760800 -9.893299 8.236401
v 1.957700 -9.044799 7.685101
v 1.455700 -8.578099 7.859200
v 2.089400 -8.203899 7.715600
v 0.875500 -7.621799 8.437301
v 0.804600 -8.215399 8.016701
v 0.766600 -8.989599 8.054701
v 0.539300 -12.355699 8.078701
v 0.874400 -13.052899 7.778201
v 0.385400 -13.593399 7.695301
v 0.622000 -11.657599 8.206001
v 5.450700 -4.085199 10.961300
v 4.838200 -4.254399 10.540100
v 5.305000 -2.974799 10.835300
v 4.830600 -5.160699 10.399600
v 4.196600 -4.781499 10.104800
v 3.999100 -5.449799 9.782600
v 3.358100 -4.693899 9.768800
v 2.730700 -4.491899 9.523400
v 3.116800 -5.349799 9.498800
v 2.067300 -4.444900 9.356700
v 2.459000 -5.255799 9.203600
v 1.333700 -4.453700 9.233900
v 1.832400 -5.243299 9.086200
v 3.677800 -4.263999 10.000300
v 3.395700 -3.689099 9.984100
v 3.943500 -4.028499 10.250300
v 4.346000 -4.190499 10.338000
v 4.322100 -3.600099 10.511200
v 3.068300 -3.976699 9.719900
v 2.946100 -3.327699 9.604500
v 2.450800 -3.817299 9.477800
v 2.072700 -3.168899 9.437300
v 7.339700 4.257501 6.996300
v 7.482800 3.578701 6.883399
v 6.200700 4.095901 6.953000
v 8.019800 3.363400 7.253799
v 7.837800 2.719501 7.097200
v 8.024700 2.307801 7.666800
v 7.718300 1.670901 7.429000
v 7.525000 0.945301 8.280300
v 6.867400 0.506001 8.081600
v 5.789100 -0.812799 10.096100
v 6.354800 -0.072299 9.040900
v 5.601600 -0.134999 8.644400
v 0.763400 -5.307499 9.100900
v 1.704200 -3.808899 9.334800
v 1.379700 -3.149199 8.996800
v 6.079700 0.403701 7.858700
v 5.202000 0.594301 7.438400
v 6.422400 0.970701 7.408500
v 6.805400 3.025501 6.752100
v 6.606000 3.453400 6.812699
v 5.781900 3.104001 6.976600
v 7.097600 1.167101 7.307800
v 6.887100 1.745201 6.907000
v 7.354900 2.957700 6.808800
v 6.982100 2.440001 6.771100
v 7.456600 2.164201 6.971700
v 6.109500 1.371001 7.149900
v 5.807900 2.134300 6.985700
v 6.372400 2.679101 6.819600
v 6.618400 2.121401 6.816400
v 1.459500 6.490901 7.017799
v 2.594600 5.366001 6.906600
v 4.428100 6.676001 6.859700
v 5.733900 4.921101 7.034900
v 4.518300 4.293100 6.988999
v 5.158100 3.719600 7.066899
v 4.296700 3.253901 7.015699
v 3.864300 3.632500 6.924900
v 3.006100 3.274101 6.975500
v 4.120200 2.131701 7.055900
v 4.979800 2.709900 7.084000
v 3.790000 4.770300 6.934199
v 3.851300 1.131401 7.145000
v 4.742200 1.522001 7.153500
v 3.569400 1.607500 7.006500
v 2.833900 1.602701 7.116700
v 3.471000 2.541400 6.958900
v 1.285500 4.028601 8.095600
v 0.946400 4.812800 7.328800
v 2.179200 3.782501 7.276500
v 2.186200 2.866201 8.200900
v 2.254700 1.719101 8.358600
v 2.537300 2.291800 7.559000
v 0.916200 3.936701 10.757900
v 0.560800 4.364001 9.506700
v 1.648000 3.455701 9.435500
v 1.836000 2.809001 10.612100
v 2.286400 2.251801 9.439100
v 2.009800 1.740401 10.464900
v 1.427700 0.690601 10.330300
v 1.623800 0.518601 9.217500
v 1.872600 0.730601 8.356000
v 1.285400 0.263701 8.873300
v 0.722400 0.274701 9.784500
v 0.332100 3.916601 11.662300
v 0.638200 3.587601 12.036500
v 1.204900 3.365701 11.595800
v 1.001800 2.787901 11.803400
v 0.385800 3.199501 12.129600
v 1.637800 2.310101 11.272000
v 1.083800 1.994601 11.455000
v 0.873100 1.301901 11.121200
v 1.434900 1.414701 11.023700
v 0.582000 0.885001 10.799900
v 0.544000 2.417401 11.775300
v 4.749600 -3.426999 10.586100
v 4.480800 -2.651799 10.302000
v 3.764900 -3.022999 10.159000
v 3.761300 -3.595399 10.460600
v 4.117400 -2.982199 10.398800
v 4.050700 -2.581999 10.019600
v 4.951900 -1.873599 10.365800
v 4.427400 -1.256199 9.915400
v 3.359500 -2.350799 9.414000
v 3.384500 -3.053399 9.789500
v 4.210100 -2.138999 9.892200
v 3.814000 -1.794099 9.542500
v 3.810500 -2.466399 9.749100
v 4.925800 -0.411599 9.571900
v 4.273700 -0.333299 8.987500
v 2.670500 -2.558399 9.394700
v 2.588100 -1.751699 8.794300
v 3.903700 -1.002899 9.382100
v 3.319700 -0.874299 8.909400
v 3.249600 -1.598999 9.116600
v 4.772000 0.136601 8.391200
v 4.061600 0.030501 7.955700
v 1.920400 -2.322499 8.933300
v 2.102300 -1.539799 8.197600
v 3.697800 -0.340899 8.533700
v 3.048500 -0.474299 8.173700
v 2.725900 -1.027799 8.457400
v 1.483200 -1.265499 7.954500
v 0.552300 -1.836399 8.651300
v 3.108800 0.312401 7.160000
v 4.071000 0.509901 7.430700
v 2.531100 -0.377999 7.263500
v 2.397400 -0.933599 7.674800
v 3.225900 -0.071099 7.665100
v 2.942200 0.872101 6.998800
v 2.276900 0.666101 7.191100
v 0.783800 -0.839199 8.471000
v 1.354600 -0.315499 8.118800
v 0.742000 -0.193199 8.814700
v 2.291100 1.155401 7.702700
v 1.927900 0.143701 7.427200
v 2.018800 0.506201 7.596800
v 2.142000 1.124301 9.527100
v 1.648600 0.218301 8.088200
v 2.413300 0.161701 7.091600
v 1.857100 -0.446799 7.443400
v 0.473600 -14.995499 14.336501
v 0.733200 -14.920099 14.193501
v 0.864500 -14.835599 13.833501
v 1.660200 -14.096499 10.812301
v 1.739600 -14.088499 10.433001
v 1.594000 -14.080599 10.080901
v 1.593800 -14.188799 9.694901
v 1.324200 -14.183899 9.506201
v 0.690200 -14.219199 9.267601
v 1.067500 -14.388299 9.260201
v 0.335500 -14.591199 9.350601
v 1.299500 -13.779599 9.364301
v 1.035800 -13.998199 9.272201
v 0.737400 -13.724899 9.060801
v 1.546300 -13.759899 10.009701
v 1.441800 -13.997899 9.760001
v 1.656000 -13.798399 10.797201
v 1.608800 -13.958599 10.441601
v 1.710300 -13.477399 10.290001
v 1.799900 -13.217799 10.655101
v 1.709800 -13.065699 9.712201
v 0.374400 -14.642699 14.172601
v 0.610300 -14.810599 14.042201
v 0.711400 -14.525099 13.738701
v 0.539400 -14.365299 13.904101
v 0.357000 -14.167799 13.923501
v 0.670100 -14.037999 13.601801
v 1.519600 -13.458200 9.471101
v 1.389300 -13.072499 8.974901
v 1.090600 -13.443399 8.974401
v 0.851900 -13.081899 8.841701
v 0.481500 -13.478899 9.040801
v 0.329500 -13.266799 9.093101
v 1.456900 -13.791699 13.562101
v 1.121200 -14.073799 14.115801
v 1.667800 -13.269699 13.832001
v 1.138800 -14.350299 13.393601
v 1.122000 -14.233899 13.616301
v 1.292400 -14.186499 13.318401
v 1.332100 -14.394300 13.083601
v 1.021200 -14.619399 13.600301
v 1.072400 -14.545699 13.321401
v 1.212500 -14.532299 13.165401
v 1.206600 -14.589899 12.975701
v 0.917800 -14.340799 13.268801
v 0.906900 -14.579899 13.529701
v 1.056100 -14.291699 12.941101
v 1.059200 -14.478599 13.104300
v 0.886700 -13.865699 13.222001
v 0.978300 -14.072099 13.087001
v 1.118600 -13.747099 12.933601
v 0.779300 -14.215399 13.444601
v 1.843700 -13.781799 12.702901
v 1.502300 -14.082599 13.013601
v 1.469400 -14.412199 12.694001
v 2.347100 -13.401399 12.446201
v 1.909500 -13.327699 13.136401
v 1.758900 -14.216499 11.576301
v 2.048400 -13.895799 11.335301
v 1.611200 -14.357399 12.217201
v 1.614100 -14.214599 12.538901
v 1.836500 -14.038499 12.081901
v 1.699100 -14.198099 11.170101
v 1.559000 -14.280299 11.482701
v 1.326100 -14.563399 12.848701
v 1.284500 -14.541199 12.630501
v 1.584400 -14.417499 11.823901
v 1.434000 -14.485999 12.082501
v 1.443900 -14.526899 12.408401
v 1.161700 -14.466199 12.801701
v 1.164600 -14.254299 12.587701
v 1.507200 -13.956399 11.498001
v 1.584400 -14.057399 11.167901
v 1.327000 -14.141599 12.058501
v 1.277000 -14.409499 12.352601
v 1.429600 -14.264199 11.777501
v 1.658900 -13.610999 11.140701
v 1.663300 -13.395000 11.491601
v 1.147300 -13.999799 12.779501
v 1.311100 -13.645999 12.572001
v 1.296600 -13.924599 12.333501
v 1.484900 -13.561299 12.069101
v 1.467300 -13.789999 11.797001
v 8.863400 -2.559799 10.432000
v 9.286600 -3.120899 10.486100
v 9.178100 -3.657999 10.495200
v 9.075100 -1.761499 10.444500
v 7.184700 -2.272299 10.940500
v 6.815800 -0.758699 10.434000
v 8.124900 -1.669399 10.406600
v 6.106900 -2.428299 10.787000
v 6.960000 -3.498499 11.049100
v 7.536800 -3.481999 11.143700
v 7.497400 -4.176799 11.407400
v 8.078700 -3.906399 11.804600
v 8.006100 -4.425999 12.115200
v 8.509800 -2.982599 10.900400
v 8.151700 -2.679899 10.775900
v 7.917300 -2.874499 10.901200
v 8.156000 -2.994099 10.988000
v 8.067300 -3.173199 11.118900
v 7.642700 -2.991099 10.954300
v 8.545400 -3.648499 12.227100
v 8.566900 -3.421599 11.867000
v 8.421600 -3.389199 11.412200
v 8.003100 -3.469499 11.382000
v 9.217000 -4.621199 10.510900
v 9.342100 -4.140099 10.466300
v 9.122900 -5.629099 10.395800
v 9.296100 -5.124099 10.442500
v 9.225300 -6.171399 10.200800
v 9.255800 -4.301399 11.178600
v 9.031800 -3.880999 11.215600
v 9.126200 -4.741999 11.119700
v 8.969900 -4.226699 11.008700
v 8.839700 -3.602799 10.881800
v 9.009200 -4.642599 10.784900
v 9.065400 -4.121299 10.625600
v 8.916900 -3.195899 10.659200
v 9.241300 -5.212199 11.206800
v 8.992500 -5.628299 11.233200
v 8.886700 -5.640799 10.725100
v 8.976200 -5.167799 10.995300
v 9.056600 -5.129699 10.592400
v 8.687600 -6.996499 11.731901
v 8.571400 -6.584199 11.267501
v 9.117500 -6.094799 11.417000
v 8.408700 -6.673199 10.287601
v 8.722000 -6.058899 10.925400
v 8.437000 -7.429799 9.617301
v 8.853600 -6.130099 10.341100
v 7.676400 -6.592999 11.330901
v 7.545000 -6.063599 11.215400
v 7.718500 -6.243499 12.052200
v 7.503100 -6.614399 10.690101
v 7.588300 -6.871699 10.366101
v 7.815200 -6.991999 11.566401
v 8.047500 -6.815199 10.860101
v 7.758700 -7.238299 9.804801
v 7.144700 -6.868099 9.880901
v 9.107100 -3.425699 11.371500
v 8.789500 -3.278499 11.514200
v 8.757700 -3.549199 11.254200
v 8.814800 -3.080199 11.870700
v 8.583300 -3.327899 11.603600
v 8.477500 -3.244599 11.081000
v 8.347000 -3.565399 11.724000
v 1.789600 -12.747899 10.118701
v 1.746100 -12.521599 10.588701
v 1.818600 -12.235099 9.581101
v 1.655800 -13.149099 11.776901
v 1.567000 -12.917399 11.988901
v 1.761900 -12.706800 11.424701
v 1.245400 -13.415599 12.724701
v 1.144900 -13.190199 12.819501
v 1.258300 -13.119699 12.445401
v 1.800800 -12.970399 11.071901
v 1.435300 -13.307299 12.294801
v 1.171200 -12.614499 8.766801
v 1.491900 -12.144499 8.813701
v 0.925300 -12.222699 8.733201
v 1.676100 -12.620699 9.166301
v 0.606700 -12.827199 8.845501
v 0.358800 -12.553399 8.901301
v 0.617400 -11.899299 8.840301
v 0.919200 -11.262999 8.847901
v 0.370800 -11.614399 9.268701
v 1.766600 -11.741699 9.100101
v 1.836100 -11.444299 9.583201
v 1.498400 -11.288999 8.865101
v 1.756700 -12.279499 11.013101
v 1.696500 -11.971799 11.338101
v 1.620300 -11.816399 10.548801
v 1.347400 -12.768499 12.157601
v 1.125400 -12.602499 12.320001
v 1.488000 -12.293699 11.865501
v 1.651700 -12.477999 11.670901
v 1.815400 -12.007299 10.072101
v 1.233800 -11.680399 8.697801
v 0.809200 -13.647399 13.349801
v 0.693500 -13.420899 13.403801
v 0.943200 -13.254599 13.139400
v 0.166500 -13.924399 13.816101
v 0.325000 -13.619799 13.588601
v 0.516700 -13.828899 13.645001
v 1.044900 -13.507399 13.043900
v 1.026800 -12.930999 12.917500
v 0.916400 -12.643699 13.019601
v 1.027700 -12.639199 12.682101
v 0.511800 -13.239599 13.379801
v 0.308700 -13.089799 13.272801
v 0.697300 -12.767200 13.220501
v 0.828800 -13.004099 13.199100
v 1.106000 -12.929499 12.558201
v 1.701800 -11.424099 10.953101
v 1.658300 -11.009699 11.277501
v 1.564500 -10.878399 10.513401
v 1.541100 -10.431699 10.890301
v 1.358100 -10.148999 11.235501
v 1.349900 -9.914299 10.467901
v 1.132700 -9.612599 10.840701
v 0.889900 -9.427899 11.207201
v 0.867200 -9.304999 10.445301
v 0.597500 -9.234699 10.807301
v 0.370200 -9.487299 11.164501
v 0.351800 -9.453199 10.335201
v 1.439800 -10.781699 11.532401
v 1.391200 -11.447299 11.791800
v 1.200600 -10.566599 11.791401
v 1.152100 -11.238199 12.043301
v 1.090100 -11.830199 12.302901
v 0.979600 -10.858099 12.396301
v 1.528100 -10.341999 10.109701
v 1.337200 -10.030299 9.827501
v 1.654400 -10.679199 9.704901
v 1.409200 -10.343799 9.515801
v 1.184600 -10.154199 9.460501
v 1.333200 -10.581699 9.182701
v 1.045300 -10.267299 9.289901
v 0.784200 -9.928799 9.444801
v 0.848900 -10.515999 9.153701
v 0.543600 -10.214899 9.380801
v 0.306900 -9.991699 9.717601
v 0.361400 -10.681199 9.482100
v 0.604600 -10.959399 9.132001
v 1.163700 -10.862799 8.945301
v 1.626200 -10.970999 9.268501
v 1.760400 -11.204499 10.077901
v 1.240100 -12.100799 12.057701
v 1.594900 -11.669899 11.579301
v 0.948300 -12.285699 12.827101
v 0.743500 -12.097299 12.957801
v 0.977500 -11.900899 12.652201
v 0.530100 -12.519799 13.193301
v 0.374000 -12.246199 13.042401
v 0.805200 -12.467299 13.077001
v 1.032700 -12.280099 12.486501
v 0.242500 -12.657399 12.952201
v 0.193500 -13.009299 12.710901
v 0.254700 -12.294499 12.549601
v 0.207800 -12.640299 12.324501
v 0.171000 -12.966699 12.037801
v 0.251500 -12.287899 11.981801
v 0.204800 -12.623999 11.716301
v 0.156600 -12.936699 11.446501
v 0.248600 -12.293599 11.411801
v 0.202700 -12.597499 11.154001
v 0.139500 -12.876999 10.873801
v 0.251100 -12.261899 10.852001
v 0.198600 -12.560899 10.566301
v 0.157500 -12.906599 10.263501
v 0.250600 -12.192099 10.286301
v 0.192200 -12.524199 9.972401
v 0.179400 -12.929299 9.680501
v 0.253700 -12.022599 9.698601
v 0.195600 -12.368899 9.454801
v 0.185800 -12.613599 9.198101
v 0.250000 -12.047199 9.347701
v 0.260200 -12.201499 9.128601
v 0.174100 -10.469499 9.808301
v 0.151100 -9.970299 10.167301
v 0.662900 -9.294099 10.181801
v 0.834300 -9.518099 9.885301
v 1.111500 -9.626699 10.123701
v 1.052900 -9.887599 9.628101
v 0.525900 -9.615299 9.759801
v 1.116400 -9.889299 11.537401
v 0.828000 -9.681799 11.809001
v 0.969500 -10.210299 12.091801
v 0.720500 -10.005499 12.229901
v 0.810100 -11.695099 12.788301
v 0.618400 -11.579899 12.890100
v 0.810000 -11.330599 12.720201
v 0.537800 -11.891500 12.942701
v 0.378800 -11.772699 12.869101
v 1.000400 -11.509099 12.530701
v 0.115500 -13.192399 13.030501
v 0.092800 -13.133599 11.727301
v 0.144300 -13.308399 9.674001
v 0.193700 -13.136799 9.403901
v 0.186600 -12.900799 9.392701
v 0.234700 -12.941799 9.110501
v 0.561300 -9.777299 12.031201
v 0.373500 -10.027799 12.227301
v 0.398800 -9.754899 11.740701
v 0.200200 -9.833499 11.443701
v 0.620400 -9.452299 11.514601
v 0.136300 -11.361099 9.708701
v 0.222300 -11.113899 9.583701
v 0.298300 -11.885399 10.077501
v 0.264200 -11.629199 9.951401
v 0.256300 -11.838999 10.373101
v 0.263500 -12.089499 11.114801
v 0.235200 -11.957899 10.845601
v 0.225200 -11.983799 11.403001
v 0.270700 -12.060499 12.242701
v 0.216300 -11.955499 12.008101
v 0.247200 -11.889799 12.504301
v 0.263500 -12.084299 11.693501
v 0.280400 -12.022099 10.586301
v 0.296900 -11.632599 9.686901
v 0.133800 -11.864199 10.608201
v 0.118500 -11.917199 11.743001
v 0.127200 -11.919499 11.125901
v 0.146600 -11.690499 10.160601
v 0.033300 -11.218599 9.694101
v 0.317400 -12.021999 12.740801
v 0.443300 -10.387699 12.609701
v 0.195100 -10.198999 12.424701
v 0.227100 -11.707599 12.766701
v 0.258900 -11.568399 12.942201
v 0.117900 -11.855099 12.340801
v 0.418800 -11.539599 12.953601
v 0.370400 -11.299099 13.006101
v 0.644400 -10.230299 12.432701
v 0.582900 -11.246299 12.886001
v 0.420700 -10.848999 12.860001
v 0.692700 -10.833799 12.682501
v 0.284300 -11.864499 9.432001
v 0.642100 -13.275999 17.173101
v 0.793500 -6.951098 26.458700
v 1.021600 6.857702 26.084801
v 0.970200 3.948002 27.075500
v 0.879100 9.703902 24.500401
v 0.721100 11.740902 22.365200
v 0.361800 -14.986399 8.477101
v 0.423600 -15.306299 7.682201
v 0.379000 -15.041299 7.352801
v 0.710700 -3.788999 9.056100
v 0.512500 1.629601 11.357000
v 1.279600 -2.256199 8.482900
v 0.257600 -15.004299 14.549501
v 0.210500 -14.840099 14.375701
v 0.182500 -14.432399 14.163501
v 0.353800 -13.973499 9.277001
v 0.151400 -13.438199 13.455901
v 0.173400 -9.757399 10.818801
v 0.118000 -13.194399 10.021901
v 0.070000 -13.048299 11.151301
v 0.097500 -13.159899 12.393901
v 0.071800 -13.052499 10.562401
v 0.145700 -13.439999 9.379901
v 0.195200 -10.009999 11.964801
v 0.091700 -11.467999 9.834201
v 0.207200 -10.546799 12.761201
v 0.203500 -11.024699 12.993901
v 0.163400 -11.467199 13.030301
vn -0.2139 -0.9656 0.1480
vn -0.4027 -0.9138 0.0538
vn -0.2310 -0.9308 -0.2834
vn 0.0028 -0.9997 0.0236
vn -0.6357 -0.5478 0.5439
vn -0.8320 -0.4660 0.3010
vn -0.7579 -0.4930 0.4272
vn -0.5996 -0.5073 0.6190
vn -0.2397 -0.3830 0.8921
vn -0.6968 -0.3375 0.6329
vn -0.3455 -0.2471 0.9053
vn -0.2942 -0.0601 0.9538
vn -0.6396 -0.1772 0.7480
vn -0.6544 -0.7470 0.1172
vn -0.6680 -0.7420 0.0572
vn -0.7595 -0.6448 0.0861
vn -0.7705 -0.6353 0.0521
vn -0.8096 -0.4020 0.4278
vn -0.8328 -0.3378 0.4385
vn 0.5267 -0.3100 0.7915
vn 0.4361 -0.6217 0.6506
vn -0.3102 -0.6742 0.6702
vn -0.1904 -0.4931 0.8489
vn -0.8774 -0.4767 -0.0544
vn -0.9093 -0.3948 -0.1314
vn -0.8331 -0.4429 -0.3314
vn -0.8034 -0.5731 -0.1614
vn -0.7071 -0.6343 -0.3124
vn -0.6489 -0.4117 -0.6399
vn -0.7437 -0.6684 0.0140
vn -0.8291 -0.5590 0.0084
vn -0.7538 -0.2639 -0.6018
vn -0.4070 -0.1302 -0.9041
vn -0.8373 -0.5310 0.1303
vn -0.9065 -0.4200 0.0441
vn 0.8896 0.3055 -0.3394
vn 0.6459 0.3212 -0.6925
vn 0.1374 0.1776 -0.9745
vn 0.6549 0.3027 -0.6925
vn -0.9405 -0.3395 -0.0117
vn -0.9517 -0.2914 -0.0971
vn -0.9288 -0.2424 -0.2803
vn -0.7877 -0.1771 -0.5901
vn -0.9022 -0.2920 -0.3174
vn -0.8984 -0.4110 0.1546
vn -0.9495 -0.3075 0.0625
vn -0.8258 -0.5093 0.2424
vn -0.4326 -0.0391 -0.9007
vn -0.8260 -0.4572 0.3297
vn -0.8402 -0.4475 0.3063
vn -0.8387 -0.4578 0.2951
vn -0.9446 -0.3159 0.0886
vn -0.8520 -0.0261 -0.5230
vn -0.5522 0.2192 -0.8044
vn -0.8602 -0.0228 -0.5094
vn -0.9615 -0.1510 -0.2296
vn -0.9289 -0.3426 0.1409
vn -0.9594 -0.2806 0.0287
vn 0.1138 0.2290 -0.9668
vn -0.4420 0.0005 -0.8970
vn -0.8204 -0.1407 -0.5542
vn -0.4871 0.1167 -0.8655
vn -0.9614 -0.2697 -0.0544
vn -0.9495 -0.2026 -0.2396
vn -0.9583 -0.2792 0.0606
vn 0.8612 0.2816 -0.4231
vn 0.5926 0.3558 -0.7227
vn -0.9603 -0.2752 0.0455
vn -0.9684 -0.2471 -0.0339
vn -0.9499 -0.3124 -0.0051
vn -0.9582 -0.2858 -0.0152
vn -0.9680 -0.2423 -0.0646
vn -0.9577 -0.2862 0.0309
vn 0.8915 0.2106 -0.4010
vn 0.9167 0.2818 -0.2833
vn 0.9117 0.2283 -0.3416
vn 0.7913 0.3584 -0.4954
vn 0.0210 0.3750 -0.9268
vn 0.5042 0.4450 -0.7401
vn -0.9570 -0.2874 0.0396
vn -0.9321 -0.3594 0.0448
vn -0.9341 -0.1956 -0.2986
vn -0.6928 -0.6452 0.3220
vn 0.4824 -0.7440 0.4623
vn -0.3046 -0.9277 0.2158
vn -0.7027 -0.6789 0.2129
vn -0.1052 -0.8552 0.5075
vn -0.9231 -0.3844 0.0112
vn 0.9299 0.0492 0.3646
vn 0.9484 -0.0405 0.3145
vn 0.8140 -0.3671 0.4502
vn 0.8341 -0.1785 0.5220
vn -0.9663 -0.2568 -0.0156
vn 0.8290 -0.4834 0.2810
vn 0.3275 -0.9358 0.1304
vn 0.8535 0.3114 -0.4178
vn 0.5432 0.2550 -0.7999
vn -0.1086 0.4487 -0.8871
vn 0.3421 0.6998 -0.6271
vn -0.9762 -0.2124 0.0448
vn -0.9561 -0.2929 -0.0082
vn -0.9966 -0.0704 0.0425
vn -0.9560 -0.2750 -0.1016
vn -0.8274 -0.5602 -0.0403
vn -0.9906 0.1299 -0.0436
vn -0.9867 -0.1564 0.0452
vn -0.9783 -0.0227 0.2059
vn -0.9663 0.0729 0.2469
vn 0.2138 -0.8802 0.4236
vn 0.4679 -0.4637 0.7523
vn -0.0517 -0.4616 0.8856
vn -0.3383 -0.7985 0.4980
vn -0.4898 0.0859 -0.8676
vn -0.8678 0.1370 -0.4777
vn -0.6478 0.5860 -0.4868
vn 0.8447 0.5338 0.0396
vn 0.5003 0.8609 -0.0922
vn 0.0423 0.9843 -0.1713
vn 0.4974 0.8601 -0.1134
vn -0.9962 0.0508 0.0714
vn -0.9834 0.0414 0.1768
vn 0.9853 -0.0212 0.1696
vn 0.7940 -0.5606 0.2350
vn -0.3700 -0.9251 0.0859
vn -0.9398 -0.1837 -0.2882
vn -0.9995 -0.0084 -0.0315
vn -0.9966 0.0598 0.0561
vn -0.9943 -0.0861 -0.0636
vn -0.9977 0.0553 -0.0401
vn -0.9596 0.1635 0.2291
vn -0.9472 -0.3203 -0.0161
vn -0.7337 -0.6566 0.1747
vn -0.9948 0.0154 -0.1005
vn -0.9982 -0.0600 -0.0011
vn -0.9230 -0.0182 0.3845
vn -0.9902 -0.0974 -0.0998
vn 0.3333 0.9379 -0.0961
vn 0.6896 0.7165 -0.1051
vn 0.8705 0.4891 -0.0554
vn 0.6933 0.7195 -0.0404
vn -0.9901 0.0169 -0.1390
vn -0.0488 0.9738 -0.2223
vn -0.4667 0.8522 -0.2366
vn -0.3325 0.4347 0.8370
vn 0.5062 0.1145 0.8548
vn -0.4294 -0.3677 0.8248
vn 0.7705 0.5559 -0.3119
vn 0.7748 0.6019 -0.1932
vn 0.5305 0.4979 -0.6860
vn 0.2326 0.2110 -0.9494
vn 0.4817 0.6091 0.6300
vn 0.9054 0.2484 0.3442
vn -0.8266 0.3420 0.4470
vn -0.2366 0.6339 0.7364
vn 0.9643 0.1382 0.2259
vn 0.3085 -0.0681 0.9488
vn 0.8009 0.0482 0.5969
vn 0.8962 -0.0473 0.4411
vn 0.5559 0.1278 0.8214
vn 0.9308 0.1730 0.3219
vn 0.9478 0.1585 0.2765
vn 0.9254 0.2849 0.2498
vn 0.2482 0.9363 -0.2483
vn 0.3134 0.9222 -0.2265
vn 0.4354 0.8497 -0.2976
vn 0.4510 0.8755 -0.1734
vn -0.8239 -0.4938 0.2782
vn 0.6842 0.4713 0.5566
vn 0.2207 0.4831 0.8473
vn -0.1824 0.1096 0.9771
vn 0.9212 -0.0589 0.3846
vn 0.8026 -0.1204 0.5843
vn 0.9466 0.0652 0.3156
vn 0.9608 -0.0213 0.2763
vn -0.9531 -0.0110 0.3023
vn -0.7038 -0.3715 0.6055
vn -0.6533 0.2196 0.7245
vn -0.7556 0.6533 -0.0478
vn -0.3099 0.9508 -0.0063
vn -0.7027 0.7109 0.0280
vn -0.9490 0.2904 0.1229
vn -0.9657 0.2397 -0.1002
vn 0.9922 0.0986 0.0767
vn 0.8277 0.5510 -0.1063
vn 0.1016 0.3258 0.9400
vn 0.4111 0.7496 0.5187
vn 0.7748 0.4993 0.3878
vn 0.3646 0.3042 0.8801
vn 0.7414 0.6690 -0.0528
vn 0.3995 0.8992 -0.1782
vn -0.9594 0.1196 -0.2556
vn -0.8783 0.4158 -0.2361
vn -0.0013 0.9777 -0.2100
vn 0.1078 0.9688 -0.2232
vn 0.1926 0.9750 -0.1110
vn -0.9566 -0.2788 -0.0848
vn -0.6509 0.7190 -0.2438
vn -0.5813 -0.7669 0.2720
vn -0.9335 -0.3453 0.0965
vn -0.9190 0.2926 -0.2641
vn -0.7220 0.6301 -0.2858
vn -0.1089 -0.7792 0.6173
vn -0.4756 -0.8797 0.0027
vn -0.4752 -0.8151 0.3313
vn -0.8634 -0.4470 0.2340
vn -0.6684 -0.7123 -0.2141
vn -0.4364 -0.7945 0.4224
vn 0.0106 -0.9330 0.3596
vn 0.3530 -0.8881 0.2942
vn -0.0912 -0.7933 0.6020
vn 0.4224 -0.4451 0.7896
vn 0.9063 -0.1403 0.3987
vn 0.5278 -0.7127 0.4619
vn -0.6230 0.7565 -0.1989
vn -0.3485 0.9060 -0.2402
vn 0.1768 0.8946 0.4103
vn -0.1219 0.6600 0.7413
vn 0.0686 0.0609 0.9958
vn 0.5864 0.3450 0.7329
vn -0.5153 0.7051 0.4871
vn -0.4558 -0.1628 0.8751
vn 0.9926 -0.0089 0.1213
vn 0.4659 0.8827 0.0614
vn 0.7943 0.5143 0.3233
vn -0.2520 0.9676 0.0143
vn 0.0653 0.9880 -0.1397
vn 0.9368 0.2608 0.2334
vn 0.9342 0.3228 0.1520
vn 0.4297 0.8871 0.1684
vn 0.1988 0.8051 0.5589
vn -0.0007 0.9845 0.1756
vn 0.8564 0.5157 -0.0267
vn 0.9589 0.2331 0.1616
vn 0.6963 -0.4621 0.5492
vn 0.8649 -0.4847 0.1305
vn -0.8353 -0.4898 0.2497
vn 0.8420 0.4126 -0.3476
vn 0.9146 0.3358 -0.2254
vn 0.8805 0.2583 -0.3974
vn 0.9473 0.3067 -0.0931
vn 0.9593 0.2281 -0.1665
vn 0.9469 0.3159 -0.0603
vn 0.9710 0.2378 -0.0263
vn 0.8764 0.4688 -0.1102
vn 0.9846 0.1243 0.1228
vn 0.9617 0.0956 0.2568
vn 0.9754 0.1913 0.1096
vn -0.6429 -0.3474 0.6826
vn -0.3608 -0.1230 0.9245
vn 0.5642 0.6302 0.5334
vn 0.2702 0.3546 0.8951
vn 0.9643 0.2599 0.0503
vn 0.9306 0.2021 -0.3053
vn 0.9461 0.3228 -0.0272
vn 0.7935 0.4022 -0.4566
vn 0.9303 0.3666 0.0119
vn 0.9089 0.4144 -0.0469
vn -0.6863 -0.2829 0.6700
vn -0.1122 0.9685 -0.2223
vn -0.0018 0.9490 -0.3152
vn 0.6614 0.7467 0.0713
vn 0.5405 0.8116 -0.2220
vn 0.4470 0.8651 -0.2275
vn 0.8785 0.3685 -0.3041
vn 0.9380 0.3303 0.1052
vn 0.7620 0.2180 0.6098
vn 0.9233 0.3490 0.1606
vn 0.7321 0.5581 0.3906
vn 0.4374 0.3143 0.8426
vn -0.5657 0.6304 0.5316
vn -0.6599 0.7485 0.0655
vn -0.4516 0.8751 -0.1738
vn -0.4267 0.8885 0.1688
vn 0.5461 -0.8074 -0.2232
vn 0.5494 -0.5809 -0.6006
vn 0.7074 -0.6290 -0.3224
vn 0.6328 -0.7743 0.0040
vn 0.5955 0.7490 -0.2904
vn 0.2071 0.1217 0.9707
vn 0.4971 0.4636 0.7335
vn 0.6284 0.7047 -0.3294
vn 0.3491 0.0568 0.9354
vn 0.3162 0.0945 0.9440
vn -0.0320 -0.0560 0.9979
vn 0.7423 0.5372 -0.4005
vn 0.7995 0.5815 -0.1506
vn 0.9074 0.2779 -0.3153
vn 0.8905 0.3899 0.2347
vn 0.6606 0.1936 0.7254
vn 0.9393 0.3048 0.1576
vn 0.8283 0.5188 -0.2114
vn 0.7763 0.5284 -0.3438
vn 0.7335 0.6506 -0.1967
vn 0.6402 -0.1941 0.7433
vn 0.8323 -0.3384 0.4390
vn 0.8115 -0.3971 0.4287
vn 0.7076 -0.3425 0.6180
vn -0.0853 0.0213 0.9961
vn 0.7949 0.3957 -0.4599
vn 0.7723 0.6002 -0.2082
vn 0.8356 0.4057 -0.3704
vn 0.0959 0.3290 -0.9394
vn 0.1104 0.7336 -0.6705
vn -0.0012 0.2933 -0.9560
vn -0.0798 -0.2764 -0.9577
vn 0.8811 0.3307 -0.3382
vn 0.8272 0.2871 -0.4830
vn 0.0322 0.0468 0.9984
vn 0.2547 0.1688 0.9522
vn 0.8797 0.2700 -0.3913
vn 0.8475 0.2617 -0.4617
vn 0.8817 0.3911 -0.2638
vn -0.7868 -0.1371 -0.6017
vn -0.8872 0.4613 0.0056
vn -0.1992 0.8055 0.5582
vn -0.1879 0.9756 -0.1131
vn 0.5458 0.3234 -0.7730
vn 0.8685 0.2514 -0.4271
vn 0.8963 0.3762 -0.2346
vn 0.3971 0.6332 -0.6644
vn -0.2646 -0.2893 -0.9199
vn 0.1165 0.1844 -0.9759
vn -0.5922 0.7513 -0.2911
vn -0.4308 0.8505 -0.3019
vn -0.2533 0.9420 -0.2203
vn -0.9177 0.3285 0.2235
vn 0.2562 0.9623 -0.0909
vn -0.2809 0.9118 -0.2996
vn 0.0356 0.1512 -0.9879
vn 0.9395 0.3424 0.0029
vn 0.6183 0.7476 -0.2425
vn -0.4956 0.0757 -0.8653
vn -0.0100 0.3450 -0.9386
vn 0.0033 -0.9955 0.0945
vn 0.1779 -0.9822 0.0601
vn 0.0074 -0.9839 0.1786
vn -0.1764 -0.9825 0.0601
vn 0.1183 0.1813 -0.9763
vn 0.8770 0.3941 -0.2748
vn 0.8795 0.4088 -0.2435
vn 0.8379 0.5023 -0.2136
vn 0.6221 0.4014 -0.6722
vn -0.2326 0.9359 -0.2646
vn -0.1082 0.7335 -0.6710
vn 0.0212 -0.0053 0.9998
vn -0.7596 -0.5896 0.2745
vn -0.7156 -0.6611 0.2257
vn -0.5473 -0.8072 -0.2213
vn -0.3638 -0.6919 -0.6236
vn -0.5518 -0.5822 -0.5971
vn 0.0811 -0.2768 -0.9575
vn 0.0040 -0.7183 -0.6957
vn 0.2324 0.9359 -0.2647
vn 0.2302 -0.9312 -0.2826
vn 0.2410 -0.3924 0.8877
vn 0.3336 -0.2441 0.9105
vn 0.5792 -0.5270 0.6219
vn -0.6345 -0.7729 0.0072
vn -0.3256 -0.2410 -0.9143
vn 0.4241 0.8487 -0.3161
vn 0.6404 0.7327 -0.2303
vn -0.3964 0.6295 -0.6683
vn -0.1210 0.1834 -0.9756
vn 0.2646 -0.2940 -0.9184
vn -0.0759 0.3509 -0.9333
vn -0.9821 -0.1381 0.1283
vn -0.8844 -0.3589 0.2984
vn -0.8417 -0.5227 0.1351
vn -0.9289 -0.3617 -0.0800
vn 0.2490 -0.5677 0.7847
vn -0.6757 -0.7097 0.1993
vn -0.6091 -0.3305 0.7209
vn -0.3562 -0.6620 0.6594
vn -0.5940 -0.6156 0.5179
vn -0.7231 -0.4644 0.5113
vn -0.8059 -0.5094 0.3017
vn -0.3040 -0.8795 0.3661
vn -0.8641 -0.2085 0.4581
vn -0.8772 -0.4035 -0.2602
vn -0.6174 -0.7707 0.1579
vn -0.6696 -0.7079 0.2247
vn -0.6903 -0.7032 0.1706
vn -0.3961 -0.9168 0.0504
vn -0.5623 -0.8257 0.0450
vn -0.5793 -0.8035 0.1368
vn -0.4936 -0.8586 0.1387
vn -0.7415 -0.6153 0.2674
vn -0.4359 -0.3927 0.8098
vn -0.6947 -0.4439 0.5660
vn -0.7599 -0.6205 0.1935
vn -0.6061 -0.6859 0.4027
vn -0.5424 -0.8396 0.0291
vn -0.8183 -0.5565 -0.1437
vn -0.7505 -0.6021 -0.2723
vn -0.7843 -0.6201 0.0151
vn -0.2853 -0.9278 0.2403
vn -0.5623 -0.8180 0.1216
vn -0.6728 -0.7301 -0.1193
vn -0.3143 -0.7018 0.6393
vn -0.7963 -0.5814 0.1672
vn -0.7576 -0.6417 0.1192
vn -0.5715 -0.7527 0.3269
vn -0.7159 -0.6569 0.2364
vn -0.3895 -0.2728 0.8797
vn -0.0431 -0.5596 0.8277
vn 0.1733 -0.0747 0.9820
vn -0.1196 -0.2803 0.9524
vn -0.7908 -0.5744 0.2115
vn -0.4484 -0.7367 0.5061
vn -0.2705 0.3583 0.8936
vn -0.0036 0.3583 0.9336
vn -0.0049 -0.2412 0.9705
vn 0.2305 0.0850 0.9694
vn -0.0699 -0.1088 0.9916
vn -0.0016 -0.2465 0.9691
vn 0.6842 0.2630 0.6803
vn -0.5403 0.8117 -0.2217
vn -0.6297 0.7044 -0.3276
vn -0.7307 0.6509 -0.2058
vn -0.6448 0.7286 -0.2308
vn -0.0996 -0.9010 0.4223
vn -0.8284 0.5188 -0.2113
vn -0.8381 0.5031 -0.2108
vn -0.7789 0.5327 -0.3309
vn -0.7794 0.5968 -0.1907
vn 0.6555 0.2689 0.7057
vn 0.4017 -0.9142 0.0535
vn 0.2141 -0.9655 0.1481
vn -0.2254 0.0960 0.9695
vn 0.0713 -0.0985 0.9926
vn -0.3752 0.0618 0.9249
vn -0.6549 0.2717 0.7052
vn 0.1027 -0.8995 0.4247
vn -0.0026 -0.7337 0.6794
vn 0.0796 -0.5688 0.8186
vn 0.3956 -0.9170 0.0516
vn 0.4952 -0.8584 0.1339
vn 0.3627 -0.1230 0.9238
vn 0.6440 -0.3468 0.6819
vn -0.6285 0.5163 -0.5818
vn -0.8288 0.4511 -0.3309
vn -0.1085 0.8908 -0.4413
vn 0.7613 -0.4814 0.4345
vn 0.4348 -0.0420 -0.8996
vn 0.7535 -0.2650 -0.6017
vn 0.4023 -0.1257 -0.9069
vn -0.1166 0.1787 -0.9770
vn 0.8775 -0.4763 -0.0565
vn 0.8029 -0.5728 -0.1653
vn 0.8331 -0.4419 -0.3327
vn 0.9089 -0.3953 -0.1330
vn 0.7406 -0.6123 0.2766
vn 0.8824 -0.3669 0.2944
vn 0.8420 -0.5226 0.1341
vn 0.6888 -0.7029 0.1774
vn 0.7900 -0.1783 -0.5867
vn 0.4453 0.0021 -0.8954
vn 0.8210 -0.1409 -0.5533
vn 0.9286 -0.2431 -0.2803
vn 0.9024 -0.2946 -0.3144
vn 0.6488 -0.4112 -0.6403
vn 0.7447 -0.6673 0.0085
vn 0.8304 -0.5571 0.0045
vn -0.6407 0.3167 -0.6994
vn -0.6203 0.4012 -0.6740
vn -0.8771 0.3940 -0.2746
vn 0.9406 -0.3392 -0.0119
vn 0.9061 -0.4207 0.0449
vn 0.9594 -0.2806 0.0285
vn 0.9518 -0.2906 -0.0979
vn 0.9624 -0.2665 -0.0536
vn 0.8268 -0.4567 0.3285
vn 0.8281 -0.5055 0.2423
vn 0.8989 -0.4100 0.1545
vn 0.8415 -0.4460 0.3050
vn 0.8383 -0.5296 0.1299
vn 0.6149 -0.7720 0.1608
vn 0.5791 -0.8037 0.1369
vn -0.8145 -0.3613 0.4539
vn -0.4409 -0.6116 0.6569
vn 0.0988 -0.8532 0.5121
vn -0.4824 -0.7397 0.4692
vn 0.9499 -0.3059 0.0639
vn 0.4870 0.1173 -0.8655
vn -0.1138 0.2284 -0.9669
vn 0.3852 -0.2677 0.8831
vn 0.6947 -0.4643 0.5493
vn 0.8068 -0.4987 0.3169
vn 0.9475 -0.3196 -0.0110
vn 0.8395 -0.5420 -0.0386
vn 0.9944 -0.0854 -0.0617
vn 0.9982 -0.0600 -0.0089
vn 0.2821 0.9081 -0.3096
vn 0.6509 0.5890 -0.4791
vn 0.1005 0.4395 -0.8926
vn -0.3500 0.7057 -0.6160
vn 0.9603 -0.2754 0.0455
vn 0.9575 -0.2820 0.0609
vn 0.6406 -0.5469 0.5390
vn 0.8330 -0.4666 0.2971
vn 0.2963 -0.6611 0.6893
vn 0.2049 -0.4878 0.8486
vn 0.8568 -0.0222 -0.5151
vn 0.9505 -0.2009 -0.2371
vn 0.9319 -0.3605 0.0409
vn 0.9569 -0.2878 0.0394
vn 0.9575 -0.2869 0.0297
vn 0.9513 -0.3082 -0.0126
vn -0.0362 0.1484 -0.9883
vn 0.4940 0.0754 -0.8662
vn 0.0141 0.3460 -0.9381
vn -0.5474 0.3176 -0.7743
vn 0.9283 -0.3439 0.1415
vn 0.8321 -0.4600 0.3098
vn 0.9683 -0.2476 -0.0342
vn 0.9446 -0.3160 0.0885
vn 0.9616 -0.1512 -0.2291
vn -0.6138 0.7457 -0.2594
vn -0.2598 0.9616 -0.0885
vn 0.2899 -0.9300 0.2259
vn 0.6994 -0.6818 0.2143
vn 0.9551 -0.2960 -0.0091
vn -0.3646 0.3116 0.8775
vn -0.7751 0.4975 0.3894
vn -0.4073 0.7526 0.5175
vn -0.1005 0.3268 0.9397
vn 0.9242 -0.3817 0.0122
vn 0.6825 -0.6528 0.3287
vn -0.2789 -0.0842 0.9566
vn -0.0252 -0.0088 0.9996
vn -0.8240 -0.4793 0.3022
vn -0.3447 -0.9273 0.1458
vn -0.7939 -0.5565 0.2449
vn -0.9848 -0.0193 0.1728
vn -0.9296 0.0466 0.3655
vn -0.8308 -0.1830 0.5257
vn -0.9510 -0.0430 0.3062
vn 0.9387 -0.1899 -0.2878
vn 0.7856 -0.1389 -0.6029
vn 0.4888 0.0847 -0.8683
vn 0.8697 0.1388 -0.4736
vn 0.9665 -0.2562 -0.0167
vn 0.9672 -0.2445 -0.0685
vn 0.9343 -0.1906 -0.3014
vn 0.9576 -0.2699 -0.1007
vn 0.9582 -0.2857 -0.0157
vn 0.9968 -0.0733 0.0322
vn 0.9968 0.0439 0.0674
vn 0.9976 0.0575 -0.0385
vn -0.5070 -0.3272 0.7974
vn -0.5514 0.2454 -0.7973
vn 0.9779 -0.0233 0.2078
vn 0.9864 -0.1572 0.0472
vn 0.9905 0.1306 -0.0421
vn 0.9661 0.0725 0.2478
vn 0.9763 -0.2120 0.0434
vn -0.5918 0.3559 -0.7233
vn -0.0214 0.3692 -0.9291
vn 0.9595 0.1661 0.2276
vn 0.9834 0.0409 0.1770
vn 0.8921 0.4518 0.0126
vn 0.7142 0.6988 0.0405
vn 0.8262 -0.4911 0.2761
vn 0.9908 -0.0914 -0.1001
vn 0.9592 0.1237 -0.2541
vn 0.9562 -0.2801 -0.0854
vn 0.8815 0.4150 -0.2255
vn 0.4653 0.8518 -0.2408
vn 0.7359 0.6133 -0.2869
vn 0.9995 -0.0100 -0.0304
vn 0.9955 0.0172 -0.0933
vn 0.3625 -0.7725 0.5214
vn 0.7450 -0.6442 0.1729
vn 0.7037 -0.3711 0.6059
vn 0.0481 -0.4583 0.8875
vn 0.3674 -0.9264 0.0820
vn 0.8254 0.3435 0.4480
vn 0.3300 0.4356 0.8375
vn -0.4664 0.6262 0.6248
vn 0.2357 0.6285 0.7412
vn -0.9206 -0.0569 0.3862
vn -0.9625 0.2266 0.1493
vn -0.9846 0.1281 0.1186
vn -0.9615 -0.0232 0.2740
vn 0.9968 0.0563 0.0573
vn -0.5072 0.1131 0.8544
vn -0.9058 0.2484 0.3431
vn -0.9646 0.1356 0.2260
vn -0.5105 0.8558 -0.0837
vn 0.0463 0.9740 -0.2217
vn -0.4007 0.8990 -0.1768
vn -0.7412 0.6697 -0.0460
vn -0.2021 0.1228 0.9716
vn -0.0160 0.0596 0.9981
vn 0.9489 0.2909 0.1221
vn 0.3087 0.9511 -0.0057
vn 0.7568 0.6517 -0.0507
vn -0.4999 0.8589 -0.1110
vn -0.8463 0.5315 0.0348
vn -0.9921 0.0984 0.0773
vn -0.8265 0.5529 -0.1060
vn 0.9898 0.0079 -0.1423
vn -0.8647 -0.4856 0.1285
vn -0.9942 -0.0070 0.1077
vn -0.7981 0.0487 0.6006
vn 0.9200 -0.0099 0.3917
vn -0.9257 0.2854 0.2483
vn -0.6836 0.4723 0.5564
vn 0.9654 0.2386 -0.1056
vn -0.0136 0.4144 -0.9100
vn -0.1306 0.7947 -0.5928
vn 0.5668 0.5930 -0.5719
vn 0.5472 -0.0505 -0.8355
vn -0.2725 0.4848 0.8311
vn 0.9544 -0.0116 0.2982
vn 0.6497 0.2097 0.7307
vn 0.1829 0.1132 0.9766
vn -0.5464 0.1195 0.8290
vn -0.4716 -0.4468 0.7602
vn -0.2189 -0.8780 0.4257
vn -0.9006 -0.0391 0.4329
vn 0.4559 -0.1611 0.8753
vn 0.5097 0.7090 0.4873
vn 0.1195 0.6687 0.7339
vn -0.0628 0.0581 0.9963
vn 0.6499 0.7202 -0.2430
vn -0.2599 0.9341 -0.2449
vn -0.3248 0.9191 -0.2232
vn 0.9191 0.2839 -0.2731
vn 0.4340 -0.3460 0.8318
vn -0.4775 0.8771 0.0524
vn -0.0600 0.9882 -0.1412
vn 0.3472 0.9062 -0.2413
vn 0.6230 0.7566 -0.1988
vn -0.9451 0.0637 0.3206
vn -0.9475 0.1567 0.2787
vn -0.0468 0.9838 -0.1732
vn -0.9710 0.2375 -0.0270
vn -0.9450 0.3259 -0.0269
vn -0.8700 0.4902 -0.0535
vn -0.9456 0.3183 -0.0675
vn 0.5797 -0.7682 0.2715
vn 0.9328 -0.3488 0.0907
vn 0.1055 -0.7784 0.6189
vn -0.4359 -0.4439 0.7829
vn 0.2601 0.9654 0.0172
vn 0.9172 0.3305 0.2225
vn -0.1774 0.8960 0.4072
vn -0.5884 0.3461 0.7308
vn -0.9309 0.1698 0.3234
vn -0.0135 -0.9218 0.3875
vn -0.5224 -0.7193 0.4580
vn -0.9334 0.3251 0.1516
vn -0.9016 -0.1537 0.4044
vn -0.8037 -0.1170 0.5834
vn -0.3701 -0.8785 0.3020
vn 0.4404 -0.7883 0.4297
vn -0.9365 0.2639 0.2307
vn -0.8635 0.5032 -0.0333
vn -0.6890 0.7170 -0.1061
vn -0.3347 0.9374 -0.0959
vn -0.6932 0.7196 -0.0399
vn -0.9765 0.0485 0.2101
vn -0.8765 0.4682 -0.1123
vn -0.9751 0.1893 0.1152
vn -0.6959 -0.4666 0.5459
vn -0.2456 -0.5532 0.7960
vn 0.0859 -0.7966 0.5984
vn -0.3114 0.9098 -0.2744
vn -0.4515 0.8662 -0.2143
vn -0.1653 -0.0680 0.9839
vn 0.1165 -0.2790 0.9532
vn -0.4316 0.3222 0.8426
vn -0.7181 0.5677 0.4026
vn -0.8196 0.5511 -0.1564
vn -0.9221 0.3513 0.1624
vn -0.8748 0.3640 -0.3196
vn -0.7481 0.5375 -0.3890
vn -0.7770 0.5295 -0.3404
vn -0.9646 0.2585 0.0522
vn -0.9378 0.3295 0.1097
vn -0.8816 0.3302 -0.3373
vn -0.7922 0.3941 -0.4659
vn 0.3506 -0.6979 -0.6245
vn -0.9391 0.3017 0.1645
vn -0.9098 0.2756 -0.3102
vn -0.8249 0.2865 -0.4873
vn -0.8281 0.4181 -0.3735
vn -0.8472 0.2621 -0.4620
vn -0.8762 0.2766 -0.3946
vn -0.8810 0.4056 -0.2436
vn -0.9179 0.3266 -0.2252
vn -0.9308 0.3623 0.0482
vn -0.7499 0.6268 -0.2113
vn -0.8767 0.4033 -0.2623
vn -0.8995 0.2117 -0.3821
vn -0.8388 0.4159 -0.3513
vn -0.9071 0.4184 -0.0462
vn -0.9119 0.2275 -0.3417
vn -0.8644 0.2781 -0.4189
vn -0.6549 0.3033 -0.6922
vn -0.8901 0.3101 -0.3342
vn -0.9170 0.2802 -0.2838
vn 0.2378 0.9499 -0.2027
vn 0.8489 -0.0252 -0.5280
vn -0.9278 0.3725 0.0186
vn -0.9500 0.2999 -0.0869
vn -0.8987 0.3706 -0.2345
vn -0.9592 0.2283 -0.1665
vn -0.1358 0.1794 -0.9744
vn -0.7957 0.4008 -0.4542
vn -0.5056 0.4435 -0.7400
vn -0.7917 0.3575 -0.4953
vn -0.8491 0.3200 -0.4202
vn -0.8701 0.2487 -0.4255
vn -0.8852 0.2577 -0.3874
vn -0.9326 0.2206 -0.2858
vn 0.5499 0.2188 -0.8060
vn -0.2415 0.2210 -0.9449
vn 0.3240 -0.2413 -0.9148
vn -0.5276 0.4982 -0.6881
vn 0.2914 -0.0603 0.9547
vn 0.6973 -0.3598 0.6199
vn -0.7950 0.5161 0.3188
vn 0.7470 -0.4576 0.4823
vn 0.8506 -0.1778 0.4948
vn 0.9761 -0.1553 0.1522
vn 0.8653 -0.4394 0.2414
vn 0.8850 -0.3846 -0.2625
vn 0.9295 -0.3591 -0.0841
vn -0.8877 0.3927 0.2406
vn 0.8276 -0.4997 0.2558
vn 0.7635 -0.5837 0.2764
vn 0.7190 -0.6570 0.2269
vn 0.6674 -0.7153 0.2072
vn 0.1143 -0.8124 0.5718
vn -0.3677 -0.8924 0.2616
vn 0.1896 -0.9810 -0.0410
vn 0.5779 -0.8004 0.1596
vn 0.3160 -0.7058 0.6340
vn 0.2892 -0.9280 0.2351
vn 0.5440 -0.8384 0.0335
vn 0.6117 -0.6810 0.4026
vn 0.7562 -0.6430 0.1214
vn 0.7964 -0.5813 0.1668
vn 0.7614 -0.6425 0.0866
vn 0.7867 -0.6173 0.0079
vn 0.6556 -0.7457 0.1187
vn 0.7659 -0.6401 0.0598
vn 0.2862 -0.8819 0.3747
vn 0.4526 -0.8917 -0.0029
vn 0.4630 -0.8037 0.3738
vn 0.3323 -0.6586 0.6751
vn 0.6629 -0.7143 -0.2244
vn 0.6626 -0.7202 0.2055
vn 0.5621 -0.8258 0.0447
vn 0.6687 -0.7414 0.0562
vn 0.6558 -0.7457 -0.1177
vn 0.5354 -0.8361 0.1198
vn 0.8180 -0.5548 -0.1520
vn 0.7470 -0.6032 -0.2794
vn 0.7626 -0.6185 0.1894
vn 0.7159 -0.6560 0.2391
vn 0.5748 -0.7499 0.3275
vn 0.7912 -0.5742 0.2104
vn 0.4306 -0.3740 0.8214
vn 0.5694 -0.3673 0.7354
vn 0.4530 -0.7466 0.4872
vn 0.5726 -0.6087 0.5492
vn 0.0291 -0.0563 0.9980
vn -0.3182 0.0981 0.9429
vn -0.7608 0.2266 0.6081
vn -0.6851 0.2587 0.6809
vn -0.2558 0.1718 0.9513
vn -0.6524 0.1702 0.7385
vn -0.4975 0.4614 0.7346
vn 0.3928 0.8817 -0.2614
vn 0.9758 0.1103 -0.1887
vn -0.7066 -0.5688 -0.4209
vn -0.0398 -0.8858 -0.4623
vn 0.5460 -0.8157 -0.1912
vn -0.2130 -0.9705 0.1128
vn 0.0871 0.0158 0.9961
vn -0.3676 -0.8573 -0.3605
vn -0.0616 -0.7152 -0.6962
vn 0.4731 -0.8191 -0.3246
vn 0.6701 -0.6061 0.4285
vn -0.1959 -0.4504 0.8711
vn 0.7009 0.5522 0.4514
vn 0.3803 0.0576 0.9231
vn 0.1784 0.9167 0.3575
vn -0.0124 0.4473 0.8943
vn -0.0212 0.9583 0.2848
vn -0.1293 -0.4649 -0.8759
vn -0.0163 -0.0237 -0.9996
vn 0.1621 -0.6150 -0.7717
vn -0.6948 0.6408 -0.3266
vn -0.9942 0.1043 -0.0257
vn -0.7801 -0.6250 -0.0272
vn -0.8242 -0.4101 0.3905
vn -0.6998 0.7060 0.1087
vn -0.8860 -0.4031 0.2291
vn -0.5880 0.1077 0.8016
vn -0.1230 0.2554 -0.9590
vn -0.4037 0.1290 -0.9058
vn -0.3005 0.6406 0.7067
vn -0.4509 -0.2908 0.8438
vn -0.7300 0.6102 -0.3080
vn -0.8898 0.0999 -0.4452
vn -0.5084 0.8125 -0.2851
vn -0.7618 0.6412 -0.0923
vn -0.8101 0.3405 0.4773
vn -0.5709 0.1588 0.8055
vn -0.1438 0.0644 0.9875
vn -0.1653 0.5267 0.8338
vn 0.1763 -0.9708 0.1625
vn -0.6620 -0.6684 0.3392
vn -0.9855 0.0357 -0.1660
vn -0.6226 -0.7467 -0.2341
vn 0.3102 -0.1375 0.9407
vn -0.4460 0.8239 -0.3498
vn -0.6222 0.3295 -0.7102
vn -0.0721 -0.3498 -0.9340
vn -0.5794 -0.2118 -0.7870
vn 0.3291 -0.1870 -0.9256
vn 0.3721 -0.1464 -0.9166
vn 0.3186 -0.1204 -0.9402
vn -0.3589 -0.5519 -0.7527
vn 0.3305 0.6515 -0.6829
vn -0.2848 0.6731 -0.6825
vn -0.5654 0.7531 -0.3364
vn -0.2266 0.9078 -0.3530
vn -0.7382 -0.0106 0.6745
vn -0.8054 0.5891 -0.0650
vn -0.4562 0.8467 0.2738
vn -0.5074 0.6510 0.5646
vn -0.3410 0.7919 0.5066
vn -0.4876 0.7938 -0.3635
vn -0.4323 0.4658 -0.7721
vn -0.4596 0.8616 -0.2154
vn -0.5015 0.7948 -0.3418
vn -0.5382 0.7967 -0.2750
vn 0.1749 0.9491 -0.2618
vn -0.2139 0.9604 -0.1788
vn -0.4089 0.8636 0.2950
vn -0.2001 0.3836 -0.9016
vn 0.8147 -0.5535 -0.1726
vn 0.8475 -0.3064 -0.4334
vn 0.8473 0.4291 -0.3129
vn 0.9975 0.0641 -0.0290
vn -0.2111 0.8110 0.5456
vn -0.1215 -0.0465 -0.9915
vn 0.4466 0.0261 -0.8944
vn 0.6593 0.4547 0.5988
vn 0.7380 0.6742 0.0287
vn 0.2325 0.9425 0.2400
vn 0.3761 0.6436 0.6666
vn -0.2104 0.7897 0.5763
vn -0.4557 0.3378 0.8235
vn 0.5230 -0.6202 -0.5846
vn 0.1718 -0.3928 -0.9034
vn 0.8708 -0.2666 0.4131
vn 0.3253 0.3582 0.8752
vn -0.1901 -0.4001 0.8965
vn 0.1075 -0.0147 0.9941
vn 0.3662 0.8370 -0.4067
vn -0.3413 0.7694 -0.5400
vn -0.7474 0.5453 -0.3795
vn -0.3032 0.9125 -0.2746
vn 0.1566 -0.1909 -0.9690
vn -0.1103 -0.7419 -0.6614
vn 0.5358 -0.2076 -0.8185
vn 0.3979 -0.0438 -0.9164
vn 0.1783 -0.6358 0.7510
vn -0.8720 -0.1261 -0.4730
vn 0.1375 0.5897 -0.7958
vn -0.3277 0.4804 -0.8135
vn -0.7351 0.4295 -0.5245
vn -0.3253 -0.9214 0.2128
vn -0.4785 -0.8471 0.2310
vn -0.5509 -0.8233 -0.1368
vn 0.8246 -0.4743 0.3083
vn 0.9457 0.3103 -0.0966
vn 0.4128 0.9102 0.0325
vn 0.7416 0.2587 0.6190
vn -0.0289 0.0575 -0.9979
vn -0.5703 -0.0109 -0.8213
vn -0.3995 -0.4993 -0.7689
vn -0.3596 -0.8381 0.4102
vn -0.4277 -0.7286 0.5350
vn -0.2182 -0.7686 0.6013
vn -0.2113 -0.6874 0.6948
vn -0.1993 -0.7958 0.5718
vn 0.3157 0.5617 0.7647
vn 0.2174 -0.4557 -0.8632
vn 0.7036 -0.3364 -0.6259
vn 0.4570 0.1657 -0.8739
vn 0.7698 0.3011 -0.5628
vn 0.0053 -0.9999 -0.0144
vn 0.1350 -0.6809 -0.7199
vn 0.8908 -0.3454 -0.2952
vn 0.6468 -0.7019 0.2983
vn 0.4278 -0.2419 0.8709
vn 0.2258 -0.8595 -0.4586
vn 0.8470 -0.4960 -0.1914
vn 0.1629 0.9561 0.2437
vn -0.2134 0.9520 -0.2194
vn -0.4374 0.8343 0.3356
vn 0.0928 0.7490 0.6561
vn -0.2539 -0.8825 0.3958
vn -0.2434 -0.8187 0.5202
vn -0.1717 -0.6382 -0.7505
vn -0.2312 -0.6877 0.6882
vn -0.1363 -0.4325 0.8913
vn -0.7963 -0.5712 0.1991
vn -0.9143 -0.2087 -0.3472
vn -0.3013 -0.9187 0.2553
vn -0.3812 -0.9169 -0.1181
vn -0.2900 0.0478 -0.9558
vn -0.4102 0.6026 -0.6846
vn 0.1037 0.3643 -0.9255
vn 0.4029 0.0054 -0.9152
vn -0.2138 0.0311 -0.9764
vn 0.4874 0.4532 -0.7464
vn -0.2402 0.1573 -0.9579
vn 0.0438 0.0427 -0.9981
vn -0.4520 0.2465 -0.8573
vn -0.2573 0.1861 -0.9482
vn -0.0826 0.0071 -0.9966
vn 0.0987 0.6940 -0.7132
vn -0.9116 0.3916 -0.1254
vn -0.8041 -0.1284 0.5805
vn -0.2209 -0.8959 0.3854
vn -0.1366 -0.4951 0.8580
vn -0.4783 0.3309 0.8135
vn -0.3920 -0.4836 0.7826
vn 0.2916 0.9430 -0.1603
vn -0.4318 0.8658 0.2527
vn 0.2963 0.7422 0.6011
vn 0.8618 0.4793 0.1659
vn 0.2554 0.0198 -0.9666
vn 0.4326 -0.2179 -0.8749
vn -0.0067 0.1289 0.9916
vn -0.2536 0.2298 -0.9396
vn 0.6494 0.6354 0.4178
vn 0.7432 0.6625 -0.0938
vn 0.3526 0.8289 0.4342
vn 0.3348 0.7386 0.5851
vn -0.9312 0.1848 -0.3142
vn -0.3681 0.6193 -0.6935
vn -0.0030 0.8883 -0.4592
vn 0.3259 0.9416 -0.0851
vn 0.3257 0.8600 -0.3927
vn 0.8047 0.4597 -0.3755
vn 0.0452 0.6779 -0.7338
vn 0.9946 0.0227 -0.1010
vn 0.8274 -0.3023 0.4733
vn 0.5462 -0.8342 0.0764
vn 0.6532 -0.5410 -0.5298
vn -0.6922 0.3892 -0.6077
vn -0.6797 0.2334 -0.6954
vn -0.3682 -0.6313 -0.6825
vn -0.6523 0.0319 -0.7573
vn -0.8311 0.3453 -0.4359
vn -0.6431 0.5681 -0.5136
vn 0.2168 0.1637 -0.9624
vn 0.0152 -0.8322 0.5542
vn 0.1240 -0.3394 0.9324
vn -0.2921 -0.4194 0.8596
vn -0.3737 -0.5423 0.7525
vn 0.5328 0.3632 0.7643
vn -0.1084 -0.9851 -0.1338
vn -0.2253 -0.9483 0.2234
vn -0.5068 -0.6667 -0.5465
vn -0.3141 -0.8013 0.5092
vn 0.1373 -0.4938 0.8587
vn 0.0066 0.1289 0.9916
vn 0.1352 -0.4328 0.8913
vn -0.2583 -0.7019 0.6638
vn 0.6580 -0.1221 0.7430
vn 0.4358 0.4147 0.7988
vn -0.6178 0.4686 -0.6314
vn -0.7730 0.4583 -0.4387
vn -0.2815 0.7004 -0.6559
vn -0.4491 0.2642 -0.8536
vn -0.2921 0.0224 -0.9561
vn -0.0892 0.5493 -0.8308
vn -0.0464 0.1458 -0.9882
vn -0.3211 -0.7712 0.5497
vn 0.0245 0.4990 0.8663
vn 0.0816 -0.0456 0.9956
vn -0.2083 -0.9563 -0.2052
vn -0.4655 -0.8624 0.1990
vn -0.5338 -0.8271 -0.1757
vn -0.5190 0.2468 0.8184
vn -0.5227 0.0172 -0.8524
vn -0.2504 0.0516 -0.9668
vn -0.3902 0.2499 -0.8862
vn -0.3225 -0.6863 0.6519
vn -0.6154 -0.7805 0.1100
vn -0.5229 -0.8524 0.0015
vn -0.3136 -0.8987 0.3067
vn -0.0247 -0.8167 0.5766
vn 0.1335 -0.4240 0.8957
vn -0.4256 -0.7001 -0.5733
vn -0.4093 -0.4280 -0.8058
vn -0.2228 -0.1346 -0.9655
vn -0.3387 -0.8058 0.4858
vn -0.7549 -0.6542 0.0469
vn -0.3925 -0.8265 -0.4035
vn -0.1249 -0.9922 0.0041
vn -0.6546 -0.3267 -0.6817
vn -0.8571 -0.3411 0.3860
vn -0.1856 -0.7006 0.6890
vn -0.1508 -0.3066 0.9398
vn -0.7726 -0.4709 -0.4259
vn -0.1806 -0.5986 -0.7804
vn -0.1436 -0.0882 -0.9857
vn -0.9039 0.2942 -0.3105
vn -0.7975 0.0438 -0.6017
vn -0.9440 -0.2653 -0.1964
vn -0.9037 0.1131 0.4129
vn -0.3302 -0.0277 -0.9435
vn 0.5127 -0.2387 -0.8247
vn -0.6351 -0.5653 0.5264
vn -0.1516 -0.4851 0.8612
vn -0.2011 -0.4216 0.8842
vn -0.1493 0.0001 0.9888
vn 0.1911 -0.1342 -0.9723
vn -0.1643 -0.7502 -0.6405
vn -0.0540 -0.4969 -0.8661
vn 0.6681 -0.2215 -0.7104
vn -0.3778 -0.7133 0.5903
vn 0.6635 -0.1237 -0.7379
vn 0.5118 -0.1946 -0.8368
vn 0.4736 0.0619 -0.8786
vn 0.2591 -0.1290 -0.9572
vn 0.5285 -0.0155 -0.8488
vn 0.4748 -0.0965 -0.8748
vn 0.3946 -0.0410 -0.9179
vn -0.0988 0.1706 -0.9804
vn -0.3924 -0.1580 0.9061
vn 0.1300 -0.0853 -0.9878
vn 0.3073 0.6559 -0.6894
vn 0.4386 0.0591 -0.8968
vn 0.0677 0.3855 -0.9202
vn -0.1531 0.8745 -0.4603
vn -0.6080 0.7916 -0.0606
vn -0.6554 0.3688 -0.6591
vn -0.7198 0.5442 0.4309
vn 0.4291 -0.0768 -0.9000
vn 0.3296 -0.0500 -0.9428
vn -0.4275 0.3505 0.8333
vn 0.3694 0.8644 -0.3412
vn 0.0397 0.9989 -0.0259
vn 0.2082 0.5128 -0.8329
vn 0.0440 0.2239 -0.9736
vn -0.2938 0.7569 0.5837
vn 0.1750 -0.0002 -0.9846
vn 0.0900 -0.0782 -0.9929
vn -0.3241 0.4015 0.8566
vn 0.8313 0.4903 -0.2619
vn 0.6479 0.7615 0.0162
vn 0.2343 0.7965 0.5574
vn -0.1053 0.0346 -0.9938
vn -0.2595 -0.0394 -0.9649
vn 0.9947 0.0752 0.0698
vn 0.9916 0.0848 -0.0973
vn 0.9439 0.3269 0.0468
vn 0.7565 0.3020 0.5800
vn 0.6141 0.5238 0.5904
vn 0.2292 0.5176 0.8244
vn -0.1188 0.4254 0.8972
vn -0.3166 -0.1428 -0.9378
vn -0.1436 -0.1041 -0.9841
vn 0.6163 0.0465 -0.7861
vn -0.0623 -0.1867 -0.9804
vn 0.0962 0.2843 0.9539
vn 0.7521 -0.1817 -0.6335
vn 0.5012 -0.3349 -0.7979
vn 0.1095 -0.0712 -0.9914
vn 0.9744 -0.1863 -0.1257
vn 0.8808 -0.4498 0.1480
vn 0.6294 0.0233 0.7768
vn -0.2376 -0.0629 -0.9693
vn -0.1666 -0.1126 -0.9796
vn 0.0446 -0.6495 -0.7591
vn -0.0368 -0.1793 -0.9831
vn 0.5634 -0.7819 -0.2667
vn 0.1432 0.2698 0.9522
vn -0.2322 0.1135 -0.9660
vn -0.1414 -0.0143 -0.9898
vn 0.1150 -0.2978 0.9477
vn -0.0154 -0.9879 0.1546
vn 0.2461 -0.7866 0.5663
vn -0.0771 0.0778 -0.9940
vn -0.0692 -0.0097 -0.9976
vn -0.3314 -0.5254 0.7836
vn -0.9769 0.0668 -0.2032
vn -0.6836 -0.4325 -0.5879
vn -0.8888 -0.2955 0.3502
vn -0.6694 -0.6049 0.4313
vn -0.9738 0.1141 -0.1968
vn -0.5410 -0.8138 -0.2122
vn 0.1984 -0.9757 0.0933
vn 0.1938 -0.1007 -0.9759
vn -0.4513 0.3190 -0.8334
vn -0.6417 0.2890 0.7104
vn -0.3275 -0.4223 0.8452
vn -0.0817 0.1469 0.9858
vn 0.1334 -0.2530 0.9582
vn 0.1984 0.1377 0.9704
vn 0.6923 0.6416 -0.3301
vn 0.8761 -0.4336 0.2108
vn 0.8272 0.4185 -0.3750
vn -0.0568 -0.6935 0.7182
vn -0.8467 0.5236 0.0948
vn 0.9901 -0.0541 -0.1295
vn 0.9152 0.1052 -0.3890
vn 0.9352 0.2372 -0.2629
vn 0.8420 0.2253 0.4902
vn 0.3536 -0.2032 -0.9130
vn -0.0580 -0.0726 -0.9957
vn -0.0544 -0.0946 -0.9940
vn -0.2016 0.7397 0.6420
vn -0.1445 0.4816 0.8644
vn -0.0197 0.4845 -0.8746
vn -0.5052 0.8164 -0.2798
vn -0.1403 0.7949 -0.5903
vn 0.4855 -0.2081 -0.8491
vn 0.4154 -0.1161 -0.9022
vn 0.5917 0.5484 -0.5909
vn 0.7238 -0.5533 -0.4123
vn 0.8907 0.3117 -0.3311
vn 0.8089 0.5741 -0.1269
vn 0.0230 0.9995 0.0225
vn -0.2403 0.3493 -0.9057
vn 0.4035 0.7734 -0.4889
vn 0.4077 0.2911 -0.8655
vn 0.4497 0.8229 0.3472
vn 0.1862 0.6429 0.7429
vn 0.4167 0.5574 0.7181
vn 0.1303 -0.0482 -0.9903
vn 0.4010 0.0032 -0.9161
vn -0.1099 0.1068 -0.9882
vn 0.6529 0.1255 -0.7470
vn -0.2856 0.0973 -0.9534
vn 0.1109 0.8901 -0.4421
vn -0.4671 0.6615 -0.5867
vn -0.3960 0.8814 -0.2576
vn 0.3305 -0.9138 0.2361
vn 0.7334 -0.5751 -0.3624
vn 0.7470 -0.4022 0.5293
vn 0.1945 0.2708 0.9428
vn -0.2450 -0.0433 -0.9686
vn -0.4378 -0.0054 -0.8990
vn 0.8373 0.4124 0.3590
vn -0.1250 -0.2273 -0.9658
vn -0.5506 0.0983 -0.8290
vn -0.1296 0.1712 -0.9767
vn 0.5843 -0.1001 -0.8053
vn 0.5883 0.0529 0.8069
vn -0.6794 0.5596 0.4747
vn -0.3829 0.0584 0.9220
vn 0.0096 0.4469 0.8946
vn -0.1879 0.9142 0.3591
vn -0.5196 0.0466 -0.8531
vn 0.2085 -0.3258 0.9222
vn -0.4393 0.0156 -0.8982
vn 0.1048 -0.7630 -0.6379
vn -0.3606 0.0145 -0.9326
vn -0.4679 0.0174 -0.8836
vn 0.2035 -0.4480 0.8706
vn 0.0781 -0.8859 -0.4572
vn 0.9938 0.1046 -0.0376
vn 0.7803 -0.6231 -0.0533
vn 0.8837 0.0880 -0.4597
vn 0.7375 0.5984 -0.3129
vn 0.5770 -0.2525 -0.7768
vn 0.1325 -0.3683 -0.9202
vn 0.5658 0.5197 -0.6401
vn 0.8342 -0.3942 0.3857
vn 0.4549 -0.2993 0.8388
vn -0.0948 -0.8280 0.5526
vn 0.3865 -0.8910 0.2382
vn 0.1477 0.8080 -0.5703
vn 0.0471 0.4245 -0.9042
vn -0.5633 -0.0725 -0.8231
vn -0.0935 -0.6241 -0.7757
vn 0.0986 -0.0585 -0.9934
vn 0.2273 -0.4211 -0.8781
vn 0.5879 0.1078 0.8017
vn 0.7017 0.7041 0.1085
vn 0.2344 0.3284 -0.9150
vn 0.4263 0.1611 -0.8901
vn 0.3006 0.6397 0.7074
vn 0.5729 0.1613 0.8036
vn 0.1644 0.5249 0.8352
vn 0.1444 0.0641 0.9874
vn 0.0151 0.9580 0.2862
vn -0.5719 -0.8049 0.1582
vn -0.1842 -0.9815 -0.0513
vn 0.5069 0.8139 -0.2840
vn 0.7605 0.6425 -0.0934
vn 0.3037 0.9143 -0.2681
vn 0.7485 0.5446 -0.3783
vn 0.3397 0.7652 -0.5469
vn -0.3745 0.8325 -0.4082
vn 0.8106 0.3424 0.4751
vn -0.3067 -0.1413 0.9413
vn -0.4605 -0.8270 -0.3225
vn -0.0147 -0.7822 -0.6228
vn 0.3384 -0.8713 -0.3553
vn 0.4478 0.8166 -0.3641
vn 0.5074 0.6502 0.5655
vn 0.4839 0.8043 -0.3450
vn 0.4858 0.7874 -0.3794
vn 0.5669 0.7466 -0.3480
vn 0.2910 0.6973 -0.6551
vn 0.2338 0.4468 -0.8635
vn 0.4558 0.8468 0.2741
vn 0.3421 0.7910 0.5072
vn 0.4551 0.3384 0.8236
vn 0.7420 -0.0122 0.6703
vn 0.8049 0.5901 -0.0630
vn 0.2165 0.7883 0.5759
vn 0.4584 0.8625 -0.2144
vn -0.1930 0.9547 -0.2267
vn 0.2376 0.8843 -0.4019
vn -0.3299 0.6596 -0.6753
vn -0.8547 0.4293 -0.2920
vn 0.2141 0.9613 -0.1735
vn 0.5399 0.7992 -0.2640
vn 0.1631 -0.0506 -0.9853
vn 0.4353 0.4930 -0.7533
vn 0.4099 0.8627 0.2963
vn -0.7496 0.6606 0.0418
vn -0.9978 0.0644 -0.0166
vn -0.2282 0.9406 0.2514
vn -0.4481 -0.0451 -0.8928
vn -0.8558 -0.3204 -0.4062
vn -0.3796 0.6361 0.6718
vn -0.6562 0.4534 0.6031
vn 0.2122 0.8096 0.5472
vn -0.1826 -0.3912 -0.9020
vn -0.5063 -0.6544 -0.5616
vn -0.8682 -0.2716 0.4154
vn -0.8188 -0.5493 -0.1667
vn -0.3252 0.3528 0.8774
vn -0.1739 -0.9716 0.1607
vn 0.6274 -0.7433 -0.2322
vn 0.9846 0.0410 -0.1697
vn 0.6649 -0.6663 0.3375
vn -0.4080 0.9116 0.0512
vn -0.2936 -0.1581 -0.9427
vn -0.3140 -0.1725 -0.9336
vn 0.3644 -0.5445 -0.7555
vn -0.3070 -0.1372 -0.9418
vn 0.7287 0.4350 -0.5289
vn 0.8646 -0.1513 -0.4792
vn -0.1072 -0.0154 0.9941
vn 0.1898 -0.3969 0.8980
vn -0.7701 0.3006 -0.5627
vn -0.1514 0.5939 -0.7902
vn -0.4730 0.1814 -0.8622
vn -0.7092 -0.3212 -0.6275
vn -0.1760 -0.6316 0.7550
vn -0.2320 -0.8810 -0.4124
vn 0.3908 -0.4851 -0.7822
vn 0.5420 -0.0244 -0.8400
vn 0.3603 -0.8379 0.4099
vn 0.4731 -0.8491 0.2350
vn 0.4271 -0.7354 0.5261
vn 0.3913 -0.4861 0.7814
vn 0.7910 -0.5772 0.2029
vn 0.8034 -0.1270 0.5818
vn -0.9466 0.3073 -0.0979
vn -0.8738 -0.4620 -0.1515
vn 0.0112 0.0769 -0.9970
vn 0.3163 0.4952 -0.8091
vn -0.3154 0.5609 0.7655
vn -0.7369 0.2428 0.6309
vn 0.5382 -0.8322 -0.1331
vn 0.9145 -0.2044 -0.3493
vn 0.2115 -0.6874 0.6948
vn 0.2217 -0.7683 0.6005
vn 0.1873 -0.7968 0.5745
vn -0.8241 -0.4750 0.3087
vn -0.2549 -0.4361 -0.8631
vn -0.4269 -0.2428 0.8711
vn 0.1766 -0.6484 -0.7405
vn 0.2281 -0.6889 0.6880
vn 0.3370 -0.9177 0.2102
vn 0.3012 -0.9184 0.2566
vn 0.3842 -0.9163 -0.1133
vn 0.0006 0.0292 -0.9996
vn 0.2304 0.0912 -0.9688
vn 0.2432 -0.8189 0.5198
vn 0.2556 -0.8825 0.3948
vn -0.4634 0.4749 -0.7481
vn -0.8936 -0.3517 -0.2790
vn -0.8711 0.4531 0.1894
vn -0.2471 0.9466 -0.2072
vn -0.1752 -0.1698 -0.9698
vn -0.4844 -0.1998 -0.8517
vn -0.4170 -0.1141 -0.9017
vn -0.4415 -0.0078 -0.8972
vn 0.9336 0.1632 -0.3190
vn 0.3731 0.6132 -0.6963
vn 0.4230 0.8696 0.2547
vn -0.3748 -0.1683 -0.9117
vn -0.3693 0.0407 -0.9284
vn 0.3135 0.0741 -0.9467
vn -0.0039 -0.9988 -0.0482
vn -0.1236 -0.6766 -0.7260
vn 0.4246 -0.4569 -0.7816
vn 0.4232 -0.7405 -0.5221
vn 0.4805 0.3238 0.8150
vn 0.2968 0.2436 -0.9234
vn 0.4326 0.8345 0.3412
vn 0.9147 0.3869 -0.1169
vn -0.0826 0.1637 -0.9830
vn 0.6256 0.4755 -0.6185
vn -0.0918 0.6793 -0.7281
vn 0.4288 0.3821 -0.8186
vn 0.2290 0.9480 -0.2212
vn 0.4168 0.6101 -0.6738
vn -0.0671 0.4431 -0.8939
vn -0.0041 0.8837 -0.4680
vn -0.3596 0.8319 0.4226
vn -0.3305 0.7395 0.5865
vn -0.1640 0.9555 0.2452
vn -0.3257 0.9403 -0.0983
vn -0.0934 0.7490 0.6560
vn -0.0769 0.7059 -0.7042
vn 0.1233 0.1057 -0.9867
vn 0.3727 0.2261 -0.9000
vn -0.5313 -0.8438 0.0756
vn -0.8273 -0.3020 0.4737
vn -0.9939 0.0127 -0.1094
vn -0.6507 -0.5324 -0.5414
vn -0.6411 0.6427 0.4195
vn -0.5588 0.3319 0.7600
vn -0.3243 0.8753 -0.3589
vn -0.7941 0.4744 -0.3799
vn -0.7407 0.6639 -0.1023
vn 0.6804 0.2207 -0.6989
vn 0.6481 0.5521 -0.5245
vn 0.8237 0.3373 -0.4559
vn 0.6602 0.0467 -0.7497
vn -0.2183 0.1795 -0.9592
vn 0.5045 -0.6696 -0.5451
vn 0.1149 -0.9842 -0.1349
vn 0.3548 -0.6275 -0.6931
vn -0.1255 -0.3510 0.9279
vn 0.3148 -0.8010 0.5092
vn 0.3849 -0.5241 0.7598
vn -0.0148 -0.8345 0.5509
vn 0.2331 -0.9462 0.2245
vn 0.5184 0.2456 0.8191
vn 0.8570 -0.3518 0.3765
vn 0.6623 0.5743 0.4812
vn -0.0562 0.9077 0.4158
vn -0.5849 0.6774 0.4460
vn 0.2744 0.5578 0.7833
vn 0.2899 -0.4157 0.8621
vn 0.2582 -0.7034 0.6623
vn -0.3055 0.7290 0.6125
vn -0.4358 0.4147 0.7989
vn -0.0816 -0.0456 0.9956
vn -0.0245 0.4990 0.8663
vn 0.2197 -0.8944 0.3895
vn 0.3265 -0.7596 0.5625
vn -0.6630 -0.1100 0.7405
vn 0.7703 -0.4727 -0.4280
vn 0.1813 -0.5984 -0.7804
vn -0.4873 -0.2324 -0.8417
vn 0.3428 0.0203 -0.9392
vn 0.1652 -0.5331 -0.8297
vn -0.4335 -0.6183 -0.6556
vn 0.3088 0.0184 -0.9510
vn 0.0595 0.1480 -0.9872
vn 0.1033 0.5463 -0.8312
vn -0.6315 -0.7119 0.3074
vn 0.1552 -0.1123 -0.9815
vn 0.2573 0.0581 -0.9646
vn 0.3636 0.2482 -0.8979
vn 0.1517 -0.4851 0.8612
vn 0.3293 -0.6838 0.6511
vn 0.6154 -0.7797 0.1159
vn 0.6380 -0.5551 0.5336
vn 0.1508 -0.3066 0.9398
vn 0.1922 -0.6993 0.6885
vn 0.5180 -0.8549 -0.0277
vn 0.3336 -0.9046 0.2654
vn -0.1333 -0.4244 0.8956
vn 0.0380 -0.8173 0.5750
vn 0.2094 0.0212 -0.9776
vn 0.4928 0.0189 -0.8699
vn 0.6742 -0.3660 -0.6415
vn 0.5360 -0.8262 -0.1733
vn 0.2735 -0.1900 -0.9429
vn 0.2128 -0.9542 -0.2104
vn 0.1428 -0.6997 -0.7001
vn 0.4634 -0.8642 0.1959
vn 0.1493 0.0001 0.9888
vn 0.2011 -0.4215 0.8842
vn 0.9781 0.0755 -0.1942
vn 0.6824 -0.4327 -0.5891
vn 0.4574 0.2814 -0.8435
vn -0.5168 -0.2254 -0.8259
vn -0.6633 -0.2368 -0.7099
vn 0.3807 -0.7101 0.5923
vn -0.1431 -0.1832 -0.9726
vn -0.3935 -0.0738 -0.9164
vn 0.9434 -0.2651 -0.1995
vn 0.7958 0.0475 -0.6037
vn 0.3926 -0.1581 0.9060
vn -0.4412 0.0920 -0.8927
vn 0.1663 0.2120 -0.9630
vn -0.6197 -0.1140 -0.7765
vn -0.4788 -0.0676 -0.8753
vn -0.5167 -0.0096 -0.8561
vn -0.2292 0.5176 0.8244
vn -0.2126 0.8028 0.5571
vn -0.6534 0.7568 0.0211
vn -0.6135 0.5243 0.5906
vn -0.3491 -0.1721 -0.9212
vn -0.1283 -0.0710 -0.9892
vn -0.5213 -0.2163 -0.8255
vn 0.9021 0.1155 0.4159
vn 0.9105 0.2795 -0.3047
vn -0.0415 0.9987 -0.0290
vn 0.1590 0.8735 -0.4602
vn -0.3135 0.6501 -0.6922
vn -0.3601 0.8707 -0.3349
vn 0.4276 0.3504 0.8333
vn -0.3847 -0.0298 -0.9226
vn 0.3240 0.4016 0.8566
vn 0.7248 0.5488 0.4165
vn 0.5898 0.8038 -0.0778
vn 0.3002 0.7588 0.5780
vn 0.1188 0.4254 0.8972
vn 0.6580 0.3605 -0.6611
vn -0.3816 -0.0282 -0.9239
vn -0.4646 -0.0533 -0.8839
vn -0.0430 0.4091 -0.9115
vn -0.4512 0.0628 -0.8902
vn -0.1592 -0.0214 -0.9870
vn -0.1256 -0.0372 -0.9914
vn -0.5414 -0.0091 -0.8407
vn 0.1803 0.0086 -0.9836
vn 0.3227 -0.1522 -0.9342
vn 0.1239 -0.2699 -0.9549
vn -0.0960 0.2842 0.9539
vn 0.0078 0.2147 -0.9766
vn 0.2800 -0.0510 -0.9586
vn -0.2285 0.5358 -0.8128
vn 0.1716 -0.1019 -0.9799
vn 0.2382 -0.0572 -0.9695
vn 0.1733 -0.0686 -0.9825
vn -0.8128 0.5089 -0.2836
vn -0.9438 0.3198 0.0835
vn -0.9957 0.0437 -0.0817
vn -0.7467 -0.2610 -0.6118
vn -0.9678 -0.2123 -0.1355
vn -0.1136 -0.0969 -0.9888
vn -0.4958 -0.3497 -0.7949
vn -0.7526 0.3083 0.5818
vn -0.9930 0.0843 0.0824
vn -0.5632 -0.7835 -0.2626
vn 0.0358 -0.1766 -0.9836
vn -0.0490 -0.6485 -0.7596
vn 0.2317 0.0982 -0.9678
vn 0.1526 -0.0206 -0.9881
vn -0.1432 0.2698 0.9522
vn -0.6317 0.0244 0.7748
vn -0.8817 -0.4478 0.1488
vn 0.0944 0.0657 -0.9934
vn 0.0812 -0.0061 -0.9967
vn -0.1148 -0.2978 0.9477
vn -0.2280 -0.7759 0.5883
vn 0.0151 -0.9881 0.1531
vn 0.8886 -0.2947 0.3513
vn 0.7546 -0.6545 0.0463
vn 0.3314 -0.5255 0.7836
vn 0.1257 -0.9921 0.0049
vn 0.3921 -0.8257 -0.4056
vn 0.3403 -0.8064 0.4836
vn 0.6348 0.3006 0.7118
vn 0.8442 0.5285 0.0898
vn 0.3323 -0.4302 0.8393
vn 0.0817 0.1469 0.9858
vn -0.1984 0.1377 0.9704
vn -0.1334 -0.2530 0.9582
vn 0.2079 -0.7367 -0.6434
vn -0.1682 -0.1464 -0.9748
vn 0.0622 -0.5022 -0.8625
vn -0.0299 0.5120 -0.8584
vn -0.1428 -0.0414 -0.9889
vn 0.1146 0.0924 -0.9891
vn 0.0580 -0.1129 -0.9919
vn 0.0634 -0.0646 -0.9959
vn -0.3500 -0.1988 -0.9154
vn 0.1446 0.4817 0.8643
vn 0.5043 0.8164 -0.2814
vn 0.1495 0.7893 -0.5956
vn 0.2270 0.3607 -0.9046
vn -0.4020 0.7892 -0.4643
vn -0.4344 0.2537 -0.8643
vn 0.2262 0.7413 0.6319
vn 0.2649 -0.0195 -0.9641
vn 0.4575 -0.0000 -0.8892
vn -0.1859 0.6431 0.7428
vn -0.0237 0.9995 0.0214
vn 0.3495 0.0616 -0.9349
vn -0.6914 -0.0861 -0.7173
vn -0.8935 0.3260 -0.3087
vn -0.4558 0.8206 0.3447
vn -0.9280 0.1309 -0.3488
vn 0.5266 0.0492 -0.8487
vn 0.1394 0.1291 -0.9818
vn -0.5939 -0.1727 -0.7858
vn -0.4165 0.5574 0.7182
vn -0.1945 0.2709 0.9428
vn -0.8376 0.4123 0.3583
vn -0.8081 0.5741 -0.1317
vn -0.9331 0.2347 -0.2726
vn -0.9898 -0.0600 -0.1292
vn -0.7454 -0.5691 -0.3470
vn -0.8364 0.2202 0.5020
vn -0.1067 -0.7608 -0.6402
vn 0.1449 -0.2405 -0.9598
vn 0.3634 0.0053 -0.9316
vn 0.4432 0.0174 -0.8963
vn 0.5349 0.0902 -0.8401
vn -0.7446 -0.4352 0.5061
vn -0.3254 -0.9147 0.2397
vn -0.5886 0.0528 0.8067
vn 0.4782 0.0110 -0.8782
vn -0.2181 0.8190 0.5308
vn -0.8452 0.4564 0.2780
vn -0.7959 -0.3415 0.4999
vn -0.2329 0.1847 0.9548
vn -0.2084 -0.3257 0.9222
vn 0.0282 -0.6895 0.7237
vn 0.2275 -0.9253 -0.3036
vn -0.5843 -0.8059 -0.0955
vn -0.9166 -0.3148 -0.2465
vn -0.5454 0.7330 0.4065
vn -0.9240 0.3823 0.0071
vn 0.7611 -0.5832 0.2839
vn 0.9524 0.3015 -0.0452
vn 0.4781 0.8699 0.1211
vn 0.6333 0.2612 0.7285
vn 0.2328 -0.7928 0.5633
vn 0.7724 0.5846 0.2481
vn 0.9984 -0.0228 -0.0510
vn 0.8825 -0.3293 -0.3357
vn 0.6278 0.6883 -0.3634
vn 0.8269 -0.5490 -0.1215
vn 0.1219 -0.9911 0.0533
vn -0.2328 -0.7928 0.5633
vn -0.7187 0.6912 -0.0750
vn -0.1230 -0.8784 0.4617
vn 0.1006 -0.2622 0.9597
vn -0.0001 -0.3614 0.9324
vn 0.4586 -0.5801 0.6732
vn -0.8790 -0.4702 0.0788
vn -0.9692 -0.0325 0.2441
vn -0.5565 0.8251 0.0973
vn -0.9731 0.0915 -0.2114
vn -0.1324 0.8710 0.4731
vn 0.1549 0.8288 0.5377
vn -0.0473 0.7292 0.6826
vn 0.2667 0.6423 0.7185
vn 0.1364 0.9070 0.3984
vn 0.4401 0.5671 -0.6963
vn 0.1543 -0.2094 0.9656
vn 0.8012 0.0888 0.5917
vn 0.5206 0.7235 0.4533
vn 0.6820 0.6653 0.3037
vn 0.3336 0.8702 -0.3625
vn 0.1815 0.9794 -0.0886
vn 0.1068 0.8475 0.5200
vn -0.3902 0.8618 -0.3240
vn 0.1558 0.3590 0.9202
vn -0.8429 -0.4559 0.2859
vn -0.8176 0.2534 0.5171
vn -0.9508 0.1904 0.2445
vn -0.5141 0.8111 -0.2790
vn 0.1419 0.9262 -0.3494
vn 0.1383 0.6317 -0.7628
vn -0.6917 0.5986 -0.4042
vn -0.8744 0.1440 -0.4633
vn -0.3388 -0.7229 0.6022
vn 0.6874 -0.6640 0.2942
vn 0.5275 0.2806 0.8019
vn -0.3960 -0.0912 0.9137
vn 0.5044 0.8629 -0.0323
vn 0.8367 -0.5245 0.1574
vn 0.1895 -0.9636 0.1885
vn 0.9066 -0.4220 0.0079
vn -0.3084 0.3421 0.8876
vn -0.3956 -0.7469 0.5345
vn -0.3044 -0.9472 -0.1005
vn 0.5523 -0.7128 0.4323
vn -0.2633 -0.5186 0.8135
vn -0.0176 -0.3175 0.9481
vn 0.9749 0.2189 0.0414
vn 0.8351 -0.1033 -0.5403
vn 0.6789 0.5478 -0.4889
vn 0.4187 -0.6238 -0.6600
vn 0.9159 -0.2773 -0.2902
vn 0.5722 -0.8134 -0.1046
vn -0.2365 -0.9236 -0.3018
vn 0.2420 -0.4612 -0.8537
vn -0.3736 0.0154 -0.9275
vn 0.8169 -0.2965 0.4948
vn 0.5020 -0.1230 0.8561
vn 0.4322 -0.6289 0.6463
vn -0.8373 0.2260 0.4978
vn -0.1771 0.9688 0.1733
vn -0.1920 0.6279 -0.7542
vn 0.5076 0.8549 -0.1067
vn 0.9314 0.0402 -0.3617
vn 0.5642 0.4090 -0.7172
vn 0.7864 -0.3552 -0.5053
vn 0.4367 0.0119 -0.8995
vn 0.4082 -0.7561 -0.5116
vn -0.9133 -0.3023 0.2729
vn -0.8325 -0.1114 0.5427
vn -0.4955 0.2636 0.8277
vn -0.2365 0.8904 0.3890
vn -0.8501 0.5265 0.0123
vn -0.6467 -0.7530 -0.1218
vn -0.2692 0.9375 -0.2206
vn 0.6207 0.4195 -0.6623
vn 0.4489 0.2639 -0.8537
vn 0.2815 0.7004 -0.6559
vn 0.7730 0.4583 -0.4387
vn -0.5270 -0.7027 -0.4780
vn -0.5527 -0.4163 0.7220
vn -0.3937 -0.0852 0.9153
vn -0.9510 -0.2326 -0.2036
vn -0.6710 -0.7409 -0.0291
vn -0.0647 -0.1668 0.9839
vn 0.1626 0.6297 0.7596
vn -0.2982 0.1397 0.9442
vn -0.6535 0.2558 -0.7124
vn 0.4962 0.5516 -0.6705
vn -0.0944 0.4710 -0.8771
vn 0.1287 0.8748 0.4671
vn -0.5210 0.7173 0.4625
vn -0.1274 0.8524 0.5071
vn 0.5518 0.7207 0.4197
vn 0.4005 -0.7392 0.5415
vn 0.8428 -0.4421 0.3071
vn 0.8220 0.2488 0.5123
vn 0.3086 -0.5350 0.7865
vn 0.0322 -0.3640 -0.9308
vn -0.5083 0.0212 -0.8609
vn 0.7467 -0.3240 -0.5809
vn 0.7394 -0.0043 -0.6733
vn 0.2471 -0.9192 -0.3066
vn -0.3748 -0.6167 -0.6922
vn -0.2874 0.2882 0.9134
vn -0.5879 -0.3064 -0.7487
vn -0.2686 -0.7141 0.6465
vn 0.7580 0.1861 0.6251
vn -0.0390 -0.1487 0.9881
vn 0.8012 -0.2046 0.5623
vn 0.9884 -0.0031 0.1519
vn -0.4477 -0.0343 0.8935
vn 0.1165 -0.1448 -0.9826
vn 0.2452 -0.5247 -0.8153
vn 0.8706 0.1667 -0.4628
vn 0.8422 -0.1368 -0.5216
vn 0.3913 0.1189 -0.9125
vn 0.3189 -0.0272 -0.9474
vn -0.0057 0.0179 -0.9998
vn 0.9651 -0.2367 0.1125
vn 0.0649 0.3165 0.9464
vn -0.4157 -0.1252 0.9008
vn -0.9354 -0.1245 0.3310
vn -0.7936 0.5639 0.2287
vn -0.9414 -0.3052 -0.1438
vn -0.7542 -0.6491 -0.0998
vn -0.7920 0.6063 0.0722
vn -0.8485 0.3884 -0.3593
vn -0.9734 0.2287 0.0140
vn -0.8156 0.0878 0.5719
vn 0.6682 -0.3077 -0.6774
vn -0.2991 0.1010 0.9489
vn 0.0914 0.1408 0.9858
vn 0.6427 0.6550 0.3974
vn 0.9046 0.3981 0.1523
vn -0.1331 0.1850 0.9737
vn 0.0026 0.5358 0.8444
vn 0.3888 0.8906 0.2359
vn 0.1626 0.6527 0.7399
vn 0.6789 0.7337 -0.0276
vn 0.6718 0.4619 -0.5790
vn 0.5863 0.2853 -0.7582
vn -0.4128 0.2880 0.8641
vn -0.6538 0.1390 -0.7438
vn -0.9406 0.1911 -0.2806
vn -0.0283 0.7192 0.6942
vn 0.0227 0.3575 0.9336
vn -0.6696 0.3642 0.6473
vn -0.0983 0.1467 0.9843
vn -0.4766 0.8683 0.1374
vn 0.0729 0.9425 -0.3261
vn 0.3187 0.6411 -0.6982
vn 0.3052 0.4038 -0.8624
vn -0.7412 0.5677 -0.3581
vn -0.2731 0.6193 -0.7361
vn 0.0967 0.4228 -0.9010
vn -0.9264 0.3622 0.1030
vn -0.5148 0.4513 0.7289
vn -0.2295 0.2065 0.9512
vn -0.4359 0.4283 0.7916
vn -0.9838 0.1621 0.0767
vn -0.9401 0.2304 -0.2513
vn -0.5810 0.1906 -0.7913
vn -0.2508 0.2643 -0.9313
vn -0.9742 0.0319 -0.2236
vn -0.7717 -0.1124 -0.6259
vn -0.6917 -0.6568 -0.3001
vn -0.8481 -0.4960 0.1865
vn -0.9114 -0.2844 -0.2974
vn -0.5691 -0.3057 -0.7633
vn -0.4255 -0.1014 -0.8993
vn -0.4984 -0.5041 0.7053
vn 0.0935 -0.2598 0.9611
vn -0.4471 -0.1884 0.8744
vn -0.9778 0.0288 0.2075
vn -0.4267 -0.8358 0.3455
vn 0.1944 0.1201 0.9735
vn -0.6861 -0.2774 -0.6726
vn -0.1973 -0.2743 -0.9412
vn -0.3529 -0.2262 -0.9079
vn 0.8586 -0.5071 0.0757
vn 0.4397 -0.6474 0.6225
vn 0.0886 -0.9956 -0.0321
vn 0.4899 -0.6577 -0.5722
vn -0.4891 -0.0077 0.8722
vn -0.3545 -0.3574 0.8641
vn -0.3342 -0.5741 -0.7475
vn -0.3790 -0.1998 -0.9036
vn -0.0044 -0.4586 -0.8886
vn -0.4207 0.3074 0.8536
vn 0.2353 0.0987 0.9669
vn -0.9903 0.1301 0.0493
vn -0.7810 0.2898 0.5532
vn -0.7764 -0.0801 -0.6252
vn -0.4559 -0.1236 -0.8814
vn -0.1200 -0.9912 0.0562
vn -0.8662 -0.4929 -0.0821
vn 0.4391 -0.2177 -0.8717
vn -0.2894 0.0940 -0.9526
vn -0.0059 0.0090 -0.9999
vn 0.3144 -0.9461 -0.0780
vn -0.2040 -0.9642 0.1697
vn -0.4543 0.4273 -0.7817
vn -0.9967 -0.0623 0.0510
vn -0.7716 0.2648 0.5784
vn -0.9643 0.0006 -0.2647
vn -0.9265 -0.2380 -0.2916
vn -0.7565 -0.1060 -0.6454
vn -0.5057 0.0538 0.8610
vn -0.0452 -0.9985 -0.0323
vn -0.3487 -0.8888 0.2974
vn -0.7513 -0.5932 -0.2892
vn -0.4602 -0.4993 -0.7341
vn -0.4752 -0.1758 -0.8621
vn -0.3427 0.2335 0.9100
vn -0.4212 0.1199 0.8990
vn -0.3979 0.2893 0.8706
vn -0.6695 -0.1665 0.7239
vn 0.0653 -0.1229 0.9903
vn -0.4300 -0.4974 0.7535
vn -0.8411 -0.5250 0.1299
vn -0.6620 -0.2176 -0.7173
vn -0.4853 -0.0922 -0.8695
vn -0.4651 -0.1355 -0.8748
vn 0.9422 -0.2179 0.2547
vn 0.7942 -0.5653 0.2228
vn 0.8744 -0.1970 -0.4434
vn -0.3237 -0.1644 0.9318
vn 0.7739 -0.3154 0.5491
vn -0.1264 -0.4953 0.8595
vn -0.6212 -0.1349 0.7719
vn 0.8668 0.0399 -0.4970
vn 0.1255 -0.2083 0.9700
vn 0.4734 -0.6900 0.5475
vn 0.8215 0.1941 0.5361
vn 0.1868 0.1122 0.9760
vn 0.7727 -0.1378 0.6196
vn 0.9749 0.0240 0.2212
vn 0.4184 -0.7357 -0.5326
vn -0.1162 -0.4147 -0.9025
vn 0.6137 -0.2268 -0.7563
vn 0.2872 0.0706 -0.9553
vn 0.0777 0.5778 0.8125
vn -0.2258 0.1633 0.9604
vn 0.1708 0.3917 0.9041
vn 0.6112 0.6957 0.3775
vn -0.4168 0.2700 0.8680
vn -0.4284 0.1452 0.8919
vn 0.0182 0.0039 0.9998
vn 0.8821 0.4650 0.0750
vn 0.8581 0.1711 -0.4841
vn 0.6557 0.0786 -0.7509
vn 0.4856 0.8673 -0.1092
vn 0.6136 0.4893 -0.6198
vn 0.5380 0.2280 -0.8115
vn -0.0223 0.9712 0.2373
vn -0.4853 0.4809 0.7302
vn -0.1204 0.0449 0.9917
vn -0.5380 -0.0596 0.8408
vn -0.3372 0.8868 -0.3162
vn 0.1535 0.6847 -0.7124
vn 0.3134 0.3853 -0.8679
vn -0.5951 0.4469 0.6679
vn -0.3837 -0.7572 0.5286
vn -0.0989 -0.2606 0.9604
vn -0.1163 0.3901 -0.9134
vn 0.3041 -0.1477 -0.9411
vn -0.1916 -0.8801 -0.4344
vn -0.8553 -0.0916 -0.5099
vn -0.4693 0.1045 -0.8768
vn 0.5325 -0.0693 0.8436
vn 0.5577 -0.5791 0.5947
vn 0.8508 -0.0102 0.5254
vn -0.9074 0.1827 -0.3785
vn -0.4023 0.6535 -0.6412
vn 0.7518 0.6229 0.2164
vn 0.7677 -0.6348 0.0877
vn 0.9949 0.1005 0.0124
vn -0.6302 0.7451 -0.2183
vn 0.2285 0.1520 0.9616
vn 0.2995 0.0433 0.9531
vn 0.3712 -0.9174 -0.1432
vn 0.9007 -0.3620 -0.2401
vn 0.4809 0.5705 -0.6658
vn 0.0455 -0.9990 0.0028
vn 0.4285 -0.8860 0.1772
vn 0.0583 0.9378 0.3422
vn 0.2999 0.6061 0.7367
vn 0.3007 -0.8640 0.4039
vn 0.2901 -0.3185 0.9024
vn 0.4481 0.8755 0.1806
vn 0.8768 0.4784 0.0481
vn 0.5050 0.6948 -0.5121
vn 0.3575 0.8533 0.3796
vn 0.4180 0.8847 -0.2061
vn 0.3397 0.8348 -0.4333
vn -0.3398 0.8958 0.2864
vn -0.2931 0.9049 0.3088
vn -0.0628 0.9776 0.2009
vn -0.0852 0.9098 0.4062
vn -0.2148 0.9695 -0.1183
vn -0.0379 0.9127 -0.4068
vn 0.0440 0.5466 0.8362
vn -0.2165 0.7872 0.5774
vn -0.5477 0.7567 0.3569
vn -0.1400 0.8195 0.5558
vn 0.0047 0.6159 0.7878
vn -0.6582 0.6762 -0.3308
vn -0.4528 -0.1121 -0.8846
vn 0.9299 0.3676 0.0127
vn 0.7397 -0.3043 0.6002
vn 0.1145 -0.8800 0.4610
vn -0.1084 -0.3132 0.9435
vn -0.4603 -0.5748 0.6765
vn 0.8612 0.4174 0.2899
vn 0.7609 -0.3404 0.5524
vn 0.7213 0.6886 -0.0747
vn 0.2335 0.8095 0.5386
vn 0.2387 0.1838 0.9536
vn -0.9202 0.3720 0.1218
vn -0.7863 0.1981 0.5852
vn -0.0957 0.3059 0.9472
vn -0.6411 0.6564 0.3977
vn -0.8832 -0.2357 -0.4055
vn -0.7900 0.1095 0.6033
vn -0.0040 -0.3558 0.9346
vn -0.9987 -0.0217 -0.0465
vn -0.6780 0.6704 0.3014
vn -0.2722 0.6589 0.7013
vn -0.1436 0.9050 0.4004
vn -0.4396 0.5673 -0.6964
vn -0.6375 0.6849 -0.3528
vn -0.7724 0.5847 0.2481
vn 0.8664 0.1463 -0.4774
vn 0.9468 0.1862 0.2623
vn -0.1476 -0.3146 0.9377
vn -0.3339 0.8702 -0.3623
vn -0.1568 0.8289 0.5369
vn 0.0434 0.6199 0.7835
vn -0.1618 0.9826 -0.0909
vn 0.9685 0.0731 0.2381
vn 0.5573 0.8246 0.0974
vn 0.2383 0.9553 0.1752
vn 0.8373 0.2260 0.4978
vn 0.3902 0.8618 -0.3240
vn -0.1486 0.3596 0.9212
vn -0.5558 -0.7155 0.4232
vn 0.5854 0.6711 0.4550
vn 0.4787 0.8426 -0.2467
vn 0.0589 0.9087 0.4133
vn 0.6916 0.5986 -0.4043
vn -0.1383 0.6317 -0.7628
vn -0.1397 0.9275 -0.3468
vn -0.5102 0.8595 -0.0300
vn -0.1971 0.5850 0.7867
vn 0.3132 0.3465 0.8842
vn 0.4835 -0.7602 0.4340
vn 0.3961 -0.0912 0.9137
vn -0.5267 0.2744 0.8046
vn -0.6872 -0.6633 0.2964
vn 0.8502 0.5263 0.0113
vn 0.2279 0.8940 0.3858
vn 0.4916 0.2662 0.8291
vn 0.8326 -0.1134 0.5422
vn 0.0162 -0.3150 0.9489
vn 0.3736 0.0154 -0.9275
vn -0.5565 0.4097 -0.7228
vn -0.9308 0.0401 -0.3632
vn -0.5066 0.8557 -0.1058
vn 0.1910 0.6276 -0.7547
vn -0.8159 -0.5598 0.1446
vn -0.4175 -0.6481 0.6369
vn -0.2397 -0.4629 -0.8534
vn -0.7722 -0.0684 -0.6317
vn -0.8848 -0.4658 0.0101
vn -0.6780 0.5489 -0.4889
vn -0.9750 0.2199 0.0321
vn -0.6465 0.5749 0.5015
vn -0.8487 -0.2204 0.4807
vn -0.5071 -0.1616 0.8466
vn 0.9719 0.0913 -0.2171
vn 0.8890 -0.4531 0.0669
vn 0.9137 -0.3027 0.2711
vn -0.4089 -0.7559 -0.5113
vn -0.7866 -0.3549 -0.5053
vn -0.5047 0.5442 -0.6702
vn 0.0900 0.4671 -0.8796
vn -0.1211 -0.1490 -0.9814
vn -0.7369 -0.0295 -0.6753
vn 0.6448 -0.7534 -0.1290
vn 0.5255 -0.6950 -0.4907
vn -0.7632 -0.5862 0.2717
vn -0.6364 0.2635 0.7250
vn -0.4762 0.8714 0.1181
vn -0.9532 0.2962 -0.0605
vn 0.2703 0.9379 -0.2175
vn -0.1474 -0.9753 0.1648
vn -0.2258 -0.9317 0.2847
vn -0.2891 -0.9030 0.3179
vn -0.2766 -0.9540 0.1153
vn 0.3795 -0.0784 0.9219
vn 0.5540 -0.4548 0.6973
vn 0.2225 -0.9074 0.3565
vn 0.1065 -0.8816 0.4599
vn -0.0007 -0.9379 0.3470
vn 0.1072 -0.9553 0.2756
vn -0.2022 -0.9336 -0.2957
vn 0.6705 -0.7414 -0.0288
vn 0.2651 -0.7231 0.6379
vn 0.0292 -0.1738 0.9843
vn 0.4157 -0.1252 0.9008
vn 0.0010 -0.9909 0.1350
vn -0.1013 -0.9565 0.2735
vn -0.0324 -0.3641 -0.9308
vn 0.5087 0.0206 -0.8607
vn -0.7441 -0.3138 -0.5898
vn -0.1504 0.6246 0.7663
vn 0.0581 -0.1691 0.9839
vn 0.3020 0.1408 0.9428
vn 0.2885 0.2856 0.9139
vn 0.5907 -0.3027 -0.7480
vn 0.6287 0.2488 -0.7368
vn 0.9559 -0.2165 -0.1984
vn 0.3708 -0.6228 -0.6890
vn -0.4828 0.0966 -0.8704
vn -0.8515 -0.0372 -0.5231
vn -0.9906 0.0175 0.1358
vn -0.8378 0.1434 -0.5268
vn 0.4473 -0.0490 0.8930
vn -0.2582 -0.5145 -0.8177
vn -0.7610 -0.2569 0.5957
vn 0.0011 0.0276 0.9996
vn -0.8030 -0.1959 0.5628
vn -0.9756 -0.1598 0.1505
vn 0.0017 0.0178 -0.9998
vn -0.3860 -0.0315 -0.9220
vn -0.6999 0.4391 -0.5633
vn -0.6621 0.7486 -0.0351
vn 0.9904 0.1292 0.0490
vn 0.8324 0.1646 0.5291
vn 0.3979 0.2893 0.8706
vn 0.7481 0.2625 0.6095
vn -0.7222 -0.2663 -0.6383
vn 0.2990 0.1006 0.9489
vn 0.1331 0.1850 0.9737
vn -0.6158 0.2130 -0.7586
vn 0.4128 0.2880 0.8641
vn -0.0030 0.5355 0.8445
vn -0.0943 0.6594 0.7459
vn -0.3954 0.8839 0.2496
vn -0.0227 0.3575 0.9336
vn 0.0301 0.7195 0.6938
vn -0.3164 0.6450 -0.6957
vn -0.0725 0.9425 -0.3263
vn -0.3063 0.4024 -0.8627
vn 0.4665 0.8730 0.1425
vn 0.2792 0.6230 -0.7307
vn 0.7412 0.5677 -0.3581
vn 0.0985 0.1470 0.9842
vn 0.6764 0.3501 0.6480
vn -0.0969 0.4221 -0.9014
vn 0.9270 0.3620 0.0984
vn 0.2289 0.2074 0.9511
vn 0.5161 0.4605 0.7222
vn 0.5816 0.1910 -0.7907
vn 0.9397 0.2317 -0.2516
vn 0.5690 -0.3056 -0.7634
vn 0.9111 -0.2794 -0.3031
vn 0.8477 -0.4946 0.1918
vn 0.6927 -0.6558 -0.3003
vn 0.2504 0.2644 -0.9313
vn 0.9868 0.1360 0.0883
vn 0.9741 0.0321 -0.2240
vn 0.7763 -0.1062 -0.6213
vn 0.4343 0.4284 0.7923
vn 0.9768 0.0126 0.2139
vn 0.4432 -0.1886 0.8764
vn 0.4271 -0.1002 -0.8987
vn 0.2000 -0.2749 -0.9405
vn 0.6765 -0.2703 -0.6850
vn -0.1944 0.1201 0.9735
vn -0.0935 -0.2598 0.9611
vn 0.4891 -0.0077 0.8722
vn 0.4999 -0.4935 0.7117
vn 0.4187 -0.8415 0.3414
vn 0.3159 -0.2966 0.9012
vn 0.3541 -0.2269 -0.9073
vn 0.3755 -0.2011 -0.9047
vn 0.3777 -0.5511 -0.7441
vn 0.0100 -0.9998 0.0155
vn -0.3817 -0.6762 0.6301
vn 0.4202 0.3069 0.8539
vn -0.2787 0.1384 0.9503
vn -0.8214 -0.5358 0.1955
vn -0.4335 -0.7426 -0.5106
vn 0.0994 -0.4864 -0.8681
vn -0.4953 -0.8190 0.2896
vn -0.4027 -0.8539 0.3295
vn -0.5101 -0.7708 0.3817
vn -0.6093 -0.7487 0.2612
vn -0.4977 -0.2725 -0.8234
vn 0.7746 -0.0828 -0.6270
vn 0.9395 0.1844 -0.2887
vn 0.9646 0.0062 -0.2636
vn 0.7914 0.6070 0.0724
vn 0.8204 0.0893 0.5648
vn 0.9721 0.2344 0.0106
vn 0.8495 0.3893 -0.3561
vn 0.6433 0.1431 -0.7521
vn 0.4568 -0.1237 -0.8809
vn 0.0059 0.0090 -0.9999
vn 0.2894 0.0940 -0.9526
vn -0.1061 -0.8825 0.4581
vn -0.0005 -0.8220 0.5694
vn 0.3427 0.2335 0.9100
vn 0.4212 0.1199 0.8990
vn -0.0653 -0.1229 0.9903
vn 0.6716 -0.1731 0.7204
vn 0.5057 0.0538 0.8610
vn 0.8424 -0.0559 -0.5359
vn 0.4693 0.1045 -0.8768
vn 0.4023 0.6535 -0.6412
vn 0.9075 0.1826 -0.3783
vn 0.7564 -0.1061 -0.6455
vn 0.9952 -0.0747 0.0638
vn 0.9280 -0.2336 -0.2901
vn 0.8478 -0.5185 0.1113
vn 0.4023 -0.4792 0.7801
vn 0.4752 -0.1758 -0.8621
vn 0.6678 -0.2068 -0.7151
vn 0.7626 -0.5893 -0.2666
vn 0.4853 -0.0922 -0.8695
vn 0.3210 -0.8975 0.3025
vn 0.3237 -0.1644 0.9318
vn 0.1751 -0.4784 0.8605
vn 0.0465 -0.9987 -0.0223
vn -0.4923 -0.6878 0.5335
vn 0.6212 -0.1349 0.7719
vn -0.1226 -0.2054 0.9710
vn 0.4603 -0.4986 -0.7345
vn 0.4651 -0.1355 -0.8748
vn -0.5051 -0.6979 -0.5077
vn -0.7888 -0.5653 0.2412
vn 0.1162 -0.4147 -0.9025
vn -0.0224 0.0175 0.9996
vn -0.7802 -0.2694 0.5646
vn -0.9321 -0.2446 0.2670
vn -0.7671 -0.1399 0.6260
vn -0.8591 0.1710 -0.4824
vn -0.9756 0.0239 0.2183
vn -0.8221 0.1960 0.5346
vn -0.8812 0.4667 0.0755
vn 0.4284 0.1452 0.8919
vn -0.8668 0.0399 -0.4970
vn -0.8730 -0.1958 -0.4466
vn -0.6137 -0.2268 -0.7563
vn -0.1768 0.1124 0.9778
vn -0.1859 0.4281 0.8844
vn -0.6156 0.6912 0.3785
vn 0.4168 0.2700 0.8680
vn -0.6557 0.0786 -0.7509
vn -0.6144 0.4914 -0.6173
vn -0.4868 0.8666 -0.1097
vn 0.2258 0.1633 0.9604
vn -0.0836 0.5735 0.8149
vn -0.5384 0.2278 -0.8113
vn 0.0235 0.9735 0.2275
vn 0.1204 0.0449 0.9917
vn 0.4832 0.4828 0.7304
vn -0.1536 0.6846 -0.7126
vn 0.3399 0.8859 -0.3157
vn -0.3134 0.3853 -0.8679
vn 0.4591 0.4267 -0.7792
vn 0.5380 -0.0596 0.8408
vn 0.1163 0.3901 -0.9134
vn -0.0469 -0.9989 0.0024
vn -0.3663 -0.9205 -0.1363
vn 0.1772 -0.8701 -0.4599
vn 0.6641 -0.7364 -0.1288
vn 0.8100 0.5402 0.2283
vn 0.9337 -0.1137 0.3395
vn 0.9482 -0.2942 -0.1198
vn 0.5907 0.4546 0.6666
vn 0.0066 0.6187 0.7856
vn 0.0887 -0.2468 0.9650
vn -0.9949 0.0999 0.0171
vn -0.7490 -0.6590 0.0690
vn -0.8595 -0.0312 0.5101
vn -0.7760 0.5954 0.2081
vn 0.7508 0.5141 -0.4148
vn 0.3773 -0.7618 0.5266
vn -0.5365 -0.0645 0.8414
vn -0.5521 -0.5825 0.5966
vn -0.8995 -0.3526 -0.2581
vn -0.2866 -0.3219 0.9024
vn -0.2987 -0.8641 0.4050
vn -0.2833 -0.1363 -0.9493
vn -0.4809 0.5705 -0.6658
vn -0.3397 0.8348 -0.4333
vn -0.5250 0.6920 -0.4954
vn -0.8997 0.4360 0.0189
vn -0.4122 0.8858 -0.2133
vn -0.4365 -0.8812 0.1815
vn -0.3127 0.0587 0.9480
vn -0.2990 0.6047 0.7382
vn -0.0057 0.9404 0.3401
vn -0.2277 0.1509 0.9620
vn -0.4610 0.8717 0.1662
vn 0.0766 0.9791 0.1886
vn 0.2144 0.7827 0.5843
vn 0.2929 0.9063 0.3048
vn -0.4003 0.8476 0.3482
vn 0.0375 0.9126 -0.4070
vn 0.2127 0.9699 -0.1187
vn -0.0420 0.5447 0.8376
vn 0.1304 0.8639 0.4865
vn 0.3461 0.8958 0.2787
vn 0.0531 0.9151 0.3997
vn 0.4901 0.7623 0.4226
vn 0.6581 0.6764 -0.3308
vn 0.1491 -0.9753 0.1630
vn 0.2260 -0.9316 0.2847
vn -0.4367 0.0120 -0.8995
vn -0.2333 -0.9648 -0.1214
vn -0.3430 -0.9227 -0.1762
vn -0.1366 -0.9786 0.1541
vn -0.2872 0.0706 -0.9553
vn -0.3204 -0.8936 0.3142
vn -0.2244 -0.9069 0.3566
vn 0.0229 -0.6603 -0.7507
vn -0.3046 -0.8401 -0.4488
vn -0.6298 -0.7757 -0.0413
vn -0.4039 -0.7737 -0.4882
vn 0.5575 -0.4739 -0.6817
vn 0.4721 -0.7699 -0.4294
vn 0.3918 -0.9009 -0.1868
vn 0.5892 -0.6442 -0.4877
vn -0.6612 -0.6932 0.2869
vn -0.5843 -0.6793 0.4440
vn -0.7132 -0.5891 0.3799
vn -0.7624 -0.5056 0.4040
vn -0.3899 -0.8534 0.3461
vn -0.3040 -0.8508 0.4286
vn -0.2631 -0.6019 0.7540
vn -0.1610 -0.6914 0.7043
vn -0.0673 -0.6211 0.7808
vn -0.1409 -0.5245 0.8396
vn -0.1868 -0.8139 0.5501
vn -0.7066 -0.6820 0.1885
vn -0.6131 -0.7256 0.3124
vn -0.3937 -0.6431 0.6568
vn -0.2818 -0.7384 0.6127
vn -0.7085 -0.6560 0.2603
vn -0.6253 -0.6656 0.4075
vn -0.7826 -0.5824 0.2201
vn -0.7785 -0.3883 0.4932
vn -0.8891 -0.2347 0.3930
vn -0.9395 -0.2783 0.1996
vn -0.8559 -0.3985 0.3297
vn 0.0002 -0.5272 0.8497
vn -0.0554 -0.4054 0.9125
vn -0.2868 -0.5187 -0.8054
vn -0.3075 -0.8257 -0.4730
vn 0.2133 -0.7311 -0.6481
vn 0.1398 -0.5540 -0.8207
vn -0.8388 -0.5399 0.0705
vn -0.7627 -0.6345 0.1255
vn -0.4712 -0.7644 0.4400
vn -0.4017 -0.7643 0.5044
vn 0.0919 -0.7494 -0.6557
vn 0.3883 -0.6775 -0.6247
vn 0.1887 -0.9403 -0.2832
vn -0.0005 -0.8951 -0.4458
vn -0.8204 -0.4568 0.3439
vn -0.9488 -0.3155 0.0171
vn -0.9042 -0.4013 0.1462
vn -0.7435 -0.5378 0.3975
vn -0.8084 -0.5334 0.2490
vn -0.6418 -0.7136 0.2807
vn -0.4907 -0.8308 0.2626
vn -0.2487 -0.8871 0.3888
vn -0.3303 -0.8021 0.4976
vn -0.3847 -0.8853 0.2611
vn -0.1642 -0.9763 0.1409
vn -0.2619 -0.8727 0.4120
vn -0.4630 -0.7677 0.4430
vn 0.5835 -0.7997 -0.1416
vn 0.4104 -0.9107 0.0469
vn 0.5682 -0.7685 0.2941
vn 0.3041 -0.9270 0.2193
vn -0.9602 -0.2788 -0.0188
vn -0.9695 -0.2045 0.1348
vn -0.8572 -0.5095 0.0750
vn -0.4593 -0.6987 -0.5485
vn -0.2738 -0.5998 -0.7518
vn -0.3320 -0.7154 -0.6148
vn -0.5622 -0.7817 -0.2700
vn 0.0806 -0.7586 0.6466
vn -0.0000 -0.6961 0.7179
vn -0.0807 -0.7590 0.6461
vn -0.4801 -0.8772 -0.0103
vn -0.4579 -0.8083 0.3702
vn -0.9827 -0.1627 0.0888
vn -0.9812 0.1212 0.1505
vn -0.8924 0.4365 0.1144
vn -0.9952 0.0858 0.0470
vn 0.1605 -0.6914 0.7044
vn 0.0671 -0.6211 0.7809
vn 0.6249 -0.6658 0.4077
vn 0.7417 -0.5402 0.3975
vn 0.6459 -0.5425 0.5371
vn 0.5148 -0.6648 0.5413
vn -0.0459 -0.8837 0.4658
vn -0.3245 -0.9380 0.1221
vn -0.0323 -0.9585 -0.2831
vn 0.2444 -0.9025 0.3545
vn 0.3870 -0.8549 0.3456
vn 0.4955 -0.8189 0.2896
vn 0.4005 -0.8539 0.3323
vn 0.3207 -0.8938 0.3136
vn -0.5242 -0.5259 0.6698
vn -0.6450 -0.5434 0.5373
vn -0.5157 -0.6638 0.5416
vn -0.3883 -0.4823 0.7852
vn -0.0575 -0.9983 -0.0128
vn -0.5986 -0.7896 -0.1351
vn -0.8632 -0.5013 0.0596
vn -0.6165 -0.7847 0.0641
vn -0.8873 -0.3672 0.2792
vn -0.8152 -0.5367 0.2176
vn -0.7758 -0.6021 -0.1884
vn -0.9185 -0.3950 -0.0199
vn 0.0544 -0.9985 0.0076
vn 0.5457 -0.8237 -0.1542
vn 0.2901 -0.9405 0.1767
vn -0.1000 -0.9907 0.0923
vn -0.8378 -0.5377 0.0948
vn -0.6145 -0.7799 0.1189
vn -0.9273 -0.3734 -0.0269
vn -0.2621 -0.8685 -0.4207
vn 0.1123 -0.6664 -0.7371
vn -0.4385 -0.6600 -0.6100
vn -0.7456 -0.5629 -0.3567
vn -0.2687 -0.8031 -0.5318
vn 0.6441 -0.7137 0.2751
vn 0.8526 -0.5217 0.0298
vn 0.7875 -0.6068 0.1077
vn 0.7316 -0.5823 0.3547
vn -0.9593 -0.2428 0.1443
vn -0.9492 0.0357 0.3127
vn -0.9141 -0.3834 0.1320
vn -0.9590 -0.2833 -0.0004
vn -0.9655 0.1868 0.1812
vn -0.8189 -0.5720 0.0478
vn -0.9453 -0.2140 0.2462
vn -0.9128 -0.3756 -0.1606
vn -0.9431 -0.3063 -0.1293
vn -0.9765 -0.1984 -0.0840
vn -0.9236 -0.3604 -0.1305
vn -0.8828 -0.4456 -0.1486
vn -0.4459 -0.7147 0.5388
vn -0.7315 -0.6726 0.1122
vn -0.7665 -0.6400 0.0526
vn -0.7026 -0.6635 0.2573
vn -0.9451 -0.2952 0.1403
vn -0.9708 -0.2180 -0.0998
vn -0.9990 -0.0242 -0.0382
vn 0.4287 -0.8313 -0.3538
vn 0.3825 -0.8813 0.2775
vn 0.4562 -0.8899 0.0002
vn -0.0012 -0.6093 -0.7929
vn -0.8182 0.5681 0.0888
vn -0.9561 -0.2859 0.0643
vn -0.8523 -0.5053 0.1350
vn -0.8758 -0.4694 0.1121
vn -0.9101 -0.2464 0.3332
vn -0.0847 -0.9958 0.0351
vn 0.0029 -0.9828 0.1846
vn 0.0838 -0.9958 0.0356
vn -0.9090 -0.4128 -0.0583
vn -0.9380 -0.3000 -0.1739
vn -0.9460 -0.2325 -0.2259
vn -0.9380 -0.3220 -0.1286
vn -0.9218 -0.3250 -0.2116
vn -0.2423 -0.3873 0.8895
vn -0.7658 0.5419 0.3462
vn -0.9384 -0.2004 0.2815
vn -0.7706 0.3710 0.5183
vn -0.4932 0.6244 0.6057
vn -0.7527 0.2167 0.6217
vn -0.5657 0.6610 0.4930
vn -0.6418 0.7320 0.2288
vn -0.8736 -0.4493 -0.1869
vn -0.8849 -0.4368 -0.1619
vn -0.8940 -0.4168 -0.1644
vn -0.8614 -0.4703 -0.1918
vn -0.9740 -0.2013 -0.1043
vn -0.9655 -0.2434 -0.0926
vn -0.9536 0.2984 -0.0397
vn -0.9786 0.2052 -0.0180
vn -0.7586 0.6515 0.0119
vn -0.9311 -0.3395 -0.1332
vn -0.9382 -0.3345 -0.0888
vn -0.9039 -0.3938 -0.1669
vn -0.9079 -0.3705 -0.1960
vn -0.8267 -0.5623 0.0176
vn -0.2059 -0.9771 -0.0542
vn -0.9660 -0.1992 -0.1650
vn -0.9171 -0.3272 -0.2279
vn 0.6017 -0.5339 -0.5941
vn -0.9961 -0.0080 -0.0878
vn -0.9938 0.0751 0.0825
vn -0.9920 -0.1252 0.0143
vn -0.9793 -0.1948 -0.0542
vn -0.2899 -0.8416 0.4556
vn -0.0227 -0.9826 -0.1843
vn -0.3213 -0.8364 -0.4442
vn -0.0815 -0.6857 -0.7233
vn -0.6711 -0.3704 0.6422
vn -0.4471 -0.5776 -0.6830
vn -0.4536 -0.7658 -0.4559
vn -0.1229 -0.5574 -0.8211
vn -0.0618 -0.5060 -0.8603
vn -0.0640 -0.5464 -0.8351
vn -0.1593 -0.6375 -0.7538
vn -0.5919 -0.6418 -0.4875
vn -0.4715 -0.8310 -0.2950
vn -0.3917 -0.9016 -0.1836
vn -0.6438 -0.3638 -0.6732
vn -0.7594 -0.3689 -0.5360
vn -0.5561 -0.4741 -0.6826
vn 0.0433 -0.9957 -0.0820
vn -0.1063 -0.7481 -0.6550
vn -0.0897 -0.5573 -0.8254
vn 0.0644 -0.4697 -0.8805
vn -0.0173 -0.6507 -0.7591
vn -0.5834 -0.7665 0.2686
vn -0.4088 -0.7207 0.5598
vn -0.0040 -0.8276 0.5613
vn -0.2512 -0.9141 0.3183
vn 0.3214 -0.6944 -0.6438
vn -0.0035 -0.7069 0.7073
vn 0.3998 -0.7213 0.5655
vn 0.4529 -0.6569 0.6028
vn 0.3341 -0.8017 0.4956
vn -0.7767 -0.5892 0.2228
vn -0.6649 -0.7433 -0.0744
vn -0.8668 -0.4970 -0.0416
vn -0.9797 -0.1934 -0.0532
vn -0.9245 -0.3027 -0.2317
vn -0.9542 -0.2682 -0.1328
vn -0.9835 -0.0796 0.1627
vn -0.9683 -0.2468 0.0385
vn -0.9526 -0.0553 0.2990
vn 0.7782 -0.5889 0.2180
vn 0.5912 -0.7592 0.2720
vn 0.6836 -0.5733 0.4517
vn 0.2516 -0.9133 0.3203
vn 0.4049 -0.6160 0.6757
vn 0.9051 -0.2326 -0.3560
vn 0.9042 -0.3584 -0.2324
vn 0.9296 -0.3467 -0.1255
vn 0.9586 -0.2140 -0.1877
vn -0.8701 -0.4248 0.2501
vn -0.8182 -0.4611 0.3436
vn -0.6829 -0.5724 0.4539
vn -0.9186 -0.3717 0.1344
vn -0.9535 -0.1620 0.2541
vn -0.8829 -0.3206 0.3432
vn -0.8164 -0.4277 0.3881
vn -0.8515 -0.4037 0.3348
vn -0.8349 -0.2743 0.4771
vn 0.3893 0.2410 0.8890
vn -0.0913 -0.0182 0.9957
vn -0.1635 0.2914 0.9425
vn 0.0103 0.3882 0.9215
vn -0.8644 -0.4077 0.2944
vn -0.8103 -0.4153 0.4133
vn -0.8723 -0.4511 -0.1888
vn -0.9147 -0.1944 -0.3543
vn -0.6466 -0.5316 -0.5471
vn -0.6718 -0.6534 -0.3490
vn -0.9562 -0.2904 -0.0373
vn -0.9826 -0.1832 -0.0305
vn -0.9522 -0.2918 -0.0907
vn -0.9132 -0.3971 -0.0919
vn 0.9955 -0.0207 -0.0927
vn 0.9649 -0.0310 -0.2609
vn 0.9797 -0.1920 -0.0581
vn -0.9143 -0.0292 0.4040
vn -0.7413 -0.5493 0.3857
vn -0.7746 -0.5527 0.3075
vn -0.8092 -0.4719 0.3500
vn -0.8167 -0.4831 0.3157
vn -0.6345 -0.4949 0.5937
vn -0.7774 -0.3981 0.4869
vn -0.5663 -0.6799 0.4659
vn -0.3539 -0.6898 0.6316
vn -0.2867 -0.9240 -0.2530
vn -0.2914 -0.8915 -0.3467
vn -0.3190 -0.9478 0.0031
vn -0.2686 -0.9620 0.0492
vn -0.5364 -0.8380 -0.1000
vn -0.5991 -0.7997 0.0400
vn -0.4317 -0.8930 0.1270
vn -0.3494 -0.8556 0.3818
vn -0.6660 -0.7420 0.0775
vn -0.6457 -0.7496 0.1454
vn -0.3246 -0.8291 -0.4552
vn -0.4430 -0.8965 0.0023
vn 0.1160 -0.1407 -0.9832
vn -0.2098 -0.2658 -0.9409
vn -0.1623 -0.6434 -0.7481
vn 0.0797 -0.4070 -0.9100
vn -0.2476 -0.6440 -0.7239
vn -0.3230 -0.7042 -0.6323
vn -0.4219 -0.8340 -0.3556
vn -0.7858 -0.6026 0.1394
vn -0.5823 -0.7274 0.3629
vn -0.5290 0.4014 0.7477
vn -0.3271 0.4509 0.8305
vn -0.4821 -0.0425 0.8751
vn -0.5619 0.4646 0.6844
vn -0.8699 -0.4932 -0.0090
vn -0.8580 -0.4888 0.1581
vn -0.8160 -0.5281 0.2350
vn -0.8303 -0.5517 0.0786
vn -0.6060 -0.7864 0.1194
vn -0.7615 -0.6481 0.0109
vn -0.7432 -0.6413 0.1907
vn -0.7493 -0.6188 -0.2358
vn -0.6635 -0.6872 -0.2957
vn -0.3726 -0.6800 -0.6315
vn -0.4743 -0.6698 -0.5713
vn -0.7719 -0.6302 -0.0832
vn -0.7668 -0.5478 0.3345
vn 0.1396 -0.6442 -0.7520
vn 0.1317 -0.5107 -0.8496
vn -0.1070 -0.5533 -0.8261
vn 0.0476 -0.5959 -0.8017
vn -0.8381 -0.4986 -0.2214
vn -0.8983 -0.4117 -0.1534
vn -0.3078 -0.8720 -0.3806
vn -0.0857 -0.7741 -0.6272
vn -0.3978 -0.7885 -0.4691
vn -0.6356 -0.7534 -0.1682
vn -0.5470 -0.7902 0.2764
vn -0.3355 -0.8933 0.2992
vn -0.6868 -0.6647 0.2939
vn -0.6809 -0.7204 -0.1321
vn -0.2720 0.4483 0.8515
vn -0.1775 0.4286 0.8859
vn -0.4840 -0.1472 0.8626
vn 0.3153 -0.3870 -0.8665
vn -0.2247 -0.6613 -0.7157
vn -0.3730 -0.0210 0.9276
vn -0.4732 -0.5765 0.6661
vn -0.5711 -0.8203 0.0311
vn -0.6312 -0.6040 0.4866
vn -0.4639 -0.7917 -0.3974
vn -0.2878 -0.6137 -0.7352
vn -0.9604 -0.1242 -0.2493
vn -0.9588 -0.2198 -0.1799
vn -0.8339 -0.2945 -0.4667
vn -0.7196 -0.6940 -0.0248
vn -0.7334 -0.6701 0.1148
vn -0.6233 -0.7815 -0.0277
vn -0.5824 -0.7972 -0.1591
vn -0.6055 -0.7950 0.0362
vn -0.5262 -0.6856 -0.5031
vn -0.8534 -0.5212 0.0060
vn -0.8638 -0.5022 -0.0402
vn -0.7882 -0.6079 -0.0957
vn -0.2078 -0.6505 -0.7305
vn -0.0528 -0.8185 -0.5721
vn -0.1583 -0.6910 -0.7053
vn -0.2882 -0.6292 -0.7219
vn -0.1888 -0.6225 -0.7595
vn -0.2682 -0.6790 -0.6834
vn -0.8405 -0.5186 -0.1566
vn -0.9165 -0.3819 -0.1188
vn -0.9237 -0.3289 0.1965
vn -0.8954 -0.4158 0.1595
vn -0.9419 -0.3183 -0.1072
vn -0.9055 -0.4193 -0.0648
vn -0.9165 -0.3987 -0.0336
vn -0.8469 -0.5317 -0.0111
vn -0.8909 -0.4525 -0.0388
vn -0.9388 -0.3412 -0.0482
vn -0.6899 -0.5465 -0.4747
vn -0.0033 -0.4878 -0.8730
vn 0.1753 -0.6057 -0.7762
vn -0.9455 -0.2964 -0.1350
vn -0.9437 -0.2100 -0.2556
vn -0.5063 -0.2627 -0.8214
vn -0.6710 -0.0243 -0.7411
vn -0.3583 0.1908 0.9139
vn -0.0032 0.0439 0.9990
vn -0.9239 -0.3707 -0.0950
vn -0.9555 -0.2830 -0.0826
vn -0.8878 -0.4527 -0.0833
vn -0.7265 -0.6707 -0.1493
vn -0.4653 -0.7758 -0.4263
vn -0.6799 -0.4165 -0.6035
vn -0.3945 -0.1525 -0.9061
vn -0.7547 -0.0389 -0.6549
vn -0.9048 -0.1657 -0.3923
vn -0.9591 -0.1102 0.2606
vn -0.6977 0.0381 0.7154
vn -0.2567 0.4864 0.8352
vn -0.9916 -0.0656 0.1115
vn -0.8409 -0.2925 0.4553
vn -0.9630 -0.2673 0.0349
vn -0.9928 -0.1194 0.0050
vn -0.2881 -0.9000 0.3271
vn 0.3695 -0.0463 -0.9281
vn 0.7704 -0.0742 -0.6333
vn 0.4935 0.0284 -0.8693
vn 0.0375 0.0075 -0.9993
vn -0.3201 -0.8688 -0.3777
vn -0.3854 -0.8956 -0.2223
vn -0.0141 -0.8654 -0.5010
vn -0.8953 -0.4422 -0.0535
vn -0.9955 -0.0689 -0.0651
vn -0.9844 -0.0323 -0.1728
vn 0.0970 -0.7362 0.6698
vn -0.9966 0.0819 -0.0090
vn -0.9991 0.0348 -0.0224
vn -0.9989 -0.0209 -0.0425
vn -0.9981 0.0531 -0.0324
vn 0.5264 -0.3158 -0.7894
vn 0.3440 -0.4264 -0.8366
vn 0.4474 -0.4407 -0.7782
vn -0.8185 -0.5100 -0.2644
vn -0.8617 -0.4227 -0.2806
vn -0.1683 0.1430 0.9753
vn 0.5156 0.0169 0.8567
vn -0.1016 -0.1255 0.9869
vn -0.6699 -0.0313 0.7418
vn -0.9934 -0.1015 -0.0529
vn -0.9868 -0.1078 -0.1207
vn -0.8141 -0.0313 -0.5798
vn -0.4436 -0.0338 -0.8956
vn -0.8759 -0.0519 -0.4796
vn -0.9262 -0.3234 -0.1937
vn -0.9042 -0.3779 -0.1992
vn -0.9299 -0.3372 -0.1471
vn -0.9806 0.0059 0.1958
vn -0.9920 -0.1127 0.0574
vn -0.9127 0.2873 0.2905
vn -0.7325 0.4881 0.4745
vn -0.9757 -0.2188 0.0084
vn -0.9813 -0.1913 -0.0211
vn -0.9904 -0.1375 0.0134
vn -0.9119 0.4090 0.0355
vn -0.4693 0.6650 0.5809
vn -0.5775 0.6749 0.4593
vn 0.3883 0.7060 0.5922
vn -0.8599 0.4124 0.3009
vn -0.3811 -0.1994 0.9028
vn -0.5432 -0.3068 0.7816
vn -0.8030 -0.5664 0.1853
vn -0.0450 -0.3646 0.9301
vn 0.4102 -0.2849 0.8664
vn -0.1145 0.2572 0.9596
vn -0.7479 0.0713 0.6600
vn -0.9518 -0.3066 -0.0086
vn -0.9945 -0.0750 0.0736
vn -0.9492 -0.3100 -0.0534
vn -0.9618 -0.2690 -0.0509
vn -0.9986 -0.0160 -0.0498
vn -0.9304 -0.3473 -0.1169
vn -0.9280 -0.3558 -0.1104
vn -0.9010 -0.3996 -0.1686
vn -0.9684 -0.2485 0.0223
vn -0.9728 -0.1802 0.1455
vn -0.8937 -0.4208 -0.1556
vn -0.9482 -0.1273 0.2910
vn -0.9617 -0.0886 0.2593
vn -0.9787 -0.1491 0.1415
vn -0.9561 -0.2910 -0.0334
vn -0.9120 -0.3906 -0.1251
vn -0.9712 -0.2268 -0.0734
vn -0.9228 -0.3514 -0.1578
vn -0.8998 -0.4059 -0.1600
vn -0.8153 -0.3204 -0.4823
vn -0.7850 -0.0708 -0.6155
vn -0.8959 0.0024 -0.4442
vn -0.9091 -0.2324 -0.3457
vn -0.9764 -0.2092 0.0541
vn -0.7851 0.6154 -0.0702
vn -0.9799 -0.1990 0.0114
vn -0.9510 -0.3077 -0.0316
vn 0.2329 -0.5169 -0.8237
vn -0.9306 -0.3452 -0.1217
vn -0.9866 -0.1568 0.0453
vn -0.9727 -0.2321 -0.0067
vn -0.8879 -0.4327 -0.1562
vn -0.9960 -0.0791 -0.0405
vn -0.9795 -0.1857 -0.0785
vn -0.9606 -0.2677 -0.0742
vn -0.9871 -0.1589 -0.0181
vn 0.8096 -0.5776 -0.1050
vn 0.7890 -0.6137 -0.0305
vn 0.8410 -0.4248 -0.3352
vn 0.0221 -0.4038 -0.9146
vn -0.0622 -0.4416 -0.8950
vn 0.2096 -0.3837 -0.8994
vn 0.1315 -0.4423 -0.8872
vn 0.5020 -0.8269 0.2533
vn 0.6884 -0.3539 -0.6331
vn 0.6482 -0.5601 0.5159
vn 0.7182 -0.4946 -0.4894
vn 0.1776 -0.3871 -0.9047
vn 0.0900 -0.4233 -0.9015
vn -0.0216 -0.6515 -0.7583
vn 0.2301 -0.4276 -0.8742
vn 0.5176 -0.3881 -0.7625
vn -0.0143 -0.4928 -0.8700
vn 0.0420 -0.4519 -0.8911
vn 0.1503 -0.4111 -0.8991
vn 0.3462 -0.3438 -0.8729
vn -0.7730 -0.5263 -0.3542
vn -0.3517 -0.9351 -0.0447
vn -0.9030 -0.2835 -0.3228
vn -0.8760 -0.4447 -0.1869
vn -0.1550 -0.7468 -0.6467
vn 0.3162 -0.8220 -0.4737
vn 0.2910 -0.5136 -0.8072
vn -0.1555 -0.5445 -0.8242
vn -0.9839 -0.0482 0.1724
vn -0.9691 -0.1259 0.2122
vn -0.9912 -0.1005 0.0863
vn -0.9987 -0.0433 -0.0268
vn -0.3288 -0.6684 -0.6672
vn -0.4548 -0.5652 -0.6882
vn -0.4168 -0.4831 -0.7700
vn -0.2483 -0.5730 -0.7810
vn -0.7143 -0.5325 0.4542
vn -0.7704 -0.1485 0.6200
vn -0.4193 -0.8969 -0.1405
vn -0.5825 -0.7681 0.2660
vn -0.7725 -0.6151 0.1576
vn -0.5973 -0.8010 -0.0407
vn -0.8401 0.0925 0.5345
vn -0.7959 -0.1067 0.5959
vn -0.6522 0.1146 0.7493
vn -0.8185 0.0412 0.5731
vn -0.4152 -0.6402 0.6464
vn -0.8859 -0.3471 0.3078
vn -0.9565 -0.0660 0.2842
vn -0.9116 -0.3956 0.1119
vn -0.8249 0.2176 0.5217
vn -0.7849 0.1118 0.6095
vn -0.2222 -0.9514 -0.2134
vn 0.4463 -0.8084 -0.3839
vn 0.8708 -0.3466 -0.3487
vn 0.2590 -0.9267 -0.2722
vn -0.7254 -0.3548 0.5899
vn -0.7017 0.1186 0.7025
vn -0.5422 -0.4235 0.7257
vn -0.5829 -0.6230 0.5216
vn 0.2328 0.2956 0.9265
vn 0.1223 0.2267 0.9663
vn -0.1745 -0.0320 0.9841
vn 0.1364 0.2950 0.9457
vn -0.4408 -0.1325 0.8878
vn -0.0911 0.1660 0.9819
vn -0.0314 0.4329 0.9009
vn -0.3997 0.1798 0.8988
vn -0.4892 -0.4615 0.7401
vn -0.1784 -0.0268 0.9836
vn -0.5682 -0.8021 0.1839
vn -0.8752 -0.4795 0.0633
vn 0.9587 0.2201 -0.1804
vn 0.9477 0.2154 -0.2355
vn 0.9672 0.0721 -0.2435
vn 0.9696 0.2047 -0.1339
vn -0.5016 -0.6361 0.5863
vn -0.5350 -0.4456 0.7178
vn -0.6722 -0.1554 0.7238
vn -0.6813 -0.3875 0.6210
vn -0.6042 -0.7362 -0.3050
vn -0.3467 -0.7055 -0.6181
vn -0.0125 -0.2645 0.9643
vn 0.1875 -0.0200 0.9821
vn 0.1130 0.0749 0.9908
vn 0.0313 0.3623 0.9315
vn -0.6868 -0.6619 0.3005
vn -0.7290 -0.6837 -0.0336
vn -0.1638 -0.1275 0.9782
vn -0.5113 -0.4171 0.7514
vn -0.7853 -0.6140 0.0793
vn -0.8190 -0.5671 0.0878
vn -0.9792 -0.2024 -0.0095
vn -0.9278 -0.2136 0.3058
vn 0.1587 0.3473 0.9242
vn 0.2463 0.1694 0.9543
vn 0.2214 0.0675 0.9728
vn -0.4778 -0.5093 0.7158
vn 0.2517 -0.5140 0.8200
vn 0.3424 -0.4430 0.8286
vn 0.3752 -0.1111 0.9203
vn 0.2639 -0.1893 0.9458
vn -0.1849 -0.7080 0.6816
vn 0.0764 -0.6302 0.7726
vn 0.1267 -0.3429 0.9308
vn -0.1589 -0.5794 0.7994
vn -0.2215 -0.5191 0.8255
vn -0.1429 -0.2017 0.9690
vn -0.3490 -0.4120 0.8417
vn -0.3438 -0.6466 0.6809
vn -0.8759 -0.2513 -0.4119
vn -0.2098 -0.5128 -0.8325
vn -0.4002 -0.4526 -0.7969
vn -0.3394 -0.4725 -0.8133
vn -0.1334 -0.4888 -0.8621
vn 0.5544 -0.4191 0.7191
vn -0.0550 -0.6567 0.7522
vn 0.4772 -0.5472 0.6876
vn 0.0700 -0.9442 0.3217
vn 0.3187 -0.3689 -0.8731
vn -0.6808 -0.3371 -0.6503
vn -0.6390 -0.3812 -0.6681
vn -0.9203 -0.1417 -0.3647
vn -0.0772 0.6096 0.7890
vn -0.0002 0.4927 0.8702
vn 0.0768 0.6096 0.7890
vn -0.0002 0.7250 0.6887
vn -0.9378 0.1081 0.3299
vn -0.7476 0.4182 0.5159
vn -0.9678 -0.1906 -0.1646
vn -0.9184 -0.0728 0.3889
vn -0.9303 -0.0289 0.3656
vn -0.9678 -0.0686 0.2422
vn -0.7712 0.2758 0.5738
vn -0.7058 -0.5551 0.4401
vn -0.8612 -0.2022 0.4664
vn -0.7714 -0.2804 0.5712
vn -0.8682 -0.0693 0.4913
vn 0.2071 -0.9119 0.3543
vn -0.0154 -0.9443 0.3288
vn -0.0912 -0.9460 0.3112
vn 0.0348 -0.9662 0.2554
vn -0.0939 -0.9302 -0.3548
vn -0.2265 -0.8465 0.4818
vn -0.3044 -0.7710 0.5594
vn -0.3578 -0.9287 0.0978
vn 0.2507 -0.8860 0.3900
vn -0.8683 -0.4381 0.2325
vn -0.4489 -0.8932 -0.0249
vn -0.1553 -0.9871 -0.0395
vn 0.4668 -0.6989 -0.5419
vn -0.2127 -0.9073 -0.3626
vn -0.6642 -0.7391 -0.1121
vn -0.7307 -0.4628 0.5018
vn -0.4077 -0.6147 0.6752
vn 0.7146 0.3442 0.6090
vn 0.8521 0.3424 0.3959
vn 0.9547 0.1734 0.2417
vn 0.8802 -0.1521 0.4496
vn 0.0021 -0.6685 0.7437
vn -0.0221 -0.9440 0.3292
vn 0.0756 -0.9967 -0.0284
vn 0.5570 -0.6792 0.4780
vn 0.3587 -0.6912 0.6274
vn -0.4827 -0.8752 0.0329
vn -0.9680 -0.0277 -0.2494
vn -0.9583 -0.2145 -0.1888
vn -0.0610 -0.9981 -0.0120
vn -0.0030 -0.9775 -0.2109
vn 0.6228 -0.7676 -0.1517
vn 0.9460 -0.2259 -0.2325
vn -0.8959 -0.4234 -0.1349
vn -0.9006 -0.4197 -0.1135
vn -0.9133 -0.4028 -0.0600
vn -0.8861 -0.4540 -0.0931
vn -0.9038 -0.3593 -0.2325
vn -0.9289 -0.3483 -0.1260
vn -0.8765 -0.4598 -0.1423
vn -0.9295 -0.3538 -0.1044
vn -0.9682 0.0767 0.2382
vn -0.9885 0.0309 0.1480
vn -0.9781 -0.0352 0.2051
vn -0.9482 0.0282 0.3164
vn 0.1420 0.7180 0.6814
vn 0.1688 0.4887 0.8560
vn 0.2394 0.5969 0.7657
vn -0.9957 -0.0911 0.0139
vn -0.9356 -0.1505 0.3195
vn -0.0979 0.2290 0.9685
vn -0.1862 0.1326 0.9735
vn -0.0845 0.0541 0.9949
vn -0.0002 0.1384 0.9904
vn -0.9931 0.0804 0.0848
vn -0.9992 0.0360 0.0194
vn -0.9972 -0.0318 0.0676
vn -0.9957 0.0903 -0.0222
vn -0.9978 0.0498 -0.0444
vn -0.9996 -0.0168 -0.0212
vn -0.3328 0.2505 -0.9091
vn 0.3633 0.2934 -0.8843
vn 0.6046 0.4559 -0.6532
vn -0.0440 0.3898 -0.9199
vn 0.9269 0.3114 -0.2095
vn 0.8077 0.1522 -0.5695
vn -0.4556 0.2646 -0.8499
vn -0.3869 0.4193 -0.8213
vn -0.1762 0.3975 -0.9005
vn -0.2503 0.2662 -0.9308
vn -0.9939 -0.0895 -0.0638
vn -0.6990 0.3782 0.6069
vn -0.6211 0.2980 0.7249
vn -0.4756 0.4366 0.7636
vn -0.5386 0.5153 0.6666
vn -0.9391 -0.3226 -0.1184
vn -0.6696 -0.4882 -0.5598
vn -0.5367 0.6666 0.5172
vn -0.7073 0.5935 0.3841
vn -0.7390 0.4792 0.4735
vn -0.6024 0.5710 0.5577
vn 0.3571 -0.9338 -0.0240
vn -0.9890 -0.0982 0.1102
vn -0.1284 -0.2475 0.9603
vn -0.8560 0.5169 0.0003
vn -0.9398 0.3301 -0.0888
vn -0.9844 0.1686 -0.0499
vn -0.9455 0.3233 0.0378
vn -0.9989 0.0371 0.0279
vn -0.9058 0.0751 -0.4170
vn -0.6338 0.0917 -0.7680
vn -0.8777 0.0675 -0.4744
vn 0.2918 -0.6753 0.6774
vn 0.3080 -0.7840 0.5390
vn 0.1628 -0.9252 0.3427
vn 0.0002 -0.9712 0.2383
vn 0.0877 -0.9888 -0.1210
vn 0.2552 -0.9159 0.3098
vn 0.0564 -0.4041 0.9130
vn -0.0001 -0.2520 0.9677
vn 0.1146 -0.8473 0.5186
vn -0.0574 -0.9866 -0.1529
vn 0.1467 -0.7030 0.6959
vn 0.1246 -0.9558 0.2664
vn -0.4432 -0.7765 -0.4479
vn -0.0188 -0.9881 0.1529
vn -0.2156 -0.8095 -0.5461
vn -0.3592 -0.7402 0.5684
vn -0.1092 -0.9913 -0.0737
vn -0.2922 -0.9559 -0.0283
vn -0.1480 -0.8583 -0.4914
vn -0.1053 -0.9670 0.2319
vn -0.6785 -0.1196 0.7248
vn -0.7999 -0.1838 0.5712
vn -0.1836 -0.9451 -0.2705
vn -0.8583 -0.0975 0.5038
vn -0.0433 -0.9774 0.2071
vn -0.0002 0.3208 0.9472
vn 0.0972 0.2286 0.9687
vn -0.9009 0.0821 0.4261
vn -0.9202 -0.0290 0.3903
vn -0.8541 0.0294 0.5192
vn -0.8892 -0.0640 0.4529
vn -0.7500 -0.0301 0.6607
vn -0.5146 -0.0320 0.8568
vn -0.2321 -0.0845 0.9690
vn -0.2627 -0.6028 -0.7535
vn 0.1934 -0.6866 -0.7008
vn -0.2006 -0.6692 -0.7155
vn 0.1456 -0.5083 -0.8487
vn -0.9970 0.0204 -0.0747
vn -0.9685 -0.0710 0.2386
vn -0.4820 -0.8586 0.1745
vn -0.3653 -0.7117 0.6000
vn 0.5201 -0.7375 0.4309
vn -0.0592 -0.9498 -0.3074
vn 0.2157 -0.5119 -0.8315
vn 0.2409 -0.3728 -0.8961
vn 0.0672 -0.2521 -0.9654
vn -0.1338 -0.4967 -0.8575
vn -0.5282 0.0472 -0.8478
vn -0.1781 0.4789 -0.8596
vn -0.2220 0.4291 -0.8755
vn -0.3758 -0.0168 -0.9265
vn -0.9302 -0.3108 -0.1954
vn -0.7260 -0.6698 -0.1557
vn -0.9677 -0.0411 0.2488
vn -0.5861 -0.6103 -0.5329
vn 0.1697 0.9802 -0.1016
vn -0.8645 -0.4270 0.2652
vn -0.8146 -0.4575 0.3565
vn 0.1063 -0.9940 0.0242
vn -0.8792 -0.3346 0.3391
vn -0.2202 -0.4703 0.8546
vn -0.3074 -0.7976 0.5190
vn -0.1654 -0.9244 0.3436
vn -0.0017 -0.8611 0.5084
vn -0.9554 0.2627 0.1350
vn -0.9806 0.0716 0.1825
vn 0.4712 0.7348 -0.4879
vn -0.1006 0.7546 -0.6484
vn -0.9098 0.1291 -0.3945
vn -0.5201 -0.7323 -0.4395
vn -0.9223 0.2816 -0.2647
vn -0.8295 0.5585 -0.0025
vn -0.1610 0.0392 -0.9862
vn -0.1760 0.4200 -0.8903
vn -0.0712 0.3887 -0.9186
vn -0.0009 0.1057 -0.9944
vn -0.8341 -0.3746 -0.4048
vn -0.6037 -0.4258 -0.6739
vn -0.4994 0.4802 -0.7211
vn -0.6751 0.4627 -0.5746
vn -0.7636 0.2274 -0.6043
vn -0.3759 0.3807 -0.8449
vn -0.3613 -0.3929 -0.8457
vn 0.1355 -0.1796 -0.9744
vn 0.2248 -0.0609 -0.9725
vn -0.0506 -0.2480 -0.9674
vn -0.5405 0.5507 -0.6361
vn -0.6914 0.6087 -0.3893
vn -0.8943 0.2300 -0.3840
vn -0.9972 -0.0148 -0.0728
vn -0.4866 0.0369 -0.8728
vn 0.5667 0.3076 0.7644
vn -0.6566 0.0525 -0.7524
vn -0.8256 -0.0338 -0.5632
vn -0.9955 -0.0413 -0.0858
vn -0.9557 -0.0575 -0.2886
vn -0.5869 -0.1396 0.7975
vn -0.9190 -0.0848 0.3851
vn -0.9010 -0.0259 -0.4331
vn -0.7450 0.0082 -0.6670
vn -0.3103 -0.3534 0.8825
vn -0.8727 -0.0874 0.4803
vn 0.5867 0.0984 0.8038
vn 0.8956 -0.0434 0.4428
vn 0.9867 0.0830 0.1397
vn 0.8657 0.1998 0.4590
vn 0.4278 -0.3516 0.8327
vn -0.0613 -0.1094 0.9921
vn -0.0002 -0.0184 0.9998
vn -0.1507 -0.0078 0.9886
vn 0.4228 -0.6426 -0.6390
vn 0.8580 -0.3343 -0.3900
vn -0.6775 0.1124 -0.7269
vn -0.2799 0.6920 -0.6654
vn -0.2593 0.8508 -0.4570
vn -0.1810 0.6457 -0.7418
vn -0.9972 0.0667 -0.0342
vn -0.9963 0.0445 -0.0737
vn -0.9990 -0.0250 -0.0361
vn -0.0588 0.0968 -0.9936
vn -0.1148 -0.3291 -0.9373
vn 0.1419 -0.1932 -0.9708
vn -0.1806 -0.0193 -0.9834
vn -0.4251 -0.1358 -0.8949
vn 0.0594 -0.1101 0.9921
vn 0.1278 -0.2479 0.9603
vn 0.9323 -0.1797 0.3139
vn -0.1318 -0.0205 -0.9911
vn 0.0856 0.0526 0.9949
vn -0.4136 0.0051 -0.9105
vn -0.2607 0.0772 0.9623
vn -0.3591 0.0414 0.9324
vn 0.6751 -0.1222 0.7275
vn 0.7504 -0.0293 0.6603
vn 0.6094 0.0391 0.7919
vn 0.5150 -0.0325 0.8566
vn -0.6104 0.0389 0.7911
vn -0.6862 0.0597 0.7249
vn -0.8019 -0.0070 0.5974
vn -0.3643 0.1469 0.9196
vn -0.4696 0.0984 0.8774
vn -0.5605 0.1326 0.8175
vn -0.7661 0.0920 0.6361
vn -0.5317 0.2410 0.8120
vn -0.7534 0.1875 0.6303
vn -0.6563 0.1589 0.7375
vn -0.8387 0.1297 0.5289
vn -0.9370 0.1222 0.3273
vn -0.9652 0.1360 0.2232
vn -0.9814 0.1080 0.1587
vn -0.2508 0.9238 0.2894
vn -0.1308 0.9748 0.1809
vn -0.2593 0.9637 0.0630
vn -0.3992 0.9033 0.1572
vn -0.4179 0.3523 0.8374
vn -0.3288 0.4730 0.8174
vn -0.3687 0.5667 0.7368
vn -0.9989 -0.0049 -0.0464
vn -0.9235 0.1635 0.3471
vn -0.9768 0.1539 0.1487
vn -0.9926 0.1138 -0.0421
vn -0.9946 0.0939 -0.0441
vn -0.5476 0.5583 -0.6233
vn -0.5304 0.3806 -0.7575
vn -0.7683 0.3272 -0.5502
vn -0.7503 0.4840 -0.4504
vn -0.8766 0.4201 0.2348
vn -0.8863 0.3221 0.3327
vn -0.9905 0.1350 0.0254
vn -0.9920 0.1231 0.0270
vn -0.2821 0.2113 0.9358
vn -0.1873 0.3031 0.9344
vn -0.0900 -0.9885 -0.1213
vn 0.0089 -0.8787 -0.4774
vn -0.8388 0.2390 0.4892
vn 0.4483 0.1953 0.8723
vn 0.5606 0.1290 0.8180
vn 0.6560 0.1590 0.7378
vn 0.5328 0.2416 0.8110
vn -0.4473 0.1965 0.8725
vn 0.6207 0.2986 0.7250
vn 0.7532 0.1863 0.6309
vn 0.8390 0.2379 0.4894
vn 0.6969 0.3775 0.6097
vn -0.1030 0.7149 -0.6916
vn -0.0526 0.5529 -0.8316
vn -0.0495 0.3915 -0.9189
vn -0.1220 0.5791 -0.8061
vn -0.2706 0.6868 0.6746
vn -0.1871 0.7896 0.5844
vn -0.2341 0.8320 0.5030
vn -0.3217 0.7438 0.5859
vn -0.2392 0.5974 0.7655
vn -0.1416 0.7179 0.6816
vn -0.0617 0.8135 0.5782
vn -0.1065 0.8688 0.4837
vn -0.2645 0.3800 0.8864
vn -0.3550 0.2764 0.8931
vn -0.2569 -0.9165 0.3067
vn -0.4142 0.6435 0.6437
vn -0.9860 0.1379 0.0939
vn -0.0000 0.9647 0.2634
vn 0.0073 0.9823 0.1872
vn -0.0000 0.9946 0.1038
vn -0.0078 0.9823 0.1872
vn -0.0853 0.3958 0.9144
vn -0.1693 0.4887 0.8559
vn 0.0200 0.9998 -0.0051
vn 0.0007 0.9917 -0.1284
vn -0.0204 0.9998 -0.0050
vn -0.0332 0.9301 0.3658
vn -0.0008 0.8848 0.4661
vn -0.4476 0.7618 0.4683
vn -0.3606 0.8470 0.3906
vn -0.5301 0.8083 0.2562
vn -0.6296 0.7028 0.3312
vn -0.1443 0.9051 0.4000
vn 0.0327 0.9300 0.3662
vn -0.6997 0.7028 0.1285
vn -0.8193 0.5405 0.1910
vn -0.6997 0.7134 -0.0388
vn -0.8203 0.5531 -0.1457
vn -0.0530 0.9581 0.2814
vn -0.2319 0.9631 -0.1364
vn -0.1292 0.9491 -0.2871
vn -0.1898 0.8909 -0.4127
vn -0.3199 0.9145 -0.2478
vn -0.5430 0.8377 0.0589
vn -0.3755 0.9264 -0.0267
vn -0.0513 0.9947 0.0894
vn -0.0719 0.9860 -0.1503
vn -0.0392 0.9604 -0.2757
vn -0.0913 0.9048 -0.4160
vn -0.6313 0.7321 -0.2558
vn -0.5051 0.8550 -0.1173
vn -0.4351 0.8135 -0.3860
vn -0.1434 0.9891 -0.0333
vn 0.0519 0.9947 0.0888
vn -0.9930 0.1136 -0.0335
vn -0.9943 0.1048 -0.0179
vn 0.9377 0.1206 0.3258
vn 0.9008 0.0832 0.4261
vn 0.9483 0.0283 0.3162
vn 0.9680 0.0768 0.2388
vn -0.9009 0.3567 -0.2473
vn -0.9166 0.2513 -0.3108
vn -0.9750 0.1587 -0.1553
vn -0.9672 0.2393 -0.0847
vn 0.0384 0.9616 -0.2717
vn 0.0047 0.9209 -0.3898
vn 0.0738 0.9868 -0.1440
vn -0.7980 -0.1161 -0.5913
vn -0.7738 -0.2364 -0.5876
vn -0.4680 -0.0622 -0.8815
vn -0.6699 -0.0129 -0.7424
vn -0.9692 0.1858 0.1615
vn -0.9958 0.0921 0.0018
vn -0.9945 0.1042 0.0108
vn -0.9910 0.1333 0.0124
vn -0.9938 0.1098 -0.0171
vn -0.9719 0.2231 0.0749
vn -0.9921 0.1239 -0.0209
vn -0.8741 0.4361 -0.2141
vn -0.9606 0.2628 -0.0906
vn -0.7021 0.5997 -0.3839
vn -0.9839 0.0081 -0.1784
vn -0.9869 0.1575 -0.0358
vn -0.8238 0.0276 -0.5662
vn -0.8454 -0.0888 -0.5267
vn 0.9812 0.0044 -0.1927
vn -0.5259 0.6827 -0.5073
vn -0.2883 0.8040 -0.5200
vn -0.3844 0.7118 -0.5878
vn -0.9832 0.1819 -0.0118
vn -0.9877 0.1359 -0.0769
vn -0.9348 0.0491 -0.3518
vn -0.7223 0.0094 -0.6915
vn -0.9942 0.0771 -0.0747
vn -0.9850 0.0618 -0.1611
vn -0.4678 0.0074 -0.8838
vn -0.9647 0.0092 -0.2630
vn -0.9217 0.1223 -0.3681
vn -0.9237 -0.0183 -0.3827
vn -0.9298 -0.1556 -0.3336
vn -0.9799 0.0886 -0.1790
vn -0.3799 0.1794 -0.9075
vn -0.7450 0.2211 -0.6294
vn -0.9705 0.0798 -0.2275
vn -0.0690 0.8433 -0.5330
vn -0.1274 0.8226 -0.5542
vn -0.9290 0.0520 -0.3663
vn -0.7451 0.1685 -0.6453
vn -0.7936 -0.3007 -0.5290
vn 0.1002 0.7121 -0.6949
vn 0.0545 0.5544 -0.8305
vn -0.0022 0.7171 -0.6970
vn 0.0818 0.8367 -0.5415
vn 0.1351 0.2418 -0.9609
vn 0.0146 0.0663 -0.9977
vn 0.0129 0.1814 -0.9833
vn 0.0516 0.3824 -0.9226
vn -0.3444 0.6186 -0.7062
vn 0.0914 0.9051 -0.4153
vn -0.1985 0.7179 -0.6672
vn 0.7699 -0.2290 -0.5957
vn 0.4625 -0.0800 -0.8830
vn 0.3634 -0.1080 -0.9253
vn 0.7881 -0.3081 -0.5329
vn -0.2666 0.4573 -0.8484
vn -0.3408 0.1807 -0.9226
vn -0.7806 0.1226 -0.6129
vn -0.3777 0.1515 -0.9135
vn -0.0269 -0.0062 -0.9996
vn -0.0625 -0.0452 -0.9970
vn 0.0218 -0.0190 -0.9996
vn -0.0424 -0.0295 -0.9987
vn 0.0657 0.1139 -0.9913
vn -0.3486 0.1638 -0.9229
vn -0.3198 0.2131 -0.9232
vn 0.0342 0.0934 -0.9950
vn -0.0141 0.1675 -0.9858
vn -0.0001 0.3663 -0.9305
vn 0.0038 0.0107 -0.9999
vn -0.1343 0.2427 -0.9608
vn -0.9231 -0.0027 -0.3846
vn -0.8159 0.1153 -0.5666
vn -0.9613 -0.1122 -0.2516
vn -0.9432 -0.0796 -0.3225
vn 0.2878 0.8042 -0.5200
vn 0.4299 0.8143 -0.3900
vn 0.5249 0.6837 -0.5070
vn 0.3858 0.7104 -0.5886
vn -0.0526 0.0296 -0.9982
vn -0.9385 -0.1751 -0.2977
vn -0.9331 -0.2376 -0.2699
vn -0.7392 -0.1309 -0.6607
vn -0.9194 -0.2734 -0.2830
vn -0.9657 -0.1732 -0.1936
vn -0.8223 0.0186 -0.5687
vn 0.3178 0.2259 -0.9208
vn 0.8074 0.1094 -0.5798
vn 0.8057 0.0059 -0.5924
vn 0.3630 0.1541 -0.9189
vn 0.0307 -0.0783 -0.9965
vn -0.0309 -0.0792 -0.9964
vn -0.0090 -0.3236 -0.9461
vn -0.0063 0.0701 -0.9975
vn -0.0837 0.0119 -0.9964
vn -0.9240 -0.3331 -0.1878
vn -0.1029 0.0068 -0.9947
vn 0.0195 -0.0374 -0.9991
vn -0.9269 -0.3631 -0.0946
vn -0.7583 -0.4501 -0.4717
vn 0.3326 -0.1101 -0.9366
vn -0.7597 -0.4576 -0.4621
vn -0.7557 -0.6121 -0.2330
vn -0.5152 -0.7241 -0.4585
vn -0.1691 -0.4847 -0.8582
vn 0.8873 -0.3524 -0.2975
vn 0.9720 -0.1515 -0.1798
vn 0.8832 -0.3634 -0.2965
vn 0.7685 -0.6189 -0.1624
vn -0.0892 -0.0481 -0.9948
vn -0.1241 -0.1165 -0.9854
vn 0.0389 -0.2465 -0.9684
vn -0.1611 -0.2803 -0.9463
vn 0.2806 -0.3942 -0.8752
vn -0.0123 -0.3197 -0.9474
vn 0.1175 -0.3890 -0.9137
vn 0.1135 -0.1221 -0.9860
vn 0.1310 -0.1511 -0.9798
vn 0.0829 -0.1926 -0.9778
vn -0.1285 -0.1298 -0.9832
vn 0.1556 -0.0136 -0.9877
vn -0.0733 -0.6407 -0.7643
vn -0.1194 -0.8781 -0.4633
vn -0.0763 -0.8915 -0.4465
vn -0.1545 -0.7854 -0.5994
vn -0.9843 -0.1377 -0.1107
vn -0.9546 -0.1378 0.2641
vn -0.8036 -0.0174 -0.5949
vn 0.1540 0.0153 -0.9879
vn -0.3618 -0.2055 -0.9093
vn -0.6697 -0.3599 -0.6496
vn -0.8456 -0.4019 -0.3514
vn -0.5443 -0.2904 -0.7870
vn -0.9479 -0.3101 -0.0738
vn -0.9050 -0.3078 0.2936
vn -0.8451 -0.4069 0.3467
vn -0.8583 -0.5070 0.0798
vn -0.7734 -0.5188 0.3642
vn -0.0129 0.5336 -0.8456
vn -0.1064 0.2553 -0.9610
vn 0.1355 0.4329 -0.8912
vn -0.7375 -0.6652 0.1165
vn -0.6360 -0.7219 0.2726
vn 0.5585 0.0040 -0.8295
vn 0.4846 0.0194 -0.8745
vn 0.2742 -0.0617 -0.9597
vn 0.5036 -0.0242 -0.8636
vn -0.3554 -0.8547 0.3784
vn -0.4584 -0.8409 0.2879
vn -0.4262 -0.9042 -0.0265
vn -0.5104 -0.8598 0.0150
vn 0.5211 0.0137 -0.8534
vn 0.5814 0.0424 -0.8125
vn 0.4477 0.0445 -0.8931
vn 0.3678 -0.0518 -0.9285
vn 0.5218 0.0154 -0.8529
vn 0.4373 -0.0033 -0.8993
vn -0.1227 -0.4821 -0.8675
vn -0.2222 -0.6356 -0.7393
vn -0.4305 -0.8344 -0.3441
vn -0.3279 -0.7194 -0.6124
vn 0.9492 0.2258 0.2192
vn 0.9644 0.2369 0.1178
vn -0.5387 0.4887 -0.6863
vn -0.4847 0.7536 -0.4439
vn -0.1436 0.8964 -0.4194
vn 0.0225 0.6007 -0.7992
vn -0.8416 -0.2379 -0.4849
vn 0.0721 -0.1335 -0.9884
vn -0.1995 -0.1941 -0.9605
vn -0.5045 -0.1889 -0.8425
vn -0.2125 -0.0704 -0.9746
vn -0.4724 -0.2607 -0.8419
vn -0.8553 -0.3197 -0.4079
vn -0.2597 -0.2053 -0.9436
vn -0.9200 -0.3918 0.0099
vn -0.8432 -0.5148 -0.1552
vn -0.4180 -0.2798 -0.8643
vn -0.5746 -0.6018 -0.5548
vn 0.5784 0.1762 -0.7965
vn 0.3851 0.2685 -0.8830
vn 0.2673 0.0770 -0.9605
vn 0.4683 0.1109 -0.8766
vn 0.5472 0.0608 -0.8348
vn 0.3892 0.0633 -0.9190
vn -0.5794 -0.7870 -0.2121
vn 0.5076 0.2041 -0.8371
vn 0.4475 0.2606 -0.8555
vn 0.2448 0.1202 -0.9621
vn 0.4790 0.1393 -0.8667
vn -0.2167 -0.8544 -0.4722
vn -0.0815 -0.6419 -0.7624
vn 0.4192 0.3042 -0.8554
vn 0.4022 0.3220 -0.8570
vn 0.2719 0.1119 -0.9558
vn -0.3945 0.1297 -0.9097
vn 0.0731 -0.1515 -0.9857
vn 0.2639 0.3406 -0.9024
vn 0.2281 0.4380 -0.8696
vn 0.2379 0.1571 -0.9585
vn -0.0974 -0.3960 -0.9131
vn -0.0253 -0.0960 -0.9951
vn -0.0239 -0.0868 -0.9959
vn 0.0639 0.2805 -0.9577
vn 0.0615 0.5131 -0.8561
vn 0.0147 0.3182 -0.9479
vn 0.1035 0.1590 -0.9818
vn 0.3942 0.0338 -0.9184
vn -0.0787 0.2835 -0.9557
vn 0.3703 -0.0945 -0.9241
vn 0.1583 0.1176 -0.9804
vn -0.0084 -0.1044 -0.9945
vn -0.0877 -0.0420 -0.9953
vn -0.2584 -0.5137 -0.8181
vn 0.2415 0.0241 -0.9701
vn 0.0573 -0.2360 -0.9701
vn 0.0214 -0.1112 -0.9936
vn 0.0711 -0.6358 -0.7686
vn -0.0011 -0.4239 -0.9057
vn 0.0526 -0.0864 -0.9949
vn 0.0954 -0.3935 -0.9144
vn 0.3012 0.0637 -0.9514
vn 0.4238 0.1369 -0.8954
vn 0.3628 -0.0700 -0.9292
vn 0.3201 -0.1996 -0.9261
vn 0.3222 0.5377 -0.7792
vn 0.5789 0.3330 -0.7443
vn 0.3784 0.2385 -0.8944
vn 0.3200 0.1732 -0.9314
vn -0.0034 0.3027 -0.9531
vn 0.0987 0.3362 -0.9366
vn 0.2216 0.2966 -0.9289
vn -0.1203 0.4502 -0.8848
vn -0.0530 0.5127 -0.8570
vn 0.0023 0.4411 -0.8975
vn -0.0937 0.3307 -0.9391
vn -0.7845 0.5452 -0.2955
vn -0.0126 0.0375 -0.9992
vn 0.2038 0.1329 -0.9700
vn 0.2421 -0.0918 -0.9659
vn 0.0034 -0.0250 -0.9997
vn 0.2360 0.0361 -0.9711
vn -0.1232 0.9262 -0.3564
vn 0.2292 0.8446 -0.4839
vn -0.5462 0.8261 -0.1385
vn 0.5983 0.0257 -0.8009
vn -0.3552 0.4358 -0.8270
vn -0.2553 0.5713 -0.7800
vn -0.4044 0.6326 -0.6605
vn -0.4758 0.4908 -0.7299
vn -0.4809 0.1133 -0.8694
vn 0.2356 0.1697 -0.9569
vn -0.1264 0.5228 -0.8430
vn -0.2292 0.5242 -0.8202
vn -0.0427 0.5896 -0.8065
vn -0.6045 0.1978 -0.7716
vn -0.2011 0.3378 -0.9195
vn -0.4073 0.4358 -0.8026
vn -0.7697 0.2564 -0.5847
vn 0.0773 0.3677 -0.9267
vn -0.0631 0.5957 -0.8007
vn -0.0552 0.6445 -0.7626
vn 0.0409 0.5588 -0.8283
vn 0.1661 0.3425 -0.9247
vn -0.1335 0.2032 -0.9700
vn -0.3765 0.0322 -0.9259
vn -0.5996 -0.2258 -0.7678
vn -0.5352 -0.7340 -0.4181
vn -0.3430 -0.6255 -0.7008
vn -0.2957 0.0784 -0.9520
vn -0.3373 -0.1876 -0.9225
vn -0.0933 0.4935 -0.8647
vn -0.3076 -0.3079 -0.9003
vn -0.0576 -0.6275 -0.7765
vn 0.0904 -0.5675 -0.8184
vn -0.4288 0.1443 -0.8918
vn -0.0739 0.6132 -0.7865
vn 0.0257 0.6145 -0.7885
vn -0.3743 0.3883 -0.8421
vn -0.3166 0.3066 -0.8976
vn -0.1435 0.4001 -0.9052
vn -0.3614 0.5318 -0.7659
vn -0.7369 -0.6529 -0.1750
vn -0.4357 0.2605 -0.8616
vn -0.4270 0.3220 -0.8450
vn -0.1857 -0.0092 -0.9826
vn -0.2958 -0.3507 -0.8886
vn -0.5468 -0.3938 -0.7389
vn -0.4851 0.0514 -0.8729
vn 0.3361 0.6154 -0.7129
vn -0.6209 -0.0353 -0.7831
vn -0.4723 0.2765 -0.8369
vn -0.3968 0.3697 -0.8402
vn 0.0527 0.3378 -0.9397
vn 0.0027 0.4319 -0.9019
vn 0.0721 0.5330 -0.8430
vn 0.3040 0.4549 -0.8370
vn -0.3044 0.8140 -0.4948
vn -0.3474 0.2423 -0.9059
vn -0.3560 -0.0607 -0.9325
vn -0.4033 0.2283 -0.8861
vn -0.3669 0.2935 -0.8828
vn -0.3547 -0.1474 -0.9233
vn -0.2494 0.0282 -0.9680
vn -0.3527 0.1542 -0.9229
vn -0.4512 0.0448 -0.8913
vn -0.2340 0.7398 -0.6309
vn -0.0728 0.7897 -0.6091
vn 0.9818 -0.1534 -0.1116
vn 0.9859 -0.1643 -0.0321
vn 0.9961 -0.0802 -0.0378
vn 0.9928 -0.0924 -0.0769
vn 0.1363 0.4427 -0.8863
vn -0.0421 0.2698 -0.9620
vn 0.1680 0.2540 -0.9525
vn -0.0845 0.5980 -0.7971
vn 0.2316 0.5152 -0.8252
vn -0.3260 -0.2018 -0.9236
vn -0.2688 -0.0703 -0.9606
vn -0.1991 0.1840 -0.9625
vn -0.5382 -0.3110 -0.7834
vn -0.1488 -0.3851 -0.9108
vn 0.0030 -0.4151 -0.9098
vn -0.1181 -0.6227 -0.7735
vn -0.3669 -0.6305 -0.6840
vn -0.0305 0.1048 -0.9940
vn 0.0013 0.1790 -0.9838
vn -0.0597 0.3330 -0.9410
vn 0.0309 0.1052 -0.9940
vn -0.1613 0.2566 -0.9530
vn 0.2515 0.4088 -0.8773
vn 0.1149 0.2374 -0.9646
vn 0.0069 0.0870 -0.9962
vn -0.0975 0.5296 -0.8426
vn -0.0202 0.3187 -0.9477
vn -0.2526 -0.0951 -0.9629
vn -0.0042 -0.1817 -0.9833
vn -0.1715 -0.1249 -0.9772
vn -0.3899 -0.0638 -0.9187
vn 0.1795 -0.1218 -0.9762
vn 0.1534 0.2597 -0.9534
vn 0.2378 0.2817 -0.9296
vn 0.1370 0.4666 -0.8738
vn -0.0610 0.2808 -0.9578
vn 0.0022 0.2173 -0.9761
vn -0.5779 -0.2302 -0.7829
vn -0.5384 -0.3736 -0.7553
vn -0.4896 -0.4741 -0.7318
vn -0.5546 -0.2738 -0.7858
vn -0.2411 0.0450 -0.9695
vn -0.4303 -0.0020 -0.9027
vn -0.0959 0.2758 -0.9564
vn -0.0040 -0.0739 -0.9973
vn -0.4467 0.0437 -0.8936
vn -0.5818 0.0451 -0.8121
vn -0.5208 0.0129 -0.8536
vn -0.2392 0.2822 -0.9291
vn -0.2249 0.2967 -0.9281
vn -0.1558 0.2642 -0.9518
vn -0.1491 0.0416 -0.9880
vn -0.1170 -0.1927 -0.9742
vn 0.0044 -0.0246 -0.9997
vn -0.2379 -0.5604 -0.7933
vn -0.2801 -0.8330 -0.4771
vn -0.4294 -0.3012 -0.8514
vn -0.5015 -0.2756 -0.8201
vn -0.3796 -0.5908 -0.7120
vn -0.1028 -0.4022 -0.9098
vn -0.3142 -0.3306 -0.8899
vn -0.4240 -0.5232 -0.7393
vn -0.2876 -0.3667 -0.8848
vn -0.4877 -0.3406 -0.8038
vn -0.4300 -0.3500 -0.8322
vn -0.4661 -0.4847 -0.7402
vn -0.2966 -0.0039 -0.9550
vn -0.4089 -0.7939 -0.4501
vn -0.2978 -0.8603 -0.4138
vn 0.2053 -0.5320 -0.8215
vn -0.2112 -0.7684 -0.6041
vn -0.2116 -0.6397 -0.7389
vn 0.1529 -0.0446 -0.9872
vn -0.0439 -0.0710 -0.9965
vn 0.0374 -0.0352 -0.9987
vn -0.3256 -0.7819 -0.5316
vn 0.0366 0.0394 -0.9986
vn -0.0008 -0.2538 -0.9673
vn -0.5251 -0.4978 -0.6902
vn -0.6141 -0.5563 -0.5598
vn -0.0157 -0.2018 -0.9793
vn 0.0580 -0.0272 -0.9979
vn 0.0637 -0.0379 -0.9973
vn -0.1522 -0.0416 -0.9875
vn -0.3381 -0.1075 -0.9350
vn -0.2049 -0.5301 -0.8228
vn 0.0013 -0.9275 -0.3737
vn 0.5136 -0.3523 -0.7824
vn -0.0320 -0.0213 -0.9993
vn -0.1079 -0.1791 -0.9779
vn 0.9728 0.1425 -0.1825
vn 0.8198 -0.0665 -0.5688
vn 0.4899 0.0810 -0.8680
vn -0.0012 -0.4643 -0.8857
vn -0.2571 0.0518 -0.9650
vn 0.0012 0.3697 -0.9291
vn 0.2589 0.0510 -0.9646
vn 0.3232 -0.9323 -0.1625
vn -0.3316 -0.9282 -0.1687
vn 0.0121 -0.9699 -0.2431
vn -0.5445 -0.6909 -0.4756
vn -0.4245 -0.6917 -0.5843
vn -0.2075 -0.5165 -0.8307
vn -0.3655 -0.6530 -0.6633
vn 0.1276 -0.0038 -0.9918
vn 0.8578 0.3149 -0.4063
vn 0.6084 0.2078 -0.7659
vn 0.5086 -0.6216 -0.5958
vn 0.0564 -0.9642 -0.2590
vn -0.9751 -0.1650 -0.1479
vn -0.9745 0.1417 -0.1739
vn -0.8823 0.4270 -0.1979
vn -0.8853 0.2008 -0.4194
vn -0.7832 0.4776 -0.3980
vn -0.6903 0.1641 -0.7047
vn -0.5063 -0.1749 -0.8445
vn -0.7132 0.2871 -0.6394
vn 0.5585 -0.7192 -0.4133
vn -0.2954 -0.3187 -0.9007
vn 0.1983 -0.5177 -0.8323
vn 0.3615 -0.6354 -0.6823
vn 0.7537 0.1079 -0.6482
vn 0.8858 0.2088 -0.4145
vn 0.8850 0.4210 -0.1987
vn 0.5578 -0.7971 -0.2311
vn 0.7283 -0.4392 -0.5260
vn -0.5635 -0.7166 -0.4111
vn -0.7687 -0.6185 -0.1633
vn -0.5729 -0.7863 -0.2315
vn 0.8366 0.5182 -0.1776
vn 0.4827 0.7413 -0.4663
vn 0.6150 0.7499 -0.2438
vn 0.2407 -0.8638 -0.4427
vn 0.5049 0.1476 -0.8505
vn -0.6005 0.2189 -0.7690
vn -0.1904 -0.1696 -0.9669
vn -0.8218 0.3783 -0.4260
vn 0.3399 0.4110 -0.8459
vn 0.5044 0.5029 -0.7019
vn 0.0044 0.8311 -0.5562
vn -0.2253 0.8797 -0.4188
vn -0.0025 0.8457 -0.5336
vn 0.2251 0.8803 -0.4177
vn 0.5746 0.7407 -0.3481
vn 0.0864 0.5206 -0.8494
vn 0.0003 0.4841 -0.8750
vn -0.0852 0.5203 -0.8497
vn 0.0041 0.6238 -0.7816
vn 0.7048 0.2840 -0.6501
vn 0.7797 0.4847 -0.3964
vn 0.4227 0.6533 -0.6281
vn -0.7270 -0.4357 -0.5307
vn -0.5134 0.1605 -0.8430
vn -0.4833 -0.4830 -0.7302
vn 0.4870 -0.4824 -0.7281
vn -0.1638 0.4141 -0.8954
vn -0.7510 0.0916 -0.6539
vn -0.3436 0.4121 -0.8439
vn 0.1071 0.7305 -0.6744
vn -0.4205 0.6533 -0.6295
vn 0.0032 0.4583 -0.8888
vn 0.1634 0.4144 -0.8953
vn -0.3973 -0.7850 -0.4753
vn 0.1663 0.5866 -0.7926
vn -0.5232 -0.4438 -0.7275
vn -0.4784 0.7478 -0.4603
vn -0.5068 0.5041 -0.6993
vn -0.7846 -0.4771 0.3960
vn -0.4385 -0.8318 0.3403
vn -0.8410 -0.4131 0.3493
vn -0.7824 -0.4712 0.4072
vn -0.9687 0.2155 0.1232
vn -0.9898 0.1396 -0.0265
vn -0.9688 0.2085 -0.1337
vn -0.9927 0.1203 -0.0044
vn -0.4733 -0.3740 -0.7976
vn -0.3626 -0.3061 -0.8803
vn 0.1854 -0.1690 -0.9680
vn -0.2247 -0.4168 -0.8808
vn 0.3229 -0.2973 -0.8985
vn 0.2904 -0.1351 -0.9473
vn 0.4402 -0.5171 -0.7340
vn 0.3197 -0.3317 -0.8876
vn 0.0546 -0.4376 -0.8975
vn 0.3828 -0.5910 -0.7101
vn 0.7172 0.1960 -0.6688
vn 0.5014 -0.1797 -0.8464
vn 0.4563 0.1454 -0.8779
vn -0.0091 0.0131 -0.9999
vn -0.2948 -0.0673 -0.9532
vn -0.0581 -0.9672 -0.2474
vn 0.4869 -0.8700 0.0769
vn -0.3005 -0.5794 -0.7576
vn -0.0046 -0.8163 -0.5776
vn 0.2889 -0.5829 -0.7594
vn -0.0041 -0.5029 -0.8643
vn -0.4525 0.1397 -0.8808
vn 0.8186 0.3782 -0.4323
vn -0.5693 0.7430 -0.3519
vn -0.1059 0.7296 -0.6756
vn 0.7392 -0.3736 -0.5603
vn 0.6177 -0.7460 0.2490
vn 0.9667 -0.2338 0.1044
vn 0.2350 -0.4551 0.8589
vn -0.0024 0.0122 0.9999
vn 0.9929 0.1184 -0.0110
vn 0.9964 0.0518 -0.0677
vn 0.1644 0.2928 0.9419
vn 0.9401 -0.0866 -0.3298
vn 0.8596 -0.1026 -0.5005
vn 0.8681 -0.1938 -0.4570
vn 0.9502 -0.1489 -0.2737
vn 0.6106 0.3102 0.7286
vn 0.7083 -0.4228 0.5653
vn 0.0031 -0.9056 0.4241
vn -0.7076 -0.4234 0.5657
vn -0.0519 0.2273 0.9724
vn 0.3338 0.3851 0.8604
vn 0.9901 0.1378 -0.0262
vn 0.5105 -0.4336 -0.7426
vn 0.2449 -0.5095 -0.8249
vn -0.6038 -0.2304 0.7631
vn -0.3170 -0.2588 0.9125
vn -0.5101 -0.1513 0.8467
vn -0.8622 -0.1355 0.4880
vn 0.6675 -0.3410 -0.6619
vn 0.3809 -0.4869 -0.7860
vn 0.7159 -0.5349 0.4488
vn 0.8223 -0.4196 0.3844
vn 0.8174 -0.4839 0.3125
vn 0.7305 -0.5563 0.3961
vn -0.1516 -0.3248 -0.9335
vn -0.5116 -0.4316 -0.7430
vn 0.0945 -0.3642 -0.9265
vn 0.2963 -0.2625 -0.9183
vn 0.6012 -0.1983 -0.7741
vn 0.4880 -0.2602 -0.8332
vn 0.7399 -0.1046 -0.6645
vn 0.7670 -0.1247 -0.6294
vn 0.8250 -0.0271 -0.5645
vn 0.7468 -0.2245 -0.6260
vn 0.8391 -0.2083 -0.5025
vn 0.8393 -0.3555 0.4113
vn 0.9861 -0.1401 0.0894
vn 0.5556 -0.2782 0.7835
vn -0.6854 0.0378 0.7272
vn 0.2501 0.1637 0.9543
vn -0.3190 0.1345 0.9382
vn -0.1084 0.0355 0.9935
vn 0.7937 -0.1253 -0.5952
vn 0.8396 -0.1916 -0.5083
vn 0.7394 -0.2596 -0.6213
vn 0.7853 -0.1707 -0.5951
vn 0.9966 0.0693 0.0445
vn 0.9789 -0.0852 -0.1859
vn 0.9940 -0.0998 -0.0439
vn 0.0812 -0.9020 -0.4241
vn 0.4832 -0.7810 -0.3957
vn 0.5012 -0.8266 -0.2562
vn 0.5764 -0.7900 -0.2088
vn -0.1338 -0.6501 -0.7480
vn -0.0043 -0.6188 -0.7855
vn 0.1187 -0.5615 -0.8189
vn 0.1138 -0.5125 -0.8511
vn -0.8664 -0.4532 0.2097
vn -0.3972 -0.9112 0.1091
vn 0.1167 -0.9929 0.0228
vn 0.7454 0.4234 0.5149
vn 0.7187 0.0945 0.6889
vn 0.5574 0.4873 0.6722
vn 0.7824 0.2355 0.5765
vn 0.9241 0.0891 -0.3716
vn 0.8776 -0.1282 -0.4619
vn 0.8507 0.0561 -0.5226
vn 0.9206 0.1079 -0.3753
vn 0.8064 -0.5175 -0.2862
vn 0.9131 -0.1773 -0.3671
vn 0.7186 -0.6453 -0.2593
vn 0.2916 -0.9415 -0.1687
vn 0.8639 -0.0388 -0.5021
vn 0.9546 0.1029 -0.2797
vn 0.9388 0.2039 -0.2777
vn -0.6573 -0.7531 -0.0299
vn 0.8066 -0.3644 -0.4654
vn 0.9528 -0.0882 -0.2905
vn 0.8104 -0.0420 -0.5843
vn 0.1590 -0.0992 0.9823
vn 0.8594 -0.1352 -0.4931
vn 0.9103 -0.1275 -0.3939
vn -0.7778 -0.5849 0.2300
vn 0.9461 0.1752 -0.2724
vn 0.9574 -0.0103 -0.2887
vn 0.1029 -0.2284 -0.9681
vn -0.3580 -0.0726 -0.9309
vn -0.6134 -0.1748 -0.7702
vn -0.4436 -0.2836 -0.8502
vn 0.6291 -0.7757 -0.0500
vn 0.9250 -0.3667 -0.0999
vn 0.5716 -0.7720 -0.2780
vn -0.0075 -0.9961 -0.0874
vn -0.8229 -0.5162 0.2376
vn -0.7678 -0.6325 0.1021
vn 0.8377 -0.4628 -0.2901
vn -0.2904 -0.9563 -0.0347
vn 0.8944 -0.0564 -0.4437
vn 0.8183 -0.2950 -0.4933
vn 0.0964 -0.1941 -0.9762
vn 0.9832 -0.0257 -0.1808
vn 0.8858 -0.2860 -0.3654
vn 0.8775 -0.2249 -0.4236
vn 0.4112 -0.4690 -0.7817
vn 0.8901 -0.1878 -0.4153
vn 0.4524 -0.3824 -0.8057
vn 0.9495 -0.2932 -0.1121
vn 0.9510 -0.1850 -0.2476
vn 0.5320 -0.2583 -0.8064
vn 0.9933 -0.0350 -0.1100
vn 0.9936 -0.0967 -0.0583
vn 0.8607 0.4826 0.1624
vn 0.9251 0.1740 0.3375
vn 0.4139 0.6436 0.6438
vn 0.3666 0.5682 0.7367
vn 0.4796 0.4355 0.7618
vn 0.5382 0.5159 0.6665
vn 0.9281 -0.3532 0.1175
vn -0.9730 -0.0629 0.2220
vn -0.8354 0.1044 0.5396
vn -0.6185 -0.0144 0.7857
vn -0.8879 -0.1934 0.4173
vn -0.3344 -0.8958 -0.2928
vn -0.5019 -0.7901 -0.3518
vn -0.4618 -0.8479 -0.2605
vn 0.0243 -0.9666 -0.2550
vn -0.7284 -0.0433 0.6837
vn -0.7035 -0.1828 0.6868
vn -0.2355 -0.3862 0.8918
vn 0.1232 -0.4229 0.8977
vn 0.8809 -0.1157 -0.4589
vn 0.8025 -0.1430 -0.5793
vn 0.7210 -0.6535 0.2303
vn 0.4111 -0.9055 0.1057
vn 0.7749 -0.6220 -0.1121
vn 0.8844 -0.4667 0.0047
vn 0.8391 -0.2439 -0.4863
vn 0.2212 -0.5560 0.8012
vn 0.5286 -0.6116 0.5887
vn 0.7401 -0.5285 0.4158
vn 0.5198 -0.5196 0.6781
vn -0.9623 -0.0330 0.2699
vn 0.8701 -0.3997 -0.2885
vn 0.9337 -0.3573 0.0251
vn 0.1301 -0.6545 -0.7448
vn -0.1081 -0.5085 -0.8542
vn -0.1209 -0.5651 -0.8161
vn -0.6000 -0.1951 -0.7758
vn -0.7937 -0.1939 -0.5765
vn -0.8877 -0.1849 -0.4217
vn -0.7654 -0.1269 -0.6309
vn -0.0004 -0.5700 -0.8217
vn 0.7921 -0.1944 -0.5786
vn 0.5427 -0.2854 -0.7900
vn -0.9909 -0.1316 -0.0293
vn -0.9893 -0.1094 -0.0965
vn -0.9768 0.2003 -0.0756
vn -0.9985 -0.0542 -0.0102
vn -0.9097 -0.2050 -0.3612
vn -0.5879 -0.3241 -0.7412
vn 0.8830 -0.1247 -0.4525
vn 0.8537 -0.2343 -0.4651
vn 0.7718 -0.3464 -0.5333
vn 0.8078 -0.2046 -0.5528
vn 0.6167 -0.1695 -0.7687
vn 0.4422 -0.2951 -0.8470
vn -0.5856 -0.7584 -0.2862
vn -0.9254 -0.3650 -0.1019
vn -0.9309 -0.0547 -0.3610
vn -0.0959 -0.2391 -0.9663
vn -0.5438 0.1517 -0.8254
vn 0.8663 -0.0981 -0.4899
vn 0.6687 -0.1619 -0.7257
vn 0.7768 -0.5549 0.2979
vn 0.8012 -0.4787 -0.3590
vn 0.4503 -0.7328 -0.5102
vn -0.0785 -0.8046 -0.5887
vn 0.3923 -0.5727 -0.7198
vn 0.9052 -0.0619 -0.4204
vn -0.6288 -0.7757 0.0541
vn 0.0186 -0.9934 -0.1130
vn -0.5813 -0.7812 -0.2277
vn -0.1012 -0.9023 -0.4191
vn 0.4656 -0.8394 -0.2806
vn -0.1595 -0.9813 -0.1082
vn -0.0124 -0.9311 0.3645
vn -0.6551 -0.7261 0.2091
vn 0.1900 -0.2753 -0.9424
vn 0.3088 -0.0212 -0.9509
vn 0.4959 -0.1524 -0.8549
vn 0.3650 -0.3498 -0.8628
vn 0.2631 -0.8079 0.5273
vn -0.4186 -0.6704 0.6126
vn -0.3626 0.8923 -0.2689
vn -0.7569 0.6479 -0.0854
vn -0.8112 0.5071 -0.2913
vn -0.0075 -0.9262 -0.3769
vn 0.3367 -0.8871 -0.3157
vn 0.4748 -0.6663 0.5750
vn -0.7480 -0.3605 0.5572
vn -0.0405 -0.5888 0.8072
vn -0.5142 -0.3295 0.7919
vn 0.0998 0.2019 -0.9743
vn 0.3594 -0.0766 -0.9300
vn -0.0316 -0.6236 0.7811
vn -0.7062 -0.5760 0.4117
vn -0.6034 -0.3352 0.7235
vn -0.0111 -0.1941 0.9809
vn -0.2498 -0.5076 -0.8246
vn 0.4047 -0.5213 -0.7513
vn 0.8411 0.1046 0.5306
vn 0.9717 -0.0671 0.2267
vn 0.6766 0.0359 0.7355
vn 0.5892 -0.2968 -0.7515
vn -0.0046 -0.9987 -0.0508
vn 0.6400 -0.7652 -0.0692
vn 0.9437 -0.3293 -0.0306
vn -0.0006 -0.8540 -0.5203
vn -0.6331 -0.7725 -0.0490
vn 0.3900 0.8118 0.4345
vn 0.0069 0.8328 0.5535
vn -0.3827 0.8191 0.4273
vn 0.0172 0.9320 0.3619
vn -0.0036 -0.9847 -0.1743
vn -0.6450 -0.7612 -0.0675
vn -0.9450 -0.3256 -0.0312
vn -0.9958 0.0202 0.0893
vn -0.9850 -0.1722 -0.0077
vn -0.9950 -0.0997 0.0007
vn -0.9808 0.1782 0.0796
vn -0.9921 -0.1244 -0.0173
vn -0.4080 0.9118 0.0464
vn -0.7947 0.5982 0.1028
vn -0.9777 0.2088 0.0229
vn -0.7959 0.6054 0.0048
vn -0.6465 -0.7531 -0.1219
vn -0.9386 -0.3399 -0.0589
vn 0.8500 -0.4830 0.2106
vn -0.9835 -0.1796 -0.0193
vn -0.9974 -0.0717 -0.0025
vn -0.9343 -0.3565 0.0005
vn 0.6353 -0.7648 -0.1070
vn -0.0027 -0.9996 0.0292
vn -0.6743 -0.7199 0.1646
vn -0.7896 -0.5589 0.2534
vn -0.0000 -0.9220 0.3873
vn 0.7902 -0.5581 0.2532
vn -0.0087 -0.9256 0.3783
vn 0.3793 0.8898 -0.2538
vn 0.7566 0.6491 -0.0786
vn 0.3881 0.9210 -0.0333
vn 0.0028 0.9920 -0.1262
vn 0.3601 0.9052 0.2258
vn -0.3514 0.9069 0.2325
vn 0.0089 0.9935 0.1131
vn -0.9690 -0.2362 0.0719
vn -0.9750 -0.1950 0.1062
vn -0.9944 -0.1000 0.0344
vn -0.9921 -0.1253 -0.0026
vn -0.9747 -0.1902 0.1176
vn 0.7771 0.5772 0.2510
vn 0.9917 0.1068 0.0720
vn 0.8097 0.5127 0.2855
vn -0.3943 0.9185 -0.0302
vn -0.9685 0.2486 -0.0117
vn -0.3394 0.7411 0.5793
vn -0.8079 0.5061 0.3020
vn 0.5972 -0.3302 0.7310
vn -0.8507 -0.4828 0.2079
vn -0.0036 -0.9435 0.3315
vn 0.6215 -0.7805 0.0669
vn -0.4931 0.6428 -0.5863
vn 0.4467 -0.4764 -0.7573
vn -0.9895 -0.1439 -0.0149
vn 0.0822 0.4269 -0.9006
vn -0.1247 0.5719 -0.8108
vn -0.9942 -0.0926 0.0555
vn 0.2403 0.1326 0.9616
vn -0.2158 0.0992 0.9714
vn 0.0016 0.5176 0.8556
vn 0.0063 0.0392 -0.9992
vn -0.7901 0.5626 0.2434
vn 0.1462 -0.5506 -0.8219
vn -0.0064 -0.7113 -0.7029
vn -0.1545 -0.5414 -0.8265
vn -0.0028 -0.4477 -0.8942
vn -0.2302 -0.8096 -0.5399
vn 0.7199 -0.5638 0.4048
vn -0.6567 0.4101 0.6329
vn -0.9686 0.1611 0.1895
vn 0.3791 -0.2037 0.9027
vn 0.3578 0.0394 0.9330
vn 0.2301 -0.0833 0.9696
vn -0.0013 1.0000 0.0034
vn 0.7291 -0.0241 0.6840
vn 0.6978 -0.1856 0.6918
vn -0.9936 -0.1120 -0.0139
vn -0.9941 0.0866 0.0646
vn 0.4045 0.9133 0.0470
vn 0.7862 0.6107 0.0944
vn 0.3482 0.7381 0.5779
vn 0.0145 0.8377 -0.5459
vn 0.7847 0.6199 0.0012
vn -0.1904 -0.2857 -0.9392
vn 0.8482 -0.1527 0.5072
vn 0.9670 0.1478 0.2076
vn 0.9925 -0.1220 0.0022
vn 0.9782 -0.1824 0.0991
vn 0.2751 -0.5559 -0.7844
vn -0.0448 -0.8076 -0.5880
vn 0.0257 -0.8060 -0.5913
vn -0.0667 0.4214 -0.9044
vn -0.3177 -0.0317 -0.9476
vn -0.1103 0.1956 -0.9745
vn 0.1208 0.5717 -0.8115
vn -0.3721 -0.3603 -0.8554
vn 0.8697 -0.4251 0.2509
vn 0.8177 -0.4616 0.3440
vn 0.0843 0.3962 0.9143
vn 0.1852 0.3024 0.9350
vn 0.6547 -0.7257 0.2113
vn 0.0617 0.8124 0.5798
vn 0.1208 -0.1875 -0.9748
vn 0.5369 -0.3795 -0.7535
vn 0.4321 -0.3535 -0.8297
vn 0.4862 -0.3357 -0.8068
vn 0.5663 -0.2450 -0.7869
vn -0.1204 -0.3526 -0.9280
vn 0.3182 0.1399 0.9376
vn 0.6197 -0.0112 0.7848
vn 0.6805 -0.7121 0.1727
vn 0.0933 -0.0172 0.9955
vn -0.3815 0.2390 0.8929
vn -0.0065 0.3869 0.9221
vn 0.9381 -0.3414 -0.0580
vn 0.1673 -0.7837 -0.5982
vn -0.4510 -0.6579 0.6031
vn -0.7314 -0.5718 0.3717
vn 0.6524 0.4113 0.6366
vn -0.3085 -0.7838 0.5390
vn -0.2901 -0.6746 0.6788
vn 0.8700 -0.4910 -0.0448
vn 0.8656 -0.4496 -0.2203
vn 0.7804 -0.5154 -0.3539
vn 0.6630 -0.7454 -0.0698
vn 0.7624 -0.6345 0.1272
vn 0.7082 -0.6562 0.2605
vn 0.6098 -0.7475 0.2635
vn 0.7064 -0.6823 0.1882
vn 0.5096 -0.7711 0.3817
vn 0.3037 -0.8504 0.4295
vn 0.1493 -0.0083 0.9888
vn 0.8081 -0.5337 0.2493
vn 0.9040 -0.4015 0.1466
vn 0.8556 -0.3987 0.3301
vn 0.4703 -0.7650 0.4399
vn 0.6149 -0.7237 0.3133
vn 0.2087 -0.9763 -0.0572
vn 0.4715 -0.8291 -0.3005
vn 0.7663 -0.5026 0.4002
vn 0.8200 -0.4572 0.3442
vn 0.7824 -0.5825 0.2203
vn 0.7149 -0.5894 0.3762
vn 0.9100 -0.4103 -0.0600
vn 0.9373 -0.3020 -0.1740
vn 0.9263 -0.3759 -0.0268
vn 0.8570 -0.5097 0.0753
vn -0.0853 -0.4233 -0.9020
vn 0.0197 -0.6496 -0.7600
vn 0.2816 -0.8622 -0.4210
vn 0.0891 -0.6777 -0.7300
vn 0.6689 0.1204 -0.7335
vn 0.3324 0.2641 -0.9054
vn -0.3768 0.2933 -0.8786
vn 0.0497 0.0953 -0.9942
vn 0.4013 -0.7644 0.5046
vn 0.2795 -0.7386 0.6134
vn 0.1852 -0.8150 0.5491
vn 0.3924 -0.6438 0.6569
vn -0.5846 -0.7990 -0.1407
vn -0.3101 -0.9249 0.2200
vn -0.5628 -0.7747 0.2882
vn -0.3999 -0.9155 0.0450
vn 0.4326 -0.6567 -0.6177
vn 0.7350 -0.5684 -0.3699
vn 0.9153 -0.4023 -0.0206
vn 0.7731 -0.6059 -0.1875
vn 0.5844 -0.6798 0.4431
vn 0.5360 0.6671 0.5174
vn 0.6018 0.5715 0.5578
vn 0.7387 0.4794 0.4737
vn 0.7071 0.5937 0.3842
vn 0.2618 -0.6025 0.7540
vn 0.5238 -0.5261 0.6700
vn 0.6611 -0.6930 0.2876
vn 0.6283 -0.7766 -0.0471
vn 0.8127 -0.5383 0.2232
vn 0.3958 -0.7757 -0.4915
vn 0.3020 -0.8392 -0.4523
vn -0.0298 -0.6587 -0.7518
vn 0.8805 -0.3742 0.2911
vn 0.7788 -0.3889 0.4922
vn 0.9513 0.0366 0.3061
vn 0.9115 -0.3880 0.1363
vn 0.9377 -0.1987 0.2851
vn 0.7767 0.3547 0.5205
vn 0.9414 -0.2278 0.2487
vn 0.9423 -0.3031 0.1422
vn 0.0870 -0.9919 0.0930
vn 0.6113 -0.7825 0.1183
vn 0.8369 -0.5392 0.0943
vn 0.6134 -0.7876 0.0584
vn 0.8189 -0.5723 0.0435
vn 0.9853 -0.1486 0.0841
vn 0.9750 0.1437 0.1694
vn 0.9564 -0.2897 -0.0367
vn 0.9135 -0.4025 -0.0594
vn 0.8859 -0.4541 -0.0948
vn 0.9133 -0.3966 -0.0932
vn -0.7816 -0.6236 -0.0165
vn -0.8500 -0.4158 -0.3234
vn -0.7163 -0.4945 -0.4922
vn -0.5552 -0.8163 -0.1594
vn 0.8373 -0.5423 0.0694
vn 0.0602 -0.9981 -0.0090
vn -0.4585 -0.8886 0.0096
vn 0.2888 -0.8982 0.3314
vn 0.7418 -0.6627 0.1026
vn 0.6394 -0.7560 0.1400
vn 0.7849 -0.6037 0.1392
vn 0.6386 -0.7669 -0.0636
vn 0.6654 -0.7430 0.0727
vn 0.9585 -0.2453 0.1451
vn 0.5987 -0.7885 -0.1408
vn 0.2510 -0.8010 -0.5435
vn -0.4404 -0.8272 -0.3490
vn 0.8636 -0.4980 0.0783
vn 0.9632 0.1928 0.1875
vn 0.9624 -0.2716 -0.0095
vn 0.7657 0.5425 0.3456
vn 0.6424 0.7310 0.2300
vn 0.8325 0.5407 0.1206
vn 0.9699 -0.2211 -0.1016
vn -0.0416 -0.4515 -0.8913
vn -0.1793 -0.3855 -0.9051
vn -0.0253 -0.4169 -0.9086
vn -0.2293 -0.4251 -0.8756
vn 0.9978 0.0498 -0.0444
vn 0.9989 -0.0044 -0.0463
vn 0.9981 0.0531 -0.0324
vn 0.9946 0.0947 -0.0432
vn -0.6047 -0.5332 -0.5917
vn -0.1263 -0.6608 -0.7399
vn -0.4533 -0.4359 -0.7775
vn -0.6873 -0.3500 -0.6365
vn 0.7415 0.2367 0.6278
vn 0.2372 0.5037 0.8307
vn 0.4566 0.6493 0.6082
vn 0.4852 0.6205 0.6160
vn 0.9784 -0.1904 -0.0798
vn 0.9939 -0.0909 -0.0627
vn 0.9961 -0.0787 -0.0401
vn 0.9381 -0.3216 -0.1286
vn 0.9490 -0.3148 0.0173
vn 0.9712 -0.2380 -0.0047
vn 0.9263 -0.3631 -0.1003
vn 0.9607 -0.2675 -0.0737
vn 0.9872 -0.1584 -0.0168
vn -0.3507 -0.4242 -0.8349
vn -0.0053 -0.6062 -0.7953
vn 0.9403 -0.2758 0.1995
vn 0.4797 -0.8773 -0.0139
vn 0.0185 -0.9608 -0.2766
vn -0.3265 -0.6942 -0.6415
vn 0.8162 -0.5213 0.2490
vn 0.8148 -0.4569 0.3568
vn 0.8641 -0.4262 0.2678
vn 0.8604 -0.4815 0.1669
vn 0.8808 -0.4522 -0.1403
vn 0.5691 0.6586 0.4924
vn 0.8598 0.4114 0.3024
vn 0.0549 -0.8175 -0.5734
vn 0.1607 -0.6976 -0.6982
vn -0.1696 -0.6908 -0.7029
vn 0.0084 -0.8585 -0.5127
vn 0.7589 0.6511 0.0110
vn 0.8948 0.4303 0.1193
vn 0.9930 0.1000 0.0634
vn 0.9805 0.0052 0.1962
vn 0.7341 0.4845 0.4758
vn 0.9163 0.2896 0.2767
vn 0.9918 -0.1130 0.0600
vn 0.9763 0.2162 -0.0011
vn 0.9990 -0.0259 -0.0357
vn 0.9724 -0.2092 -0.1036
vn 0.9657 -0.2002 -0.1657
vn 0.9481 -0.2260 -0.2235
vn 0.9172 -0.3269 -0.2278
vn 0.9225 -0.3221 -0.2126
vn 0.9153 0.4010 0.0374
vn 0.9267 -0.3232 -0.1917
vn 0.9082 -0.3702 -0.1951
vn 0.9306 -0.3395 -0.1366
vn 0.9731 -0.1796 0.1445
vn 0.9788 -0.1478 0.1417
vn 0.9617 -0.0884 0.2596
vn 0.9467 -0.1280 0.2955
vn 0.2919 -0.8958 0.3351
vn 0.2765 -0.8228 0.4965
vn 0.9597 -0.2805 -0.0192
vn 0.4590 -0.8094 0.3663
vn 0.3240 -0.9395 0.1109
vn 0.2814 -0.9528 0.1137
vn 0.1395 -0.9750 0.1727
vn -0.2131 -0.9091 0.3580
vn -0.0812 -0.9899 -0.1163
vn 0.0441 -0.9828 -0.1792
vn 0.3105 -0.8472 -0.4311
vn -0.1376 -0.4482 -0.8833
vn 0.3443 -0.9227 -0.1733
vn 0.2328 -0.9648 -0.1225
vn 0.9362 -0.3436 0.0734
vn 0.9542 -0.1643 0.2498
vn 0.9787 -0.2038 -0.0255
vn 0.9324 -0.2810 -0.2275
vn 0.9526 -0.2840 -0.1093
vn 0.9651 -0.2087 -0.1581
vn 0.9026 -0.2843 -0.3233
vn -0.2830 -0.9417 0.1820
vn 0.6845 -0.3413 -0.6441
vn 0.6405 -0.3678 -0.6742
vn 0.7636 -0.3646 -0.5329
vn 0.8792 -0.2463 -0.4079
vn 0.7189 -0.4891 0.4939
vn 0.6294 -0.4990 0.5957
vn 0.7735 -0.4016 0.4903
vn 0.8028 -0.4162 0.4270
vn 0.8353 -0.2728 0.4773
vn 0.8857 -0.3164 0.3398
vn 0.8514 -0.4033 0.3353
vn 0.5229 -0.8457 -0.1069
vn 0.6030 -0.7964 0.0474
vn 0.7704 -0.6325 -0.0803
vn 0.8166 -0.5296 -0.2298
vn 0.4825 -0.0451 0.8747
vn 0.3286 0.4514 0.8296
vn 0.5299 0.3990 0.7483
vn 0.2690 -0.9618 0.0502
vn 0.3178 -0.9482 0.0024
vn 0.2947 -0.8909 -0.3457
vn 0.2893 -0.9241 -0.2496
vn 0.0925 0.1706 0.9810
vn 0.0295 0.4355 0.8997
vn -0.0365 0.3613 0.9317
vn -0.1654 0.3520 0.9213
vn -0.0047 -0.9772 -0.2122
vn 0.2033 -0.9544 -0.2188
vn -0.4586 -0.7997 -0.3876
vn 0.7790 -0.1309 0.6132
vn 0.5856 -0.6209 0.5211
vn 0.5500 -0.4248 0.7190
vn 0.7371 -0.3236 0.5933
vn 0.9399 -0.3362 -0.0599
vn 0.8917 -0.4496 -0.0518
vn 0.8482 -0.5291 -0.0239
vn 0.9164 -0.3978 -0.0451
vn 0.4348 -0.8909 0.1314
vn 0.9991 -0.0384 -0.0151
vn 0.9682 -0.2462 0.0438
vn 0.9821 -0.0559 0.1800
vn 0.9914 -0.1073 0.0749
vn 0.5845 -0.7226 0.3692
vn 0.3372 -0.8512 0.4022
vn -0.1021 -0.4503 -0.8870
vn -0.3173 -0.3860 -0.8662
vn -0.0634 -0.4037 -0.9127
vn -0.1031 -0.1499 -0.9833
vn 0.5295 -0.6855 -0.4997
vn 0.6321 -0.6013 0.4887
vn 0.5650 -0.8245 0.0300
vn 0.4827 -0.5756 0.6601
vn 0.3856 -0.0347 0.9220
vn 0.6033 -0.7884 0.1202
vn 0.7427 -0.6413 0.1925
vn 0.8309 -0.5511 0.0762
vn 0.7623 -0.6471 0.0123
vn 0.4301 -0.6428 0.6339
vn 0.4357 -0.9001 -0.0023
vn 0.8333 -0.3621 -0.4177
vn 0.6454 0.0724 -0.7604
vn 0.8273 -0.0295 -0.5610
vn 0.9230 -0.3225 -0.2101
vn -0.1266 -0.5120 -0.8496
vn 0.2172 -0.6612 -0.7181
vn 0.8755 -0.4830 -0.0138
vn 0.8987 -0.4074 -0.1627
vn 0.1860 -0.6203 -0.7620
vn 0.3174 -0.7025 -0.6370
vn 0.2759 -0.6178 -0.7364
vn 0.0831 -0.5537 -0.8285
vn 0.4612 -0.7914 -0.4012
vn 0.4211 -0.8342 -0.3562
vn 0.8799 -0.3375 0.3345
vn 0.9243 -0.3251 0.2000
vn 0.9004 -0.4087 0.1488
vn -0.2586 -0.1897 0.9472
vn -0.2615 0.1707 0.9500
vn -0.2323 0.0732 0.9699
vn -0.3787 -0.1150 0.9184
vn 0.3229 -0.8270 -0.4601
vn 0.1487 -0.6331 -0.7596
vn 0.2287 -0.2916 -0.9288
vn 0.8314 -0.3087 -0.4620
vn 0.6870 -0.0062 -0.7266
vn 0.6036 -0.7965 0.0366
vn 0.9461 -0.2937 -0.1364
vn 0.9611 -0.1138 -0.2518
vn 0.9635 -0.2166 -0.1571
vn 0.9547 -0.2836 -0.0902
vn 0.9432 -0.3126 -0.1129
vn 0.3025 -0.8738 -0.3808
vn 0.0930 -0.7773 -0.6222
vn -0.1177 -0.6169 -0.7782
vn -0.1600 -0.6501 -0.7428
vn 0.7655 -0.5487 0.3360
vn 0.9078 -0.4134 -0.0698
vn 0.9287 -0.3553 -0.1067
vn 0.8513 -0.4198 0.3146
vn 0.8645 -0.4440 0.2357
vn 0.3917 -0.7869 -0.4768
vn 0.2676 -0.6825 -0.6801
vn -0.0734 -0.6974 -0.7129
vn 0.7869 -0.6087 -0.1013
vn 0.8647 -0.5004 -0.0431
vn 0.8529 -0.5220 0.0090
vn 0.6684 -0.6777 -0.3065
vn 0.3868 -0.7826 -0.4878
vn 0.7273 -0.6696 -0.1508
vn 0.8881 -0.4506 -0.0904
vn 0.6875 -0.5540 -0.4695
vn 0.6352 -0.7529 -0.1725
vn 0.6857 0.0453 0.7265
vn 0.0889 0.2802 0.9558
vn -0.4503 0.6866 0.5708
vn 0.5751 -0.2905 -0.7647
vn 0.9414 -0.1974 -0.2735
vn 0.9221 -0.3628 -0.1342
vn 0.9764 -0.2000 -0.0816
vn 0.9435 -0.3060 -0.1269
vn 0.9132 -0.3753 -0.1588
vn 0.8681 -0.4914 0.0698
vn 0.8432 -0.5139 -0.1579
vn 0.7551 -0.6125 -0.2339
vn 0.1912 -0.6455 -0.7394
vn 0.2861 -0.8684 -0.4050
vn 0.3332 -0.7108 -0.6195
vn 0.9992 0.0347 -0.0219
vn 0.9991 -0.0261 -0.0346
vn 0.9967 0.0441 -0.0689
vn 0.9972 0.0670 -0.0327
vn 0.9099 -0.2483 0.3323
vn 0.8757 -0.4694 0.1131
vn 0.8511 -0.5067 0.1374
vn 0.9563 -0.2849 0.0660
vn 0.9621 -0.2710 0.0294
vn 0.9048 -0.4239 -0.0414
vn 0.8051 -0.5643 0.1827
vn 0.8416 -0.2946 0.4527
vn 0.9045 -0.3935 -0.1641
vn 0.9121 -0.3902 -0.1260
vn 0.9550 -0.2949 -0.0314
vn 0.9377 -0.3352 -0.0912
vn 0.9904 -0.1383 0.0039
vn 0.9934 -0.1015 -0.0528
vn -0.7921 -0.5999 0.1129
vn -0.3876 -0.8759 0.2874
vn -0.4832 0.7347 -0.4762
vn 0.0919 0.7515 -0.6533
vn 0.3195 0.8356 -0.4468
vn -0.1892 0.9785 -0.0819
vn 0.9868 -0.1044 -0.1236
vn 0.8116 -0.0341 -0.5833
vn 0.9964 -0.0133 -0.0832
vn 0.9179 -0.0911 0.3862
vn 0.8271 -0.5618 0.0189
vn 0.9918 -0.0646 0.1105
vn 0.4448 -0.0248 -0.8953
vn -0.5029 0.0380 -0.8635
vn -0.0579 -0.0008 -0.9983
vn 0.9044 -0.3777 -0.1987
vn 0.9011 -0.3997 -0.1678
vn 0.9688 -0.2466 0.0234
vn 0.9297 -0.3388 -0.1444
vn 0.0431 -0.8808 0.4715
vn 0.9526 0.3011 -0.0441
vn 0.9654 -0.2440 -0.0920
vn 0.9982 -0.0189 -0.0573
vn 0.6107 0.6712 0.4201
vn 0.9958 0.0693 0.0596
vn 0.9941 -0.0763 0.0775
vn 0.9922 -0.1236 0.0141
vn 0.9719 -0.2349 0.0159
vn 0.9900 -0.1399 0.0158
vn 0.9511 -0.3045 -0.0527
vn 0.9522 -0.3055 -0.0033
vn 0.9268 -0.3556 -0.1210
vn 0.9957 -0.0913 0.0137
vn 0.9866 -0.1567 0.0449
vn 0.9512 -0.3071 -0.0309
vn 0.9802 -0.1976 0.0126
vn 0.9685 -0.2059 0.1402
vn 0.8934 -0.4224 -0.1533
vn 0.9004 -0.4074 -0.1529
vn 0.8763 -0.4602 -0.1426
vn 0.8966 -0.4121 -0.1619
vn 0.8619 -0.4686 -0.1937
vn 0.9018 -0.4177 -0.1108
vn -0.8090 -0.5788 -0.1023
vn 0.8102 0.5773 -0.1015
vn 0.9767 -0.2079 0.0535
vn 0.9830 -0.1811 -0.0305
vn 0.9360 -0.3227 -0.1408
vn 0.9530 -0.2899 -0.0879
vn 0.9717 -0.2239 -0.0756
vn 0.9814 -0.1907 -0.0212
vn 0.9617 -0.2695 -0.0508
vn 0.9991 -0.0188 -0.0382
vn 0.9244 -0.3483 -0.1555
vn 0.9257 -0.3564 -0.1262
vn 0.9281 -0.3557 -0.1103
vn 0.8882 -0.4306 -0.1601
vn 0.8748 -0.4467 -0.1877
vn 0.8875 -0.4336 -0.1560
vn -0.8502 -0.5258 0.0258
vn 0.3539 -0.9302 0.0975
vn 0.4440 -0.7166 0.5379
vn -0.1066 -0.7334 0.6714
vn 0.9955 -0.0715 -0.0627
vn -0.9099 -0.1276 -0.3946
vn -0.9787 -0.0853 -0.1868
vn -0.9935 -0.1031 -0.0486
vn -0.9831 -0.0260 -0.1810
vn -0.1475 -0.4097 -0.9002
vn -0.3439 -0.3378 -0.8761
vn -0.0606 -0.4733 -0.8788
vn -0.3139 -0.3665 -0.8758
vn -0.5223 -0.3894 -0.7586
vn -0.3898 -0.6665 -0.6355
vn -0.5207 -0.3217 -0.7908
vn -0.2078 -0.5355 -0.8185
vn 0.0107 -0.4955 -0.8685
vn 0.4461 -0.5801 -0.6815
vn 0.9177 -0.1390 -0.3722
vn 0.6434 -0.3754 -0.6672
vn 0.9841 -0.0783 0.1597
vn 0.8420 0.1808 0.5082
vn 0.7867 0.1215 0.6052
vn 0.9335 0.1107 0.3410
vn 0.9115 -0.1908 -0.3643
vn 0.9267 -0.0776 0.3676
vn 0.8091 -0.4719 0.3502
vn 0.7680 -0.4900 0.4125
vn 0.7882 -0.4746 0.3919
vn 0.9015 -0.0136 0.4325
vn 0.8375 0.0964 0.5379
vn 0.9479 -0.0575 0.3133
vn 0.2881 0.4684 0.8352
vn 0.4020 0.1753 0.8987
vn 0.6811 -0.1422 0.7183
vn 0.6578 0.1008 0.7464
vn -0.1191 -0.3881 0.9139
vn -0.2039 -0.0098 0.9789
vn 0.7722 -0.2396 0.5885
vn 0.7899 -0.1345 0.5983
vn 0.6842 -0.3789 0.6232
vn 0.7074 -0.5548 0.4379
vn 0.9672 -0.0699 0.2442
vn 0.9273 -0.0957 0.3620
vn 0.8466 -0.4088 0.3408
vn 0.6530 -0.7391 -0.1651
vn 0.1187 -0.9800 -0.1600
vn 0.4399 -0.8414 0.3138
vn -0.8626 -0.1358 -0.4873
vn -0.7371 -0.2536 -0.6264
vn -0.7825 -0.1738 -0.5979
vn 0.7595 -0.5681 0.3168
vn 0.5731 -0.7992 0.1812
vn -0.0961 -0.5518 0.8284
vn -0.2431 -0.4999 0.8313
vn -0.1736 -0.7424 0.6471
vn 0.1743 -0.7140 0.6781
vn 0.4833 -0.1469 0.8631
vn 0.1783 0.4296 0.8852
vn 0.0413 -0.9746 0.2201
vn 0.0174 -0.9889 0.1475
vn 0.0996 -0.9917 -0.0807
vn 0.1017 -0.9645 0.2437
vn 0.8296 0.0369 0.5572
vn 0.6781 -0.7228 -0.1333
vn 0.4605 -0.6823 -0.5678
vn 0.5997 -0.7391 -0.3066
vn -0.1168 0.0764 0.9902
vn -0.1357 0.3046 0.9428
vn -0.2323 0.2904 0.9283
vn 0.1656 -0.1898 0.9677
vn 0.9076 -0.1709 -0.3835
vn 0.6901 -0.4077 -0.5980
vn 0.9174 -0.3861 -0.0961
vn 0.9779 -0.2089 -0.0106
vn 0.4401 -0.1310 0.8883
vn 0.5081 -0.4531 0.7325
vn 0.1795 -0.0272 0.9834
vn 0.5580 -0.7844 -0.2707
vn 0.6905 -0.6618 0.2921
vn 0.2084 -0.4969 0.8424
vn 0.0081 -0.3067 0.9518
vn 0.1589 -0.5735 0.8036
vn 0.3448 -0.6462 0.6808
vn -0.1313 -0.7431 -0.6562
vn 0.0078 -0.6429 -0.7659
vn 0.0067 -0.8984 -0.4391
vn 0.1740 -0.0282 0.9843
vn -0.1257 0.2281 0.9655
vn 0.7018 -0.6642 0.2575
vn 0.7675 -0.6388 0.0533
vn 0.5096 -0.4168 0.7527
vn 0.1620 -0.1260 0.9787
vn 0.6831 -0.6629 0.3065
vn 0.4747 -0.5105 0.7169
vn 0.0282 -0.3637 0.9311
vn -0.6596 -0.5436 0.5191
vn -0.5560 -0.4167 0.7191
vn -0.4208 -0.2782 0.8635
vn -0.3411 -0.4419 0.8297
vn -0.2182 -0.3660 -0.9047
vn 0.9677 -0.0862 0.2369
vn 0.1202 -0.5476 -0.8281
vn 0.2132 -0.5134 -0.8313
vn 0.2501 -0.5747 -0.7792
vn 0.1596 -0.6377 -0.7536
vn -0.0314 -0.9669 0.2534
vn -0.1270 -0.9545 0.2697
vn 0.1342 -0.4862 -0.8635
vn 0.0642 -0.5088 -0.8585
vn 0.3416 -0.4726 -0.8124
vn 0.4001 -0.4514 -0.7976
vn 0.4532 -0.5664 -0.6883
vn 0.6732 -0.6556 -0.3420
vn 0.4083 -0.7916 -0.4546
vn 0.3254 -0.6738 -0.6634
vn 0.4168 -0.4766 -0.7740
vn 0.0558 -0.4377 -0.8974
vn -0.0396 -0.8318 0.5537
vn 0.2255 -0.8481 0.4794
vn 0.0897 -0.5575 -0.8253
vn 0.1030 -0.7483 -0.6554
vn 0.8747 -0.4369 -0.2099
vn 0.8683 -0.0712 0.4910
vn 0.9564 -0.0688 0.2838
vn 0.8829 -0.3553 0.3070
vn 0.8979 -0.4242 0.1178
vn 0.5360 -0.4426 0.7189
vn -0.1902 -0.9388 -0.2870
vn -0.0549 -0.9984 0.0112
vn -0.5981 0.0252 -0.8011
vn -0.3997 0.0377 -0.9159
vn -0.0772 -0.1422 -0.9868
vn -0.3671 -0.1058 -0.9241
vn 0.7267 -0.6864 -0.0283
vn 0.5463 -0.7909 0.2759
vn 0.3323 -0.8928 0.3040
vn 0.6590 -0.5089 -0.5538
vn 0.1487 -0.8513 -0.5031
vn 0.2211 -0.7977 -0.5611
vn 0.1726 -0.9461 -0.2740
vn -0.0848 -0.9427 0.3227
vn 0.4450 -0.8953 -0.0187
vn -0.1178 -0.9927 0.0266
vn 0.1892 -0.9128 -0.3621
vn -0.4878 -0.6858 -0.5401
vn 0.8943 0.0034 -0.4474
vn -0.5146 -0.7408 0.4318
vn -0.4258 -0.3566 0.8316
vn 0.3155 -0.3629 0.8768
vn 0.3960 -0.6927 0.6027
vn 0.8982 -0.4198 -0.1305
vn 0.8683 -0.4128 -0.2751
vn 0.9352 -0.1490 0.3212
vn 0.8902 -0.2313 0.3926
vn 0.8160 -0.3243 -0.4785
vn 0.6712 -0.3708 0.6418
vn 0.9972 -0.0302 0.0687
vn 0.9890 -0.0987 0.1099
vn 0.9992 0.0360 0.0194
vn 0.9996 -0.0171 -0.0211
vn 0.9957 0.0902 -0.0221
vn 0.8538 0.0296 0.5198
vn 0.9204 -0.0281 0.3901
vn 0.8890 -0.0637 0.4535
vn 0.8628 -0.0951 0.4965
vn 0.9885 0.0304 0.1480
vn 0.9932 0.0804 0.0845
vn 0.8164 -0.5109 -0.2694
vn 0.1280 0.2183 -0.9675
vn 0.2551 0.2702 -0.9284
vn 0.0946 0.0007 -0.9955
vn 0.2419 -0.3873 0.8897
vn 0.9966 0.0820 -0.0089
vn 0.9925 0.1199 -0.0238
vn 0.9909 0.1338 0.0107
vn 0.9828 0.1839 -0.0154
vn 0.9867 0.1583 -0.0359
vn 0.9814 0.1076 0.1587
vn 0.9239 0.1625 0.3463
vn 0.8383 0.1301 0.5295
vn -0.2802 -0.4008 -0.8723
vn -0.1215 -0.4134 -0.9024
vn 0.0086 -0.3131 -0.9497
vn -0.0378 -0.2514 -0.9672
vn 0.1402 -0.5245 0.8398
vn 0.3880 -0.4825 0.7853
vn 0.7982 -0.1876 0.5725
vn 0.6859 0.0598 0.7252
vn 0.7998 -0.0102 0.6002
vn 0.7658 0.0919 0.6365
vn 0.0658 -0.5397 -0.8393
vn 0.1627 -0.9764 0.1421
vn 0.2640 -0.8707 0.4150
vn 0.1234 -0.9457 0.3008
vn 0.1232 -0.9195 -0.3732
vn 0.0703 -0.9877 -0.1398
vn 0.5035 -0.6330 0.5880
vn 0.4644 -0.7670 0.4427
vn 0.9782 -0.0342 0.2047
vn 0.7570 -0.6322 0.1652
vn 0.4319 -0.8920 -0.1337
vn 0.6354 -0.7684 -0.0765
vn 0.8521 -0.2846 0.4392
vn 0.5799 -0.7695 0.2676
vn 0.3661 -0.4083 0.8362
vn -0.2071 -0.9095 0.3605
vn -0.0025 -0.9439 0.3303
vn 0.3571 -0.7432 0.5659
vn 0.3839 -0.8851 0.2629
vn 0.3002 -0.7663 0.5680
vn 0.2764 -0.9610 -0.0068
vn 0.5422 -0.3065 0.7823
vn 0.2446 -0.6474 -0.7219
vn 0.5873 -0.6106 -0.5312
vn 0.4756 -0.6633 -0.5778
vn 0.3330 -0.7165 -0.6130
vn 0.5733 -0.8024 -0.1657
vn 0.7203 -0.6937 0.0008
vn 0.7919 -0.6035 0.0931
vn 0.7351 -0.6683 0.1136
vn 0.2889 -0.6319 -0.7192
vn 0.3710 -0.6813 -0.6310
vn 0.2631 -0.6031 -0.7530
vn 0.2719 -0.6045 -0.7488
vn 0.3907 -0.8899 -0.2354
vn 0.6158 -0.7875 -0.0254
vn 0.8217 -0.5626 0.0906
vn 0.7242 -0.6728 -0.1510
vn -0.8641 0.1998 0.4620
vn -0.9865 0.0830 0.1415
vn -0.8939 -0.0429 0.4461
vn -0.5828 0.0978 0.8067
vn 0.9585 -0.1093 0.2632
vn -0.0555 -0.2343 -0.9706
vn 0.2310 -0.5224 -0.8208
vn 0.3432 -0.7170 -0.6067
vn 0.1255 -0.4724 -0.8724
vn 0.3497 -0.8543 0.3846
vn 0.4520 -0.8399 0.3003
vn -0.0238 -0.1076 -0.9939
vn 0.2212 -0.6226 -0.7507
vn 0.1777 -0.7014 -0.6903
vn 0.5384 -0.7166 -0.4434
vn 0.9111 -0.2894 0.2935
vn 0.9222 -0.2213 0.3171
vn -0.0475 -0.2645 -0.9632
vn -0.2237 -0.0596 -0.9728
vn -0.1372 -0.1798 -0.9741
vn -0.2379 -0.3744 -0.8962
vn 0.7650 -0.5207 0.3790
vn 0.7363 -0.6667 0.1159
vn 0.8073 -0.5777 -0.1204
vn 0.8657 -0.4970 0.0591
vn 0.9682 -0.0708 0.2398
vn 0.9968 0.0179 -0.0776
vn 0.4559 0.2556 -0.8525
vn 0.3865 0.4159 -0.8232
vn 0.4264 0.3216 -0.8454
vn 0.4357 0.2611 -0.8614
vn 0.7536 -0.0420 -0.6560
vn 0.3963 -0.1533 -0.9053
vn -0.1527 -0.5121 -0.8452
vn 0.9964 -0.0475 -0.0709
vn 0.8721 -0.0498 -0.4868
vn 0.9669 -0.0516 0.2497
vn 0.1315 -0.5183 -0.8450
vn 0.0127 -0.1156 -0.9932
vn -0.2764 0.1165 -0.9539
vn -0.2141 -0.5433 -0.8118
vn 0.0645 -0.2523 -0.9655
vn 0.3446 -0.4052 -0.8468
vn 0.3587 -0.0211 -0.9332
vn 0.5179 0.0458 -0.8542
vn 0.6017 -0.4256 -0.6759
vn 0.1718 0.0505 -0.9838
vn 0.9559 -0.0612 -0.2873
vn 0.7444 0.0774 0.6633
vn 0.9102 0.1304 -0.3930
vn 0.6551 -0.0419 0.7544
vn 0.7269 -0.6608 -0.1871
vn 0.5645 -0.6791 -0.4692
vn 0.1358 -0.9331 -0.3330
vn 0.5528 -0.8183 0.1573
vn 0.8727 -0.0902 0.4799
vn 0.5775 -0.1467 0.8031
vn 0.8770 0.0699 -0.4753
vn 0.9989 0.0358 0.0318
vn -0.9309 0.1709 0.3228
vn -0.5249 0.0144 0.8510
vn -0.9336 -0.1802 0.3097
vn -0.9815 0.0063 -0.1915
vn -0.8588 -0.3303 -0.3917
vn 0.1147 -0.3312 -0.9366
vn -0.1536 -0.1834 -0.9710
vn 0.2131 -0.4720 -0.8555
vn 0.6875 0.5851 -0.4301
vn 0.9844 -0.0334 -0.1730
vn 0.4773 0.0415 -0.8778
vn 0.0885 -0.1236 0.9884
vn 0.1477 0.1474 0.9780
vn 0.9945 0.1040 0.0111
vn 0.9958 0.0920 0.0021
vn 0.9938 0.1097 -0.0167
vn 0.1241 -0.0230 -0.9920
vn 0.6356 0.0914 -0.7666
vn 0.4067 0.0008 -0.9136
vn 0.7386 -0.0024 -0.6741
vn 0.9061 0.0789 -0.4156
vn 0.9010 -0.0323 -0.4327
vn 0.9847 0.0047 -0.1744
vn 0.9396 0.0422 -0.3397
vn 0.9858 0.0645 -0.1550
vn -0.3797 -0.0574 -0.9233
vn 0.2603 0.0770 0.9624
vn 0.4705 0.1008 0.8766
vn 0.9787 0.1458 0.1444
vn 0.9906 0.1341 0.0260
vn 0.9690 0.1890 0.1590
vn 0.9652 0.1361 0.2233
vn 0.9863 0.1389 0.0889
vn 0.7354 0.2173 -0.6418
vn 0.9172 0.1195 -0.3801
vn 0.9231 -0.0195 -0.3841
vn 0.7438 0.1680 -0.6470
vn 0.8849 0.3242 0.3345
vn 0.3652 0.1470 0.9192
vn 0.2808 0.2098 0.9366
vn 0.1873 0.1330 0.9733
vn 0.4162 0.3527 0.8381
vn 0.3545 0.2784 0.8926
vn 0.8765 0.4204 0.2346
vn 0.5439 0.8372 0.0567
vn 0.3750 0.9266 -0.0266
vn 0.2564 0.9647 0.0605
vn 0.4010 0.9021 0.1595
vn 0.6296 0.7032 0.3303
vn 0.8218 0.5406 0.1802
vn 0.4478 0.7609 0.4696
vn 0.9921 0.1222 0.0267
vn 0.3237 0.7455 0.5826
vn 0.2708 0.6914 0.6698
vn 0.2642 0.3805 0.8863
vn 0.3271 0.4730 0.8181
vn 0.6990 0.7036 0.1282
vn 0.9449 0.3255 0.0361
vn 0.8563 0.5164 -0.0012
vn 0.5288 0.8096 0.2549
vn 0.2358 0.8322 0.5018
vn 0.1438 0.9050 0.4004
vn 0.1043 0.8704 0.4812
vn 0.1872 0.7896 0.5843
vn 0.6983 0.7147 -0.0399
vn 0.3609 0.8465 0.3915
vn 0.2469 0.9248 0.2895
vn 0.0525 0.9580 0.2819
vn 0.1424 0.9893 -0.0331
vn 0.1285 0.9747 0.1826
vn 0.8180 0.5562 -0.1463
vn 0.6316 0.7306 -0.2594
vn 0.5032 0.8564 -0.1154
vn 0.9394 0.3314 -0.0877
vn 0.9925 0.1145 -0.0422
vn 0.2311 0.9633 -0.1365
vn 0.1296 0.9494 -0.2861
vn 0.5289 0.3811 -0.7583
vn 0.7675 0.3288 -0.5504
vn 0.3826 0.1755 -0.9071
vn 0.9720 0.2228 0.0751
vn 0.9942 0.1058 -0.0186
vn 0.4713 0.0035 -0.8820
vn 0.7298 0.0172 -0.6835
vn 0.9923 0.1222 -0.0189
vn 0.9845 0.1683 -0.0498
vn 0.9607 0.2625 -0.0901
vn 0.9942 0.0786 -0.0727
vn 0.7859 0.1265 -0.6052
vn 0.9428 -0.0745 -0.3248
vn 0.9607 -0.1079 -0.2559
vn 0.8739 0.4363 -0.2145
vn 0.9290 -0.2412 -0.2805
vn 0.9236 -0.3298 -0.1956
vn 0.9494 -0.1865 -0.2527
vn 0.9878 0.1356 -0.0769
vn 0.6672 -0.0004 -0.7449
vn 0.8294 0.0440 -0.5569
vn 0.9644 0.2505 -0.0853
vn 0.9025 0.3577 -0.2398
vn 0.9427 -0.1598 -0.2928
vn 0.7870 -0.0959 -0.6094
vn 0.1819 -0.0286 -0.9829
vn 0.7531 0.4802 -0.4498
vn 0.7001 0.6054 -0.3785
vn 0.9282 0.0597 -0.3673
vn 0.9795 0.0875 -0.1816
vn 0.9755 0.1590 -0.1521
vn 0.3195 0.9140 -0.2501
vn 0.9704 0.0779 -0.2286
vn 0.3774 0.1511 -0.9136
vn 0.3394 0.1805 -0.9232
vn 0.3440 0.6197 -0.7054
vn 0.1975 0.7184 -0.6670
vn 0.9164 0.2514 -0.3114
vn 0.1907 0.8914 -0.4110
vn 0.5512 0.5519 -0.6258
vn 0.1195 0.5808 -0.8052
vn 0.1272 0.8222 -0.5549
vn 0.0725 0.0030 -0.9974
vn 0.1029 0.0073 -0.9947
vn 0.0625 0.0363 -0.9974
vn 0.2655 0.4575 -0.8487
vn 0.8469 -0.0793 -0.5258
vn 0.2936 -0.0032 -0.9559
vn 0.7224 -0.1155 -0.6817
vn 0.9359 -0.0467 -0.3493
vn 0.0435 -0.0295 -0.9986
vn -0.0245 -0.0190 -0.9995
vn 0.9663 -0.0047 -0.2574
vn 0.9293 -0.1488 -0.3380
vn 0.7546 -0.4545 -0.4733
vn 0.9247 -0.3676 -0.0991
vn -0.1131 -0.1203 -0.9863
vn -0.2734 -0.8659 -0.4189
vn -0.8841 -0.3600 -0.2979
vn -0.8893 -0.3469 -0.2979
vn 0.5033 -0.2703 -0.8207
vn 0.1204 -0.1082 -0.9868
vn 0.7351 -0.6319 -0.2455
vn 0.5124 -0.7286 -0.4545
vn 0.9247 -0.2587 -0.2793
vn 0.7561 -0.4476 -0.4775
vn 0.3652 -0.6294 -0.6859
vn 0.1476 -0.3834 -0.9117
vn 0.2974 -0.8604 -0.4139
vn 0.4071 -0.7942 -0.4512
vn 0.6092 -0.2185 -0.7623
vn 0.3632 0.0507 -0.9304
vn 0.1357 -0.1062 -0.9850
vn 0.3150 -0.3041 -0.8991
vn -0.0367 0.0932 -0.9950
vn -0.0641 0.1145 -0.9914
vn -0.1530 0.0151 -0.9881
vn -0.1557 -0.0142 -0.9877
vn -0.0386 0.0398 -0.9985
vn 0.0017 -0.4260 -0.9047
vn 0.1259 -0.6608 -0.7399
vn 0.1620 -0.7884 -0.5935
vn 0.0966 -0.6264 -0.7735
vn 0.9550 0.2643 0.1348
vn 0.9811 0.0720 0.1796
vn 0.0757 -0.8914 -0.4468
vn 0.1188 -0.8781 -0.4635
vn 0.9549 -0.1384 0.2626
vn 0.9827 -0.1411 -0.1197
vn 0.9510 -0.3025 -0.0634
vn 0.8526 -0.4035 0.3321
vn 0.4140 -0.9094 -0.0392
vn 0.4209 -0.8405 -0.3413
vn 0.5240 -0.8517 -0.0081
vn 0.0849 -0.0394 -0.9956
vn 0.4150 -0.2776 -0.8664
vn -0.2507 0.1228 -0.9602
vn 0.2109 -0.8492 -0.4841
vn 0.9159 -0.4014 0.0066
vn 0.5787 -0.5544 -0.5981
vn 0.3055 -0.7967 0.5215
vn -0.2395 0.1599 -0.9577
vn 0.6415 -0.7169 0.2729
vn -0.5053 -0.6196 -0.6006
vn -0.7390 -0.3678 -0.5644
vn -0.0704 -0.1535 -0.9856
vn 0.1950 -0.1961 -0.9610
vn 0.4815 -0.2445 -0.8417
vn 0.2595 -0.1916 -0.9466
vn 0.0455 -0.6557 0.7537
vn -0.5098 -0.0151 -0.8601
vn -0.2724 -0.0607 -0.9603
vn -0.3510 0.5262 -0.7745
vn -0.2276 0.8423 -0.4886
vn 0.1381 0.9007 -0.4119
vn -0.0215 0.5865 -0.8096
vn 0.8452 -0.2309 -0.4820
vn 0.5006 -0.1908 -0.8444
vn 0.8072 -0.0218 -0.5899
vn -0.0671 0.3855 -0.9202
vn -0.1678 0.1169 -0.9789
vn -0.2268 0.1640 -0.9600
vn -0.1786 0.3563 -0.9172
vn 0.8554 -0.3391 -0.3915
vn 0.3378 -0.1989 -0.9200
vn 0.6614 -0.3201 -0.6783
vn 0.8399 -0.4435 -0.3130
vn 0.0756 0.2828 -0.9562
vn -0.1160 0.1593 -0.9804
vn 0.5536 -0.7947 -0.2489
vn 0.5552 -0.3270 -0.7647
vn -0.5067 0.2030 -0.8379
vn -0.3765 0.2396 -0.8949
vn -0.3192 0.1722 -0.9319
vn -0.4639 0.1088 -0.8792
vn 0.9243 0.2739 -0.2659
vn -0.2256 0.4382 -0.8701
vn 0.2096 -0.0704 -0.9752
vn 0.0215 -0.0948 -0.9953
vn -0.4564 0.2591 -0.8512
vn 0.3925 0.1344 -0.9099
vn 0.8273 0.5617 -0.0057
vn -0.4817 0.0184 -0.8761
vn -0.2433 0.0257 -0.9696
vn -0.4776 0.1389 -0.8675
vn -0.5559 0.0632 -0.8288
vn -0.4018 0.3227 -0.8570
vn -0.4110 0.3005 -0.8607
vn 0.5388 0.4870 -0.6874
vn -0.3843 0.0643 -0.9209
vn -0.1964 0.1378 -0.9708
vn -0.5594 0.0039 -0.8289
vn -0.2674 0.3442 -0.9000
vn -0.5812 0.3322 -0.7429
vn 0.4960 0.7892 -0.3623
vn -0.5205 0.0155 -0.8537
vn -0.5584 0.1762 -0.8106
vn 0.4756 0.4910 -0.7299
vn 0.4036 0.6333 -0.6603
vn 0.2564 0.5709 -0.7799
vn 0.3555 0.4355 -0.8270
vn 0.5565 0.8236 -0.1097
vn 0.0213 0.0604 -0.9979
vn 0.5053 0.0950 -0.8577
vn 0.0935 0.2424 -0.9657
vn 0.0604 0.3822 -0.9221
vn -0.0062 0.0891 -0.9960
vn 0.1468 0.4827 -0.8634
vn 0.0547 0.3707 -0.9271
vn 0.2655 0.4450 -0.8553
vn 0.1745 0.4193 -0.8909
vn 0.0569 0.5928 -0.8033
vn 0.1799 0.6470 -0.7410
vn 0.7843 -0.0676 -0.6167
vn 0.2862 0.6909 -0.6639
vn 0.8927 0.2256 -0.3902
vn 0.7675 0.2749 -0.5791
vn -0.0912 -0.5759 -0.8124
vn 0.0596 -0.6240 -0.7792
vn 0.5997 0.1979 -0.7753
vn 0.2206 0.3138 -0.9235
vn -0.1329 0.4349 -0.8906
vn -0.0403 0.5588 -0.8283
vn -0.8109 0.1567 -0.5638
vn -0.5919 0.4719 -0.6535
vn -0.9264 0.3155 -0.2058
vn 0.1789 0.3926 -0.9022
vn 0.6597 -0.4915 -0.5685
vn 0.3430 0.2453 -0.9067
vn 0.5097 0.5479 -0.6633
vn 0.0720 0.6134 -0.7865
vn 0.0870 0.4959 -0.8640
vn 0.3989 0.4396 -0.8048
vn 0.7880 0.5409 -0.2940
vn 0.2350 0.5161 -0.8237
vn 0.5030 0.4688 -0.7261
vn -0.0259 0.6146 -0.7884
vn 0.0139 0.5302 -0.8478
vn 0.0454 0.5898 -0.8063
vn 0.0509 0.6465 -0.7612
vn 0.1286 0.5224 -0.8430
vn -0.4251 -0.6351 -0.6450
vn 0.3710 0.3963 -0.8398
vn 0.2662 -0.0506 -0.9626
vn 0.1371 0.0355 -0.9899
vn 0.3221 -0.3485 -0.8802
vn 0.5587 -0.3846 -0.7349
vn 0.4773 -0.4723 -0.7411
vn 0.7649 0.2284 -0.6023
vn 0.6749 0.4634 -0.5743
vn 0.1069 0.9249 -0.3648
vn 0.3039 0.8153 -0.4929
vn 0.2310 0.7375 -0.6346
vn 0.3623 0.5299 -0.7668
vn 0.3785 0.3896 -0.8396
vn -0.3245 0.6041 -0.7279
vn -0.3709 0.2704 -0.8884
vn -0.2660 0.3977 -0.8781
vn -0.2036 0.4938 -0.8454
vn 0.0743 0.7885 -0.6106
vn 0.0383 0.2703 -0.9620
vn 0.0710 0.5986 -0.7979
vn 0.3670 0.2936 -0.8827
vn 0.4040 0.2269 -0.8862
vn 0.3236 0.2989 -0.8978
vn 0.3414 0.1585 -0.9265
vn 0.5569 -0.2762 -0.7833
vn 0.1382 0.3967 -0.9075
vn 0.2011 0.1838 -0.9622
vn -0.1446 0.4222 -0.8949
vn 0.3013 -0.3556 -0.8847
vn 0.3326 -0.2180 -0.9175
vn 0.4656 -0.4844 -0.7407
vn -0.3043 0.4666 -0.8305
vn 0.4644 0.2697 -0.8436
vn 0.4002 0.3692 -0.8387
vn 0.1545 -0.2544 -0.9547
vn -0.2650 0.0769 -0.9612
vn 0.4504 0.0457 -0.8917
vn 0.2508 0.0266 -0.9677
vn 0.3528 -0.1454 -0.9243
vn 0.0195 -0.2028 -0.9790
vn -0.1188 -0.1288 -0.9845
vn 0.5838 0.0167 -0.8117
vn 0.5068 0.0406 -0.8611
vn 0.5390 -0.3109 -0.7828
vn 0.2639 -0.0114 -0.9645
vn 0.4221 -0.3059 -0.8534
vn 0.5222 -0.4434 -0.7285
vn 0.4742 -0.3776 -0.7953
vn -0.5157 -0.3445 -0.7845
vn 0.2204 -0.6417 -0.7346
vn 0.2187 -0.7666 -0.6037
vn -0.0193 -0.0380 -0.9991
vn -0.0394 -0.0317 -0.9987
vn 0.0460 -0.0664 -0.9967
vn -0.0039 -0.0682 -0.9977
vn -0.4948 0.1001 -0.8632
vn -0.0755 -0.1771 -0.9813
vn 0.2043 -0.5723 -0.7942
vn 0.1359 -0.1636 -0.9771
vn -0.8232 -0.0546 -0.5651
vn -0.1313 0.0034 -0.9913
vn -0.8601 0.3138 -0.4021
vn -0.6213 0.7731 -0.1274
vn -0.8346 0.5215 -0.1775
vn 0.3579 -0.3081 -0.8814
vn -0.8343 -0.1995 -0.5140
vn -0.8202 -0.3491 -0.4532
vn -0.1650 0.5868 -0.7927
vn 0.3927 -0.7618 -0.5152
vn 0.5349 -0.5156 -0.6694
vn 0.6012 -0.5603 -0.5697
vn 0.5314 -0.7146 -0.4549
vn 0.3259 -0.7812 -0.5325
vn 0.2839 -0.8331 -0.4747
vn 0.4221 -0.6992 -0.5769
vn 0.2717 -0.3560 -0.8941
vn -0.6579 -0.7404 -0.1381
vn -0.6246 -0.7405 0.2480
vn -0.8815 -0.1460 0.4489
vn -0.4387 -0.5296 0.7260
vn -0.9480 0.2302 0.2199
vn -0.9966 0.0701 0.0437
vn 0.2619 -0.9645 -0.0336
vn 0.7679 -0.5961 0.2345
vn 0.3927 -0.9132 0.1085
vn -0.3065 -0.9369 -0.1685
vn -0.7423 -0.1019 -0.6622
vn -0.7449 -0.2172 -0.6309
vn -0.4430 -0.3861 -0.8091
vn -0.4770 -0.2648 -0.8380
vn -0.9689 -0.2224 0.1083
vn -0.2438 0.1748 0.9539
vn -0.6115 0.3163 0.7252
vn -0.9944 -0.0311 -0.1010
vn -0.9887 -0.1244 0.0833
vn -0.7110 0.3493 0.6104
vn -0.3261 0.3891 0.8615
vn -0.8510 0.3428 0.3979
vn -0.9545 0.1747 0.2416
vn -0.6633 -0.3272 -0.6731
vn -0.5143 -0.4275 -0.7435
vn -0.3841 -0.4856 -0.7853
vn -0.9487 -0.2164 -0.2306
vn -0.8789 -0.1314 -0.4585
vn -0.8511 0.0470 -0.5230
vn -0.8113 -0.0402 -0.5833
vn -0.8781 -0.2215 -0.4242
vn 0.3518 0.1842 0.9178
vn 0.8882 -0.1981 0.4146
vn 0.9649 -0.0375 0.2599
vn -0.1528 -0.1007 0.9831
vn -0.5522 -0.2807 0.7851
vn -0.9963 -0.0782 -0.0361
vn -0.9913 -0.1062 -0.0781
vn 0.0626 0.2241 0.9726
vn -0.8247 -0.0259 -0.5650
vn -0.9353 -0.0685 -0.3472
vn -0.8457 -0.1970 -0.4960
vn -0.8862 -0.2859 -0.3646
vn -0.9473 -0.1613 -0.2767
vn 0.6082 -0.2263 0.7609
vn 0.5142 -0.1574 0.8431
vn 0.3222 -0.2595 0.9104
vn -0.9205 0.1093 -0.3752
vn -0.9237 0.0893 -0.3725
vn 0.2368 -0.3843 0.8923
vn -0.1151 -0.4217 0.8994
vn 0.7605 -0.6417 0.0990
vn 0.8720 -0.4511 0.1901
vn -0.9957 0.0585 -0.0722
vn -0.9617 0.2106 -0.1756
vn -0.9547 0.1031 -0.2791
vn -0.8098 -0.5077 -0.2941
vn -0.9108 -0.1571 -0.3818
vn -0.9522 -0.0831 -0.2938
vn -0.7280 -0.6260 -0.2794
vn -0.1318 -0.9912 -0.0102
vn -0.8640 -0.0346 -0.5024
vn -0.8752 -0.3374 -0.3468
vn -0.2656 -0.9261 -0.2681
vn -0.8416 -0.4546 -0.2916
vn -0.9481 0.2152 -0.2340
vn -0.9389 0.2045 -0.2768
vn 0.8210 -0.5186 0.2388
vn -0.8950 -0.0498 -0.4432
vn -0.9455 0.1754 -0.2743
vn -0.9578 -0.0078 -0.2872
vn -0.9658 0.0751 -0.2483
vn -0.8185 -0.2959 -0.4924
vn -0.9954 -0.0912 -0.0309
vn -0.8696 -0.1867 -0.4571
vn -0.5362 -0.2623 -0.8023
vn -0.0911 -0.1955 -0.9765
vn -0.8743 -0.0940 -0.4761
vn -0.8663 -0.1085 -0.4875
vn -0.9040 -0.0586 -0.4234
vn -0.8804 -0.1161 -0.4598
vn 0.1681 -0.3192 -0.9327
vn 0.9116 -0.2051 -0.3562
vn 0.5964 -0.3179 -0.7371
vn 0.3430 -0.6152 -0.7098
vn -0.3838 -0.4617 -0.7997
vn -0.8618 0.4774 0.1716
vn -0.7754 -0.0762 -0.6269
vn -0.5563 0.3100 0.7710
vn 0.0950 0.0239 0.9952
vn -0.8379 -0.3561 0.4137
vn -0.5157 -0.5135 0.6858
vn -0.9471 -0.3029 -0.1064
vn -0.9508 -0.1858 -0.2478
vn -0.8412 -0.2420 -0.4836
vn -0.8694 -0.3984 -0.2921
vn -0.2865 -0.2585 -0.9226
vn -0.7947 -0.1241 -0.5942
vn -0.9277 -0.3538 0.1191
vn -0.9826 -0.1496 -0.1103
vn 0.9777 -0.1860 0.0970
vn -0.9856 -0.1635 -0.0434
vn -0.7847 -0.1575 -0.5995
vn -0.9346 -0.3545 0.0296
vn -0.8867 -0.4623 0.0085
vn -0.7149 -0.6587 0.2345
vn -0.7741 -0.5569 0.3010
vn -0.6636 -0.1656 -0.7295
vn 0.9902 -0.1360 -0.0306
vn 0.9904 -0.0996 -0.0957
vn -0.4965 -0.1563 -0.8538
vn -0.8617 -0.1075 -0.4959
vn -0.5276 -0.3120 -0.7901
vn 0.9895 -0.1435 -0.0141
vn 0.9988 -0.0489 -0.0086
vn 0.8190 0.4852 -0.3065
vn 0.9293 -0.0342 -0.3678
vn 0.9729 0.2196 -0.0722
vn -0.7657 -0.3592 -0.5335
vn -0.8042 -0.2027 -0.5588
vn -0.3988 -0.5279 -0.7499
vn -0.3532 -0.5885 -0.7273
vn -0.7713 -0.6265 -0.1121
vn -0.4049 -0.9083 0.1051
vn -0.7948 -0.4837 -0.3665
vn -0.4720 -0.8367 -0.2777
vn 0.0180 -0.9324 0.3609
vn 0.1618 -0.9818 -0.0997
vn -0.2541 -0.8092 0.5297
vn 0.4190 -0.6708 0.6119
vn 0.0359 -0.5960 0.8021
vn -0.4674 -0.6674 0.5797
vn -0.8547 -0.2278 -0.4664
vn -0.7365 -0.5300 0.4203
vn -0.5815 -0.3027 -0.7551
vn -0.2988 -0.5812 -0.7569
vn 0.0764 -0.7960 -0.6004
vn -0.5111 -0.6171 0.5984
vn 0.5147 -0.3263 0.7928
vn -0.2151 -0.5505 0.8066
vn 0.7418 -0.3611 0.5651
vn -0.4488 -0.7257 -0.5215
vn 0.5297 0.1681 -0.8314
vn 0.9961 0.0138 0.0876
vn 0.9831 -0.1819 -0.0217
vn 0.9980 -0.0634 -0.0041
vn 0.9930 -0.1035 0.0571
vn 0.9669 -0.2448 0.0719
vn 0.9959 -0.0907 0.0006
vn 0.9737 0.2268 0.0219
vn 0.9846 -0.1751 -0.0027
vn 0.9336 -0.3583 -0.0052
vn 0.9763 0.2008 0.0811
vn 0.9933 -0.1148 -0.0132
vn 0.9939 -0.1046 0.0337
vn 0.9935 -0.1130 -0.0106
vn 0.9650 0.2618 -0.0121
vn 0.4975 0.6390 -0.5866
vt 0.241800 0.710100
vt 0.230900 0.700200
vt 0.241500 0.692700
vt 0.252400 0.699200
vt 0.138800 0.746300
vt 0.144100 0.737500
vt 0.153100 0.738000
vt 0.146800 0.746500
vt 0.140800 0.753100
vt 0.155200 0.748300
vt 0.148800 0.755000
vt 0.157400 0.758000
vt 0.164000 0.752100
vt 0.204400 0.719600
vt 0.206500 0.727500
vt 0.197400 0.726500
vt 0.200600 0.721900
vt 0.161600 0.739300
vt 0.170600 0.744000
vt 0.348700 0.903100
vt 0.121900 0.764400
vt 0.125700 0.755000
vt 0.133400 0.752900
vt 0.178000 0.704000
vt 0.170400 0.700800
vt 0.178700 0.694700
vt 0.187100 0.699000
vt 0.198000 0.693800
vt 0.187200 0.689500
vt 0.191200 0.703800
vt 0.182400 0.706200
vt 0.169700 0.690600
vt 0.177800 0.686200
vt 0.178300 0.711600
vt 0.170700 0.710200
vt 0.325500 0.835400
vt 0.318200 0.826500
vt 0.148900 0.685400
vt 0.335300 0.830200
vt 0.161900 0.707400
vt 0.152300 0.702700
vt 0.142300 0.697600
vt 0.149800 0.692100
vt 0.160600 0.696100
vt 0.164500 0.718500
vt 0.154500 0.715900
vt 0.173100 0.720000
vt 0.159200 0.687700
vt 0.167800 0.729600
vt 0.159300 0.728100
vt 0.130000 0.745700
vt 0.133700 0.734000
vt 0.098700 0.702000
vt 0.105100 0.696900
vt 0.113600 0.697900
vt 0.107400 0.703900
vt 0.149100 0.726300
vt 0.144900 0.710900
vt 0.346000 0.827300
vt 0.140100 0.689500
vt 0.132100 0.694100
vt 0.121500 0.692200
vt 0.135000 0.704600
vt 0.124000 0.700000
vt 0.328600 0.823900
vt 0.138400 0.721600
vt 0.342700 0.840000
vt 0.130800 0.687200
vt 0.353700 0.835000
vt 0.127700 0.714500
vt 0.116800 0.707600
vt 0.107000 0.733000
vt 0.094700 0.723100
vt 0.101200 0.711700
vt 0.111400 0.719000
vt 0.339400 0.906300
vt 0.329700 0.857700
vt 0.319600 0.844200
vt 0.334400 0.847600
vt 0.361000 0.845200
vt 0.111300 0.691100
vt 0.370100 0.840500
vt 0.122200 0.727200
vt 0.119200 0.741200
vt 0.090300 0.706700
vt 0.116600 0.755500
vt 0.367000 0.920400
vt 0.100300 0.782200
vt 0.102700 0.768300
vt 0.112900 0.767400
vt 0.104500 0.750200
vt 0.369300 0.902800
vt 0.372800 0.914600
vt 0.363600 0.910200
vt 0.358400 0.901500
vt 0.090900 0.739100
vt 0.374200 0.927200
vt 0.098300 0.793100
vt 0.407800 0.855900
vt 0.402700 0.847300
vt 0.060600 0.699000
vt 0.416100 0.852000
vt 0.078100 0.726300
vt 0.090100 0.760100
vt 0.074300 0.742700
vt 0.355100 0.907900
vt 0.082400 0.713700
vt 0.088900 0.785200
vt 0.061200 0.713500
vt 0.067900 0.716800
vt 0.064300 0.727200
vt 0.059800 0.720800
vt 0.380200 0.957000
vt 0.384100 0.957700
vt 0.082800 0.813300
vt 0.084700 0.810800
vt 0.414000 0.843400
vt 0.070400 0.701300
vt 0.064200 0.706500
vt 0.056600 0.706600
vt 0.445100 0.932900
vt 0.445400 0.926800
vt 0.017400 0.784600
vt 0.451800 0.935600
vt 0.060900 0.741300
vt 0.057200 0.733600
vt 0.381900 0.936000
vt 0.380000 0.947000
vt 0.374300 0.938900
vt 0.090700 0.801000
vt 0.072300 0.708600
vt 0.052800 0.746600
vt 0.051100 0.736900
vt 0.073500 0.765700
vt 0.063100 0.753100
vt 0.055100 0.725100
vt 0.079000 0.797800
vt 0.083200 0.806500
vt 0.056900 0.763700
vt 0.067200 0.785600
vt 0.055500 0.789300
vt 0.045700 0.780200
vt 0.425300 0.880100
vt 0.423700 0.890000
vt 0.416100 0.882800
vt 0.419400 0.874900
vt 0.043600 0.760100
vt 0.451500 0.930100
vt 0.024600 0.772000
vt 0.022400 0.780900
vt 0.109600 0.776700
vt 0.409200 0.948000
vt 0.413200 0.941300
vt 0.047800 0.792700
vt 0.292500 0.824800
vt 0.286600 0.829300
vt 0.282400 0.822600
vt 0.294200 0.819700
vt 0.061400 0.796600
vt 0.400100 0.950800
vt 0.398500 0.937100
vt 0.068800 0.800400
vt 0.398100 0.959500
vt 0.384100 0.923500
vt 0.341800 0.899800
vt 0.352100 0.894500
vt 0.385400 0.952800
vt 0.389200 0.958700
vt 0.363400 0.889400
vt 0.385800 0.908900
vt 0.389500 0.945600
vt 0.250400 0.852300
vt 0.256900 0.840100
vt 0.263400 0.853000
vt 0.257200 0.865800
vt 0.422500 0.945300
vt 0.040300 0.791900
vt 0.393100 0.954700
vt 0.394100 0.959600
vt 0.076600 0.812900
vt 0.090000 0.810300
vt 0.425800 0.929400
vt 0.419400 0.935200
vt 0.404400 0.925600
vt 0.411400 0.919200
vt 0.075200 0.805900
vt 0.079100 0.810300
vt 0.392400 0.962600
vt 0.074600 0.809900
vt 0.070900 0.809400
vt 0.386500 0.962100
vt 0.045900 0.734500
vt 0.428500 0.873600
vt 0.049200 0.721000
vt 0.050000 0.730400
vt 0.045200 0.743600
vt 0.445000 0.938600
vt 0.451400 0.941100
vt 0.337200 0.893700
vt 0.337100 0.887400
vt 0.345500 0.886300
vt 0.342100 0.894000
vt 0.437100 0.919300
vt 0.434300 0.903200
vt 0.031400 0.785200
vt 0.030800 0.773900
vt 0.239400 0.852100
vt 0.244700 0.839500
vt 0.244900 0.864800
vt 0.031700 0.793800
vt 0.035300 0.757500
vt 0.031400 0.801000
vt 0.024900 0.802900
vt 0.023700 0.795500
vt 0.022400 0.787700
vt 0.433300 0.949400
vt 0.192400 0.718400
vt 0.193500 0.716500
vt 0.196100 0.717100
vt 0.194000 0.719500
vt 0.025100 0.808900
vt 0.441400 0.954500
vt 0.447000 0.952800
vt 0.022800 0.814500
vt 0.429000 0.942000
vt 0.437200 0.936700
vt 0.439400 0.946200
vt 0.037900 0.798700
vt 0.017000 0.798200
vt 0.016700 0.791300
vt 0.008900 0.808600
vt 0.012300 0.810500
vt 0.458200 0.957000
vt 0.456900 0.952100
vt 0.014700 0.807700
vt 0.017900 0.811600
vt 0.451200 0.946600
vt 0.457700 0.945000
vt 0.455500 0.948300
vt 0.012200 0.802600
vt 0.462000 0.950300
vt 0.011400 0.795900
vt 0.459200 0.938800
vt 0.380400 0.893000
vt 0.438200 0.928900
vt 0.251500 0.876000
vt 0.245700 0.883300
vt 0.239400 0.875400
vt 0.444900 0.918000
vt 0.425900 0.905800
vt 0.428000 0.920500
vt 0.452000 0.951800
vt 0.445300 0.945100
vt 0.177100 0.732300
vt 0.368800 0.859400
vt 0.360400 0.866800
vt 0.351600 0.852300
vt 0.032100 0.808000
vt 0.395900 0.877200
vt 0.401400 0.865900
vt 0.409500 0.876200
vt 0.404600 0.885400
vt 0.413500 0.866100
vt 0.413800 0.907800
vt 0.398400 0.908100
vt 0.397500 0.895200
vt 0.179100 0.749800
vt 0.172600 0.756400
vt 0.259200 0.883900
vt 0.252900 0.888900
vt 0.352800 0.876000
vt 0.343900 0.861400
vt 0.414000 0.893300
vt 0.377000 0.851200
vt 0.366800 0.878400
vt 0.378100 0.878200
vt 0.450600 0.959800
vt 0.020700 0.808700
vt 0.234000 0.839500
vt 0.239400 0.828900
vt 0.265100 0.876800
vt 0.269300 0.840100
vt 0.263000 0.829600
vt 0.293500 0.874000
vt 0.301700 0.882500
vt 0.295200 0.887500
vt 0.287700 0.881900
vt 0.273200 0.883700
vt 0.266900 0.889500
vt 0.219500 0.883900
vt 0.213700 0.876700
vt 0.221600 0.865800
vt 0.227200 0.876000
vt 0.284800 0.693600
vt 0.296200 0.689100
vt 0.306900 0.693900
vt 0.297100 0.701000
vt 0.270400 0.865500
vt 0.139800 0.767000
vt 0.329000 0.892500
vt 0.331600 0.888300
vt 0.275700 0.852100
vt 0.288700 0.892000
vt 0.301900 0.892900
vt 0.180700 0.760500
vt 0.284000 0.863700
vt 0.279000 0.875100
vt 0.320900 0.877200
vt 0.327900 0.884500
vt 0.322100 0.888800
vt 0.315200 0.883700
vt 0.293200 0.840100
vt 0.288700 0.851500
vt 0.280800 0.839500
vt 0.340800 0.752200
vt 0.334200 0.744100
vt 0.343300 0.739400
vt 0.349600 0.748400
vt 0.295500 0.896600
vt 0.166100 0.761600
vt 0.298100 0.863800
vt 0.333700 0.879600
vt 0.302100 0.853000
vt 0.257200 0.818300
vt 0.246500 0.822100
vt 0.252400 0.680700
vt 0.241300 0.684200
vt 0.307600 0.875400
vt 0.311900 0.865900
vt 0.151300 0.763300
vt 0.315800 0.893300
vt 0.315700 0.855200
vt 0.325700 0.868300
vt 0.338800 0.871500
vt 0.080000 0.703900
vt 0.055100 0.715500
vt 0.233000 0.883300
vt 0.233800 0.864800
vt 0.385700 0.845000
vt 0.393400 0.854300
vt 0.385900 0.865100
vt 0.267900 0.822500
vt 0.229900 0.680800
vt 0.219200 0.685300
vt 0.275400 0.818500
vt 0.208300 0.865500
vt 0.215400 0.853000
vt 0.431000 0.886300
vt 0.019100 0.804800
vt 0.422700 0.865300
vt 0.048500 0.708800
vt 0.045000 0.728300
vt 0.424600 0.854900
vt 0.079400 0.697800
vt 0.390900 0.884300
vt 0.417200 0.859600
vt 0.089200 0.700400
vt 0.378200 0.838100
vt 0.041300 0.741000
vt 0.364500 0.832900
vt 0.252400 0.721200
vt 0.263100 0.731500
vt 0.252400 0.738500
vt 0.241800 0.731500
vt 0.395500 0.840700
vt 0.097200 0.696100
vt 0.168600 0.683800
vt 0.310700 0.832500
vt 0.306100 0.842100
vt 0.297800 0.830800
vt 0.303000 0.824200
vt 0.227500 0.829300
vt 0.232300 0.822100
vt 0.134600 0.759900
vt 0.143300 0.761000
vt 0.180200 0.721100
vt 0.186600 0.711600
vt 0.323900 0.897100
vt 0.220000 0.693600
vt 0.230400 0.688500
vt 0.310200 0.820600
vt 0.186300 0.682000
vt 0.208700 0.689100
vt 0.263600 0.684200
vt 0.252400 0.687800
vt 0.239400 0.817800
vt 0.251200 0.829300
vt 0.263300 0.692700
vt 0.364000 0.753200
vt 0.356000 0.755100
vt 0.358000 0.746600
vt 0.207800 0.701000
vt 0.197100 0.685500
vt 0.207900 0.682600
vt 0.257200 0.824100
vt 0.274600 0.829200
vt 0.210900 0.822500
vt 0.297000 0.682700
vt 0.285700 0.685300
vt 0.221600 0.818300
vt 0.198600 0.717600
vt 0.199600 0.715900
vt 0.200800 0.718300
vt 0.198800 0.719900
vt 0.453600 0.956200
vt 0.013800 0.814700
vt 0.196500 0.708400
vt 0.195500 0.714300
vt 0.193300 0.714400
vt 0.195200 0.712000
vt 0.197500 0.712900
vt 0.184800 0.741000
vt 0.191200 0.716100
vt 0.198200 0.714900
vt 0.196600 0.720000
vt 0.205100 0.710000
vt 0.199500 0.710100
vt 0.202200 0.715200
vt 0.229300 0.722400
vt 0.215100 0.721700
vt 0.210400 0.715200
vt 0.220300 0.709000
vt 0.199800 0.713200
vt 0.203500 0.752000
vt 0.193500 0.747700
vt 0.200000 0.738700
vt 0.211400 0.744900
vt 0.219800 0.734900
vt 0.197000 0.722800
vt 0.194600 0.721800
vt 0.193400 0.724600
vt 0.231200 0.740800
vt 0.189800 0.719300
vt 0.192000 0.721600
vt 0.222200 0.748500
vt 0.190200 0.731300
vt 0.189400 0.724200
vt 0.188000 0.716200
vt 0.185400 0.722200
vt 0.187100 0.754300
vt 0.253700 0.897700
vt 0.260500 0.893600
vt 0.213800 0.755400
vt 0.184000 0.728200
vt 0.191700 0.713000
vt 0.225800 0.888900
vt 0.239400 0.889300
vt 0.232400 0.893700
vt 0.268300 0.897200
vt 0.274800 0.892900
vt 0.195600 0.757400
vt 0.246300 0.893700
vt 0.308400 0.889000
vt 0.209500 0.840100
vt 0.203000 0.852100
vt 0.197900 0.839500
vt 0.204100 0.829200
vt 0.309100 0.897900
vt 0.242000 0.744400
vt 0.185600 0.840100
vt 0.180900 0.830800
vt 0.186300 0.824800
vt 0.192200 0.829300
vt 0.275000 0.680900
vt 0.281200 0.888100
vt 0.282600 0.896500
vt 0.273900 0.700200
vt 0.263000 0.710200
vt 0.203900 0.892900
vt 0.309200 0.757500
vt 0.190100 0.892000
vt 0.197500 0.888100
vt 0.262800 0.744400
vt 0.239400 0.898500
vt 0.225000 0.897700
vt 0.252400 0.748100
vt 0.232800 0.750000
vt 0.275600 0.722400
vt 0.284500 0.709000
vt 0.332200 0.756500
vt 0.325700 0.749900
vt 0.858500 0.898700
vt 0.866500 0.898200
vt 0.867600 0.904300
vt 0.351700 0.738100
vt 0.345700 0.687800
vt 0.335200 0.690700
vt 0.327000 0.686300
vt 0.168600 0.820600
vt 0.326800 0.704100
vt 0.317800 0.699000
vt 0.326100 0.694800
vt 0.334500 0.700900
vt 0.305000 0.713200
vt 0.305200 0.715900
vt 0.304100 0.718300
vt 0.302700 0.715300
vt 0.355000 0.692200
vt 0.364800 0.689600
vt 0.372800 0.694300
vt 0.362600 0.697700
vt 0.344200 0.696200
vt 0.317700 0.689600
vt 0.313600 0.703800
vt 0.322400 0.706300
vt 0.160600 0.826500
vt 0.336300 0.684000
vt 0.175700 0.824200
vt 0.168000 0.832500
vt 0.342900 0.707500
vt 0.334100 0.710300
vt 0.360000 0.711000
vt 0.352500 0.702800
vt 0.369800 0.704700
vt 0.337000 0.729700
vt 0.331800 0.720100
vt 0.340300 0.718600
vt 0.345600 0.728200
vt 0.326600 0.711700
vt 0.299800 0.710000
vt 0.294400 0.715300
vt 0.115000 0.910200
vt 0.382700 0.764800
vt 0.391900 0.767600
vt 0.111600 0.920400
vt 0.350300 0.716000
vt 0.383300 0.692400
vt 0.132800 0.827300
vt 0.317700 0.754400
vt 0.311300 0.747800
vt 0.320100 0.741100
vt 0.425900 0.798000
vt 0.415900 0.785400
vt 0.431300 0.765800
vt 0.437600 0.785800
vt 0.456300 0.709000
vt 0.448300 0.706800
vt 0.064800 0.843400
vt 0.062600 0.852000
vt 0.377200 0.714600
vt 0.366400 0.721700
vt 0.366000 0.746400
vt 0.374800 0.745800
vt 0.379100 0.755300
vt 0.371400 0.753000
vt 0.391300 0.698100
vt 0.380800 0.700100
vt 0.385700 0.741400
vt 0.382600 0.727300
vt 0.393500 0.719100
vt 0.397800 0.733200
vt 0.425400 0.698000
vt 0.415600 0.700600
vt 0.100600 0.838100
vt 0.093000 0.845000
vt 0.355700 0.726400
vt 0.360700 0.737700
vt 0.388000 0.707700
vt 0.371100 0.734200
vt 0.139300 0.906200
vt 0.397400 0.704000
vt 0.061500 0.859600
vt 0.056000 0.865300
vt 0.404500 0.782400
vt 0.402100 0.768500
vt 0.414700 0.760300
vt 0.136600 0.893900
vt 0.133200 0.886300
vt 0.141600 0.887400
vt 0.365000 0.767200
vt 0.400300 0.750400
vt 0.388200 0.755700
vt 0.137000 0.899700
vt 0.141500 0.893600
vt 0.361500 0.761200
vt 0.104500 0.927200
vt 0.406600 0.793300
vt 0.098700 0.947000
vt 0.096800 0.936000
vt 0.109400 0.902800
vt 0.120400 0.901500
vt 0.105900 0.914600
vt 0.123600 0.907800
vt 0.432600 0.708700
vt 0.424800 0.704000
vt 0.434400 0.701500
vt 0.440600 0.706700
vt 0.413900 0.739300
vt 0.403600 0.711900
vt 0.414500 0.706900
vt 0.422500 0.713900
vt 0.410100 0.723200
vt 0.430500 0.742900
vt 0.443900 0.741400
vt 0.441700 0.753300
vt 0.130000 0.903000
vt 0.370200 0.760100
vt 0.444300 0.699100
vt 0.083200 0.840700
vt 0.076000 0.847300
vt 0.440500 0.727400
vt 0.436900 0.716900
vt 0.443600 0.713700
vt 0.445000 0.721000
vt 0.426700 0.726500
vt 0.125100 0.835000
vt 0.393600 0.691300
vt 0.449800 0.725200
vt 0.447700 0.733800
vt 0.395200 0.776900
vt 0.104400 0.939000
vt 0.449700 0.715700
vt 0.054100 0.854900
vt 0.455600 0.721200
vt 0.464500 0.792100
vt 0.459200 0.780400
vt 0.473500 0.785400
vt 0.473200 0.794000
vt 0.474100 0.774000
vt 0.482500 0.781100
vt 0.482500 0.787800
vt 0.452100 0.746700
vt 0.447900 0.763900
vt 0.420100 0.811000
vt 0.421600 0.806700
vt 0.425700 0.810500
vt 0.092200 0.962100
vt 0.414100 0.801200
vt 0.436000 0.800600
vt 0.069500 0.948000
vt 0.078600 0.950700
vt 0.434000 0.809600
vt 0.052900 0.929400
vt 0.050700 0.920500
vt 0.064900 0.907800
vt 0.067300 0.919200
vt 0.453700 0.737000
vt 0.065500 0.941300
vt 0.080200 0.937100
vt 0.443400 0.796800
vt 0.094600 0.923500
vt 0.033300 0.926800
vt 0.480200 0.772200
vt 0.044500 0.903200
vt 0.041600 0.919300
vt 0.149700 0.892500
vt 0.353500 0.763400
vt 0.454900 0.730500
vt 0.050200 0.873600
vt 0.458900 0.734700
vt 0.026900 0.935600
vt 0.033600 0.932900
vt 0.033700 0.938600
vt 0.027300 0.941100
vt 0.461300 0.760300
vt 0.033400 0.945100
vt 0.027500 0.946600
vt 0.126600 0.894500
vt 0.449400 0.789500
vt 0.089200 0.945600
vt 0.085600 0.954700
vt 0.459600 0.743800
vt 0.854000 0.907800
vt 0.856200 0.905800
vt 0.858100 0.914000
vt 0.808600 0.680800
vt 0.084500 0.959600
vt 0.429700 0.806000
vt 0.430300 0.810100
vt 0.086200 0.962600
vt 0.080500 0.959500
vt 0.089500 0.958700
vt 0.428200 0.813100
vt 0.094600 0.957700
vt 0.414800 0.810500
vt 0.422100 0.813500
vt 0.093300 0.952800
vt 0.486900 0.811800
vt 0.490200 0.807900
vt 0.492500 0.810700
vt 0.020400 0.957000
vt 0.469600 0.757700
vt 0.033900 0.918000
vt 0.098500 0.957000
vt 0.228300 0.852300
vt 0.221800 0.840100
vt 0.481100 0.795700
vt 0.056200 0.945300
vt 0.021000 0.945000
vt 0.493400 0.796000
vt 0.488200 0.791400
vt 0.487800 0.798300
vt 0.074300 0.925600
vt 0.092900 0.908900
vt 0.487500 0.784800
vt 0.074100 0.885400
vt 0.064700 0.893300
vt 0.062600 0.882800
vt 0.069200 0.876200
vt 0.473400 0.801100
vt 0.479900 0.803000
vt 0.045400 0.949300
vt 0.049700 0.941900
vt 0.457000 0.792800
vt 0.492600 0.802800
vt 0.019500 0.938800
vt 0.485700 0.805000
vt 0.016600 0.950300
vt 0.021800 0.952100
vt 0.491000 0.815000
vt 0.115300 0.889400
vt 0.037300 0.954500
vt 0.039300 0.946100
vt 0.466900 0.798800
vt 0.040500 0.928900
vt 0.041500 0.936600
vt 0.027300 0.930200
vt 0.059300 0.935200
vt 0.472700 0.808200
vt 0.031800 0.952800
vt 0.479700 0.809000
vt 0.098400 0.893000
vt 0.052900 0.905800
vt 0.055000 0.890000
vt 0.053500 0.880100
vt 0.059300 0.874900
vt 0.080300 0.908100
vt 0.065200 0.866100
vt 0.081200 0.895200
vt 0.026700 0.951800
vt 0.025100 0.956300
vt 0.028100 0.959800
vt 0.221500 0.824100
vt 0.215700 0.829600
vt 0.218300 0.893600
vt 0.291000 0.755500
vt 0.211800 0.889500
vt 0.205500 0.883700
vt 0.199700 0.875100
vt 0.191100 0.881900
vt 0.185200 0.874000
vt 0.194700 0.863700
vt 0.272000 0.750000
vt 0.190100 0.851500
vt 0.126000 0.876000
vt 0.177000 0.882500
vt 0.171200 0.875400
vt 0.180600 0.863800
vt 0.274500 0.688500
vt 0.163500 0.883600
vt 0.157800 0.877200
vt 0.166800 0.865900
vt 0.176600 0.853000
vt 0.153000 0.868300
vt 0.163100 0.855200
vt 0.172600 0.842100
vt 0.118300 0.866800
vt 0.111900 0.878400
vt 0.145000 0.879600
vt 0.139900 0.871500
vt 0.149100 0.857700
vt 0.110000 0.859400
vt 0.100600 0.878200
vt 0.144300 0.847600
vt 0.136000 0.840000
vt 0.143400 0.830200
vt 0.153200 0.835400
vt 0.159100 0.844200
vt 0.463600 0.741200
vt 0.406100 0.702100
vt 0.087900 0.884300
vt 0.047700 0.886200
vt 0.459900 0.728500
vt 0.082800 0.877200
vt 0.092900 0.865100
vt 0.077300 0.865900
vt 0.374100 0.687300
vt 0.150100 0.823900
vt 0.101800 0.851200
vt 0.108600 0.840500
vt 0.117800 0.845200
vt 0.070900 0.855900
vt 0.085300 0.854300
vt 0.127100 0.852300
vt 0.134900 0.861500
vt 0.399700 0.697000
vt 0.407700 0.696200
vt 0.114200 0.832900
vt 0.356000 0.685500
vt 0.184500 0.819700
vt 0.482000 0.814700
vt 0.307800 0.685600
vt 0.203300 0.818500
vt 0.196300 0.822600
vt 0.318600 0.682100
vt 0.347400 0.758100
vt 0.484100 0.808900
vt 0.023200 0.948300
vt 0.307400 0.713000
vt 0.306700 0.714900
vt 0.306200 0.717700
vt 0.308700 0.717100
vt 0.308200 0.720100
vt 0.306000 0.720000
vt 0.150900 0.884500
vt 0.495900 0.808800
vt 0.327700 0.732400
vt 0.324700 0.721200
vt 0.318300 0.711700
vt 0.308300 0.708500
vt 0.726700 0.974300
vt 0.976500 0.739100
vt 0.742500 0.975100
vt 0.732700 0.978900
vt 0.282600 0.748500
vt 0.273600 0.740800
vt 0.285000 0.735000
vt 0.293400 0.745000
vt 0.315500 0.724300
vt 0.314600 0.731400
vt 0.307500 0.726600
vt 0.311500 0.724700
vt 0.300500 0.719700
vt 0.304200 0.722000
vt 0.313700 0.716100
vt 0.312500 0.718500
vt 0.311300 0.716600
vt 0.311500 0.714400
vt 0.310800 0.719600
vt 0.305300 0.710200
vt 0.289700 0.721800
vt 0.298300 0.727600
vt 0.312900 0.721700
vt 0.315100 0.719400
vt 0.307800 0.722900
vt 0.310300 0.721900
vt 0.304900 0.738700
vt 0.319400 0.722300
vt 0.316900 0.716300
vt 0.320800 0.728300
vt 0.301300 0.752100
vt 0.210400 0.897300
vt 0.309300 0.714400
vt 0.313100 0.713100
vt 0.309600 0.712100
vt 0.324100 0.760600
vt 0.176800 0.892900
vt 0.183600 0.887500
vt 0.170300 0.889000
vt 0.163000 0.893200
vt 0.156700 0.888800
vt 0.147100 0.888300
vt 0.875900 0.913200
vt 0.803200 0.668000
vt 0.826500 0.679200
vt 0.817900 0.681000
vt 0.811400 0.675600
vt 0.822900 0.665700
vt 0.183300 0.896500
vt 0.338700 0.761700
vt 0.196100 0.896500
vt 0.960400 0.745100
vt 0.752800 0.978500
vt 0.749400 0.980200
vt 0.154900 0.897100
vt 0.169700 0.897900
vt 0.812900 0.655900
vt 0.823700 0.651100
vt 0.802400 0.651200
vt 0.929700 0.953900
vt 0.930400 0.944500
vt 0.934700 0.948900
vt 0.884200 0.905000
vt 0.817800 0.683000
vt 0.815900 0.683300
vt 0.814900 0.682500
vt 0.877000 0.898800
vt 0.973000 0.746600
vt 0.967000 0.743700
vt 0.733700 0.969100
vt 0.980800 0.744000
vt 0.853500 0.906400
vt 0.884000 0.899800
vt 0.831200 0.660100
vt 0.941900 0.951100
vt 0.853700 0.904900
vt 0.855300 0.901600
vt 0.940700 0.945300
vt 0.986600 0.742000
vt 0.966600 0.748900
vt 0.962800 0.747000
vt 0.972100 0.752200
vt 0.978100 0.750000
vt 0.983000 0.748300
vt 0.723200 0.970200
vt 0.972600 0.698300
vt 0.976400 0.694800
vt 0.978700 0.699100
vt 0.786600 0.843200
vt 0.895600 0.739100
vt 0.891800 0.746700
vt 0.778600 0.848800
vt 0.722600 0.978300
vt 0.751200 0.973100
vt 0.961000 0.752000
vt 0.959100 0.750300
vt 0.753400 0.979900
vt 0.959700 0.748400
vt 0.685600 0.894300
vt 0.687600 0.897300
vt 0.684300 0.895800
vt 0.683300 0.891600
vt 0.959300 0.759900
vt 0.957600 0.756200
vt 0.960300 0.757200
vt 0.965000 0.760500
vt 0.794400 0.851200
vt 0.902100 0.745500
vt 0.900700 0.752300
vt 0.983100 0.753300
vt 0.974400 0.701900
vt 0.978600 0.701300
vt 0.958100 0.753900
vt 0.957400 0.752400
vt 0.978900 0.756000
vt 0.965600 0.755100
vt 0.971800 0.758500
vt 0.970800 0.762800
vt 0.977600 0.761700
vt 0.982700 0.759700
vt 0.957100 0.753800
vt 0.741700 0.983500
vt 0.748900 0.985900
vt 0.963200 0.764000
vt 0.733800 0.987000
vt 0.982800 0.701900
vt 0.957000 0.752500
vt 0.957300 0.751300
vt 0.751900 0.984500
vt 0.723500 0.986000
vt 0.977400 0.766200
vt 0.981500 0.763700
vt 0.984300 0.700000
vt 0.728500 0.991100
vt 0.903800 0.756400
vt 0.903900 0.969500
vt 0.751900 0.982000
vt 0.752800 0.981400
vt 0.956700 0.756500
vt 0.727300 0.982100
vt 0.743300 0.990000
vt 0.982100 0.695400
vt 0.912900 0.972900
vt 0.905400 0.975300
vt 0.886800 0.763800
vt 0.879300 0.758100
vt 0.886200 0.754200
vt 0.895200 0.758600
vt 0.753200 0.981100
vt 0.534800 0.874500
vt 0.614100 0.859400
vt 0.618300 0.860800
vt 0.621600 0.862500
vt 0.796100 0.842300
vt 0.875600 0.749500
vt 0.873900 0.758100
vt 0.871900 0.755500
vt 0.873500 0.754500
vt 0.673600 0.886300
vt 0.675400 0.884800
vt 0.678900 0.890100
vt 0.792600 0.834100
vt 0.788600 0.825800
vt 0.899400 0.763900
vt 0.798000 0.826700
vt 0.871200 0.755200
vt 0.871300 0.754400
vt 0.767300 0.839700
vt 0.673400 0.883100
vt 0.673800 0.880300
vt 0.670600 0.879700
vt 0.670500 0.879400
vt 0.672100 0.881100
vt 0.898600 0.976400
vt 0.871100 0.751300
vt 0.766300 0.835700
vt 0.766700 0.836400
vt 0.768800 0.835400
vt 0.766700 0.834800
vt 0.773000 0.829100
vt 0.864300 0.710700
vt 0.855800 0.714600
vt 0.854000 0.709600
vt 0.857800 0.700400
vt 0.906400 0.982400
vt 0.772300 0.840300
vt 0.780000 0.834100
vt 0.699000 0.877900
vt 0.695000 0.882100
vt 0.692300 0.875000
vt 0.952500 0.874500
vt 0.672300 0.883800
vt 0.672100 0.883400
vt 0.681300 0.894000
vt 0.671800 0.878900
vt 0.670100 0.878400
vt 0.678400 0.882700
vt 0.683500 0.888000
vt 0.671600 0.887800
vt 0.676700 0.892700
vt 0.685800 0.891200
vt 0.689200 0.889200
vt 0.692900 0.893500
vt 0.689700 0.895400
vt 0.853500 0.717100
vt 0.850200 0.714000
vt 0.880100 0.741400
vt 0.687100 0.898200
vt 0.683800 0.897300
vt 0.793700 0.723200
vt 0.691800 0.898200
vt 0.694500 0.896400
vt 0.697700 0.894200
vt 0.687100 0.881300
vt 0.682300 0.875700
vt 0.671100 0.884400
vt 0.672800 0.877400
vt 0.948800 0.869400
vt 0.952800 0.862400
vt 0.950200 0.656700
vt 0.959700 0.668800
vt 0.834600 0.696500
vt 0.846800 0.700000
vt 0.690800 0.897900
vt 0.688600 0.897300
vt 0.960300 0.868400
vt 0.696300 0.873500
vt 0.689100 0.898200
vt 0.796900 0.696900
vt 0.796100 0.704000
vt 0.789300 0.697900
vt 0.704000 0.876400
vt 0.967900 0.663300
vt 0.835500 0.708200
vt 0.963000 0.655700
vt 0.695900 0.887800
vt 0.702100 0.883300
vt 0.958400 0.876200
vt 0.791700 0.714700
vt 0.797900 0.714300
vt 0.798400 0.717700
vt 0.801000 0.704800
vt 0.806700 0.698400
vt 0.809700 0.706800
vt 0.804200 0.716000
vt 0.795900 0.722200
vt 0.802700 0.720500
vt 0.805000 0.719100
vt 0.804900 0.725500
vt 0.800700 0.726100
vt 0.799000 0.725300
vt 0.802100 0.717900
vt 0.815100 0.701600
vt 0.970800 0.865300
vt 0.796400 0.726200
vt 0.960800 0.862000
vt 0.964500 0.861900
vt 0.971600 0.872100
vt 0.802400 0.693700
vt 0.821900 0.701100
vt 0.801800 0.727200
vt 0.799400 0.726700
vt 0.810600 0.716800
vt 0.818000 0.712100
vt 0.810000 0.723400
vt 0.812500 0.695000
vt 0.668700 0.882600
vt 0.667400 0.879500
vt 0.958500 0.861900
vt 0.913000 0.894200
vt 0.909000 0.900700
vt 0.910700 0.894200
vt 0.669200 0.879900
vt 0.854600 0.695200
vt 0.947900 0.666800
vt 0.855600 0.958700
vt 0.783600 0.739100
vt 0.965900 0.972100
vt 0.960800 0.975500
vt 0.956200 0.970800
vt 0.968500 0.652300
vt 0.845700 0.721600
vt 0.966700 0.649400
vt 0.670600 0.881800
vt 0.869800 0.956600
vt 0.863500 0.962500
vt 0.687900 0.871200
vt 0.956300 0.861900
vt 0.677200 0.875700
vt 0.527800 0.867200
vt 0.601000 0.849800
vt 0.609800 0.854200
vt 0.965500 0.674200
vt 0.854600 0.721000
vt 0.853400 0.723100
vt 0.851600 0.721300
vt 0.961400 0.648700
vt 0.600300 0.842600
vt 0.605600 0.843200
vt 0.977600 0.661900
vt 0.976900 0.669200
vt 0.866400 0.698900
vt 0.856200 0.965800
vt 0.976300 0.653600
vt 0.858100 0.719800
vt 0.973200 0.650600
vt 0.523200 0.793900
vt 0.519900 0.804700
vt 0.509400 0.806100
vt 0.766400 0.713400
vt 0.972700 0.655900
vt 0.970700 0.670200
vt 0.977200 0.672100
vt 0.871700 0.965200
vt 0.615700 0.849400
vt 0.617300 0.856600
vt 0.969900 0.649600
vt 0.968600 0.648000
vt 0.620100 0.835600
vt 0.621000 0.846900
vt 0.614200 0.837000
vt 0.614400 0.828900
vt 0.621700 0.853800
vt 0.622100 0.857900
vt 0.607600 0.833400
vt 0.779200 0.865100
vt 0.785500 0.865300
vt 0.782300 0.876100
vt 0.504400 0.813800
vt 0.759000 0.723600
vt 0.509200 0.813100
vt 0.623100 0.861400
vt 0.516200 0.860000
vt 0.626200 0.859600
vt 0.536200 0.885000
vt 0.625900 0.856600
vt 0.625300 0.862500
vt 0.629800 0.858400
vt 0.536200 0.886100
vt 0.631700 0.854500
vt 0.626300 0.852900
vt 0.771500 0.867000
vt 0.535300 0.886200
vt 0.628000 0.861700
vt 0.637300 0.849800
vt 0.635600 0.853400
vt 0.632500 0.849400
vt 0.635700 0.843200
vt 0.632300 0.833700
vt 0.627700 0.845500
vt 0.624000 0.828300
vt 0.633300 0.856900
vt 0.536100 0.887400
vt 0.769000 0.871000
vt 0.629400 0.861100
vt 0.528300 0.904000
vt 0.640500 0.833800
vt 0.528600 0.893600
vt 0.533900 0.895800
vt 0.637500 0.827700
vt 0.635100 0.856900
vt 0.633100 0.859200
vt 0.769900 0.880500
vt 0.523800 0.892500
vt 0.516800 0.901900
vt 0.515100 0.913500
vt 0.529600 0.890500
vt 0.533900 0.891200
vt 0.511200 0.890500
vt 0.522000 0.889500
vt 0.513000 0.893900
vt 0.505900 0.894000
vt 0.508300 0.898700
vt 0.782600 0.889000
vt 0.773200 0.886000
vt 0.535900 0.889600
vt 0.630800 0.860500
vt 0.532200 0.888200
vt 0.534700 0.887500
vt 0.526600 0.889200
vt 0.528100 0.887500
vt 0.789700 0.886500
vt 0.525700 0.886900
vt 0.526300 0.881400
vt 0.528000 0.884700
vt 0.520300 0.885300
vt 0.510400 0.880600
vt 0.502300 0.887700
vt 0.531700 0.886200
vt 0.534300 0.886600
vt 0.528800 0.875000
vt 0.529700 0.878500
vt 0.521900 0.876600
vt 0.792400 0.884500
vt 0.532600 0.883300
vt 0.534400 0.885800
vt 0.797000 0.876700
vt 0.516600 0.867200
vt 0.508400 0.872100
vt 0.534800 0.879900
vt 0.534900 0.884700
vt 0.793400 0.865700
vt 0.536100 0.882600
vt 0.520900 0.813400
vt 0.513800 0.813500
vt 0.531100 0.806100
vt 0.623500 0.897900
vt 0.779900 0.900000
vt 0.603500 0.892400
vt 0.617400 0.885300
vt 0.511500 0.817200
vt 0.514600 0.817300
vt 0.535400 0.809700
vt 0.532400 0.799200
vt 0.727300 0.869100
vt 0.737300 0.867200
vt 0.739600 0.877600
vt 0.789100 0.923100
vt 0.625400 0.879600
vt 0.778500 0.923100
vt 0.771000 0.705000
vt 0.530000 0.815500
vt 0.745200 0.699400
vt 0.741900 0.709200
vt 0.737700 0.700100
vt 0.740100 0.695100
vt 0.505600 0.820100
vt 0.746900 0.727800
vt 0.749700 0.727500
vt 0.535900 0.823600
vt 0.724400 0.875500
vt 0.514200 0.823900
vt 0.523800 0.822400
vt 0.516000 0.831000
vt 0.507600 0.818300
vt 0.506800 0.822000
vt 0.505700 0.822200
vt 0.771000 0.921600
vt 0.606900 0.877600
vt 0.739500 0.709000
vt 0.735200 0.701800
vt 0.528100 0.834800
vt 0.507300 0.833300
vt 0.733000 0.714200
vt 0.740500 0.716700
vt 0.526800 0.846700
vt 0.733500 0.887600
vt 0.746700 0.888100
vt 0.507900 0.823900
vt 0.510300 0.822800
vt 0.511000 0.827700
vt 0.728200 0.701300
vt 0.742500 0.715800
vt 0.743900 0.719100
vt 0.780000 0.917000
vt 0.771000 0.906700
vt 0.608200 0.903700
vt 0.788600 0.908500
vt 0.763200 0.702200
vt 0.751500 0.707500
vt 0.754500 0.695500
vt 0.512000 0.842200
vt 0.748400 0.886500
vt 0.506800 0.824500
vt 0.738000 0.723100
vt 0.742800 0.724900
vt 0.737300 0.695600
vt 0.750300 0.719100
vt 0.747500 0.723700
vt 0.745200 0.718700
vt 0.746800 0.715400
vt 0.752200 0.881800
vt 0.625200 0.909100
vt 0.965600 0.953900
vt 0.960700 0.949000
vt 0.964900 0.944500
vt 0.744600 0.724000
vt 0.751600 0.869100
vt 0.746500 0.726800
vt 0.754800 0.716800
vt 0.753200 0.725000
vt 0.748100 0.726800
vt 0.795200 0.904100
vt 0.631200 0.889300
vt 0.601900 0.884100
vt 0.825300 0.935800
vt 0.831300 0.932900
vt 0.835500 0.936200
vt 0.831800 0.938100
vt 0.838600 0.937400
vt 0.841000 0.940000
vt 0.839200 0.939400
vt 0.817700 0.933300
vt 0.796400 0.970700
vt 0.792900 0.974800
vt 0.821900 0.928300
vt 0.768800 0.914500
vt 0.766700 0.912500
vt 0.596900 0.892500
vt 0.599000 0.885900
vt 0.598900 0.884800
vt 0.599800 0.883400
vt 0.766700 0.906300
vt 0.953400 0.951100
vt 0.796200 0.922400
vt 0.766500 0.915200
vt 0.767900 0.918300
vt 0.954600 0.945300
vt 0.811900 0.931300
vt 0.937900 0.971200
vt 0.931700 0.972000
vt 0.934100 0.967700
vt 0.796700 0.917000
vt 0.786900 0.979300
vt 0.777200 0.975600
vt 0.766300 0.913700
vt 0.826400 0.941300
vt 0.820300 0.939200
vt 0.837500 0.793000
vt 0.828500 0.797300
vt 0.821600 0.793400
vt 0.829100 0.787700
vt 0.785900 0.969600
vt 0.815500 0.937500
vt 0.796900 0.978800
vt 0.770500 0.980600
vt 0.767000 0.978900
vt 0.837800 0.934300
vt 0.837200 0.941100
vt 0.936000 0.974800
vt 0.832800 0.944300
vt 0.840300 0.943100
vt 0.838100 0.946300
vt 0.840800 0.945500
vt 0.841400 0.943300
vt 0.815400 0.942500
vt 0.931900 0.974200
vt 0.970700 0.895300
vt 0.844300 0.806100
vt 0.842900 0.799300
vt 0.846100 0.795200
vt 0.819600 0.945100
vt 0.827700 0.952000
vt 0.833500 0.949600
vt 0.839100 0.949100
vt 0.776300 0.990500
vt 0.820900 0.950800
vt 0.826700 0.947600
vt 0.841500 0.941800
vt 0.841100 0.941600
vt 0.815800 0.948800
vt 0.821100 0.955300
vt 0.785700 0.987500
vt 0.817100 0.952800
vt 0.791000 0.991600
vt 0.835300 0.953200
vt 0.767800 0.985000
vt 0.770700 0.986500
vt 0.926200 0.973000
vt 0.796000 0.986500
vt 0.927600 0.974800
vt 0.841800 0.945700
vt 0.766900 0.982100
vt 0.767800 0.982500
vt 0.792300 0.982600
vt 0.777900 0.984000
vt 0.928500 0.968300
vt 0.766300 0.979900
vt 0.734800 0.847900
vt 0.822300 0.810200
vt 0.834000 0.804900
vt 0.727000 0.856000
vt 0.766500 0.981600
vt 0.841700 0.787600
vt 0.619000 0.984300
vt 0.620700 0.981400
vt 0.622900 0.978600
vt 0.622100 0.983000
vt 0.815800 0.797000
vt 0.817500 0.802200
vt 0.969100 0.901000
vt 0.961500 0.898600
vt 0.768900 0.973700
vt 0.748400 0.833800
vt 0.816300 0.793400
vt 0.754700 0.839400
vt 0.752600 0.840000
vt 0.725300 0.847000
vt 0.837700 0.812600
vt 0.749200 0.845000
vt 0.813300 0.800100
vt 0.742800 0.853500
vt 0.754300 0.844400
vt 0.813500 0.797100
vt 0.632300 0.969000
vt 0.630400 0.971000
vt 0.631500 0.966200
vt 0.916400 0.894700
vt 0.627100 0.969200
vt 0.622400 0.962500
vt 0.732900 0.830400
vt 0.741500 0.838700
vt 0.813500 0.796300
vt 0.814200 0.795900
vt 0.976000 0.902100
vt 0.723500 0.831300
vt 0.627300 0.976800
vt 0.622400 0.975000
vt 0.634700 0.964800
vt 0.634600 0.965200
vt 0.633400 0.966800
vt 0.728900 0.838700
vt 0.755200 0.840300
vt 0.754700 0.841100
vt 0.968100 0.908200
vt 0.625100 0.981000
vt 0.633400 0.964500
vt 0.635000 0.963800
vt 0.632400 0.972300
vt 0.868600 0.621600
vt 0.629900 0.979300
vt 0.883500 0.634000
vt 0.620000 0.985300
vt 0.633600 0.969200
vt 0.633500 0.969500
vt 0.614000 0.926800
vt 0.617700 0.931100
vt 0.610500 0.940700
vt 0.930300 0.712400
vt 0.694000 0.701900
vt 0.694600 0.698100
vt 0.698000 0.696800
vt 0.699000 0.700200
vt 0.947900 0.705600
vt 0.943100 0.713300
vt 0.599200 0.932400
vt 0.939700 0.700200
vt 0.617800 0.984400
vt 0.616700 0.982600
vt 0.620400 0.978400
vt 0.627900 0.930000
vt 0.619500 0.926300
vt 0.621900 0.921200
vt 0.956200 0.714800
vt 0.920400 0.901700
vt 0.627500 0.961900
vt 0.632100 0.963100
vt 0.873800 0.629200
vt 0.617400 0.985400
vt 0.612300 0.962800
vt 0.618200 0.968700
vt 0.615500 0.985000
vt 0.892900 0.629000
vt 0.891200 0.625300
vt 0.895600 0.630200
vt 0.610500 0.970200
vt 0.616700 0.976600
vt 0.613500 0.980700
vt 0.610000 0.976000
vt 0.901800 0.606700
vt 0.910900 0.908500
vt 0.606000 0.966500
vt 0.603500 0.972200
vt 0.916700 0.906800
vt 0.608200 0.961800
vt 0.609000 0.982100
vt 0.612000 0.983600
vt 0.893800 0.633100
vt 0.881000 0.614300
vt 0.884400 0.606100
vt 0.889700 0.612800
vt 0.885900 0.623400
vt 0.894300 0.605200
vt 0.897700 0.904400
vt 0.898200 0.623000
vt 0.892000 0.622100
vt 0.894600 0.612300
vt 0.613900 0.985400
vt 0.887100 0.627800
vt 0.890400 0.632200
vt 0.890000 0.633800
vt 0.888600 0.633100
vt 0.887000 0.634300
vt 0.884500 0.632300
vt 0.600800 0.965500
vt 0.887700 0.625300
vt 0.879800 0.630100
vt 0.879700 0.623800
vt 0.884900 0.626300
vt 0.889000 0.601600
vt 0.898400 0.897600
vt 0.637000 0.967900
vt 0.904800 0.894200
vt 0.875900 0.608900
vt 0.872900 0.619100
vt 0.878700 0.602400
vt 0.945400 0.694800
vt 0.950600 0.698700
vt 0.832400 0.980100
vt 0.824200 0.978100
vt 0.832800 0.973400
vt 0.837100 0.975300
vt 0.908500 0.894200
vt 0.869000 0.608400
vt 0.622700 0.984500
vt 0.637800 0.964500
vt 0.636100 0.965200
vt 0.634700 0.973700
vt 0.865500 0.614800
vt 0.598100 0.944100
vt 0.982300 0.605600
vt 0.974400 0.609500
vt 0.968100 0.603600
vt 0.634700 0.970100
vt 0.634900 0.967300
vt 0.863900 0.610800
vt 0.927900 0.702400
vt 0.618300 0.945500
vt 0.693400 0.761200
vt 0.692000 0.768300
vt 0.687400 0.769600
vt 0.687600 0.765600
vt 0.906700 0.873300
vt 0.902200 0.867600
vt 0.616400 0.958600
vt 0.948700 0.716400
vt 0.947100 0.719300
vt 0.609700 0.919100
vt 0.621500 0.940300
vt 0.950300 0.719000
vt 0.949000 0.720700
vt 0.617400 0.917900
vt 0.615600 0.919500
vt 0.941800 0.720200
vt 0.824300 0.848400
vt 0.708600 0.754600
vt 0.703300 0.755100
vt 0.701500 0.745400
vt 0.966200 0.612100
vt 0.957200 0.697000
vt 0.957600 0.707000
vt 0.956800 0.699900
vt 0.981700 0.612800
vt 0.630200 0.941700
vt 0.617300 0.923700
vt 0.618600 0.920000
vt 0.952700 0.712600
vt 0.699100 0.765900
vt 0.953600 0.718000
vt 0.605200 0.723200
vt 0.695000 0.770800
vt 0.707800 0.761700
vt 0.827400 0.837400
vt 0.830600 0.848200
vt 0.690600 0.711300
vt 0.690500 0.704300
vt 0.694200 0.705000
vt 0.691100 0.772300
vt 0.686500 0.773000
vt 0.597100 0.711600
vt 0.613600 0.729800
vt 0.688200 0.774100
vt 0.694800 0.748900
vt 0.688100 0.758900
vt 0.816600 0.846600
vt 0.683500 0.768200
vt 0.683000 0.764600
vt 0.683300 0.771300
vt 0.625700 0.730000
vt 0.679900 0.770100
vt 0.827700 0.824500
vt 0.650700 0.704500
vt 0.639300 0.707900
vt 0.634900 0.699800
vt 0.621900 0.730400
vt 0.625700 0.729100
vt 0.681700 0.773500
vt 0.694700 0.740900
vt 0.689000 0.747600
vt 0.668600 0.745800
vt 0.673400 0.755200
vt 0.671900 0.761800
vt 0.643000 0.719200
vt 0.814100 0.842500
vt 0.678000 0.766400
vt 0.815000 0.833000
vt 0.685100 0.740300
vt 0.676800 0.745700
vt 0.671600 0.739700
vt 0.624500 0.730100
vt 0.680400 0.773000
vt 0.818300 0.827500
vt 0.681400 0.757500
vt 0.627000 0.729700
vt 0.676200 0.768800
vt 0.676600 0.761400
vt 0.673800 0.765400
vt 0.678900 0.772400
vt 0.674200 0.768900
vt 0.676300 0.771100
vt 0.627900 0.719700
vt 0.629200 0.722400
vt 0.627300 0.725000
vt 0.626300 0.720900
vt 0.834800 0.827000
vt 0.635200 0.726200
vt 0.630400 0.726800
vt 0.629500 0.729200
vt 0.632100 0.721000
vt 0.626000 0.727800
vt 0.625300 0.724800
vt 0.626900 0.728100
vt 0.630400 0.716500
vt 0.630800 0.705100
vt 0.627500 0.715000
vt 0.625800 0.719300
vt 0.623100 0.713500
vt 0.623600 0.721400
vt 0.620000 0.720200
vt 0.630000 0.698000
vt 0.627100 0.703800
vt 0.614400 0.716200
vt 0.617200 0.724100
vt 0.613500 0.723500
vt 0.622500 0.726200
vt 0.625100 0.728000
vt 0.837500 0.829000
vt 0.623300 0.695300
vt 0.617200 0.704200
vt 0.692800 0.774000
vt 0.619300 0.729100
vt 0.624000 0.728700
vt 0.842100 0.836800
vt 0.608500 0.703100
vt 0.604300 0.711700
vt 0.683400 0.721600
vt 0.682100 0.710400
vt 0.684800 0.774300
vt 0.702700 0.770700
vt 0.838500 0.847800
vt 0.713100 0.762300
vt 0.810700 0.621300
vt 0.683300 0.700500
vt 0.671400 0.713400
vt 0.687100 0.725900
vt 0.692900 0.720300
vt 0.676500 0.722800
vt 0.695300 0.950000
vt 0.682900 0.958500
vt 0.685200 0.948100
vt 0.819200 0.632500
vt 0.690100 0.695400
vt 0.689800 0.699900
vt 0.700800 0.704000
vt 0.699900 0.697500
vt 0.704200 0.700300
vt 0.695400 0.694700
vt 0.698200 0.695700
vt 0.696200 0.695900
vt 0.698100 0.956400
vt 0.699800 0.714000
vt 0.708400 0.705600
vt 0.839900 0.629100
vt 0.843400 0.622000
vt 0.836900 0.624000
vt 0.701100 0.726200
vt 0.834800 0.635100
vt 0.836000 0.631700
vt 0.689000 0.968600
vt 0.712600 0.718400
vt 0.834300 0.626400
vt 0.835300 0.623300
vt 0.838200 0.616900
vt 0.850100 0.610900
vt 0.832600 0.635600
vt 0.836000 0.617100
vt 0.834300 0.631100
vt 0.833100 0.626100
vt 0.831500 0.623100
vt 0.675900 0.969000
vt 0.674200 0.967400
vt 0.841500 0.604000
vt 0.843000 0.610500
vt 0.840700 0.608500
vt 0.833200 0.607300
vt 0.826600 0.615200
vt 0.838700 0.603200
vt 0.823300 0.624900
vt 0.828200 0.627100
vt 0.825800 0.633600
vt 0.683800 0.694500
vt 0.832800 0.634300
vt 0.831400 0.631200
vt 0.823900 0.602900
vt 0.814700 0.609500
vt 0.670300 0.962700
vt 0.831300 0.634700
vt 0.811300 0.755700
vt 0.807100 0.751500
vt 0.868400 0.863300
vt 0.813600 0.756500
vt 0.670800 0.699900
vt 0.670900 0.950000
vt 0.663000 0.707100
vt 0.899100 0.871600
vt 0.882000 0.864600
vt 0.790900 0.739100
vt 0.795900 0.752000
vt 0.789600 0.746300
vt 0.895300 0.862500
vt 0.902800 0.863900
vt 0.861000 0.665200
vt 0.870700 0.657200
vt 0.878500 0.666800
vt 0.867100 0.669900
vt 0.634100 0.967100
vt 0.806300 0.611800
vt 0.784300 0.758700
vt 0.785300 0.765400
vt 0.904800 0.877600
vt 0.779500 0.761000
vt 0.882400 0.878700
vt 0.872000 0.872300
vt 0.671300 0.881500
vt 0.786600 0.749400
vt 0.867700 0.868200
vt 0.866800 0.871300
vt 0.814100 0.758600
vt 0.813600 0.753200
vt 0.868300 0.874500
vt 0.911300 0.831600
vt 0.919000 0.827000
vt 0.927900 0.831500
vt 0.917500 0.842700
vt 0.788400 0.754000
vt 0.812600 0.759700
vt 0.813500 0.760800
vt 0.812300 0.763400
vt 0.809000 0.762000
vt 0.953800 0.976500
vt 0.867300 0.873000
vt 0.809400 0.767100
vt 0.790100 0.757800
vt 0.799000 0.764400
vt 0.962000 0.980500
vt 0.777000 0.767400
vt 0.783100 0.755100
vt 0.870500 0.878900
vt 0.801800 0.757300
vt 0.813800 0.760300
vt 0.966500 0.978000
vt 0.813700 0.759400
vt 0.895100 0.695800
vt 0.838300 0.970700
vt 0.821800 0.967200
vt 0.814200 0.974100
vt 0.854900 0.936700
vt 0.864100 0.937600
vt 0.860800 0.944000
vt 0.917200 0.703300
vt 0.690700 0.853800
vt 0.682300 0.848900
vt 0.691900 0.841900
vt 0.696300 0.845900
vt 0.820400 0.982200
vt 0.892400 0.708800
vt 0.896000 0.704900
vt 0.899600 0.718200
vt 0.839000 0.973000
vt 0.889200 0.696000
vt 0.906900 0.709600
vt 0.886800 0.699900
vt 0.885800 0.695300
vt 0.839500 0.972700
vt 0.889900 0.718300
vt 0.902300 0.720600
vt 0.861700 0.930400
vt 0.950400 0.827600
vt 0.797700 0.783400
vt 0.970200 0.825100
vt 0.953300 0.831300
vt 0.910200 0.718000
vt 0.874400 0.942800
vt 0.883500 0.701000
vt 0.839000 0.973700
vt 0.884400 0.695500
vt 0.885000 0.695900
vt 0.701200 0.846700
vt 0.700500 0.837200
vt 0.925100 0.846200
vt 0.677100 0.827900
vt 0.670900 0.841100
vt 0.903400 0.945400
vt 0.914800 0.952100
vt 0.906900 0.952400
vt 0.936400 0.839800
vt 0.668300 0.857800
vt 0.915700 0.825600
vt 0.929400 0.822700
vt 0.921600 0.822600
vt 0.934000 0.760100
vt 0.929900 0.763700
vt 0.923500 0.761300
vt 0.928100 0.755100
vt 0.909000 0.840900
vt 0.921100 0.746800
vt 0.949700 0.823900
vt 0.865700 0.979800
vt 0.861000 0.984500
vt 0.856000 0.981100
vt 0.907800 0.846500
vt 0.939600 0.763000
vt 0.935900 0.765600
vt 0.934300 0.746900
vt 0.941800 0.754700
vt 0.861400 0.673100
vt 0.871400 0.674200
vt 0.866500 0.676800
vt 0.927600 0.740800
vt 0.880900 0.649200
vt 0.913900 0.931800
vt 0.792600 0.797700
vt 0.789200 0.800300
vt 0.779300 0.794200
vt 0.787000 0.792400
vt 0.835100 0.768200
vt 0.734000 0.903500
vt 0.727200 0.902100
vt 0.831100 0.767900
vt 0.907200 0.959100
vt 0.901100 0.956900
vt 0.862200 0.650000
vt 0.902500 0.934000
vt 0.853700 0.656700
vt 0.942500 0.740800
vt 0.927200 0.767000
vt 0.913000 0.922000
vt 0.856700 0.671900
vt 0.630500 0.763500
vt 0.627100 0.767100
vt 0.626900 0.762000
vt 0.629900 0.750300
vt 0.857100 0.678600
vt 0.907200 0.927600
vt 0.899700 0.922700
vt 0.635000 0.743700
vt 0.629200 0.741500
vt 0.905300 0.805500
vt 0.901800 0.803300
vt 0.912900 0.796300
vt 0.626800 0.749400
vt 0.631800 0.768400
vt 0.628100 0.771600
vt 0.891000 0.825300
vt 0.882400 0.827400
vt 0.868300 0.824300
vt 0.917600 0.670400
vt 0.735100 0.758000
vt 0.738900 0.745000
vt 0.740800 0.756300
vt 0.740800 0.763800
vt 0.624400 0.740100
vt 0.625600 0.771600
vt 0.625000 0.767500
vt 0.637000 0.765300
vt 0.637400 0.752500
vt 0.626000 0.775600
vt 0.624300 0.771800
vt 0.570600 0.845000
vt 0.637100 0.770500
vt 0.646500 0.756100
vt 0.644600 0.748000
vt 0.911200 0.807700
vt 0.632700 0.772500
vt 0.741400 0.740300
vt 0.743500 0.745700
vt 0.570100 0.835900
vt 0.636700 0.775800
vt 0.568100 0.830000
vt 0.571800 0.830800
vt 0.564700 0.836100
vt 0.558900 0.845800
vt 0.647300 0.768400
vt 0.556500 0.854000
vt 0.918600 0.807100
vt 0.554900 0.834600
vt 0.553900 0.842100
vt 0.653600 0.753500
vt 0.926200 0.803300
vt 0.562000 0.827700
vt 0.568600 0.824800
vt 0.571500 0.826500
vt 0.569100 0.822700
vt 0.562800 0.821900
vt 0.553800 0.824100
vt 0.548100 0.828600
vt 0.926500 0.795200
vt 0.553700 0.821400
vt 0.549400 0.821100
vt 0.576100 0.824300
vt 0.555600 0.806500
vt 0.565100 0.814100
vt 0.555000 0.815900
vt 0.549600 0.810600
vt 0.922500 0.787200
vt 0.571700 0.812300
vt 0.572900 0.817400
vt 0.569500 0.818600
vt 0.563900 0.819600
vt 0.604700 0.767500
vt 0.572600 0.822000
vt 0.549800 0.818800
vt 0.921100 0.785900
vt 0.917200 0.784800
vt 0.620000 0.749200
vt 0.616500 0.762600
vt 0.606400 0.751300
vt 0.611600 0.742400
vt 0.576400 0.814600
vt 0.615800 0.770000
vt 0.570200 0.803700
vt 0.547600 0.797000
vt 0.910000 0.784800
vt 0.899600 0.788900
vt 0.620100 0.772500
vt 0.621000 0.769000
vt 0.746200 0.755700
vt 0.743600 0.763700
vt 0.747100 0.742300
vt 0.778900 0.959300
vt 0.980300 0.833300
vt 0.968900 0.839400
vt 0.898200 0.797900
vt 0.774800 0.957700
vt 0.781900 0.949400
vt 0.752700 0.908400
vt 0.843100 0.758400
vt 0.734400 0.740800
vt 0.752900 0.756800
vt 0.748500 0.763800
vt 0.749600 0.746300
vt 0.755500 0.747200
vt 0.751700 0.743200
vt 0.744000 0.766500
vt 0.567400 0.938400
vt 0.552100 0.945900
vt 0.763500 0.746500
vt 0.568400 0.928800
vt 0.783300 0.959900
vt 0.750500 0.767100
vt 0.747300 0.770900
vt 0.746500 0.766400
vt 0.755100 0.764600
vt 0.754700 0.768400
vt 0.760400 0.767100
vt 0.759200 0.758700
vt 0.758800 0.742200
vt 0.787300 0.958700
vt 0.792700 0.954700
vt 0.573600 0.956600
vt 0.572500 0.951300
vt 0.582700 0.952800
vt 0.547600 0.957500
vt 0.560600 0.961300
vt 0.552200 0.955500
vt 0.550800 0.960900
vt 0.547400 0.967200
vt 0.582900 0.958500
vt 0.553700 0.961500
vt 0.558600 0.954100
vt 0.562200 0.970600
vt 0.555000 0.968100
vt 0.560800 0.964600
vt 0.574400 0.964800
vt 0.577100 0.940000
vt 0.798000 0.945100
vt 0.793100 0.938300
vt 0.788200 0.937100
vt 0.554200 0.979400
vt 0.551700 0.974100
vt 0.555800 0.974100
vt 0.561500 0.978500
vt 0.552500 0.970200
vt 0.551700 0.966000
vt 0.553900 0.963400
vt 0.575400 0.974100
vt 0.582700 0.968700
vt 0.780100 0.936900
vt 0.573800 0.984100
vt 0.583100 0.978600
vt 0.773100 0.939800
vt 0.725800 0.763300
vt 0.734800 0.766600
vt 0.549000 0.975700
vt 0.741100 0.767900
vt 0.728400 0.748000
vt 0.557700 0.987800
vt 0.723100 0.739900
vt 0.769000 0.945400
vt 0.894000 0.827300
vt 0.937000 0.660200
vt 0.895200 0.828000
vt 0.581900 0.990300
vt 0.768700 0.953800
vt 0.894800 0.662900
vt 0.898800 0.668800
vt 0.857500 0.823600
vt 0.968800 0.929900
vt 0.933000 0.652800
vt 0.933400 0.654300
vt 0.930100 0.652600
vt 0.957000 0.930500
vt 0.962000 0.924900
vt 0.926000 0.651200
vt 0.923000 0.655200
vt 0.915300 0.654800
vt 0.866600 0.832200
vt 0.900200 0.672800
vt 0.934500 0.653600
vt 0.935700 0.655000
vt 0.907900 0.662000
vt 0.899700 0.659100
vt 0.970100 0.923200
vt 0.925600 0.663000
vt 0.930500 0.656600
vt 0.931500 0.650300
vt 0.932400 0.651900
vt 0.935200 0.656500
vt 0.895400 0.828700
vt 0.883000 0.840600
vt 0.905200 0.655100
vt 0.897500 0.654500
vt 0.871600 0.840100
vt 0.918900 0.651600
vt 0.864600 0.844300
vt 0.963500 0.920500
vt 0.889200 0.830200
vt 0.892700 0.831300
vt 0.888600 0.835700
vt 0.881100 0.835000
vt 0.864000 0.839100
vt 0.900600 0.647900
vt 0.959000 0.920700
vt 0.933900 0.652800
vt 0.894700 0.831200
vt 0.870400 0.834200
vt 0.893400 0.834000
vt 0.895400 0.829700
vt 0.895300 0.831100
vt 0.894700 0.829400
vt 0.894900 0.828500
vt 0.895100 0.831800
vt 0.955100 0.924400
vt 0.804000 0.787000
vt 0.946000 0.833100
vt 0.795300 0.790400
vt 0.957100 0.822600
vt 0.597000 0.745400
vt 0.624300 0.761600
vt 0.984600 0.828900
vt 0.985600 0.832000
vt 0.984400 0.835500
vt 0.872100 0.821100
vt 0.936700 0.656100
vt 0.777400 0.786600
vt 0.770800 0.784900
vt 0.796400 0.794600
vt 0.983900 0.824100
vt 0.771700 0.788200
vt 0.769200 0.787900
vt 0.570000 0.881700
vt 0.559300 0.888600
vt 0.554600 0.887300
vt 0.557600 0.882300
vt 0.948100 0.837200
vt 0.768200 0.798800
vt 0.985800 0.830100
vt 0.789800 0.809300
vt 0.778200 0.801700
vt 0.767400 0.794700
vt 0.770800 0.794800
vt 0.868100 0.985500
vt 0.797100 0.808200
vt 0.794000 0.803800
vt 0.748100 0.919300
vt 0.736600 0.914200
vt 0.854300 0.750000
vt 0.766800 0.792900
vt 0.859900 0.989500
vt 0.768700 0.791200
vt 0.767400 0.791900
vt 0.796800 0.801300
vt 0.767400 0.791300
vt 0.736600 0.955600
vt 0.745600 0.951200
vt 0.722600 0.792800
vt 0.739200 0.960100
vt 0.855400 0.987000
vt 0.767800 0.790500
vt 0.729800 0.900600
vt 0.833300 0.763600
vt 0.726000 0.907900
vt 0.767800 0.789600
vt 0.735200 0.924300
vt 0.823100 0.748300
vt 0.932700 0.876500
vt 0.929400 0.870100
vt 0.938700 0.869200
vt 0.827100 0.743900
vt 0.726300 0.918000
vt 0.827200 0.763500
vt 0.725300 0.901400
vt 0.732300 0.809400
vt 0.726700 0.801500
vt 0.731200 0.797400
vt 0.740800 0.804500
vt 0.875300 0.799500
vt 0.880000 0.805700
vt 0.873600 0.808100
vt 0.869500 0.804400
vt 0.725700 0.901000
vt 0.726800 0.900700
vt 0.919200 0.875300
vt 0.937300 0.920700
vt 0.752200 0.796700
vt 0.754100 0.942900
vt 0.742700 0.936400
vt 0.838700 0.754700
vt 0.830500 0.767000
vt 0.854000 0.740100
vt 0.845600 0.740400
vt 0.843600 0.743500
vt 0.829900 0.767200
vt 0.931800 0.862900
vt 0.834300 0.746200
vt 0.722600 0.903600
vt 0.827400 0.756100
vt 0.830400 0.762200
vt 0.829100 0.766100
vt 0.746000 0.783400
vt 0.747000 0.959900
vt 0.735100 0.940000
vt 0.728900 0.951100
vt 0.733300 0.957000
vt 0.754800 0.813400
vt 0.925900 0.927400
vt 0.919700 0.602700
vt 0.934600 0.905900
vt 0.941300 0.901800
vt 0.946000 0.908200
vt 0.726600 0.941800
vt 0.725300 0.936200
vt 0.939600 0.618700
vt 0.933600 0.623400
vt 0.922200 0.620400
vt 0.929900 0.610700
vt 0.882400 0.791200
vt 0.479700 0.273700
vt 0.473900 0.290100
vt 0.458200 0.287700
vt 0.464500 0.275600
vt 0.867600 0.810000
vt 0.863900 0.807400
vt 0.721800 0.802300
vt 0.522700 0.311800
vt 0.510000 0.324900
vt 0.500000 0.308200
vt 0.511500 0.294200
vt 0.946900 0.610200
vt 0.861700 0.799100
vt 0.944000 0.625300
vt 0.555700 0.891900
vt 0.551300 0.890800
vt 0.500000 0.269200
vt 0.488600 0.294200
vt 0.933500 0.934400
vt 0.939600 0.932200
vt 0.938400 0.603500
vt 0.929300 0.627700
vt 0.939300 0.626600
vt 0.934200 0.630300
vt 0.876300 0.811300
vt 0.935500 0.896100
vt 0.875900 0.785200
vt 0.869100 0.791300
vt 0.861000 0.785200
vt 0.835400 0.916300
vt 0.581100 0.889300
vt 0.572500 0.889000
vt 0.578700 0.883600
vt 0.943600 0.632000
vt 0.948800 0.896900
vt 0.561300 0.894900
vt 0.555100 0.894100
vt 0.560800 0.892200
vt 0.573400 0.892000
vt 0.827900 0.907000
vt 0.839000 0.914000
vt 0.574100 0.874400
vt 0.566100 0.873000
vt 0.686300 0.799000
vt 0.683800 0.791000
vt 0.686800 0.788300
vt 0.688700 0.790900
vt 0.582700 0.893900
vt 0.551000 0.893200
vt 0.547100 0.892400
vt 0.829600 0.918400
vt 0.550700 0.886200
vt 0.550700 0.894500
vt 0.552800 0.882200
vt 0.554700 0.873000
vt 0.548000 0.882200
vt 0.639700 0.811300
vt 0.568000 0.865900
vt 0.649800 0.798400
vt 0.822100 0.917800
vt 0.640100 0.805400
vt 0.645500 0.793800
vt 0.638200 0.795300
vt 0.634000 0.812900
vt 0.633400 0.808900
vt 0.814500 0.914000
vt 0.626900 0.816500
vt 0.631200 0.802500
vt 0.629600 0.812100
vt 0.628000 0.809000
vt 0.632100 0.788600
vt 0.627700 0.794300
vt 0.614500 0.790100
vt 0.619700 0.795400
vt 0.617800 0.805200
vt 0.610700 0.796100
vt 0.814200 0.905900
vt 0.625400 0.803200
vt 0.625000 0.794200
vt 0.624800 0.790000
vt 0.625900 0.809400
vt 0.623100 0.804200
vt 0.621900 0.809600
vt 0.818200 0.898000
vt 0.819700 0.896700
vt 0.622500 0.790300
vt 0.625000 0.812800
vt 0.620500 0.812700
vt 0.617600 0.815800
vt 0.615800 0.811300
vt 0.607900 0.809600
vt 0.551800 0.903900
vt 0.823600 0.895500
vt 0.830700 0.895500
vt 0.601100 0.788800
vt 0.573400 0.912700
vt 0.560300 0.903200
vt 0.549500 0.898900
vt 0.553400 0.898200
vt 0.574000 0.898800
vt 0.581500 0.906400
vt 0.841100 0.899600
vt 0.433300 0.306400
vt 0.446800 0.316100
vt 0.431700 0.326700
vt 0.419600 0.313800
vt 0.842600 0.908600
vt 0.687500 0.812400
vt 0.683900 0.809100
vt 0.689900 0.808400
vt 0.674900 0.796900
vt 0.680900 0.790800
vt 0.680900 0.798500
vt 0.679400 0.810000
vt 0.682100 0.814500
vt 0.958600 0.807100
vt 0.955600 0.797200
vt 0.962700 0.805500
vt 0.490000 0.324900
vt 0.500000 0.339600
vt 0.690800 0.787700
vt 0.687800 0.783900
vt 0.694900 0.786700
vt 0.695200 0.790300
vt 0.684200 0.788100
vt 0.849300 0.882500
vt 0.981000 0.627000
vt 0.974200 0.632100
vt 0.969200 0.626400
vt 0.692000 0.811300
vt 0.693000 0.797900
vt 0.695700 0.807300
vt 0.699100 0.796100
vt 0.700400 0.787900
vt 0.954200 0.807700
vt 0.699100 0.812100
vt 0.703500 0.807800
vt 0.950200 0.806500
vt 0.708100 0.793300
vt 0.538100 0.956700
vt 0.533000 0.953700
vt 0.516100 0.935700
vt 0.526000 0.951900
vt 0.536300 0.966900
vt 0.534000 0.959900
vt 0.530700 0.960100
vt 0.709900 0.815700
vt 0.533100 0.942600
vt 0.944800 0.802500
vt 0.514000 0.926100
vt 0.506500 0.938000
vt 0.511500 0.949100
vt 0.939500 0.792800
vt 0.530300 0.962200
vt 0.523500 0.959500
vt 0.510400 0.954400
vt 0.523200 0.962800
vt 0.501300 0.966400
vt 0.509600 0.962600
vt 0.521400 0.968700
vt 0.508500 0.971800
vt 0.532300 0.965000
vt 0.501200 0.956400
vt 0.501300 0.950800
vt 0.944400 0.786100
vt 0.528700 0.966800
vt 0.527300 0.972600
vt 0.521600 0.976300
vt 0.531000 0.969100
vt 0.957400 0.784700
vt 0.501000 0.976200
vt 0.510000 0.981300
vt 0.531200 0.973000
vt 0.528300 0.977600
vt 0.964400 0.787600
vt 0.524700 0.984900
vt 0.533500 0.974900
vt 0.674600 0.787500
vt 0.502500 0.987500
vt 0.668700 0.807800
vt 0.968500 0.793200
vt 0.675300 0.814400
vt 0.681400 0.786500
vt 0.968800 0.801600
vt 0.824300 0.873800
vt 0.841700 0.872000
vt 0.850700 0.878600
vt 0.832400 0.880200
vt 0.679000 0.913500
vt 0.815200 0.876900
vt 0.693100 0.911500
vt 0.666900 0.911900
vt 0.665900 0.913400
vt 0.811900 0.870600
vt 0.834200 0.864900
vt 0.826200 0.865500
vt 0.817300 0.863600
vt 0.670000 0.923400
vt 0.694200 0.919400
vt 0.670700 0.909900
vt 0.813400 0.873200
vt 0.814300 0.865400
vt 0.814600 0.866900
vt 0.849900 0.869000
vt 0.812400 0.869700
vt 0.813800 0.869600
vt 0.854700 0.872900
vt 0.982300 0.633700
vt 0.975600 0.636500
vt 0.852300 0.864500
vt 0.689000 0.936000
vt 0.695400 0.931200
vt 0.818300 0.868200
vt 0.812900 0.868400
vt 0.666200 0.918100
vt 0.667500 0.918800
vt 0.665600 0.917400
vt 0.813400 0.866800
vt 0.677000 0.926900
vt 0.671900 0.921000
vt 0.666300 0.916100
vt 0.668300 0.916200
vt 0.688900 0.926900
vt 0.665700 0.916100
vt 0.665500 0.914700
vt 0.971100 0.636200
vt 0.696300 0.926300
vt 0.666000 0.916800
vt 0.666200 0.914300
vt 0.671900 0.915400
vt 0.679500 0.921300
vt 0.690300 0.921100
vt 0.967300 0.632500
vt 0.665200 0.914000
vt 0.520300 0.273800
vt 0.526200 0.290200
vt 0.703600 0.911900
vt 0.665500 0.912900
vt 0.933800 0.927700
vt 0.455800 0.274100
vt 0.459500 0.271300
vt 0.454500 0.277800
vt 0.949300 0.784900
vt 0.461800 0.304400
vt 0.477400 0.311800
vt 0.405800 0.262400
vt 0.414900 0.268800
vt 0.405100 0.268800
vt 0.397400 0.262100
vt 0.541100 0.254900
vt 0.539100 0.264700
vt 0.531300 0.264800
vt 0.532100 0.254600
vt 0.413700 0.275300
vt 0.423300 0.282600
vt 0.410600 0.286800
vt 0.402000 0.277000
vt 0.446600 0.298600
vt 0.462600 0.327100
vt 0.455000 0.377800
vt 0.475100 0.365100
vt 0.485000 0.383900
vt 0.466200 0.400400
vt 0.477900 0.339800
vt 0.408000 0.302700
vt 0.421400 0.296600
vt 0.440600 0.361000
vt 0.460600 0.351600
vt 0.404300 0.321800
vt 0.415700 0.335400
vt 0.397700 0.292300
vt 0.387900 0.358400
vt 0.365500 0.362700
vt 0.364600 0.344500
vt 0.380000 0.342800
vt 0.510500 0.408500
vt 0.468100 0.429100
vt 0.551200 0.266000
vt 0.548600 0.268900
vt 0.547100 0.266400
vt 0.549400 0.262100
vt 0.388400 0.299100
vt 0.395600 0.309600
vt 0.434100 0.290800
vt 0.445200 0.339700
vt 0.042900 0.615800
vt 0.038000 0.615900
vt 0.041600 0.607000
vt 0.048100 0.609500
vt 0.390300 0.281300
vt 0.366700 0.330900
vt 0.377200 0.330600
vt 0.397800 0.340400
vt 0.388900 0.327900
vt 0.669900 0.604300
vt 0.664000 0.612300
vt 0.656200 0.605400
vt 0.660800 0.598000
vt 0.070500 0.592600
vt 0.064700 0.594900
vt 0.065600 0.584300
vt 0.073800 0.585100
vt 0.449600 0.271700
vt 0.452200 0.273200
vt 0.450500 0.274800
vt 0.448200 0.274300
vt 0.354400 0.332300
vt 0.349000 0.347900
vt 0.385200 0.316400
vt 0.400500 0.163200
vt 0.405900 0.157700
vt 0.411500 0.161900
vt 0.406300 0.166100
vt 0.510400 0.352700
vt 0.499900 0.367700
vt 0.489600 0.352700
vt 0.424300 0.274300
vt 0.434000 0.279200
vt 0.372200 0.260200
vt 0.370600 0.274500
vt 0.363900 0.262300
vt 0.364400 0.251000
vt 0.524800 0.365100
vt 0.514800 0.383900
vt 0.489200 0.408600
vt 0.584300 0.335500
vt 0.602200 0.340600
vt 0.590400 0.354200
vt 0.572100 0.348100
vt 0.447000 0.277500
vt 0.441400 0.275800
vt 0.445300 0.272800
vt 0.451200 0.276600
vt 0.553500 0.298600
vt 0.566800 0.306400
vt 0.553300 0.316200
vt 0.538300 0.304500
vt 0.420500 0.369800
vt 0.409500 0.354000
vt 0.427900 0.348000
vt 0.431100 0.390000
vt 0.365000 0.228400
vt 0.367500 0.237900
vt 0.360300 0.230800
vt 0.359700 0.220400
vt 0.384600 0.269900
vt 0.394600 0.268700
vt 0.388800 0.261200
vt 0.380600 0.260000
vt 0.045700 0.599600
vt 0.034500 0.605200
vt 0.039400 0.595300
vt 0.361300 0.211300
vt 0.354800 0.213200
vt 0.359000 0.203400
vt 0.376700 0.320400
vt 0.433400 0.272300
vt 0.381600 0.247300
vt 0.384900 0.253900
vt 0.378200 0.251500
vt 0.375000 0.243900
vt 0.026900 0.580800
vt 0.372900 0.217100
vt 0.367100 0.210900
vt 0.023100 0.571700
vt 0.353700 0.223800
vt 0.346100 0.217700
vt 0.348100 0.207200
vt 0.362900 0.241000
vt 0.355500 0.233600
vt 0.354200 0.196600
vt 0.378200 0.272000
vt 0.282400 0.266100
vt 0.280300 0.288400
vt 0.260000 0.295900
vt 0.269600 0.271500
vt 0.370300 0.247500
vt 0.373900 0.185000
vt 0.364200 0.187600
vt 0.368900 0.178800
vt 0.377800 0.178700
vt 0.380200 0.286200
vt 0.376200 0.296600
vt 0.369400 0.286400
vt 0.371400 0.236100
vt 0.364800 0.203500
vt 0.364700 0.219400
vt 0.391100 0.254800
vt 0.357500 0.242700
vt 0.322100 0.174500
vt 0.343300 0.177300
vt 0.343700 0.189700
vt 0.325100 0.188300
vt 0.490900 0.254100
vt 0.500000 0.246600
vt 0.509200 0.254200
vt 0.381800 0.306100
vt 0.374900 0.310900
vt 0.371300 0.301900
vt 0.368100 0.320800
vt 0.367200 0.312100
vt 0.440000 0.416500
vt 0.347300 0.227000
vt 0.338000 0.202700
vt 0.336500 0.213300
vt 0.325900 0.210700
vt 0.325700 0.199900
vt 0.337200 0.223000
vt 0.348200 0.236200
vt 0.326200 0.286700
vt 0.321000 0.294500
vt 0.310200 0.289200
vt 0.320100 0.282200
vt 0.361700 0.284400
vt 0.355300 0.276600
vt 0.355200 0.264100
vt 0.362700 0.274600
vt 0.357400 0.252500
vt 0.358400 0.320800
vt 0.346900 0.322700
vt 0.350000 0.311200
vt 0.359100 0.311500
vt 0.356000 0.185000
vt 0.479300 0.261100
vt 0.366700 0.293000
vt 0.365100 0.303400
vt 0.378400 0.240200
vt 0.294400 0.224300
vt 0.303300 0.221900
vt 0.305500 0.233300
vt 0.296000 0.235700
vt 0.445800 0.283000
vt 0.453800 0.271300
vt 0.455800 0.268300
vt 0.439900 0.269500
vt 0.397300 0.378000
vt 0.454900 0.262200
vt 0.461000 0.264600
vt 0.075300 0.632100
vt 0.074100 0.639500
vt 0.067100 0.632200
vt 0.068000 0.621100
vt 0.468000 0.254500
vt 0.476000 0.250700
vt 0.468800 0.264800
vt 0.111500 0.639400
vt 0.463000 0.244600
vt 0.459000 0.254800
vt 0.453300 0.274700
vt 0.055100 0.615500
vt 0.057700 0.625600
vt 0.049300 0.630900
vt 0.048400 0.619600
vt 0.486100 0.233200
vt 0.493500 0.228800
vt 0.500000 0.234300
vt 0.492500 0.239300
vt 0.447400 0.269900
vt 0.500000 0.224400
vt 0.506600 0.229000
vt 0.372800 0.204700
vt 0.032300 0.566600
vt 0.036000 0.574600
vt 0.481300 0.227400
vt 0.478600 0.237600
vt 0.473800 0.231100
vt 0.469800 0.225200
vt 0.468300 0.231500
vt 0.462500 0.225800
vt 0.465700 0.219200
vt 0.123700 0.604500
vt 0.459600 0.215000
vt 0.518800 0.227600
vt 0.513900 0.233300
vt 0.511900 0.222400
vt 0.507500 0.239400
vt 0.504600 0.219400
vt 0.721200 0.243200
vt 0.719100 0.253700
vt 0.710300 0.249600
vt 0.712800 0.240100
vt 0.477900 0.220900
vt 0.482700 0.216600
vt 0.488200 0.222100
vt 0.473800 0.223600
vt 0.470400 0.218800
vt 0.472900 0.214300
vt 0.470300 0.203500
vt 0.477100 0.210400
vt 0.467200 0.207700
vt 0.429900 0.531300
vt 0.490400 0.140000
vt 0.430300 0.519600
vt 0.434700 0.525000
vt 0.482200 0.205800
vt 0.487100 0.211700
vt 0.096500 0.606900
vt 0.101400 0.611600
vt 0.094500 0.612000
vt 0.086400 0.607200
vt 0.310700 0.253800
vt 0.320000 0.253700
vt 0.321100 0.264000
vt 0.311400 0.263400
vt 0.706400 0.225700
vt 0.714700 0.229400
vt 0.704600 0.236700
vt 0.466400 0.212600
vt 0.466700 0.193000
vt 0.470300 0.185800
vt 0.476700 0.189900
vt 0.475700 0.198400
vt 0.493200 0.214100
vt 0.490900 0.208900
vt 0.494300 0.208400
vt 0.497000 0.212000
vt 0.444600 0.167300
vt 0.446700 0.165700
vt 0.451100 0.168000
vt 0.446700 0.170500
vt 0.452700 0.163500
vt 0.460200 0.162500
vt 0.457000 0.170700
vt 0.451600 0.177200
vt 0.468500 0.166800
vt 0.464800 0.174000
vt 0.440800 0.165800
vt 0.439300 0.169800
vt 0.442300 0.160900
vt 0.445100 0.162500
vt 0.442900 0.163900
vt 0.439800 0.162100
vt 0.418100 0.157200
vt 0.425200 0.161500
vt 0.418100 0.165400
vt 0.472000 0.177000
vt 0.461300 0.181800
vt 0.111500 0.553300
vt 0.437400 0.183500
vt 0.445300 0.182400
vt 0.445300 0.190100
vt 0.450300 0.144500
vt 0.443900 0.133900
vt 0.452500 0.130800
vt 0.457300 0.139200
vt 0.469400 0.142700
vt 0.461800 0.147500
vt 0.464900 0.134300
vt 0.425000 0.138400
vt 0.430900 0.145300
vt 0.421000 0.148000
vt 0.415800 0.142300
vt 0.456100 0.153100
vt 0.460600 0.126000
vt 0.436100 0.156600
vt 0.435300 0.159800
vt 0.432400 0.158700
vt 0.433900 0.156500
vt 0.451600 0.157600
vt 0.450800 0.151800
vt 0.436700 0.153100
vt 0.433300 0.153900
vt 0.431800 0.150300
vt 0.437000 0.150300
vt 0.473100 0.128300
vt 0.478200 0.137800
vt 0.401500 0.170200
vt 0.395200 0.168300
vt 0.102000 0.544900
vt 0.427600 0.180200
vt 0.435600 0.176400
vt 0.438300 0.160000
vt 0.435800 0.162500
vt 0.424000 0.174300
vt 0.418100 0.171000
vt 0.425200 0.168600
vt 0.431600 0.171900
vt 0.431400 0.165700
vt 0.431200 0.160900
vt 0.447800 0.157700
vt 0.449100 0.155800
vt 0.448800 0.160400
vt 0.373900 0.170700
vt 0.363900 0.169200
vt 0.371900 0.161700
vt 0.380700 0.163800
vt 0.467000 0.155100
vt 0.448400 0.163400
vt 0.439200 0.142300
vt 0.441700 0.145900
vt 0.438500 0.147700
vt 0.400300 0.152900
vt 0.392800 0.149900
vt 0.398900 0.140900
vt 0.407100 0.147200
vt 0.429100 0.156500
vt 0.425300 0.152500
vt 0.419300 0.131100
vt 0.412000 0.123400
vt 0.423500 0.122100
vt 0.429000 0.128600
vt 0.448800 0.152200
vt 0.446500 0.148100
vt 0.443800 0.152600
vt 0.441300 0.151100
vt 0.443700 0.149900
vt 0.446200 0.152300
vt 0.442400 0.156100
vt 0.440900 0.159100
vt 0.438700 0.157700
vt 0.446000 0.156000
vt 0.445800 0.158100
vt 0.443500 0.159200
vt 0.445800 0.160100
vt 0.438400 0.520400
vt 0.165600 0.639100
vt 0.444600 0.154200
vt 0.446700 0.154500
vt 0.442000 0.153400
vt 0.439800 0.152700
vt 0.439200 0.154800
vt 0.399600 0.124300
vt 0.386800 0.119900
vt 0.385100 0.111600
vt 0.394400 0.113900
vt 0.764900 0.613900
vt 0.770400 0.620000
vt 0.314300 0.197900
vt 0.239300 0.276600
vt 0.248500 0.266400
vt 0.252700 0.280100
vt 0.239700 0.288900
vt 0.364900 0.195800
vt 0.730500 0.600200
vt 0.736800 0.598900
vt 0.742900 0.602400
vt 0.736400 0.603400
vt 0.387200 0.157400
vt 0.378700 0.155500
vt 0.383300 0.148900
vt 0.261200 0.268300
vt 0.226100 0.297600
vt 0.228400 0.284100
vt 0.371200 0.191400
vt 0.225500 0.346100
vt 0.224900 0.329400
vt 0.241800 0.324400
vt 0.242000 0.343600
vt 0.035500 0.640700
vt 0.397500 0.254100
vt 0.386800 0.247500
vt 0.263600 0.257000
vt 0.271600 0.256200
vt 0.750100 0.618100
vt 0.743400 0.619800
vt 0.737100 0.617800
vt 0.743400 0.615200
vt 0.241000 0.305800
vt 0.742800 0.609100
vt 0.736000 0.606600
vt 0.742600 0.605500
vt 0.749600 0.607100
vt 0.363600 0.296400
vt 0.358600 0.302200
vt 0.359600 0.292900
vt 0.326500 0.232400
vt 0.315900 0.232600
vt 0.314000 0.222000
vt 0.325500 0.222500
vt 0.328200 0.242600
vt 0.329700 0.254100
vt 0.318300 0.243000
vt 0.347100 0.246900
vt 0.312600 0.211400
vt 0.303200 0.210800
vt 0.767200 0.629300
vt 0.337100 0.233200
vt 0.409000 0.430400
vt 0.404500 0.402300
vt 0.254900 0.262100
vt 0.714500 0.618200
vt 0.380700 0.183600
vt 0.377800 0.189600
vt 0.762300 0.621200
vt 0.757000 0.616300
vt 0.313200 0.187000
vt 0.338900 0.255900
vt 0.337800 0.243900
vt 0.347600 0.271200
vt 0.339000 0.267900
vt 0.347400 0.258700
vt 0.353900 0.288500
vt 0.346300 0.284000
vt 0.351900 0.299900
vt 0.340500 0.336800
vt 0.332700 0.355200
vt 0.343400 0.297100
vt 0.327500 0.376700
vt 0.312300 0.381700
vt 0.316400 0.362500
vt 0.333200 0.325900
vt 0.339200 0.310800
vt 0.330300 0.265500
vt 0.329500 0.276500
vt 0.321300 0.274400
vt 0.269900 0.243900
vt 0.266900 0.231600
vt 0.276800 0.230000
vt 0.279300 0.241900
vt 0.324200 0.343400
vt 0.293100 0.210700
vt 0.308500 0.244000
vt 0.299000 0.245700
vt 0.042200 0.623700
vt 0.337600 0.280100
vt 0.307200 0.350300
vt 0.315400 0.330800
vt 0.333900 0.293100
vt 0.277600 0.339000
vt 0.281200 0.314100
vt 0.302400 0.313300
vt 0.296000 0.336200
vt 0.370000 0.227100
vt 0.025800 0.600500
vt 0.376500 0.232300
vt 0.017700 0.591800
vt 0.088300 0.660000
vt 0.445300 0.258900
vt 0.445400 0.263500
vt 0.443000 0.266000
vt 0.022200 0.615700
vt 0.032800 0.588800
vt 0.028900 0.630500
vt 0.370600 0.198300
vt 0.030800 0.616700
vt 0.065900 0.657600
vt 0.429700 0.263200
vt 0.423200 0.267200
vt 0.412400 0.259900
vt 0.035800 0.627300
vt 0.391500 0.245400
vt 0.062000 0.636900
vt 0.071600 0.648900
vt 0.417500 0.254700
vt 0.054900 0.644200
vt 0.047700 0.651100
vt 0.435400 0.257700
vt 0.470900 0.241000
vt 0.484300 0.244500
vt 0.463500 0.235500
vt 0.471200 0.235200
vt 0.453000 0.266300
vt 0.451500 0.268800
vt 0.449000 0.265900
vt 0.450800 0.262000
vt 0.114200 0.597300
vt 0.451800 0.212500
vt 0.103200 0.602900
vt 0.453800 0.221300
vt 0.112400 0.609200
vt 0.078900 0.614400
vt 0.088300 0.616200
vt 0.092900 0.626000
vt 0.081000 0.624100
vt 0.463700 0.197400
vt 0.462300 0.202000
vt 0.072700 0.600400
vt 0.077200 0.593300
vt 0.085800 0.596000
vt 0.080600 0.600600
vt 0.461900 0.208100
vt 0.096400 0.567700
vt 0.099900 0.556400
vt 0.436600 0.192700
vt 0.107300 0.564800
vt 0.443000 0.176100
vt 0.093700 0.589900
vt 0.103900 0.593100
vt 0.094400 0.599500
vt 0.455600 0.205300
vt 0.457300 0.198200
vt 0.478100 0.173700
vt 0.427200 0.579700
vt 0.429400 0.585000
vt 0.480500 0.176900
vt 0.124100 0.590400
vt 0.458100 0.193600
vt 0.452500 0.191000
vt 0.452400 0.185000
vt 0.459600 0.188900
vt 0.061600 0.537900
vt 0.396800 0.181300
vt 0.401700 0.175900
vt 0.405900 0.179700
vt 0.081100 0.555600
vt 0.078700 0.546700
vt 0.419700 0.187100
vt 0.090900 0.550100
vt 0.406900 0.171800
vt 0.411600 0.174300
vt 0.412000 0.168500
vt 0.434000 0.135500
vt 0.439000 0.576400
vt 0.435700 0.583200
vt 0.431800 0.578800
vt 0.434600 0.571000
vt 0.076800 0.576100
vt 0.079200 0.565500
vt 0.089400 0.561300
vt 0.086200 0.572700
vt 0.388200 0.165900
vt 0.394400 0.159800
vt 0.064000 0.554700
vt 0.058300 0.547500
vt 0.401700 0.187000
vt 0.067200 0.546500
vt 0.416100 0.179100
vt 0.389700 0.173500
vt 0.382400 0.172200
vt 0.390700 0.178800
vt 0.396000 0.174300
vt 0.358300 0.178400
vt 0.350600 0.167100
vt 0.405100 0.115100
vt 0.417400 0.114500
vt 0.073000 0.537600
vt 0.050200 0.542000
vt 0.386900 0.184400
vt 0.384700 0.178400
vt 0.048800 0.558600
vt 0.039600 0.556800
vt 0.384900 0.190700
vt 0.048600 0.550700
vt 0.038800 0.548300
vt 0.058700 0.569400
vt 0.054900 0.561000
vt 0.056300 0.555600
vt 0.061900 0.562500
vt 0.067200 0.559500
vt 0.071000 0.554300
vt 0.073600 0.559400
vt 0.068200 0.568400
vt 0.384500 0.239400
vt 0.116300 0.627800
vt 0.085000 0.635100
vt 0.098600 0.637700
vt 0.448600 0.252900
vt 0.087600 0.646700
vt 0.103900 0.651200
vt 0.454000 0.244700
vt 0.029500 0.558000
vt 0.485300 0.139200
vt 0.425800 0.538000
vt 0.477500 0.145900
vt 0.042700 0.636400
vt 0.402900 0.250900
vt 0.104700 0.627100
vt 0.455400 0.236700
vt 0.097900 0.617500
vt 0.108700 0.618800
vt 0.241800 0.567900
vt 0.728700 0.579300
vt 0.757000 0.568900
vt 0.213700 0.578300
vt 0.122300 0.577000
vt 0.451000 0.197400
vt 0.455500 0.230400
vt 0.120400 0.618400
vt 0.103100 0.584000
vt 0.111700 0.575800
vt 0.448300 0.205000
vt 0.113700 0.586700
vt 0.443200 0.198400
vt 0.118000 0.564900
vt 0.084500 0.584600
vt 0.095900 0.581600
vt 0.428700 0.189000
vt 0.093600 0.575600
vt 0.101600 0.574900
vt 0.048100 0.578900
vt 0.052700 0.578300
vt 0.056600 0.583300
vt 0.051800 0.585800
vt 0.089600 0.538900
vt 0.408900 0.186200
vt 0.393300 0.188100
vt 0.053800 0.608400
vt 0.058500 0.578100
vt 0.064100 0.574900
vt 0.377500 0.196100
vt 0.473000 0.149800
vt 0.040600 0.582000
vt 0.487800 0.201800
vt 0.472000 0.160500
vt 0.434900 0.610300
vt 0.436800 0.613900
vt 0.490300 0.199500
vt 0.487000 0.196700
vt 0.489800 0.215900
vt 0.495500 0.219200
vt 0.432300 0.536300
vt 0.436100 0.540500
vt 0.430700 0.549400
vt 0.427900 0.543600
vt 0.500000 0.215500
vt 0.500100 0.210300
vt 0.503000 0.208800
vt 0.506000 0.209200
vt 0.503200 0.212300
vt 0.492000 0.204000
vt 0.286000 0.227900
vt 0.287700 0.238900
vt 0.497400 0.208300
vt 0.434600 0.619300
vt 0.475500 0.165000
vt 0.426800 0.566000
vt 0.428900 0.572900
vt 0.478000 0.169100
vt 0.298100 0.275100
vt 0.293800 0.260000
vt 0.302300 0.255700
vt 0.304400 0.263600
vt 0.281300 0.252500
vt 0.290100 0.248600
vt 0.310800 0.274400
vt 0.324400 0.308700
vt 0.282300 0.404800
vt 0.285600 0.389700
vt 0.298600 0.385400
vt 0.295800 0.402700
vt 0.781500 0.557900
vt 0.731300 0.553000
vt 0.757000 0.544200
vt 0.291800 0.355500
vt 0.345000 0.369400
vt 0.340100 0.544700
vt 0.358000 0.522200
vt 0.385500 0.520400
vt 0.631600 0.546300
vt 0.272800 0.393200
vt 0.275400 0.376500
vt 0.289100 0.373300
vt 0.259800 0.379000
vt 0.260200 0.360300
vt 0.276500 0.358200
vt 0.764300 0.602200
vt 0.756400 0.601500
vt 0.762900 0.596800
vt 0.321300 0.156600
vt 0.752900 0.629300
vt 0.749400 0.600200
vt 0.230500 0.194200
vt 0.347600 0.091000
vt 0.250100 0.198700
vt 0.240600 0.204000
vt 0.259800 0.320400
vt 0.251500 0.472500
vt 0.271600 0.477800
vt 0.259100 0.498100
vt 0.240700 0.491100
vt 0.296000 0.292900
vt 0.260300 0.246700
vt 0.213700 0.492400
vt 0.210100 0.470900
vt 0.232300 0.469700
vt 0.228800 0.484600
vt 0.515800 0.244600
vt 0.302000 0.368400
vt 0.441700 0.447500
vt 0.165300 0.428900
vt 0.163200 0.406900
vt 0.189900 0.403600
vt 0.189000 0.425400
vt 0.240400 0.268200
vt 0.232300 0.273500
vt 0.714600 0.601600
vt 0.722400 0.605400
vt 0.041900 0.564800
vt 0.044400 0.572100
vt 0.504700 0.127000
vt 0.500000 0.120800
vt 0.504800 0.116900
vt 0.509600 0.121700
vt 0.531500 0.429100
vt 0.461600 0.461800
vt 0.051700 0.573300
vt 0.050500 0.602400
vt 0.050400 0.566400
vt 0.045500 0.589000
vt 0.078100 0.607300
vt 0.051000 0.594600
vt 0.070200 0.609000
vt 0.070300 0.577200
vt 0.057300 0.599800
vt 0.068400 0.597900
vt 0.061200 0.609300
vt 0.059000 0.590100
vt 0.375400 0.412800
vt 0.370200 0.386300
vt 0.065400 0.602300
vt 0.344600 0.393600
vt 0.054400 0.590900
vt 0.320700 0.566800
vt 0.658800 0.545200
vt 0.293000 0.420000
vt 0.310400 0.400700
vt 0.309200 0.419800
vt 0.325700 0.398200
vt 0.347400 0.418800
vt 0.377200 0.441000
vt 0.408600 0.461800
vt 0.412500 0.152600
vt 0.387800 0.141300
vt 0.375800 0.148200
vt 0.379800 0.141300
vt 0.391800 0.104700
vt 0.402200 0.106600
vt 0.253700 0.255900
vt 0.721000 0.623400
vt 0.726000 0.624900
vt 0.250700 0.252800
vt 0.388500 0.135200
vt 0.382400 0.134100
vt 0.385400 0.126900
vt 0.393500 0.131300
vt 0.346300 0.152600
vt 0.333200 0.150400
vt 0.343700 0.143200
vt 0.355300 0.146200
vt 0.776800 0.610500
vt 0.335400 0.165200
vt 0.360900 0.160200
vt 0.750000 0.612200
vt 0.409100 0.134700
vt 0.293000 0.199800
vt 0.304200 0.196800
vt 0.438500 0.126000
vt 0.447400 0.122600
vt 0.474700 0.155500
vt 0.434100 0.119200
vt 0.495200 0.136700
vt 0.490200 0.133200
vt 0.495200 0.126600
vt 0.499900 0.132700
vt 0.392400 0.095800
vt 0.402100 0.098600
vt 0.291400 0.190400
vt 0.333500 0.138300
vt 0.383900 0.101800
vt 0.369900 0.154200
vt 0.401000 0.091800
vt 0.395300 0.088400
vt 0.360600 0.139500
vt 0.350600 0.136400
vt 0.355500 0.130500
vt 0.364200 0.133000
vt 0.348200 0.159300
vt 0.359100 0.153800
vt 0.363300 0.095500
vt 0.373900 0.091700
vt 0.377300 0.102000
vt 0.367900 0.104300
vt 0.366900 0.147700
vt 0.373700 0.133900
vt 0.376300 0.126400
vt 0.371000 0.140800
vt 0.326000 0.123000
vt 0.283400 0.204400
vt 0.282600 0.215300
vt 0.729400 0.608500
vt 0.729800 0.604100
vt 0.755500 0.622500
vt 0.334200 0.158300
vt 0.774100 0.602900
vt 0.757300 0.609200
vt 0.765500 0.606700
vt 0.730100 0.615600
vt 0.736400 0.612000
vt 0.216100 0.291600
vt 0.221700 0.278500
vt 0.724300 0.619600
vt 0.722400 0.612100
vt 0.455000 0.533100
vt 0.457500 0.539000
vt 0.450400 0.545100
vt 0.447500 0.538300
vt 0.731000 0.621100
vt 0.251700 0.257800
vt 0.431800 0.480400
vt 0.584500 0.512900
vt 0.400400 0.492700
vt 0.723300 0.631000
vt 0.730700 0.593300
vt 0.713900 0.607800
vt 0.757000 0.605200
vt 0.334600 0.126500
vt 0.282700 0.199000
vt 0.342200 0.131100
vt 0.210100 0.333300
vt 0.211500 0.318800
vt 0.225100 0.313100
vt 0.321400 0.163500
vt 0.749500 0.604300
vt 0.203600 0.263600
vt 0.221100 0.259100
vt 0.216400 0.271200
vt 0.200200 0.278200
vt 0.567500 0.480500
vt 0.557800 0.447500
vt 0.736400 0.622900
vt 0.236800 0.265300
vt 0.723200 0.600800
vt 0.537900 0.461700
vt 0.613600 0.520700
vt 0.367300 0.546000
vt 0.228300 0.268300
vt 0.369600 0.497600
vt 0.375200 0.470500
vt 0.414600 0.512800
vt 0.624200 0.413100
vt 0.652300 0.419300
vt 0.651600 0.445900
vt 0.622300 0.441400
vt 0.347900 0.445400
vt 0.325200 0.443400
vt 0.326000 0.420100
vt 0.340900 0.496700
vt 0.345900 0.471600
vt 0.321600 0.467600
vt 0.306900 0.439600
vt 0.292900 0.484800
vt 0.281400 0.456700
vt 0.301400 0.461700
vt 0.288300 0.437500
vt 0.278200 0.419700
vt 0.269200 0.416200
vt 0.270500 0.406400
vt 0.151500 0.507000
vt 0.128800 0.508100
vt 0.121800 0.484500
vt 0.144600 0.482100
vt 0.280800 0.505900
vt 0.264000 0.525100
vt 0.241200 0.517000
vt 0.259800 0.340700
vt 0.266900 0.433500
vt 0.258800 0.416300
vt 0.240200 0.382100
vt 0.242000 0.362900
vt 0.102100 0.372100
vt 0.105200 0.354800
vt 0.125200 0.354600
vt 0.118900 0.372300
vt 0.211700 0.447800
vt 0.237700 0.450300
vt 0.240100 0.405200
vt 0.258300 0.396100
vt 0.329900 0.519400
vt 0.313200 0.539900
vt 0.495200 0.116700
vt 0.500000 0.113800
vt 0.260500 0.453500
vt 0.684100 0.492400
vt 0.677800 0.468200
vt 0.698100 0.462500
vt 0.706500 0.485600
vt 0.315200 0.491700
vt 0.727700 0.478700
vt 0.718000 0.457500
vt 0.739000 0.454400
vt 0.747900 0.473500
vt 0.048000 0.397700
vt 0.033600 0.381100
vt 0.052700 0.357400
vt 0.065100 0.374200
vt 0.219900 0.532600
vt 0.199200 0.543400
vt 0.185200 0.526300
vt 0.204800 0.519200
vt 0.242000 0.543200
vt 0.217500 0.556800
vt 0.194100 0.564800
vt 0.177800 0.549900
vt 0.288000 0.533300
vt 0.304000 0.513700
vt 0.490200 0.121200
vt 0.223600 0.507300
vt 0.260800 0.406500
vt 0.871800 0.550900
vt 0.883400 0.530400
vt 0.092700 0.525500
vt 0.115800 0.528800
vt 0.293600 0.560000
vt 0.267600 0.552100
vt 0.906600 0.527200
vt 0.917700 0.501500
vt 0.057900 0.488500
vt 0.081700 0.499800
vt 0.785100 0.579500
vt 0.153100 0.550900
vt 0.828500 0.569900
vt 0.194700 0.500800
vt 0.173800 0.504700
vt 0.166700 0.478500
vt 0.188400 0.474700
vt 0.163000 0.530000
vt 0.845900 0.552300
vt 0.127200 0.549400
vt 0.165200 0.452200
vt 0.187500 0.448000
vt 0.140700 0.432800
vt 0.137600 0.410900
vt 0.139100 0.530300
vt 0.095600 0.457300
vt 0.073300 0.447900
vt 0.078800 0.422100
vt 0.096900 0.431200
vt 0.142200 0.456700
vt 0.118800 0.459300
vt 0.105700 0.506400
vt 0.073900 0.473700
vt 0.052600 0.461700
vt 0.053400 0.435900
vt 0.115900 0.411900
vt 0.117800 0.434200
vt 0.098600 0.409200
vt 0.098000 0.482200
vt 0.893600 0.508000
vt 0.216400 0.380600
vt 0.225500 0.363000
vt 0.721500 0.420600
vt 0.706600 0.420800
vt 0.703900 0.403400
vt 0.717500 0.405700
vt 0.138200 0.371100
vt 0.143800 0.353500
vt 0.163900 0.349500
vt 0.159900 0.367900
vt 0.941600 0.490300
vt 0.947000 0.463400
vt 0.033400 0.447000
vt 0.925600 0.475400
vt 0.183600 0.310600
vt 0.184900 0.300800
vt 0.196300 0.293200
vt 0.193600 0.305500
vt 0.239400 0.429200
vt 0.211400 0.347500
vt 0.214300 0.359100
vt 0.202700 0.363600
vt 0.196300 0.348800
vt 0.213000 0.425500
vt 0.214700 0.403500
vt 0.135900 0.390100
vt 0.160500 0.385900
vt 0.115000 0.391600
vt 0.213400 0.305400
vt 0.187400 0.383200
vt 0.190900 0.315100
vt 0.180500 0.319100
vt 0.742000 0.624900
vt 0.100000 0.390500
vt 0.085700 0.402000
vt 0.091000 0.389500
vt 0.182000 0.365600
vt 0.180200 0.350100
vt 0.201300 0.310700
vt 0.203600 0.298900
vt 0.196300 0.335000
vt 0.199100 0.322000
vt 0.208900 0.284800
vt 0.164500 0.334400
vt 0.149200 0.337600
vt 0.153600 0.325100
vt 0.168400 0.322800
vt 0.183100 0.336600
vt 0.105300 0.336200
vt 0.130700 0.338600
vt 0.174300 0.337900
vt 0.037100 0.422400
vt 0.062800 0.410800
vt 0.187300 0.324900
vt 0.136800 0.325200
vt 0.185500 0.289000
vt 0.951800 0.399300
vt 0.966400 0.382700
vt 0.020800 0.406600
vt 0.962700 0.424000
vt 0.922600 0.344600
vt 0.936400 0.326900
vt 0.960700 0.341100
vt 0.947400 0.358900
vt 0.088500 0.376200
vt 0.946300 0.437500
vt 0.966200 0.448700
vt 0.075800 0.389500
vt 0.815300 0.302000
vt 0.804000 0.294400
vt 0.800000 0.279400
vt 0.814600 0.290200
vt 0.085200 0.359400
vt 0.125200 0.310900
vt 0.141000 0.314600
vt 0.117000 0.321600
vt 0.098000 0.274400
vt 0.106300 0.272500
vt 0.111500 0.283600
vt 0.100000 0.286700
vt 0.128900 0.290100
vt 0.137300 0.296700
vt 0.131800 0.302900
vt 0.120100 0.294400
vt 0.039300 0.339600
vt 0.982300 0.363200
vt 0.023900 0.318300
vt 0.077500 0.343200
vt 0.979100 0.408300
vt 0.017700 0.361700
vt 0.176500 0.328900
vt 0.143700 0.306000
vt 0.157200 0.306400
vt 0.156500 0.315000
vt 0.914200 0.403500
vt 0.901200 0.410700
vt 0.899900 0.392000
vt 0.909000 0.391000
vt 0.109600 0.301200
vt 0.171200 0.313700
vt 0.171700 0.304900
vt 0.147600 0.291300
vt 0.156600 0.290100
vt 0.156900 0.298100
vt 0.146100 0.298700
vt 0.868300 0.304100
vt 0.856400 0.307200
vt 0.854000 0.299900
vt 0.862900 0.297900
vt 0.047900 0.305700
vt 0.976200 0.319700
vt 0.952200 0.307000
vt 0.033600 0.287300
vt 0.063700 0.325500
vt 0.084200 0.317200
vt 0.170900 0.295600
vt 0.098000 0.309600
vt 0.088000 0.289000
vt 0.169900 0.285700
vt 0.185800 0.275400
vt 0.091300 0.264200
vt 0.156000 0.281900
vt 0.168200 0.275000
vt 0.183300 0.264000
vt 0.199800 0.252600
vt 0.385000 0.623000
vt 0.399500 0.619500
vt 0.080900 0.246000
vt 0.389700 0.640300
vt 0.234000 0.223000
vt 0.239500 0.233000
vt 0.223500 0.243600
vt 0.215100 0.231800
vt 0.235200 0.252000
vt 0.237700 0.244500
vt 0.237400 0.248300
vt 0.069100 0.292200
vt 0.132200 0.271300
vt 0.139500 0.277600
vt 0.140200 0.283000
vt 0.132400 0.280800
vt 0.145300 0.252600
vt 0.157000 0.241300
vt 0.166800 0.248800
vt 0.157300 0.258500
vt 0.409400 0.100200
vt 0.412400 0.106700
vt 0.407100 0.094400
vt 0.123000 0.280900
vt 0.446900 0.104300
vt 0.451500 0.108500
vt 0.445000 0.109700
vt 0.440500 0.105400
vt 0.422700 0.106500
vt 0.429000 0.112800
vt 0.442800 0.116100
vt 0.450200 0.113800
vt 0.455400 0.119200
vt 0.357900 0.108300
vt 0.371300 0.111900
vt 0.362600 0.114800
vt 0.463400 0.116500
vt 0.469000 0.120900
vt 0.443500 0.077100
vt 0.447400 0.087000
vt 0.439800 0.090400
vt 0.434800 0.080300
vt 0.484600 0.128300
vt 0.479800 0.122100
vt 0.485500 0.117400
vt 0.475500 0.117400
vt 0.438300 0.066500
vt 0.429500 0.069500
vt 0.424700 0.060200
vt 0.434400 0.056400
vt 0.451800 0.072900
vt 0.448500 0.062600
vt 0.481500 0.109600
vt 0.486100 0.111800
vt 0.480800 0.114800
vt 0.476300 0.112500
vt 0.440400 0.546000
vt 0.434600 0.555400
vt 0.399900 0.086300
vt 0.397200 0.085200
vt 0.396400 0.081900
vt 0.400200 0.081900
vt 0.417000 0.100800
vt 0.418500 0.086800
vt 0.421800 0.093500
vt 0.413700 0.094900
vt 0.411600 0.088900
vt 0.426700 0.100400
vt 0.432400 0.106400
vt 0.436100 0.100000
vt 0.437900 0.111000
vt 0.457000 0.112900
vt 0.458200 0.107200
vt 0.464500 0.111300
vt 0.416600 0.064700
vt 0.411300 0.058000
vt 0.421400 0.051700
vt 0.462600 0.078600
vt 0.454900 0.082500
vt 0.461200 0.069000
vt 0.470600 0.114700
vt 0.464500 0.087600
vt 0.468000 0.095300
vt 0.460300 0.099000
vt 0.457100 0.091700
vt 0.490700 0.114100
vt 0.495500 0.111400
vt 0.475700 0.090800
vt 0.478900 0.098000
vt 0.472600 0.102000
vt 0.405100 0.088200
vt 0.431100 0.092000
vt 0.485800 0.093100
vt 0.487800 0.098900
vt 0.482100 0.103400
vt 0.491100 0.109100
vt 0.443500 0.098400
vt 0.495800 0.106700
vt 0.491600 0.103500
vt 0.496000 0.099200
vt 0.500000 0.103600
vt 0.408200 0.082500
vt 0.414900 0.079400
vt 0.403800 0.083600
vt 0.426100 0.083300
vt 0.367800 0.126200
vt 0.465600 0.104900
vt 0.453400 0.102000
vt 0.471300 0.109700
vt 0.450200 0.095500
vt 0.476900 0.106800
vt 0.486500 0.106700
vt 0.504500 0.111500
vt 0.500000 0.109100
vt 0.504200 0.106800
vt 0.508800 0.109300
vt 0.771400 0.213200
vt 0.778300 0.204100
vt 0.788000 0.210800
vt 0.786000 0.220600
vt 0.402800 0.077700
vt 0.408400 0.071900
vt 0.472400 0.083100
vt 0.471600 0.075300
vt 0.500000 0.080200
vt 0.493900 0.090500
vt 0.483900 0.085400
vt 0.507600 0.095900
vt 0.504000 0.099300
vt 0.500000 0.094000
vt 0.506100 0.090600
vt 0.383500 0.089400
vt 0.377900 0.118700
vt 0.472800 0.066700
vt 0.447100 0.051700
vt 0.539300 0.047500
vt 0.460700 0.058800
vt 0.388700 0.076700
vt 0.396400 0.076000
vt 0.391000 0.084000
vt 0.422000 0.073900
vt 0.223400 0.170300
vt 0.370700 0.070700
vt 0.371500 0.081300
vt 0.361100 0.084900
vt 0.378300 0.111100
vt 0.772200 0.598000
vt 0.320200 0.147100
vt 0.371000 0.118800
vt 0.340800 0.102300
vt 0.353400 0.100400
vt 0.344600 0.107100
vt 0.264200 0.221000
vt 0.259000 0.210900
vt 0.267500 0.208100
vt 0.273600 0.218300
vt 0.360600 0.124400
vt 0.348700 0.125700
vt 0.342200 0.120100
vt 0.355100 0.120300
vt 0.364900 0.119300
vt 0.248300 0.215700
vt 0.253500 0.225700
vt 0.256700 0.235500
vt 0.256500 0.252000
vt 0.720400 0.627300
vt 0.250100 0.246800
vt 0.228800 0.212000
vt 0.214100 0.219400
vt 0.275300 0.203400
vt 0.331500 0.108100
vt 0.245200 0.240300
vt 0.717800 0.633200
vt 0.240900 0.250500
vt 0.221800 0.202800
vt 0.258600 0.198300
vt 0.335700 0.114500
vt 0.349700 0.113900
vt 0.213700 0.161700
vt 0.200300 0.166300
vt 0.376800 0.049200
vt 0.378700 0.059100
vt 0.257500 0.256500
vt 0.218200 0.190100
vt 0.221500 0.180600
vt 0.240800 0.182200
vt 0.208900 0.203900
vt 0.199700 0.207300
vt 0.195200 0.203000
vt 0.202700 0.198500
vt 0.360400 0.072400
vt 0.399300 0.065900
vt 0.197200 0.192600
vt 0.206500 0.189500
vt 0.208100 0.195100
vt 0.397500 0.032800
vt 0.588600 0.024900
vt 0.409500 0.038300
vt 0.397400 0.045300
vt 0.380600 0.078700
vt 0.214700 0.197900
vt 0.212100 0.209600
vt 0.206300 0.181900
vt 0.209300 0.172600
vt 0.369300 0.060200
vt 0.186200 0.191000
vt 0.185700 0.181300
vt 0.196100 0.177400
vt 0.195200 0.186000
vt 0.379600 0.068600
vt 0.388300 0.067200
vt 0.461200 0.551700
vt 0.465000 0.557300
vt 0.460200 0.564600
vt 0.454900 0.559400
vt 0.386200 0.049000
vt 0.204700 0.155200
vt 0.192600 0.160400
vt 0.384000 0.038400
vt 0.387300 0.057500
vt 0.397600 0.055800
vt 0.196500 0.148000
vt 0.174400 0.184200
vt 0.176500 0.174500
vt 0.187600 0.171400
vt 0.188800 0.198200
vt 0.145300 0.276400
vt 0.143200 0.266800
vt 0.151200 0.266000
vt 0.154000 0.273300
vt 0.180800 0.150600
vt 0.603000 0.017800
vt 0.820000 0.135600
vt 0.602300 0.032800
vt 0.411100 0.024900
vt 0.179400 0.134500
vt 0.818800 0.151700
vt 0.615700 0.038400
vt 0.409600 0.050000
vt 0.420700 0.041700
vt 0.525800 0.056900
vt 0.590200 0.038300
vt 0.421500 0.029800
vt 0.552800 0.051800
vt 0.446800 0.040100
vt 0.566800 0.045900
vt 0.565500 0.056500
vt 0.433000 0.045800
vt 0.482600 0.074300
vt 0.479600 0.080100
vt 0.492400 0.095800
vt 0.508400 0.103600
vt 0.514500 0.066600
vt 0.178400 0.213600
vt 0.186400 0.207600
vt 0.191900 0.209300
vt 0.188000 0.214400
vt 0.553100 0.040200
vt 0.539100 0.059000
vt 0.474100 0.056800
vt 0.460600 0.047300
vt 0.551300 0.062800
vt 0.578200 0.029800
vt 0.579100 0.041800
vt 0.432300 0.034300
vt 0.567500 0.034400
vt 0.575100 0.060300
vt 0.570300 0.069700
vt 0.561500 0.066600
vt 0.520300 0.080200
vt 0.516100 0.085500
vt 0.517300 0.074400
vt 0.179000 0.164600
vt 0.164800 0.165400
vt 0.834900 0.153500
vt 0.137200 0.241200
vt 0.147200 0.235600
vt 0.199000 0.213400
vt 0.147300 0.283900
vt 0.147700 0.201600
vt 0.149000 0.186000
vt 0.163800 0.178000
vt 0.160500 0.191200
vt 0.174000 0.195500
vt 0.167900 0.210300
vt 0.178400 0.204100
vt 0.160200 0.203000
vt 0.140000 0.290100
vt 0.164400 0.266000
vt 0.176100 0.255800
vt 0.050500 0.277200
vt 0.966600 0.288600
vt 0.175200 0.236300
vt 0.190000 0.241800
vt 0.104600 0.257900
vt 0.116100 0.258100
vt 0.118600 0.270900
vt 0.163700 0.231300
vt 0.396700 0.017700
vt 0.134000 0.287100
vt 0.851400 0.166400
vt 0.160400 0.218100
vt 0.152300 0.211900
vt 0.129300 0.256900
vt 0.902200 0.275600
vt 0.893800 0.273600
vt 0.895500 0.259000
vt 0.908800 0.265400
vt 0.949600 0.278500
vt 0.359600 0.671600
vt 0.075200 0.266000
vt 0.116900 0.247900
vt 0.126000 0.245400
vt 0.410300 0.637600
vt 0.094000 0.230400
vt 0.094800 0.245000
vt 0.109300 0.241100
vt 0.359200 0.624500
vt 0.355300 0.619800
vt 0.359200 0.615200
vt 0.363000 0.619800
vt 0.369500 0.652400
vt 0.961400 0.266100
vt 0.349300 0.652500
vt 0.359300 0.639900
vt 0.147500 0.220600
vt 0.139600 0.227200
vt 0.132700 0.218800
vt 0.139900 0.211400
vt 0.120700 0.234800
vt 0.106600 0.228100
vt 0.117200 0.225900
vt 0.437700 0.623000
vt 0.495100 0.205700
vt 0.318900 0.620000
vt 0.906000 0.231400
vt 0.321000 0.600600
vt 0.330400 0.608700
vt 0.885600 0.211200
vt 0.879500 0.217700
vt 0.872300 0.212100
vt 0.879000 0.203700
vt 0.058600 0.260900
vt 0.389600 0.663400
vt 0.863600 0.199300
vt 0.867400 0.219800
vt 0.860100 0.212400
vt 0.378600 0.613600
vt 0.387800 0.608400
vt 0.397100 0.600200
vt 0.414800 0.612800
vt 0.372400 0.636800
vt 0.372400 0.624400
vt 0.941600 0.262200
vt 0.328900 0.640600
vt 0.346100 0.637000
vt 0.105400 0.215400
vt 0.381200 0.591400
vt 0.394800 0.586100
vt 0.362800 0.630700
vt 0.369900 0.616600
vt 0.882900 0.227000
vt 0.875100 0.224100
vt 0.885200 0.220700
vt 0.372000 0.607800
vt 0.377700 0.602000
vt 0.359000 0.584200
vt 0.344100 0.579100
vt 0.106200 0.182800
vt 0.373800 0.578900
vt 0.427300 0.525300
vt 0.108000 0.202500
vt 0.365500 0.601900
vt 0.359100 0.606300
vt 0.352600 0.601900
vt 0.359100 0.595500
vt 0.120900 0.202800
vt 0.114300 0.210200
vt 0.395600 0.577900
vt 0.113600 0.193000
vt 0.346000 0.624600
vt 0.348400 0.616700
vt 0.353100 0.624600
vt 0.893600 0.183600
vt 0.365300 0.624600
vt 0.353000 0.611400
vt 0.339600 0.613800
vt 0.346200 0.608000
vt 0.367500 0.591800
vt 0.359000 0.568600
vt 0.886300 0.193800
vt 0.115900 0.181800
vt 0.365300 0.611400
vt 0.154700 0.227100
vt 0.370500 0.598600
vt 0.170600 0.221800
vt 0.336900 0.591600
vt 0.340500 0.602200
vt 0.481200 0.190100
vt 0.483700 0.190800
vt 0.483000 0.194700
vt 0.480000 0.194000
vt 0.555500 0.555400
vt 0.559000 0.565000
vt 0.555400 0.571100
vt 0.551600 0.561900
vt 0.181900 0.224400
vt 0.195900 0.224400
vt 0.125000 0.223100
vt 0.129800 0.230700
vt 0.148300 0.165500
vt 0.136300 0.198300
vt 0.137400 0.180600
vt 0.839500 0.192200
vt 0.836100 0.179000
vt 0.850800 0.187000
vt 0.852300 0.202600
vt 0.120500 0.216800
vt 0.127700 0.211100
vt 0.124800 0.190800
vt 0.872600 0.178200
vt 0.862400 0.181500
vt 0.553600 0.628400
vt 0.508300 0.205000
vt 0.549200 0.629500
vt 0.500200 0.207900
vt 0.441200 0.629500
vt 0.545100 0.629600
vt 0.883900 0.182600
vt 0.875100 0.191700
vt 0.127200 0.177300
vt 0.409900 0.590000
vt 0.114800 0.219700
vt 0.891900 0.203300
vt 0.350600 0.591800
vt 0.439600 0.617200
vt 0.436900 0.628400
vt 0.477200 0.151200
vt 0.425800 0.550500
vt 0.428000 0.558000
vt 0.476100 0.160400
vt 0.504000 0.137800
vt 0.424900 0.514600
vt 0.565100 0.514600
vt 0.438400 0.561900
vt 0.442600 0.568500
vt 0.481700 0.144100
vt 0.559800 0.519600
vt 0.433500 0.514100
vt 0.499000 0.140500
vt 0.462300 0.589900
vt 0.469300 0.590300
vt 0.465200 0.594200
vt 0.458700 0.593700
vt 0.443200 0.533100
vt 0.163100 0.635800
vt 0.165700 0.633000
vt 0.168200 0.635900
vt 0.556600 0.514100
vt 0.444700 0.524700
vt 0.438700 0.529500
vt 0.431000 0.565000
vt 0.441700 0.625000
vt 0.445700 0.625100
vt 0.478600 0.528900
vt 0.470400 0.529000
vt 0.465200 0.522200
vt 0.477100 0.519600
vt 0.443200 0.619300
vt 0.447100 0.619700
vt 0.536400 0.197600
vt 0.529900 0.203800
vt 0.524400 0.198700
vt 0.533500 0.193200
vt 0.466800 0.601900
vt 0.460900 0.608900
vt 0.457200 0.608200
vt 0.461800 0.602300
vt 0.457400 0.602400
vt 0.453200 0.607700
vt 0.449100 0.607400
vt 0.452900 0.602200
vt 0.445100 0.606500
vt 0.445600 0.613200
vt 0.441900 0.611600
vt 0.465900 0.540900
vt 0.459200 0.545400
vt 0.464400 0.535400
vt 0.441100 0.517400
vt 0.450600 0.528500
vt 0.449400 0.520900
vt 0.457500 0.525300
vt 0.460400 0.583200
vt 0.456400 0.588800
vt 0.452000 0.586100
vt 0.455500 0.580000
vt 0.443700 0.553000
vt 0.455700 0.571100
vt 0.450700 0.566800
vt 0.503100 0.563100
vt 0.499800 0.566200
vt 0.497300 0.562400
vt 0.500300 0.558700
vt 0.458200 0.613600
vt 0.533600 0.617800
vt 0.451700 0.619000
vt 0.454000 0.613800
vt 0.482300 0.198200
vt 0.482400 0.186600
vt 0.432000 0.605300
vt 0.325900 0.132800
vt 0.549100 0.197700
vt 0.547600 0.191300
vt 0.554900 0.190400
vt 0.578900 0.588400
vt 0.442800 0.594700
vt 0.447100 0.596200
vt 0.444200 0.600900
vt 0.439700 0.599900
vt 0.484100 0.188200
vt 0.433500 0.602400
vt 0.437000 0.603900
vt 0.435300 0.607100
vt 0.430900 0.600100
vt 0.441100 0.605300
vt 0.443700 0.580200
vt 0.440400 0.586500
vt 0.474500 0.170300
vt 0.485400 0.192800
vt 0.438700 0.609300
vt 0.435100 0.598300
vt 0.448400 0.601700
vt 0.462400 0.530300
vt 0.448000 0.582900
vt 0.451500 0.577000
vt 0.479600 0.184900
vt 0.437500 0.592600
vt 0.432900 0.589300
vt 0.513700 0.595900
vt 0.510500 0.592300
vt 0.515300 0.591300
vt 0.519500 0.595800
vt 0.164900 0.591200
vt 0.162300 0.586900
vt 0.164800 0.582300
vt 0.166500 0.586500
vt 0.476200 0.183100
vt 0.477200 0.178700
vt 0.427600 0.590900
vt 0.431200 0.595100
vt 0.483000 0.183900
vt 0.480600 0.181000
vt 0.445300 0.589100
vt 0.449500 0.591400
vt 0.716300 0.594900
vt 0.447300 0.573600
vt 0.453500 0.592900
vt 0.451100 0.597000
vt 0.244200 0.248600
vt 0.241400 0.255200
vt 0.455900 0.597700
vt 0.449600 0.613700
vt 0.470400 0.561100
vt 0.465800 0.567700
vt 0.234800 0.260500
vt 0.725200 0.594900
vt 0.452300 0.552200
vt 0.446800 0.560400
vt 0.723400 0.588200
vt 0.724600 0.635200
vt 0.729900 0.628400
vt 0.759100 0.629900
vt 0.755100 0.596100
vt 0.748700 0.623300
vt 0.769700 0.590400
vt 0.743400 0.597900
vt 0.762700 0.642000
vt 0.775600 0.508400
vt 0.758000 0.518000
vt 0.740200 0.499000
vt 0.758600 0.492200
vt 0.467500 0.546300
vt 0.171900 0.634100
vt 0.175600 0.637100
vt 0.181000 0.639100
vt 0.184400 0.634400
vt 0.492800 0.569700
vt 0.490300 0.566100
vt 0.492900 0.562400
vt 0.495000 0.566300
vt 0.489100 0.525300
vt 0.486300 0.531000
vt 0.191500 0.631500
vt 0.477600 0.535000
vt 0.471300 0.534400
vt 0.460600 0.573900
vt 0.465200 0.576600
vt 0.478600 0.550000
vt 0.482600 0.552800
vt 0.479200 0.557900
vt 0.475000 0.554700
vt 0.470200 0.570400
vt 0.476400 0.539100
vt 0.475500 0.542100
vt 0.472200 0.543400
vt 0.471600 0.538900
vt 0.454800 0.516900
vt 0.179000 0.634600
vt 0.474900 0.564200
vt 0.470400 0.551100
vt 0.531900 0.613700
vt 0.536100 0.614000
vt 0.538500 0.619100
vt 0.456500 0.617700
vt 0.532700 0.602500
vt 0.528900 0.598200
vt 0.534200 0.597800
vt 0.537200 0.602300
vt 0.450100 0.624000
vt 0.171000 0.578900
vt 0.461100 0.598100
vt 0.464800 0.598500
vt 0.175100 0.592700
vt 0.179900 0.590000
vt 0.182800 0.594100
vt 0.179400 0.597500
vt 0.175700 0.584300
vt 0.181300 0.583000
vt 0.470500 0.579400
vt 0.474900 0.572600
vt 0.481300 0.573300
vt 0.478200 0.580700
vt 0.474700 0.591200
vt 0.470500 0.595700
vt 0.168400 0.582400
vt 0.170700 0.587000
vt 0.472700 0.600800
vt 0.183700 0.587400
vt 0.476300 0.595900
vt 0.186900 0.585300
vt 0.472800 0.586600
vt 0.478200 0.587800
vt 0.474500 0.547100
vt 0.479600 0.566100
vt 0.484500 0.567300
vt 0.487800 0.569600
vt 0.485700 0.573100
vt 0.466400 0.585600
vt 0.492600 0.553400
vt 0.495000 0.558100
vt 0.489800 0.558700
vt 0.486900 0.563000
vt 0.483300 0.560600
vt 0.486000 0.555500
vt 0.484200 0.549600
vt 0.488200 0.549300
vt 0.491400 0.588200
vt 0.487300 0.591000
vt 0.483300 0.589100
vt 0.488000 0.585300
vt 0.481600 0.546800
vt 0.484500 0.544000
vt 0.186800 0.593400
vt 0.184100 0.597400
vt 0.185500 0.590800
vt 0.495000 0.573100
vt 0.497200 0.569800
vt 0.477900 0.544000
vt 0.487600 0.539700
vt 0.480600 0.540800
vt 0.483100 0.536700
vt 0.484100 0.593500
vt 0.479500 0.592200
vt 0.540100 0.624100
vt 0.495000 0.538900
vt 0.491900 0.543500
vt 0.491400 0.534900
vt 0.495000 0.529100
vt 0.544500 0.625100
vt 0.445300 0.629600
vt 0.486300 0.576400
vt 0.155700 0.636700
vt 0.159400 0.633900
vt 0.548900 0.517400
vt 0.483400 0.583500
vt 0.166400 0.596000
vt 0.164800 0.600300
vt 0.162200 0.596100
vt 0.462400 0.613200
vt 0.166600 0.579300
vt 0.168000 0.591200
vt 0.142600 0.618500
vt 0.193000 0.620600
vt 0.189400 0.619400
vt 0.142800 0.615200
vt 0.166200 0.604400
vt 0.167800 0.600400
vt 0.170500 0.596300
vt 0.174800 0.633200
vt 0.175100 0.616600
vt 0.179000 0.612400
vt 0.182800 0.615400
vt 0.180900 0.619500
vt 0.184600 0.608400
vt 0.183500 0.612000
vt 0.181300 0.608800
vt 0.183000 0.605100
vt 0.167400 0.608600
vt 0.170100 0.604500
vt 0.162800 0.631300
vt 0.174200 0.608700
vt 0.178600 0.605100
vt 0.169900 0.612800
vt 0.164900 0.608600
vt 0.166000 0.613200
vt 0.167400 0.617700
vt 0.168300 0.626100
vt 0.165700 0.629100
vt 0.163300 0.626000
vt 0.165800 0.622500
vt 0.146100 0.592600
vt 0.148600 0.596700
vt 0.147500 0.600200
vt 0.187400 0.596800
vt 0.146000 0.613600
vt 0.189300 0.615900
vt 0.186200 0.614300
vt 0.145400 0.610400
vt 0.171000 0.621600
vt 0.185600 0.631200
vt 0.181100 0.630600
vt 0.184800 0.626700
vt 0.187700 0.629800
vt 0.146100 0.616900
vt 0.146200 0.620900
vt 0.142200 0.621700
vt 0.185000 0.600800
vt 0.181700 0.601400
vt 0.193300 0.622900
vt 0.189500 0.622600
vt 0.138900 0.619600
vt 0.498600 0.534900
vt 0.168600 0.631300
vt 0.495000 0.547700
vt 0.497300 0.553400
vt 0.481000 0.596100
vt 0.188400 0.587400
vt 0.529100 0.609000
vt 0.174600 0.600900
vt 0.491300 0.593800
vt 0.190000 0.584700
vt 0.527700 0.613400
vt 0.173200 0.629600
vt 0.495900 0.524000
vt 0.494400 0.524000
vt 0.135900 0.622800
vt 0.495000 0.591400
vt 0.185900 0.617600
vt 0.491900 0.581900
vt 0.495000 0.579000
vt 0.498000 0.581900
vt 0.495000 0.585100
vt 0.490300 0.572900
vt 0.498200 0.543600
vt 0.492600 0.521300
vt 0.190000 0.626000
vt 0.590600 0.430600
vt 0.624200 0.470800
vt 0.590800 0.462000
vt 0.186300 0.604500
vt 0.145300 0.596000
vt 0.488200 0.595100
vt 0.194600 0.624400
vt 0.495200 0.522100
vt 0.500900 0.525400
vt 0.503800 0.531100
vt 0.177200 0.624400
vt 0.185600 0.621600
vt 0.186800 0.611100
vt 0.147700 0.607700
vt 0.148700 0.611400
vt 0.138500 0.621900
vt 0.146000 0.603800
vt 0.142100 0.588200
vt 0.149400 0.604500
vt 0.498600 0.588200
vt 0.513000 0.519800
vt 0.141600 0.625100
vt 0.146800 0.626000
vt 0.143800 0.629000
vt 0.488800 0.579200
vt 0.492400 0.576100
vt 0.497500 0.576100
vt 0.498700 0.593900
vt 0.502600 0.591000
vt 0.505800 0.593500
vt 0.143100 0.583800
vt 0.502000 0.585300
vt 0.522300 0.221200
vt 0.517500 0.216900
vt 0.191000 0.589000
vt 0.705300 0.560700
vt 0.685700 0.540500
vt 0.501800 0.549300
vt 0.678000 0.567400
vt 0.270000 0.578400
vt 0.804800 0.566100
vt 0.170400 0.568500
vt 0.442200 0.633200
vt 0.505400 0.206600
vt 0.834900 0.166400
vt 0.164700 0.152500
vt 0.813700 0.208700
vt 0.821600 0.205200
vt 0.832200 0.211400
vt 0.821700 0.214700
vt 0.532800 0.608300
vt 0.548300 0.633200
vt 0.540700 0.520900
vt 0.150200 0.638600
vt 0.171700 0.639100
vt 0.164500 0.617700
vt 0.508500 0.142200
vt 0.560200 0.531300
vt 0.555400 0.525000
vt 0.162400 0.604300
vt 0.499600 0.573000
vt 0.664500 0.590100
vt 0.627700 0.204900
vt 0.497600 0.521500
vt 0.195700 0.623200
vt 0.652300 0.595500
vt 0.654900 0.588200
vt 0.526300 0.231300
vt 0.528900 0.235400
vt 0.529200 0.241200
vt 0.521500 0.237800
vt 0.604600 0.309700
vt 0.595800 0.322000
vt 0.580500 0.313900
vt 0.592100 0.302800
vt 0.568300 0.326800
vt 0.537400 0.327100
vt 0.598800 0.492900
vt 0.611200 0.328100
vt 0.622800 0.330800
vt 0.619900 0.343100
vt 0.566000 0.290800
vt 0.578700 0.296700
vt 0.520700 0.261200
vt 0.524100 0.250800
vt 0.598300 0.277100
vt 0.610000 0.281500
vt 0.602500 0.292400
vt 0.589600 0.286800
vt 0.618400 0.306300
vt 0.625300 0.311100
vt 0.623400 0.320600
vt 0.615000 0.316600
vt 0.570500 0.263300
vt 0.577100 0.267300
vt 0.566800 0.272300
vt 0.560300 0.269600
vt 0.244000 0.606800
vt 0.236500 0.604300
vt 0.244300 0.603100
vt 0.251400 0.605400
vt 0.554700 0.339700
vt 0.539300 0.351600
vt 0.522000 0.339800
vt 0.559300 0.361100
vt 0.550500 0.271800
vt 0.551900 0.274400
vt 0.549700 0.274900
vt 0.548000 0.273200
vt 0.615500 0.253900
vt 0.622300 0.251600
vt 0.619800 0.260100
vt 0.611500 0.261200
vt 0.577000 0.282700
vt 0.785600 0.493500
vt 0.770600 0.485700
vt 0.767100 0.470800
vt 0.789400 0.472100
vt 0.544800 0.377800
vt 0.579400 0.369900
vt 0.586500 0.275400
vt 0.595200 0.268800
vt 0.605700 0.268800
vt 0.602900 0.262100
vt 0.585400 0.268900
vt 0.594600 0.262300
vt 0.615700 0.270000
vt 0.612000 0.358600
vt 0.654700 0.217900
vt 0.652600 0.207200
vt 0.662700 0.202700
vt 0.664300 0.213400
vt 0.622100 0.272100
vt 0.620000 0.286400
vt 0.639300 0.211400
vt 0.641500 0.203500
vt 0.645900 0.213300
vt 0.641000 0.220500
vt 0.646300 0.196700
vt 0.628200 0.260300
vt 0.629800 0.274700
vt 0.689700 0.254500
vt 0.698100 0.256500
vt 0.695900 0.264400
vt 0.688900 0.264100
vt 0.671000 0.623900
vt 0.624200 0.232400
vt 0.666000 0.640200
vt 0.662300 0.628600
vt 0.611800 0.299200
vt 0.635600 0.228500
vt 0.635900 0.219500
vt 0.635600 0.195900
vt 0.636200 0.187700
vt 0.535300 0.174100
vt 0.528100 0.177200
vt 0.525500 0.170400
vt 0.531600 0.166900
vt 0.647000 0.223900
vt 0.633100 0.238100
vt 0.625500 0.244100
vt 0.629200 0.236200
vt 0.640400 0.230900
vt 0.645200 0.233700
vt 0.637700 0.241200
vt 0.653400 0.227200
vt 0.652500 0.236400
vt 0.643100 0.242900
vt 0.624000 0.296800
vt 0.625100 0.672400
vt 0.582800 0.254700
vt 0.608400 0.683400
vt 0.587800 0.259900
vt 0.739800 0.361300
vt 0.740200 0.341800
vt 0.758000 0.344700
vt 0.757900 0.364000
vt 0.622300 0.240300
vt 0.618900 0.247300
vt 0.613700 0.247500
vt 0.667900 0.654000
vt 0.675100 0.199800
vt 0.686200 0.197200
vt 0.688800 0.211300
vt 0.675000 0.210600
vt 0.718900 0.315100
vt 0.740300 0.321400
vt 0.722400 0.339900
vt 0.630800 0.681100
vt 0.631900 0.321100
vt 0.633300 0.331200
vt 0.684600 0.331500
vt 0.675700 0.309300
vt 0.697700 0.314000
vt 0.704000 0.337000
vt 0.602900 0.254100
vt 0.609300 0.254700
vt 0.635400 0.344800
vt 0.575900 0.274300
vt 0.554800 0.272900
vt 0.552700 0.269900
vt 0.547400 0.131000
vt 0.552500 0.122800
vt 0.561400 0.126200
vt 0.556100 0.134100
vt 0.630200 0.247600
vt 0.663700 0.223200
vt 0.663600 0.233500
vt 0.607200 0.150000
vt 0.601100 0.141000
vt 0.612200 0.141400
vt 0.616700 0.149000
vt 0.643200 0.252700
vt 0.636500 0.262500
vt 0.636100 0.251200
vt 0.674200 0.232600
vt 0.675400 0.222700
vt 0.687000 0.222200
vt 0.684700 0.233000
vt 0.637700 0.274800
vt 0.630900 0.286700
vt 0.638600 0.284700
vt 0.633500 0.293300
vt 0.628900 0.302200
vt 0.635100 0.303700
vt 0.632900 0.312400
vt 0.653500 0.247100
vt 0.636600 0.296600
vt 0.641000 0.311800
vt 0.641700 0.321100
vt 0.667200 0.355800
vt 0.683500 0.363200
vt 0.687500 0.382400
vt 0.672300 0.377300
vt 0.541900 0.287700
vt 0.554300 0.283000
vt 0.645600 0.332700
vt 0.566200 0.279200
vt 0.558800 0.275800
vt 0.535600 0.275700
vt 0.545600 0.277800
vt 0.548900 0.276700
vt 0.546800 0.274800
vt 0.546300 0.271400
vt 0.544400 0.268400
vt 0.557100 0.266100
vt 0.540600 0.271400
vt 0.544300 0.274200
vt 0.526300 0.223900
vt 0.529800 0.219000
vt 0.530300 0.225500
vt 0.531800 0.231700
vt 0.537600 0.226000
vt 0.576400 0.641800
vt 0.536700 0.235600
vt 0.657400 0.618700
vt 0.592100 0.650500
vt 0.546200 0.244900
vt 0.537100 0.244700
vt 0.580500 0.651200
vt 0.510400 0.216300
vt 0.506900 0.214600
vt 0.509400 0.209600
vt 0.513200 0.212200
vt 0.533000 0.207900
vt 0.527300 0.214500
vt 0.523100 0.210700
vt 0.547400 0.163700
vt 0.539900 0.162600
vt 0.544000 0.153300
vt 0.548500 0.157800
vt 0.554900 0.182700
vt 0.562800 0.183800
vt 0.585300 0.576900
vt 0.553500 0.170700
vt 0.549000 0.168200
vt 0.553400 0.165900
vt 0.555500 0.167500
vt 0.618100 0.570200
vt 0.580600 0.187400
vt 0.584100 0.179400
vt 0.623800 0.561100
vt 0.524600 0.165000
vt 0.522000 0.173800
vt 0.562800 0.579700
vt 0.537900 0.202200
vt 0.540600 0.189100
vt 0.547700 0.185300
vt 0.542000 0.193800
vt 0.553800 0.152500
vt 0.556400 0.150100
vt 0.558800 0.151300
vt 0.556200 0.152800
vt 0.543000 0.170900
vt 0.584400 0.632600
vt 0.546400 0.221500
vt 0.582700 0.620800
vt 0.593600 0.626400
vt 0.538800 0.182000
vt 0.548500 0.177400
vt 0.559200 0.159300
vt 0.561800 0.160200
vt 0.560300 0.162300
vt 0.557800 0.161100
vt 0.551700 0.163600
vt 0.568600 0.172200
vt 0.575000 0.168900
vt 0.582000 0.171300
vt 0.576200 0.174600
vt 0.530600 0.142900
vt 0.535000 0.134600
vt 0.542600 0.139400
vt 0.538300 0.147700
vt 0.557200 0.176300
vt 0.560800 0.170000
vt 0.651900 0.159200
vt 0.665800 0.157900
vt 0.226800 0.605700
vt 0.664700 0.165000
vt 0.564800 0.160000
vt 0.564300 0.162700
vt 0.549700 0.144700
vt 0.549200 0.152000
vt 0.571000 0.156700
vt 0.574900 0.161800
vt 0.568900 0.161100
vt 0.567700 0.158900
vt 0.568700 0.165900
vt 0.582000 0.165600
vt 0.565800 0.119400
vt 0.576400 0.122300
vt 0.570900 0.128800
vt 0.648200 0.574100
vt 0.607000 0.188400
vt 0.613400 0.184600
vt 0.657900 0.571700
vt 0.559300 0.166000
vt 0.557200 0.164100
vt 0.555000 0.162700
vt 0.551300 0.160600
vt 0.554300 0.160300
vt 0.533100 0.155200
vt 0.554100 0.156200
vt 0.552300 0.157900
vt 0.551000 0.156000
vt 0.553400 0.154700
vt 0.551300 0.152400
vt 0.563400 0.153300
vt 0.566700 0.154100
vt 0.566200 0.156700
vt 0.564000 0.156800
vt 0.539200 0.126300
vt 0.553600 0.148300
vt 0.555500 0.154400
vt 0.518100 0.206200
vt 0.512500 0.202400
vt 0.568300 0.150500
vt 0.574800 0.152700
vt 0.561400 0.157900
vt 0.561500 0.147900
vt 0.558300 0.146100
vt 0.560800 0.142500
vt 0.569100 0.145500
vt 0.560900 0.155000
vt 0.560300 0.152900
vt 0.558000 0.153600
vt 0.557700 0.156200
vt 0.563100 0.150500
vt 0.231600 0.622600
vt 0.239800 0.623300
vt 0.695500 0.195100
vt 0.556600 0.159400
vt 0.554300 0.158300
vt 0.730700 0.272600
vt 0.740100 0.297000
vt 0.719900 0.289400
vt 0.717900 0.267100
vt 0.565900 0.135700
vt 0.580700 0.131300
vt 0.575000 0.138600
vt 0.599800 0.153100
vt 0.612900 0.157500
vt 0.605800 0.159900
vt 0.775200 0.330600
vt 0.775000 0.314400
vt 0.788600 0.320100
vt 0.789900 0.334500
vt 0.675200 0.188000
vt 0.656700 0.189800
vt 0.656900 0.177300
vt 0.224600 0.613500
vt 0.747600 0.281300
vt 0.739100 0.269500
vt 0.745400 0.263400
vt 0.751700 0.267600
vt 0.650100 0.311500
vt 0.661000 0.311300
vt 0.666900 0.326400
vt 0.653200 0.323100
vt 0.760500 0.290300
vt 0.759100 0.307100
vt 0.633400 0.211000
vt 0.635700 0.203600
vt 0.679700 0.146600
vt 0.666400 0.138000
vt 0.716200 0.200900
vt 0.705700 0.201100
vt 0.258400 0.609800
vt 0.265000 0.606800
vt 0.271700 0.608200
vt 0.265000 0.612200
vt 0.644400 0.185100
vt 0.761000 0.278100
vt 0.287300 0.616900
vt 0.258400 0.606200
vt 0.257900 0.603100
vt 0.264400 0.603600
vt 0.641500 0.302500
vt 0.648300 0.300200
vt 0.659500 0.337300
vt 0.640700 0.293200
vt 0.553100 0.277600
vt 0.645200 0.264300
vt 0.645000 0.276900
vt 0.653100 0.259000
vt 0.698300 0.211300
vt 0.697600 0.222700
vt 0.662800 0.244200
vt 0.695100 0.234000
vt 0.672300 0.242900
vt 0.682300 0.243500
vt 0.652800 0.271500
vt 0.661600 0.256300
vt 0.646300 0.288800
vt 0.708100 0.356400
vt 0.692800 0.351000
vt 0.701400 0.246600
vt 0.692000 0.244700
vt 0.651000 0.348400
vt 0.656800 0.297500
vt 0.679000 0.275000
vt 0.689500 0.275100
vt 0.690100 0.290000
vt 0.680200 0.282900
vt 0.706500 0.260900
vt 0.630600 0.227200
vt 0.708100 0.213100
vt 0.675700 0.344000
vt 0.680400 0.254200
vt 0.704200 0.293800
vt 0.679200 0.264600
vt 0.670100 0.265900
vt 0.670800 0.254500
vt 0.661300 0.268300
vt 0.758300 0.325500
vt 0.670800 0.277000
vt 0.662700 0.280500
vt 0.654000 0.284400
vt 0.666300 0.293600
vt 0.674000 0.287200
vt 0.679200 0.295100
vt 0.627700 0.217200
vt 0.527100 0.149900
vt 0.674600 0.639200
vt 0.626500 0.185200
vt 0.629200 0.191600
vt 0.774100 0.298900
vt 0.538500 0.577100
vt 0.534300 0.571200
vt 0.539300 0.566900
vt 0.542700 0.573700
vt 0.679100 0.615200
vt 0.641900 0.667600
vt 0.597400 0.250900
vt 0.647400 0.654300
vt 0.654100 0.659900
vt 0.616500 0.239700
vt 0.661000 0.650800
vt 0.658800 0.639300
vt 0.649000 0.674500
vt 0.608900 0.245300
vt 0.654600 0.647200
vt 0.661200 0.664200
vt 0.634800 0.660300
vt 0.545200 0.262300
vt 0.544700 0.236900
vt 0.588100 0.642200
vt 0.598900 0.640900
vt 0.534400 0.219400
vt 0.544500 0.205500
vt 0.542800 0.198400
vt 0.574500 0.600500
vt 0.544600 0.230600
vt 0.595500 0.635000
vt 0.585200 0.599300
vt 0.551700 0.205200
vt 0.523400 0.190200
vt 0.520100 0.194300
vt 0.518900 0.190400
vt 0.533700 0.212900
vt 0.538200 0.208300
vt 0.540500 0.215200
vt 0.571600 0.189400
vt 0.605900 0.573600
vt 0.607400 0.584800
vt 0.596800 0.579900
vt 0.640500 0.579100
vt 0.638500 0.570900
vt 0.603200 0.599100
vt 0.600400 0.591200
vt 0.610600 0.596200
vt 0.612300 0.608100
vt 0.583200 0.610100
vt 0.593700 0.607500
vt 0.517100 0.194900
vt 0.513100 0.197200
vt 0.555200 0.610200
vt 0.516300 0.191000
vt 0.542000 0.583000
vt 0.538000 0.586100
vt 0.534500 0.580000
vt 0.529700 0.186000
vt 0.563700 0.193100
vt 0.594800 0.568400
vt 0.588200 0.168800
vt 0.641800 0.584500
vt 0.648000 0.582000
vt 0.646400 0.589800
vt 0.638000 0.592900
vt 0.564500 0.176700
vt 0.572600 0.180500
vt 0.642400 0.614300
vt 0.645800 0.618100
vt 0.639500 0.623300
vt 0.637800 0.613500
vt 0.589500 0.588300
vt 0.605000 0.168500
vt 0.599600 0.163300
vt 0.612000 0.166100
vt 0.629600 0.570000
vt 0.591400 0.186600
vt 0.594400 0.180000
vt 0.635100 0.561400
vt 0.625700 0.577800
vt 0.605500 0.114000
vt 0.600300 0.124400
vt 0.587900 0.123600
vt 0.594800 0.115200
vt 0.615700 0.579100
vt 0.593300 0.172100
vt 0.588600 0.174600
vt 0.593900 0.166300
vt 0.598700 0.170400
vt 0.629500 0.582900
vt 0.632800 0.578200
vt 0.634900 0.585900
vt 0.628600 0.591900
vt 0.653900 0.639200
vt 0.648400 0.643100
vt 0.648700 0.632900
vt 0.598600 0.176200
vt 0.603500 0.181500
vt 0.622500 0.178900
vt 0.631400 0.178900
vt 0.604200 0.174500
vt 0.609600 0.179000
vt 0.646500 0.565400
vt 0.610600 0.173600
vt 0.615600 0.178600
vt 0.619600 0.183800
vt 0.629800 0.198400
vt 0.667200 0.581400
vt 0.622500 0.189800
vt 0.615500 0.191000
vt 0.657200 0.580200
vt 0.554800 0.263600
vt 0.673600 0.595100
vt 0.622900 0.196300
vt 0.572800 0.613900
vt 0.621500 0.655500
vt 0.611700 0.658500
vt 0.615800 0.647600
vt 0.628700 0.644500
vt 0.645000 0.609200
vt 0.651300 0.612400
vt 0.564700 0.257800
vt 0.609200 0.670100
vt 0.622600 0.662900
vt 0.573100 0.627900
vt 0.551500 0.253100
vt 0.598100 0.661100
vt 0.608500 0.639600
vt 0.610400 0.630600
vt 0.618700 0.630800
vt 0.617900 0.637800
vt 0.603900 0.649400
vt 0.554900 0.259000
vt 0.592800 0.674600
vt 0.645100 0.596700
vt 0.638300 0.601500
vt 0.639000 0.649000
vt 0.641700 0.639000
vt 0.600300 0.630400
vt 0.585300 0.662700
vt 0.557000 0.198700
vt 0.595200 0.598400
vt 0.548300 0.212700
vt 0.592900 0.616600
vt 0.603100 0.613400
vt 0.602400 0.623000
vt 0.607200 0.562400
vt 0.617600 0.589000
vt 0.598600 0.187300
vt 0.655200 0.630500
vt 0.651100 0.623000
vt 0.577800 0.074000
vt 0.585000 0.079600
vt 0.581300 0.086900
vt 0.573700 0.083400
vt 0.617800 0.172300
vt 0.526700 0.128700
vt 0.521600 0.138300
vt 0.602400 0.635500
vt 0.635600 0.632800
vt 0.626600 0.632400
vt 0.631400 0.625800
vt 0.562700 0.525300
vt 0.522500 0.146200
vt 0.528100 0.160600
vt 0.525400 0.155400
vt 0.555700 0.619200
vt 0.553400 0.613900
vt 0.514600 0.192900
vt 0.723700 0.231400
vt 0.276300 0.624400
vt 0.271000 0.620900
vt 0.277600 0.618900
vt 0.749100 0.259200
vt 0.702200 0.276000
vt 0.728800 0.257400
vt 0.654900 0.369900
vt 0.634400 0.363100
vt 0.730600 0.245200
vt 0.602500 0.378200
vt 0.710800 0.374200
vt 0.697800 0.369100
vt 0.724500 0.377400
vt 0.723500 0.359100
vt 0.740000 0.380000
vt 0.690400 0.420500
vt 0.689300 0.401400
vt 0.674000 0.398800
vt 0.655200 0.394100
vt 0.714100 0.390600
vt 0.726900 0.394100
vt 0.736800 0.258200
vt 0.752000 0.216900
vt 0.759600 0.205300
vt 0.766300 0.224200
vt 0.559700 0.416500
vt 0.774500 0.347300
vt 0.783500 0.381800
vt 0.797200 0.364900
vt 0.818000 0.366900
vt 0.812500 0.384500
vt 0.729200 0.407300
vt 0.732700 0.434400
vt 0.711200 0.438300
vt 0.764900 0.253100
vt 0.286400 0.637200
vt 0.762600 0.245700
vt 0.776800 0.244900
vt 0.533500 0.400400
vt 0.568700 0.390100
vt 0.629600 0.386600
vt 0.674300 0.444000
vt 0.673600 0.420700
vt 0.692600 0.440300
vt 0.629600 0.655700
vt 0.632100 0.618300
vt 0.631200 0.607800
vt 0.640200 0.606800
vt 0.643000 0.631800
vt 0.646300 0.625800
vt 0.620000 0.599600
vt 0.623000 0.608600
vt 0.701200 0.386200
vt 0.611000 0.619500
vt 0.624100 0.623900
vt 0.616300 0.624100
vt 0.600900 0.605100
vt 0.619600 0.616800
vt 0.623200 0.582900
vt 0.648700 0.602400
vt 0.644100 0.601800
vt 0.626500 0.600700
vt 0.626300 0.616100
vt 0.632700 0.598400
vt 0.628400 0.621300
vt 0.595200 0.402500
vt 0.582000 0.157400
vt 0.590800 0.134800
vt 0.584200 0.142500
vt 0.588600 0.162100
vt 0.619500 0.163900
vt 0.626300 0.170800
vt 0.642000 0.178400
vt 0.636300 0.169300
vt 0.593000 0.147300
vt 0.579100 0.148200
vt 0.587600 0.152700
vt 0.594200 0.157900
vt 0.621400 0.155600
vt 0.628300 0.161800
vt 0.649500 0.167100
vt 0.677900 0.174000
vt 0.639200 0.160100
vt 0.542500 0.538400
vt 0.539600 0.545200
vt 0.532500 0.539100
vt 0.535000 0.533200
vt 0.236700 0.616100
vt 0.686700 0.186200
vt 0.522900 0.107100
vt 0.528500 0.110000
vt 0.523500 0.112800
vt 0.518400 0.109900
vt 0.515000 0.129000
vt 0.520000 0.122600
vt 0.513400 0.106900
vt 0.513800 0.112100
vt 0.624200 0.148200
vt 0.630100 0.154200
vt 0.570900 0.113000
vt 0.582500 0.114700
vt 0.614500 0.127000
vt 0.623600 0.126400
vt 0.626200 0.133900
vt 0.617600 0.134100
vt 0.544400 0.119500
vt 0.536400 0.116800
vt 0.542800 0.113200
vt 0.549700 0.114000
vt 0.597700 0.106800
vt 0.608000 0.104800
vt 0.769500 0.195500
vt 0.652100 0.090900
vt 0.778400 0.181900
vt 0.781800 0.191400
vt 0.614700 0.111700
vt 0.613100 0.119900
vt 0.620200 0.141300
vt 0.243900 0.610800
vt 0.251500 0.608200
vt 0.251400 0.613400
vt 0.606400 0.131400
vt 0.534300 0.105200
vt 0.527300 0.102300
vt 0.611500 0.135300
vt 0.629000 0.140800
vt 0.633100 0.147700
vt 0.644700 0.146100
vt 0.653700 0.152400
vt 0.641000 0.153700
vt 0.639400 0.139400
vt 0.235600 0.608900
vt 0.244800 0.618000
vt 0.615900 0.101900
vt 0.258200 0.616000
vt 0.743000 0.257700
vt 0.743900 0.253100
vt 0.282000 0.626400
vt 0.747100 0.257100
vt 0.279000 0.611300
vt 0.271500 0.615400
vt 0.278500 0.604600
vt 0.760200 0.270000
vt 0.253600 0.624400
vt 0.258600 0.620500
vt 0.265800 0.623100
vt 0.257100 0.598600
vt 0.678600 0.163100
vt 0.269400 0.593100
vt 0.796600 0.264800
vt 0.779000 0.260300
vt 0.800400 0.253700
vt 0.715900 0.206100
vt 0.673900 0.132500
vt 0.771900 0.285500
vt 0.271100 0.603800
vt 0.281200 0.622500
vt 0.264700 0.618100
vt 0.251700 0.619400
vt 0.785700 0.360400
vt 0.788600 0.348800
vt 0.803700 0.350100
vt 0.277400 0.600000
vt 0.763400 0.266800
vt 0.286000 0.600300
vt 0.771900 0.269500
vt 0.778600 0.279800
vt 0.768000 0.274900
vt 0.287200 0.606400
vt 0.784200 0.292900
vt 0.786800 0.306700
vt 0.798800 0.312000
vt 0.801000 0.323300
vt 0.270100 0.600000
vt 0.629600 0.498000
vt 0.653500 0.472100
vt 0.740900 0.417300
vt 0.759700 0.406200
vt 0.760300 0.430200
vt 0.730500 0.417100
vt 0.739000 0.407400
vt 0.869400 0.339900
vt 0.850900 0.338900
vt 0.846500 0.326400
vt 0.863300 0.326500
vt 0.761800 0.451300
vt 0.658300 0.497200
vt 0.669200 0.520000
vt 0.641000 0.522600
vt 0.718400 0.506700
vt 0.695100 0.514400
vt 0.787900 0.449000
vt 0.857400 0.458100
vt 0.880800 0.460800
vt 0.877700 0.486000
vt 0.854800 0.483600
vt 0.811100 0.476000
vt 0.812100 0.449300
vt 0.804600 0.502000
vt 0.741500 0.397100
vt 0.794400 0.520400
vt 0.779200 0.533800
vt 0.711000 0.534100
vt 0.735100 0.526100
vt 0.834400 0.453500
vt 0.810700 0.426700
vt 0.834400 0.430200
vt 0.832800 0.479900
vt 0.814000 0.527600
vt 0.836200 0.531400
vt 0.821300 0.551200
vt 0.799800 0.544600
vt 0.859100 0.434200
vt 0.825500 0.506100
vt 0.847800 0.508400
vt 0.860100 0.531800
vt 0.901500 0.483800
vt 0.870500 0.509700
vt 0.862200 0.412300
vt 0.883900 0.413400
vt 0.882000 0.435700
vt 0.836600 0.408200
vt 0.759700 0.383200
vt 0.904000 0.458900
vt 0.926400 0.449500
vt 0.894800 0.356200
vt 0.874800 0.356000
vt 0.894800 0.337600
vt 0.786700 0.426700
vt 0.774400 0.364200
vt 0.791400 0.286000
vt 0.796700 0.300200
vt 0.785100 0.404700
vt 0.809900 0.404900
vt 0.839400 0.387200
vt 0.803700 0.336300
vt 0.859100 0.315900
vt 0.843600 0.316300
vt 0.842900 0.307700
vt 0.864000 0.391400
vt 0.828400 0.306200
vt 0.829200 0.296800
vt 0.843200 0.299300
vt 0.819800 0.351400
vt 0.806700 0.306700
vt 0.809300 0.316400
vt 0.840100 0.369300
vt 0.861800 0.372500
vt 0.828900 0.315000
vt 0.816600 0.311900
vt 0.783900 0.272400
vt 0.881100 0.373700
vt 0.884900 0.393000
vt 0.812800 0.326200
vt 0.817000 0.337900
vt 0.836200 0.350800
vt 0.902800 0.432700
vt 0.825800 0.339200
vt 0.883100 0.322900
vt 0.875000 0.312200
vt 0.911500 0.377700
vt 0.924100 0.391000
vt 0.856200 0.354800
vt 0.921000 0.423700
vt 0.897800 0.373500
vt 0.934900 0.375700
vt 0.937100 0.412400
vt 0.915900 0.318600
vt 0.902100 0.310900
vt 0.890500 0.302500
vt 0.914800 0.360900
vt 0.819700 0.320400
vt 0.860100 0.291300
vt 0.852500 0.292600
vt 0.823600 0.330200
vt 0.900200 0.287900
vt 0.888600 0.284900
vt 0.835500 0.335700
vt 0.831700 0.324100
vt 0.814400 0.276600
vt 0.830200 0.286900
vt 0.931000 0.293500
vt 0.355700 0.630700
vt 0.919200 0.247100
vt 0.333400 0.623300
vt 0.852900 0.285200
vt 0.860000 0.284200
vt 0.832000 0.276200
vt 0.816900 0.265200
vt 0.843500 0.291300
vt 0.844100 0.283100
vt 0.846200 0.274500
vt 0.854800 0.277700
vt 0.824100 0.257000
vt 0.835700 0.267200
vt 0.743700 0.236700
vt 0.746900 0.227000
vt 0.760800 0.234300
vt 0.755200 0.241500
vt 0.880000 0.295700
vt 0.871300 0.291300
vt 0.877200 0.282100
vt 0.867700 0.282000
vt 0.866200 0.288400
vt 0.857000 0.268000
vt 0.849000 0.267200
vt 0.842800 0.259700
vt 0.854900 0.253800
vt 0.607500 0.095900
vt 0.597800 0.098800
vt 0.833400 0.249900
vt 0.843100 0.242500
vt 0.587400 0.106800
vt 0.590400 0.100300
vt 0.577200 0.106700
vt 0.557100 0.116300
vt 0.514400 0.117900
vt 0.519000 0.115200
vt 0.524300 0.117900
vt 0.546500 0.102300
vt 0.541600 0.107500
vt 0.539600 0.099300
vt 0.509300 0.114400
vt 0.561900 0.111200
vt 0.535400 0.111600
vt 0.509300 0.134300
vt 0.517800 0.103600
vt 0.530800 0.121300
vt 0.509800 0.200600
vt 0.552600 0.622900
vt 0.550600 0.617200
vt 0.568700 0.092200
vt 0.578000 0.093600
vt 0.573100 0.100500
vt 0.563800 0.100200
vt 0.514200 0.140200
vt 0.565000 0.080400
vt 0.560100 0.090600
vt 0.597000 0.077800
vt 0.603400 0.076000
vt 0.603400 0.081900
vt 0.599700 0.082000
vt 0.582900 0.100900
vt 0.586100 0.095100
vt 0.592800 0.094500
vt 0.639200 0.124400
vt 0.632000 0.126100
vt 0.628900 0.118700
vt 0.634900 0.119200
vt 0.567400 0.106600
vt 0.553000 0.104500
vt 0.548400 0.108700
vt 0.554900 0.109900
vt 0.596000 0.083700
vt 0.591600 0.082600
vt 0.529300 0.115100
vt 0.559400 0.105600
vt 0.535400 0.087800
vt 0.527500 0.083300
vt 0.528400 0.075500
vt 0.537300 0.078800
vt 0.598900 0.091900
vt 0.512200 0.099100
vt 0.588200 0.089000
vt 0.556400 0.098600
vt 0.531900 0.095600
vt 0.594800 0.088300
vt 0.604500 0.088500
vt 0.552500 0.087200
vt 0.549700 0.095700
vt 0.542800 0.091900
vt 0.544900 0.082700
vt 0.521100 0.098200
vt 0.524200 0.091000
vt 0.600000 0.086400
vt 0.538700 0.069200
vt 0.527100 0.066800
vt 0.556400 0.077200
vt 0.514200 0.093300
vt 0.591300 0.072000
vt 0.602700 0.085200
vt 0.548100 0.073000
vt 0.583200 0.064800
vt 0.638600 0.084900
vt 0.628300 0.081300
vt 0.629000 0.070700
vt 0.776400 0.171600
vt 0.608800 0.084100
vt 0.622000 0.118700
vt 0.621500 0.111100
vt 0.628500 0.111800
vt 0.644300 0.130400
vt 0.635700 0.132900
vt 0.666700 0.150100
vt 0.228300 0.600600
vt 0.656200 0.143000
vt 0.230400 0.592900
vt 0.649300 0.136200
vt 0.651100 0.125500
vt 0.657600 0.130800
vt 0.733600 0.232900
vt 0.665300 0.126200
vt 0.718000 0.217000
vt 0.726900 0.219800
vt 0.762900 0.249100
vt 0.283400 0.634500
vt 0.756300 0.249900
vt 0.736300 0.222300
vt 0.741200 0.212200
vt 0.637200 0.114700
vt 0.644700 0.120200
vt 0.251200 0.601300
vt 0.237600 0.598800
vt 0.249800 0.630700
vt 0.749900 0.200000
vt 0.740100 0.247900
vt 0.785300 0.199100
vt 0.673800 0.122700
vt 0.664000 0.114300
vt 0.741400 0.199700
vt 0.732600 0.209500
vt 0.678700 0.156200
vt 0.668200 0.107800
vt 0.616300 0.089500
vt 0.646400 0.100200
vt 0.636500 0.095500
vt 0.650000 0.113800
vt 0.641900 0.108200
vt 0.655200 0.106900
vt 0.657600 0.119800
vt 0.759100 0.183600
vt 0.658900 0.102100
vt 0.279500 0.630300
vt 0.272700 0.628100
vt 0.749700 0.253700
vt 0.631800 0.104300
vt 0.823300 0.175600
vt 0.820800 0.165700
vt 0.800400 0.208500
vt 0.804800 0.204200
vt 0.808200 0.210500
vt 0.622500 0.102100
vt 0.625900 0.091700
vt 0.611000 0.076700
vt 0.619200 0.078700
vt 0.620100 0.068600
vt 0.621000 0.059100
vt 0.786000 0.163000
vt 0.600500 0.065900
vt 0.588500 0.058100
vt 0.590100 0.050000
vt 0.602200 0.055800
vt 0.611500 0.067200
vt 0.807100 0.161500
vt 0.612400 0.057500
vt 0.639300 0.072300
vt 0.790500 0.173800
vt 0.793600 0.183200
vt 0.630500 0.060200
vt 0.799500 0.167600
vt 0.803800 0.178600
vt 0.812100 0.215500
vt 0.622900 0.049200
vt 0.812300 0.172500
vt 0.613500 0.049000
vt 0.795000 0.156500
vt 0.826000 0.196600
vt 0.825500 0.185300
vt 0.839900 0.204100
vt 0.602300 0.045300
vt 0.803100 0.149200
vt 0.793500 0.190700
vt 0.791900 0.196300
vt 0.785100 0.233000
vt 0.578400 0.051800
vt 0.804800 0.187200
vt 0.814200 0.182500
vt 0.813700 0.192100
vt 0.485400 0.066500
vt 0.870800 0.258000
vt 0.867900 0.272500
vt 0.802800 0.193700
vt 0.797300 0.199700
vt 0.811200 0.199300
vt 0.791200 0.205100
vt 0.801200 0.214500
vt 0.829500 0.223000
vt 0.818200 0.225500
vt 0.924900 0.267200
vt 0.329400 0.663800
vt 0.810200 0.243000
vt 0.825000 0.237500
vt 0.912100 0.290200
vt 0.881500 0.272100
vt 0.884000 0.259200
vt 0.883300 0.249000
vt 0.890800 0.242200
vt 0.860600 0.278800
vt 0.862900 0.242300
vt 0.874100 0.246500
vt 0.905300 0.246100
vt 0.308300 0.638200
vt 0.879400 0.235900
vt 0.893500 0.229100
vt 0.303400 0.613400
vt 0.038700 0.264800
vt 0.323300 0.586400
vt 0.894600 0.216400
vt 0.804300 0.225600
vt 0.548200 0.611600
vt 0.551400 0.609200
vt 0.347600 0.598700
vt 0.845400 0.228200
vt 0.839600 0.219200
vt 0.847700 0.213000
vt 0.852600 0.221700
vt 0.836400 0.232500
vt 0.853000 0.236700
vt 0.860500 0.228300
vt 0.870300 0.231800
vt 0.308200 0.590500
vt 0.563100 0.566000
vt 0.564200 0.550500
vt 0.562100 0.543700
vt 0.518500 0.144600
vt 0.549700 0.546100
vt 0.546300 0.553100
vt 0.322400 0.578300
vt 0.519400 0.181300
vt 0.520400 0.185100
vt 0.517600 0.186900
vt 0.559200 0.600100
vt 0.564200 0.537900
vt 0.541000 0.607500
vt 0.544500 0.613200
vt 0.540500 0.613800
vt 0.536900 0.607800
vt 0.562000 0.558000
vt 0.523000 0.151200
vt 0.539400 0.528500
vt 0.546800 0.533100
vt 0.537700 0.552300
vt 0.530800 0.545500
vt 0.557800 0.536300
vt 0.551400 0.529500
vt 0.553900 0.540600
vt 0.559300 0.549400
vt 0.547000 0.619300
vt 0.548600 0.624900
vt 0.543100 0.619800
vt 0.524100 0.160300
vt 0.561100 0.573000
vt 0.543000 0.596200
vt 0.545900 0.601000
vt 0.541700 0.601700
vt 0.538900 0.597100
vt 0.551600 0.520400
vt 0.159400 0.638900
vt 0.535200 0.516900
vt 0.146900 0.633700
vt 0.152300 0.634100
vt 0.527600 0.530400
vt 0.525600 0.535500
vt 0.529800 0.564700
vt 0.535100 0.559500
vt 0.545400 0.524800
vt 0.545000 0.606500
vt 0.527700 0.590000
vt 0.533600 0.588900
vt 0.536500 0.593000
vt 0.531300 0.593800
vt 0.511500 0.529000
vt 0.139900 0.630500
vt 0.524900 0.522300
vt 0.519700 0.529100
vt 0.550300 0.599900
vt 0.547200 0.594700
vt 0.512500 0.535100
vt 0.518700 0.534500
vt 0.522800 0.178900
vt 0.517900 0.198500
vt 0.547400 0.568600
vt 0.551000 0.576400
vt 0.546300 0.580200
vt 0.556600 0.602400
vt 0.553000 0.603900
vt 0.555000 0.598300
vt 0.554700 0.607000
vt 0.515900 0.188400
vt 0.548900 0.605300
vt 0.558000 0.605300
vt 0.517000 0.184100
vt 0.560600 0.585000
vt 0.522000 0.169100
vt 0.562400 0.590900
vt 0.558800 0.595100
vt 0.554400 0.583200
vt 0.549600 0.586500
vt 0.523900 0.183300
vt 0.544800 0.589100
vt 0.552500 0.592600
vt 0.557200 0.589300
vt 0.519500 0.177100
vt 0.558200 0.578800
vt 0.540500 0.591500
vt 0.543200 0.560500
vt 0.524800 0.594300
vt 0.275000 0.594300
vt 0.765200 0.261700
vt 0.283800 0.593700
vt 0.520700 0.590400
vt 0.517100 0.586600
vt 0.523600 0.585700
vt 0.529400 0.573900
vt 0.523200 0.602000
vt 0.162300 0.578800
vt 0.157400 0.584000
vt 0.517300 0.600800
vt 0.750300 0.247900
vt 0.278400 0.634500
vt 0.276400 0.587500
vt 0.285200 0.631800
vt 0.245200 0.597600
vt 0.709100 0.191900
vt 0.243600 0.631700
vt 0.263800 0.599200
vt 0.758600 0.256400
vt 0.260400 0.625400
vt 0.246700 0.624100
vt 0.724300 0.204900
vt 0.235500 0.631900
vt 0.241000 0.644000
vt 0.532500 0.525400
vt 0.524200 0.541000
vt 0.518400 0.539000
vt 0.519600 0.561200
vt 0.524100 0.567800
vt 0.519800 0.570400
vt 0.515100 0.564300
vt 0.528200 0.602400
vt 0.529600 0.583300
vt 0.522500 0.546500
vt 0.528800 0.551800
vt 0.145800 0.630500
vt 0.525000 0.557400
vt 0.524800 0.576600
vt 0.519500 0.551200
vt 0.515000 0.554800
vt 0.511400 0.550100
vt 0.515500 0.547200
vt 0.511700 0.587800
vt 0.157700 0.592400
vt 0.153000 0.589500
vt 0.506700 0.589100
vt 0.519500 0.579400
vt 0.525300 0.598600
vt 0.158000 0.600700
vt 0.153300 0.597000
vt 0.147400 0.590100
vt 0.149300 0.586800
vt 0.150000 0.593600
vt 0.508700 0.573300
vt 0.511700 0.580700
vt 0.503600 0.576400
vt 0.504300 0.573100
vt 0.510700 0.558000
vt 0.507400 0.552800
vt 0.137100 0.623300
vt 0.510300 0.566200
vt 0.506600 0.560700
vt 0.505700 0.549600
vt 0.503900 0.555500
vt 0.508400 0.546900
vt 0.505400 0.544000
vt 0.509400 0.540900
vt 0.512000 0.544100
vt 0.515100 0.572700
vt 0.517800 0.543500
vt 0.506500 0.583500
vt 0.501200 0.579200
vt 0.502100 0.569600
vt 0.514500 0.542200
vt 0.507000 0.536800
vt 0.513600 0.539200
vt 0.151900 0.582500
vt 0.502500 0.539800
vt 0.505400 0.567400
vt 0.509000 0.596200
vt 0.156600 0.632900
vt 0.158000 0.608400
vt 0.153800 0.604700
vt 0.158300 0.629300
vt 0.160700 0.621400
vt 0.153100 0.611900
vt 0.150900 0.608300
vt 0.156900 0.616300
vt 0.162200 0.612600
vt 0.149300 0.614800
vt 0.151000 0.619000
vt 0.150400 0.630100
vt 0.154400 0.624000
vt 0.146200 0.584600
vt 0.150800 0.600800
vt 0.494900 0.598900
vt 0.144700 0.586600
vt 0.501800 0.595200
s 1
usemtl 12140_Skull_v3
f 2/1/1 1/2/2 388/3/3 3/4/4
f 38/5/5 31/6/6 30/7/7 10/8/8
f 343/9/9 10/8/8 7/10/10 9/11/11
f 386/12/12 9/11/11 7/10/10 8/13/13
f 308/14/14 301/15/15 317/16/16 309/17/17
f 7/10/10 6/18/18 286/19/19 8/13/13
f 345/20/20 68/21/21 67/22/22 39/23/23
f 17/24/24 15/25/25 12/26/26 14/27/27
f 291/28/28 14/27/27 12/26/26 13/29/29
f 330/30/30 18/31/31 17/24/24 14/27/27
f 12/26/26 11/32/32 261/33/33 13/29/29
f 18/31/31 329/34/34 16/35/35 17/24/24
f 232/36/36 236/37/37 230/38/38 231/39/39
f 17/24/24 16/35/35 23/40/40 15/25/25
f 21/41/41 28/42/42 19/43/43 20/44/44
f 16/35/35 24/45/45 22/46/46 23/40/40
f 329/34/34 25/47/47 24/45/45 16/35/35
f 234/48/48 11/32/32 20/44/44 19/43/43
f 288/49/49 26/50/50 24/45/45 25/47/47
f 40/51/51 43/52/52 31/6/6 38/5/5
f 199/53/53 219/54/54 35/55/55 198/56/56
f 26/50/50 34/57/57 22/46/46 24/45/45
f 23/40/40 22/46/46 33/58/58 21/41/41
f 224/59/59 229/60/60 27/61/61 223/62/62
f 29/63/63 36/64/64 27/61/61 28/42/42
f 230/65/38 234/48/48 19/43/43 229/60/60
f 22/46/46 34/57/57 32/66/65 33/58/58
f 226/67/66 231/39/39 224/68/59 225/69/67
f 36/64/64 29/63/63 42/70/68 37/71/69
f 229/60/60 19/43/43 28/42/42 27/61/61
f 37/71/69 198/56/56 35/55/55 36/64/64
f 343/9/9 39/23/23 38/5/5 10/8/8
f 288/49/49 6/18/18 30/7/7 26/50/50
f 46/72/70 53/73/71 47/74/72 48/75/73
f 15/25/25 20/44/44 11/32/32 12/26/26
f 67/22/22 40/51/51 38/5/5 39/76/23
f 33/58/58 32/66/65 42/70/68 29/63/63
f 31/6/6 43/52/52 32/66/65 34/57/57
f 163/77/74 238/78/75 232/36/36 233/79/76
f 221/80/77 225/69/67 218/81/78 220/82/79
f 36/64/64 35/55/55 223/62/62 27/61/61
f 46/72/70 48/75/73 41/83/80 44/84/81
f 40/51/51 44/84/81 41/83/80 43/52/52
f 198/56/56 47/74/72 201/85/82 199/53/53
f 44/84/81 40/51/51 67/22/22 45/86/83
f 42/70/68 41/83/80 48/75/73 37/71/69
f 32/66/65 43/52/52 41/83/80 42/70/68
f 70/87/84 71/88/85 50/89/86 69/90/87
f 69/90/87 50/89/86 49/91/88 45/86/83
f 141/92/89 75/93/90 73/94/91 74/95/92
f 51/96/93 53/73/71 46/72/70 49/91/88
f 71/88/85 70/87/84 76/97/94 72/98/95
f 205/99/96 211/100/97 203/101/98 204/102/99
f 48/75/73 47/74/72 198/56/56 37/71/69
f 55/103/100 51/96/93 63/104/101 56/105/102
f 68/106/21 69/90/87 45/86/83 67/22/22
f 51/96/93 55/103/100 52/107/103 53/73/71
f 71/88/85 64/108/104 63/104/101 50/89/86
f 176/109/105 54/110/106 58/111/107 59/112/108
f 92/113/109 97/114/110 88/115/111 94/116/112
f 203/117/98 212/118/113 175/119/114 207/120/115
f 53/73/71 52/107/103 201/85/82 47/74/72
f 126/121/116 127/122/117 113/123/118 124/124/119
f 56/105/102 60/125/120 57/126/121 58/111/107
f 77/127/122 95/128/123 72/98/95 76/97/94
f 72/129/95 93/130/124 64/108/104 71/88/85
f 55/103/100 54/110/106 202/131/125 52/107/103
f 62/132/126 170/133/127 57/126/121 60/125/120
f 60/125/120 56/105/102 65/134/128 61/135/129
f 58/111/107 57/126/121 174/136/130 59/112/108
f 84/137/131 64/108/104 93/130/124 85/138/132
f 99/139/133 62/132/126 60/125/120 61/135/129
f 99/139/133 66/140/134 116/141/135 100/142/136
f 66/140/134 99/139/133 61/135/129 65/134/128
f 183/143/137 182/144/138 189/145/139 184/146/140
f 100/142/136 102/147/141 62/132/126 99/139/133
f 64/108/104 65/134/128 56/105/102 63/104/101
f 73/94/91 68/21/21 345/20/20 74/95/92
f 113/148/118 127/122/117 122/149/142 123/150/143
f 69/90/87 68/106/21 73/94/91 70/151/84
f 63/104/101 51/96/93 49/91/88 50/89/86
f 56/105/102 58/111/107 54/110/106 55/103/100
f 116/141/135 81/152/144 136/153/145 117/154/146
f 265/155/147 263/156/148 264/157/149 239/158/150
f 136/153/145 81/159/144 79/160/151 80/161/152
f 89/162/153 82/163/154 79/160/151 81/159/144
f 76/97/94 75/93/90 120/164/155 77/127/122
f 344/165/156 346/166/157 74/95/92 345/20/20
f 88/115/111 97/114/110 96/167/158 98/168/159
f 346/166/157 142/169/160 141/92/89 74/95/92
f 141/92/89 121/170/161 120/164/155 75/93/90
f 95/128/123 77/127/122 119/171/162 96/167/158
f 143/172/163 259/173/164 148/174/165 149/175/166
f 117/176/146 118/177/167 100/142/136 116/141/135
f 79/160/151 78/178/168 119/171/162 80/161/152
f 91/179/169 86/180/170 98/168/159 78/178/168
f 120/164/155 80/161/152 119/171/162 77/127/122
f 72/129/95 95/128/123 92/181/109 93/130/124
f 138/182/171 135/183/172 140/184/173 139/185/174
f 89/162/153 66/140/134 84/137/131 83/186/175
f 75/93/90 76/97/94 70/151/84 73/94/91
f 87/187/176 86/188/170 90/189/177 83/186/175
f 91/179/169 82/190/154 90/189/177 86/188/170
f 96/167/158 97/114/110 92/181/109 95/128/123
f 88/191/111 98/168/159 86/180/170 87/187/176
f 87/187/176 85/138/132 94/116/112 88/191/111
f 180/192/178 179/193/179 178/194/180 169/195/181
f 90/189/177 82/163/154 89/162/153 83/186/175
f 170/133/127 62/132/126 102/147/141 103/196/182
f 93/130/124 92/113/109 94/116/112 85/138/132
f 82/190/154 91/179/169 78/178/168 79/160/151
f 132/197/183 126/121/116 124/124/119 125/198/184
f 98/168/159 96/167/158 119/171/162 78/178/168
f 348/199/185 384/200/186 340/201/187 347/202/188
f 128/203/189 181/204/190 122/149/142 127/122/117
f 100/142/136 104/205/191 101/206/192 102/147/141
f 147/207/193 248/208/194 143/172/163 144/209/195
f 104/205/191 100/142/136 118/177/167 105/210/196
f 102/147/141 101/206/192 172/211/197 103/196/182
f 111/212/198 109/213/199 108/214/200 105/210/196
f 108/214/200 106/215/201 104/205/191 105/210/196
f 118/177/167 112/216/202 111/212/198 105/210/196
f 323/217/203 331/218/204 292/219/205 322/220/206
f 272/221/207 110/222/208 274/223/209 273/224/210
f 137/225/211 131/226/212 130/227/213 112/228/202
f 108/214/200 107/229/214 114/230/215 106/215/201
f 276/231/216 282/232/217 281/233/218 284/234/219
f 111/212/198 110/222/208 272/221/207 109/213/199
f 282/232/217 277/235/220 280/236/221 281/233/218
f 268/237/222 125/198/184 275/238/223 269/239/224
f 114/230/215 113/148/118 123/150/143 106/215/201
f 121/170/161 140/184/173 80/161/152 120/164/155
f 279/240/225 276/241/216 275/238/223 115/242/226
f 114/230/215 107/229/214 279/240/225 115/243/226
f 275/238/223 125/198/184 124/124/119 115/242/226
f 142/169/160 167/244/227 121/170/161 141/92/89
f 85/138/132 87/187/176 83/186/175 84/137/131
f 133/245/228 128/203/189 127/122/117 126/121/116
f 89/162/153 81/152/144 116/141/135 66/140/134
f 144/209/195 145/246/229 352/247/230 146/248/231
f 123/150/143 122/249/142 172/211/197 101/206/192
f 117/176/146 137/225/211 112/228/202 118/177/167
f 131/226/212 133/245/228 126/121/116 132/197/183
f 181/204/190 128/203/189 188/250/232 182/144/138
f 134/251/233 188/250/232 128/203/189 133/245/228
f 270/252/234 274/223/209 129/253/235 268/237/222
f 131/226/212 132/197/183 129/253/235 130/227/213
f 6/18/18 288/49/49 285/254/236 286/19/19
f 284/234/219 270/252/234 268/237/222 269/239/224
f 138/182/171 134/251/233 133/245/228 131/226/212
f 222/255/237 196/256/238 227/257/239 221/80/77
f 130/227/213 129/253/235 274/223/209 110/258/208
f 194/259/240 209/260/241 190/261/242 193/262/243
f 190/261/242 206/263/244 184/146/140 189/145/139
f 276/231/216 284/234/219 269/239/224 275/238/223
f 80/161/152 140/184/173 135/183/172 136/153/145
f 136/153/145 135/183/172 137/225/211 117/154/146
f 192/264/245 139/185/174 191/265/246 166/266/247
f 286/19/19 287/267/248 380/268/249 8/13/13
f 352/247/230 145/246/229 355/269/250 353/270/251
f 227/257/239 196/256/238 342/271/252 228/272/253
f 192/264/245 166/266/247 193/262/243 187/273/254
f 220/82/79 214/274/255 222/255/237 221/80/77
f 167/244/227 142/169/160 195/275/256 168/276/257
f 121/170/161 191/265/246 139/185/174 140/184/173
f 135/183/172 138/182/171 131/226/212 137/225/211
f 268/237/222 129/253/235 132/197/183 125/198/184
f 273/277/210 280/236/221 271/278/258 272/221/207
f 248/208/194 147/207/193 630/279/259 249/280/260
f 144/209/195 143/172/163 149/175/166 145/246/229
f 355/269/250 145/246/229 149/175/166 150/281/261
f 260/282/262 148/174/165 259/173/164 256/283/263
f 156/284/264 361/285/265 358/286/266 359/287/267
f 150/281/261 357/288/268 354/289/269 355/269/250
f 734/290/270 534/291/271 533/292/272 531/293/273
f 670/294/274 634/295/275 672/296/276 671/297/277
f 149/175/166 148/174/165 152/298/278 150/281/261
f 348/299/185 385/300/279 365/301/280 384/200/186
f 148/174/165 260/282/262 151/302/281 152/298/278
f 378/303/282 358/286/266 381/304/283 376/305/284
f 152/298/278 151/302/281 155/306/285 153/307/286
f 162/308/287 364/309/288 362/310/289 363/311/290
f 267/312/291 154/313/292 266/314/293 263/156/148
f 396/315/294 667/316/295 392/317/296 393/318/297
f 376/319/284 381/304/283 379/320/298 380/268/249
f 155/306/285 154/313/292 158/321/299 156/284/264
f 384/200/186 365/301/280 364/309/288 165/322/300
f 154/313/292 267/312/291 157/323/301 158/321/299
f 247/324/302 257/325/303 243/326/304 244/327/305
f 361/285/265 156/284/264 158/321/299 159/328/306
f 158/321/299 157/323/301 161/329/307 159/328/306
f 385/300/279 362/310/289 364/309/288 365/301/280
f 362/310/289 385/300/279 383/330/308 387/331/309
f 161/329/307 160/332/310 164/333/311 162/308/287
f 160/332/310 238/78/75 163/77/74 164/333/311
f 364/309/288 162/308/287 164/333/311 165/322/300
f 164/333/311 163/77/74 341/334/312 165/322/300
f 52/107/103 202/131/125 200/335/313 201/85/82
f 169/195/181 178/194/180 173/336/314 174/136/130
f 195/275/256 142/169/160 342/271/252 196/256/238
f 167/244/227 166/266/247 191/265/246 121/170/161
f 731/337/315 531/293/273 530/338/316 146/248/231
f 530/338/316 147/207/193 144/209/195 146/248/231
f 214/274/255 216/339/317 208/340/318 213/341/319
f 254/342/320 247/343/302 251/344/321 253/345/322
f 534/291/271 536/346/323 532/347/324 533/292/272
f 103/196/182 180/192/178 169/195/181 170/133/127
f 170/133/127 169/195/181 174/136/130 57/126/121
f 106/215/201 123/150/143 101/206/192 104/205/191
f 172/211/197 171/348/325 180/192/178 103/196/182
f 173/336/314 207/120/115 175/119/114 176/109/105
f 115/243/226 124/124/119 113/123/118 114/230/215
f 109/213/199 278/349/326 107/229/214 108/214/200
f 174/136/130 173/336/314 176/109/105 59/112/108
f 179/193/179 186/350/327 177/351/328 178/194/180
f 65/134/128 64/108/104 84/137/131 66/140/134
f 171/348/325 183/143/137 179/352/179 180/192/178
f 176/109/105 175/119/114 202/131/125 54/110/106
f 222/255/237 168/276/257 195/275/256 196/256/238
f 178/194/180 177/353/328 207/120/115 173/336/314
f 208/340/318 216/339/317 210/354/329 211/100/97
f 168/276/257 213/341/319 194/259/240 197/355/330
f 189/145/139 187/273/254 193/262/243 190/261/242
f 184/146/140 206/263/244 185/356/331 186/350/327
f 186/350/327 185/356/331 204/102/99 177/351/328
f 188/250/232 187/273/254 189/145/139 182/144/138
f 194/259/240 213/341/319 208/340/318 209/260/241
f 204/102/99 185/356/331 206/263/244 205/99/96
f 134/251/233 192/264/245 187/273/254 188/250/232
f 346/166/157 340/201/187 342/271/252 142/169/160
f 217/357/332 215/358/333 219/54/54 199/53/53
f 197/355/330 194/259/240 193/262/243 166/266/247
f 213/341/319 168/276/257 222/255/237 214/274/255
f 122/249/142 181/204/190 171/359/325 172/211/197
f 184/146/140 186/350/327 179/352/179 183/143/137
f 223/62/62 218/360/78 225/69/67 224/68/59
f 4/361/334 730/362/335 349/363/336 350/364/337
f 182/144/138 183/143/137 171/359/325 181/204/190
f 175/119/114 212/118/113 200/335/313 202/131/125
f 201/85/82 200/335/313 217/357/332 199/53/53
f 215/358/333 220/82/79 218/81/78 219/54/54
f 190/261/242 209/260/241 205/99/96 206/263/244
f 204/102/99 203/101/98 207/120/115 177/353/328
f 212/118/113 210/365/329 217/357/332 200/335/313
f 233/79/76 228/272/253 341/334/312 163/77/74
f 209/260/241 208/340/318 211/100/97 205/99/96
f 203/117/98 211/100/97 210/354/329 212/118/113
f 214/274/255 220/82/79 215/366/333 216/339/317
f 210/365/329 216/339/317 215/366/333 217/357/332
f 234/48/48 230/65/38 236/37/37 235/367/338
f 231/39/39 226/67/66 233/79/76 232/36/36
f 236/37/37 232/36/36 238/78/75 237/368/339
f 219/54/54 218/360/78 223/62/62 35/55/55
f 229/60/60 224/59/59 231/39/39 230/38/38
f 225/69/67 221/80/77 227/257/239 226/67/66
f 242/369/340 241/370/341 240/371/342 237/368/339
f 249/280/260 630/279/259 631/372/343 638/373/344
f 228/272/253 233/79/76 226/67/66 227/257/239
f 265/155/147 241/370/341 267/312/291 263/156/148
f 344/374/156 347/202/188 340/201/187 346/166/157
f 382/375/345 348/199/185 347/202/188 344/374/156
f 327/376/346 25/47/47 329/34/34 328/377/347
f 49/91/88 46/72/70 44/84/81 45/86/83
f 157/323/301 267/312/291 241/370/341 242/369/340
f 386/12/12 383/378/308 382/375/345 9/11/11
f 289/379/348 246/380/349 388/3/3 1/2/2
f 261/33/33 235/381/338 240/371/342 239/382/150
f 251/344/321 246/380/349 289/379/348 252/383/350
f 241/370/341 265/155/147 239/382/150 240/371/342
f 627/384/351 245/385/352 244/327/305 243/386/304
f 257/325/303 250/387/353 248/208/194 249/280/260
f 388/3/3 245/385/352 766/388/354 3/4/4
f 724/389/355 395/390/356 393/318/297 394/391/357
f 291/28/28 252/383/350 289/379/348 290/392/358
f 250/387/353 259/173/164 143/172/163 248/208/194
f 262/393/359 253/345/322 251/344/321 252/383/350
f 239/158/150 264/157/149 253/394/322 262/393/359
f 291/28/28 13/29/29 262/393/359 252/383/350
f 258/395/360 256/283/263 259/173/164 250/387/353
f 264/157/149 255/396/361 254/342/320 253/394/322
f 635/397/362 633/398/363 632/399/364 628/400/365
f 306/401/366 295/402/367 310/403/368 307/404/369
f 359/287/267 153/307/286 155/306/285 156/284/264
f 251/344/321 247/324/302 244/327/305 246/380/349
f 160/332/310 242/369/340 237/368/339 238/78/75
f 264/157/149 263/156/148 266/314/293 255/396/361
f 260/282/262 256/283/263 254/342/320 255/396/361
f 277/235/220 282/232/217 276/241/216 279/240/225
f 291/28/28 290/392/358 330/30/30 14/27/27
f 388/3/3 246/380/349 244/327/305 245/385/352
f 363/311/290 159/328/306 161/329/307 162/308/287
f 271/278/258 280/236/221 277/235/220 278/349/326
f 270/252/234 283/405/370 273/224/210 274/223/209
f 272/221/207 271/278/258 278/349/326 109/213/199
f 139/185/174 192/264/245 134/251/233 138/182/171
f 278/349/326 277/235/220 279/240/225 107/229/214
f 112/216/202 130/227/213 110/258/208 111/212/198
f 270/252/234 284/234/219 281/406/218 283/405/370
f 330/30/30 290/392/358 336/407/371 328/377/347
f 283/405/370 281/406/218 280/236/221 273/277/210
f 25/47/47 327/376/346 285/254/236 288/49/49
f 333/408/372 332/409/373 337/410/374 294/411/375
f 286/19/19 285/254/236 314/412/376 287/267/248
f 339/413/377 332/409/373 331/218/204 323/217/203
f 295/402/367 306/401/366 292/219/205 293/414/378
f 344/165/156 345/20/20 39/23/23 343/9/9
f 31/6/6 34/57/57 26/50/50 30/7/7
f 266/314/293 151/302/281 260/282/262 255/396/361
f 307/404/369 315/415/379 292/219/205 306/401/366
f 336/407/371 290/392/358 299/416/380 300/417/381
f 293/414/378 292/219/205 333/408/372 294/411/375
f 309/17/17 310/403/368 298/418/382 308/14/14
f 5/419/383 305/420/384 296/421/385 297/422/386
f 301/15/15 308/14/14 296/421/385 305/420/384
f 296/421/385 308/14/14 298/418/382 299/416/380
f 297/422/386 296/421/385 299/416/380 290/392/358
f 338/423/387 295/402/367 293/414/378 294/411/375
f 237/368/339 240/371/342 235/367/338 236/37/37
f 10/8/8 30/7/7 6/18/18 7/10/10
f 299/416/380 298/418/382 338/423/387 300/417/381
f 374/424/388 313/425/389 312/426/390 304/427/391
f 304/427/391 312/426/390 301/15/15 302/428/392
f 319/429/393 316/430/394 315/415/379 307/404/369
f 302/428/392 301/15/15 305/420/384 5/419/383
f 318/431/395 319/429/393 309/17/17 317/16/16
f 350/364/337 303/432/396 302/428/392 5/419/383
f 309/17/17 319/429/393 307/404/369 310/403/368
f 325/433/397 339/413/377 323/217/203 326/434/398
f 371/435/399 304/427/391 302/428/392 303/432/396
f 317/16/16 311/436/400 324/437/401 318/431/395
f 328/377/347 334/438/402 320/439/403 327/376/346
f 333/408/372 292/219/205 331/218/204 332/409/373
f 377/440/404 287/267/248 314/412/376 313/425/389
f 312/426/390 311/436/400 317/16/16 301/15/15
f 368/441/405 372/442/406 370/443/407 371/435/399
f 324/437/401 320/439/403 334/438/402 325/433/397
f 318/431/395 326/434/398 316/430/394 319/429/393
f 326/434/398 323/217/203 322/220/206 316/430/394
f 285/254/236 321/444/408 311/436/400 314/412/376
f 325/433/397 326/434/398 318/431/395 324/437/401
f 18/31/31 330/30/30 328/377/347 329/34/34
f 321/444/408 320/439/403 324/437/401 311/436/400
f 337/410/374 300/417/381 338/423/387 294/411/375
f 334/438/402 328/377/347 336/407/371 335/445/409
f 335/445/409 339/413/377 325/433/397 334/438/402
f 300/417/381 337/410/374 335/445/409 336/407/371
f 28/42/42 21/41/41 33/58/58 29/63/63
f 734/290/270 531/293/273 731/337/315 732/446/410
f 335/445/409 337/410/374 332/409/373 339/413/377
f 385/300/279 348/199/185 382/375/345 383/378/308
f 731/337/315 351/447/411 747/448/412 732/446/410
f 285/254/236 327/376/346 320/439/403 321/444/408
f 341/334/312 340/201/187 384/200/186 165/322/300
f 370/449/407 375/450/413 373/451/414 374/424/388
f 20/44/44 15/25/25 23/40/40 21/41/41
f 353/270/251 369/452/415 351/447/411 352/247/230
f 159/328/306 363/311/290 360/453/416 361/285/265
f 641/454/417 535/455/418 647/456/419 637/457/420
f 379/458/298 387/331/309 383/330/308 386/12/12
f 350/364/337 349/363/336 367/459/421 303/432/396
f 239/158/150 262/393/359 13/29/29 261/33/33
f 382/375/345 344/165/156 343/9/9 9/11/11
f 352/247/230 351/447/411 731/337/315 146/248/231
f 648/460/422 625/461/423 646/462/424 644/463/425
f 247/324/302 258/395/360 250/387/353 257/325/303
f 627/384/351 243/386/304 638/373/344 628/464/365
f 372/442/406 354/289/269 375/450/413 370/443/407
f 373/451/414 375/450/413 356/465/426 378/303/282
f 355/269/250 354/289/269 372/442/406 353/270/251
f 373/466/414 378/303/282 376/305/284 377/440/404
f 151/302/281 266/314/293 154/313/292 155/306/285
f 381/304/283 360/453/416 387/331/309 379/320/298
f 357/288/268 356/465/426 375/450/413 354/289/269
f 3/4/4 766/388/354 389/467/427 390/468/428
f 359/287/267 358/286/266 378/303/282 356/465/426
f 157/323/301 242/369/340 160/332/310 161/329/307
f 361/285/265 360/453/416 381/304/283 358/286/266
f 363/311/290 362/310/289 387/331/309 360/453/416
f 753/469/429 751/470/430 756/471/431 735/472/432
f 168/276/257 197/355/330 166/266/247 167/244/227
f 349/363/336 745/473/433 366/474/434 367/459/421
f 371/435/399 303/432/396 367/459/421 368/441/405
f 746/475/435 747/448/412 366/476/434 745/473/433
f 367/459/421 366/474/434 369/452/415 368/477/405
f 372/442/406 368/477/405 369/452/415 353/270/251
f 371/435/399 370/449/407 374/424/388 304/427/391
f 338/423/387 298/418/382 310/403/368 295/402/367
f 374/424/388 373/466/414 377/440/404 313/425/389
f 377/440/404 376/319/284 380/268/249 287/267/248
f 380/268/249 379/458/298 386/12/12 8/13/13
f 228/272/253 342/271/252 340/201/187 341/334/312
f 235/381/338 261/33/33 11/32/32 234/48/48
f 390/468/428 391/478/436 730/362/335 4/361/334
f 638/373/344 243/326/304 257/325/303 249/280/260
f 313/425/389 314/412/376 311/436/400 312/426/390
f 390/468/428 389/467/427 678/479/437 391/478/436
f 758/480/438 668/481/439 667/316/295 396/315/294
f 783/482/440 782/483/441 787/484/442
f 393/318/297 392/317/296 416/485/443 394/391/357
f 618/486/444 397/487/445 642/488/446 619/489/447
f 403/490/448 400/491/449 398/492/450 399/493/451
f 719/494/452 675/495/453 691/496/454 679/497/455
f 405/498/456 613/499/457 413/500/458 414/501/459
f 398/492/450 397/487/445 406/502/460 399/493/451
f 672/296/276 401/503/461 398/492/450 400/491/449
f 711/504/462 400/491/449 403/490/448 404/505/463
f 620/506/464 619/507/447 624/508/465 621/509/466
f 399/493/451 409/510/467 402/511/468 403/490/448
f 419/512/469 407/513/470 414/501/459 415/514/471
f 669/515/472 412/516/473 410/517/474 411/518/475
f 392/317/296 669/515/472 411/518/475 416/485/443
f 403/490/448 402/511/468 710/519/476 404/505/463
f 671/297/277 680/520/477 677/521/478 678/479/437
f 459/522/479 454/523/480 455/524/481 456/525/482
f 407/513/470 419/512/469 408/526/483 409/510/467
f 607/527/484 413/500/458 613/499/457 608/528/485
f 414/501/459 407/513/470 406/502/460 405/498/456
f 755/529/486 694/530/487 695/531/488 668/481/439
f 470/532/489 450/533/490 451/534/491 452/535/492
f 409/510/467 408/526/483 410/517/474 402/511/468
f 561/536/493 591/537/494 587/538/495 588/539/496
f 397/487/445 618/486/444 405/498/456 406/502/460
f 415/514/471 428/540/497 418/541/498 419/512/469
f 424/542/499 425/543/500 453/544/501 426/545/502
f 607/527/484 421/546/503 422/547/504 413/500/458
f 422/547/504 415/514/471 414/501/459 413/500/458
f 430/548/505 427/549/506 434/550/507 431/551/508
f 710/519/476 402/511/468 410/517/474 412/516/473
f 594/552/509 601/553/510 599/554/511 600/555/512
f 416/485/443 411/518/475 420/556/513 417/557/514
f 428/540/497 415/514/471 422/547/504 423/558/515
f 408/526/483 419/512/469 418/541/498 420/556/513
f 424/542/499 417/557/514 429/559/516 425/543/500
f 423/558/515 434/550/507 427/549/506 428/540/497
f 724/389/355 394/391/357 424/542/499 426/560/502
f 423/558/515 422/547/504 421/546/503 582/561/517
f 561/536/493 588/539/496 569/562/518 570/563/519
f 457/564/520 437/565/521 449/566/522 450/533/490
f 728/567/523 721/568/524 762/569/525 729/570/526
f 430/548/505 431/551/508 435/571/527 432/572/528
f 725/573/529 728/567/523 729/574/526 760/575/530
f 462/576/531 458/577/532 481/578/533 463/579/534
f 418/541/498 428/540/497 427/549/506 429/559/516
f 453/544/501 425/543/500 430/548/505 432/572/528
f 527/580/535 461/581/536 459/522/479 460/582/537
f 453/544/501 432/572/528 455/524/481 454/583/480
f 586/584/538 584/585/539 596/586/540 559/587/541
f 449/566/522 437/565/521 435/571/527 436/588/542
f 433/589/543 585/590/544 438/591/545 439/592/546
f 451/534/491 442/593/547 446/594/548 448/595/549
f 724/389/355 426/545/502 726/596/550 725/597/529
f 587/598/495 596/586/540 594/599/509 595/600/551
f 444/601/552 440/602/553 560/603/554 445/604/555
f 434/550/507 433/589/543 439/592/546 431/551/508
f 455/524/481 432/572/528 435/571/527 437/565/521
f 449/566/522 436/588/542 441/605/556 442/593/547
f 438/591/545 586/584/538 440/602/553 441/605/556
f 609/606/557 602/607/558 607/527/484 608/528/485
f 449/566/522 442/593/547 451/534/491 450/533/490
f 726/596/550 454/523/480 459/522/479 461/581/536
f 439/592/546 438/591/545 441/605/556 436/588/542
f 445/604/555 558/608/559 443/609/560 444/601/552
f 462/576/531 456/610/482 457/564/520 458/611/532
f 441/605/556 440/602/553 444/601/552 442/593/547
f 445/604/555 560/603/554 557/612/561 558/608/559
f 557/612/561 591/537/494 561/613/493 562/614/562
f 504/615/563 486/616/564 490/617/565 492/618/566
f 442/593/547 444/601/552 443/609/560 446/594/548
f 490/617/565 487/619/567 509/620/568 491/621/569
f 446/594/548 447/622/570 485/623/571 448/595/549
f 480/624/572 471/625/573 473/626/574 474/627/575
f 457/564/520 450/533/490 479/628/576 458/611/532
f 475/629/577 467/630/578 465/631/579 466/632/580
f 524/633/581 520/634/582 576/635/583 525/636/584
f 446/594/548 443/609/560 554/637/585 447/622/570
f 522/638/586 468/639/587 465/631/579 467/640/578
f 462/576/531 463/579/534 506/641/588 460/582/537
f 513/642/589 508/643/590 565/644/591 514/645/592
f 459/522/479 456/610/482 462/576/531 460/582/537
f 760/575/530 729/574/526 763/646/593 761/647/594
f 423/558/515 582/561/517 433/589/543 434/550/507
f 553/648/595 562/614/562 563/649/596 564/650/597
f 510/651/598 511/652/599 518/653/600 512/654/601
f 485/623/571 447/622/570 488/655/602 486/616/564
f 518/653/600 515/656/603 649/657/604 512/654/601
f 726/596/550 461/581/536 727/658/605 725/597/529
f 452/535/492 502/659/606 467/630/578 475/629/577
f 468/639/587 505/660/607 464/661/608 465/631/579
f 554/637/585 489/662/609 488/655/602 447/622/570
f 791/663/610 788/664/611 790/665/612 769/666/613
f 465/631/579 464/661/608 477/667/614 466/632/580
f 469/668/615 476/669/616 472/670/617 473/626/574
f 476/669/616 469/668/615 475/629/577 466/671/580
f 502/659/606 452/535/492 485/623/571 486/616/564
f 464/661/608 484/672/618 472/673/617 477/667/614
f 480/624/572 474/627/575 483/674/619 478/675/620
f 473/626/574 471/625/573 470/532/489 469/668/615
f 473/626/574 472/670/617 484/672/618 474/676/575
f 476/669/616 466/671/580 477/667/614 472/673/617
f 505/660/607 463/579/534 481/578/533 482/677/621
f 661/678/622 658/679/623 663/680/624 662/681/625
f 487/619/567 556/682/626 508/683/590 509/620/568
f 484/672/618 482/677/621 483/674/619 474/676/575
f 471/625/573 480/624/572 478/684/620 479/628/576
f 458/577/532 479/628/576 478/684/620 481/578/533
f 463/579/534 505/660/607 468/639/587 506/641/588
f 630/279/259 529/685/627 640/686/628 631/372/343
f 490/617/565 491/621/569 494/687/629 492/618/566
f 502/659/606 486/616/564 504/615/563 503/688/630
f 656/689/631 501/690/632 510/651/598 512/654/601
f 505/660/607 482/677/621 484/672/618 464/661/608
f 486/616/564 488/655/602 487/619/567 490/617/565
f 491/621/569 500/691/633 493/692/634 494/687/629
f 506/641/588 468/639/587 526/693/635 507/694/636
f 510/651/598 499/695/637 513/642/589 511/652/599
f 577/696/638 571/697/639 573/698/640 574/699/641
f 497/700/642 492/618/566 494/687/629 495/701/643
f 504/615/563 498/702/644 523/703/645 503/704/630
f 660/705/646 493/692/634 500/691/633 501/706/632
f 494/687/629 493/692/634 659/707/647 495/701/643
f 657/708/648 665/709/649 662/710/625 663/680/624
f 727/658/605 461/581/536 527/580/535 528/711/650
f 497/700/642 496/712/651 516/713/652 498/714/644
f 678/479/437 389/467/427 670/294/274 671/297/277
f 518/653/600 511/652/599 519/715/653 517/716/654
f 501/690/632 500/691/633 499/717/637 510/651/598
f 460/582/537 506/641/588 507/694/636 527/580/535
f 523/703/645 517/716/654 524/633/581 521/718/655
f 491/621/569 509/620/568 499/717/637 500/691/633
f 496/719/651 655/720/656 515/656/603 516/713/652
f 504/615/563 492/618/566 497/700/642 498/702/644
f 495/701/643 653/721/657 496/712/651 497/700/642
f 452/535/492 475/629/577 469/668/615 470/532/489
f 443/609/560 558/608/559 553/648/595 554/637/585
f 440/602/553 586/584/538 559/587/541 560/603/554
f 509/620/568 508/683/590 513/642/589 499/695/637
f 524/633/581 517/716/654 519/715/653 520/634/582
f 527/580/535 507/694/636 551/722/658 528/711/650
f 502/659/606 503/688/630 522/638/586 467/640/578
f 519/715/653 514/645/592 572/723/659 520/634/582
f 573/698/640 566/724/660 567/725/661 568/726/662
f 526/693/635 525/636/584 575/727/663 507/694/636
f 519/715/653 511/652/599 513/642/589 514/645/592
f 516/713/652 515/656/603 518/653/600 517/716/654
f 573/698/640 568/726/662 590/728/664 574/699/641
f 575/727/663 525/636/584 576/635/583 550/729/665
f 649/657/604 515/656/603 655/720/656 650/730/666
f 650/730/666 664/731/667 662/710/625 665/709/649
f 503/704/630 523/703/645 521/718/655 522/638/586
f 522/638/586 521/718/655 526/693/635 468/639/587
f 489/662/609 556/682/626 487/619/567 488/655/602
f 571/697/639 577/696/638 550/729/665 576/635/583
f 655/720/656 496/719/651 653/721/657 654/732/668
f 635/397/362 628/400/365 639/733/669 636/734/670
f 750/735/671 748/736/672 753/469/429 733/737/673
f 638/373/344 631/372/343 639/733/669 628/464/365
f 523/703/645 498/714/644 516/713/652 517/716/654
f 479/628/576 450/533/490 470/532/489 471/625/573
f 147/207/193 530/338/316 529/685/627 630/279/259
f 736/738/674 537/739/675 536/346/323 534/291/271
f 357/288/268 150/281/261 152/298/278 153/307/286
f 738/740/676 540/741/677 539/742/678 537/739/675
f 529/685/627 533/292/272 532/347/324 640/686/628
f 747/448/412 746/743/435 750/735/671 732/446/410
f 537/739/675 539/742/678 535/455/418 536/346/323
f 647/456/419 538/744/679 648/460/422 644/463/425
f 536/346/323 535/455/418 641/454/417 532/347/324
f 528/711/650 723/745/680 721/568/524 727/658/605
f 740/746/681 543/747/682 542/748/683 540/741/677
f 540/741/677 542/748/683 538/744/679 539/742/678
f 632/399/364 629/749/684 627/384/351 628/400/365
f 742/750/685 546/751/686 545/752/687 543/747/682
f 535/455/418 539/742/678 538/744/679 647/456/419
f 543/747/682 545/752/687 541/753/688 542/748/683
f 542/748/683 541/753/688 648/460/422 538/744/679
f 546/751/686 548/754/689 544/755/690 545/752/687
f 545/752/687 544/755/690 626/756/691 541/753/688
f 580/757/692 723/745/680 528/711/650 579/758/693
f 549/759/694 722/760/695 547/761/696 548/754/689
f 606/762/697 580/757/692 579/758/693 552/763/698
f 617/764/699 610/765/700 615/766/701 616/767/702
f 548/754/689 547/761/696 622/768/703 544/755/690
f 507/694/636 575/727/663 550/729/665 551/722/658
f 565/644/591 555/769/704 567/725/661 566/724/660
f 583/770/705 601/553/510 584/585/539 585/590/544
f 551/722/658 550/729/665 581/771/706 552/763/698
f 585/590/544 433/589/543 582/561/517 583/770/705
f 489/662/609 564/650/597 555/772/704 556/682/626
f 640/686/628 532/347/324 641/454/417 636/734/670
f 554/637/585 553/648/595 564/650/597 489/662/609
f 591/537/494 559/587/541 596/586/540 587/538/495
f 726/596/550 426/545/502 453/544/501 454/583/480
f 508/643/590 556/682/626 555/772/704 565/644/591
f 558/608/559 557/612/561 562/614/562 553/648/595
f 564/650/597 563/649/596 567/725/661 555/769/704
f 567/725/661 563/773/596 570/563/519 568/726/662
f 560/603/554 559/587/541 591/537/494 557/612/561
f 572/723/659 514/645/592 565/644/591 566/724/660
f 451/534/491 448/595/549 485/623/571 452/535/492
f 562/614/562 561/613/493 570/563/519 563/773/596
f 581/771/706 578/774/707 597/775/708 552/763/698
f 577/696/638 574/699/641 593/776/709 578/774/707
f 526/693/635 521/718/655 524/633/581 525/636/584
f 566/724/660 573/698/640 571/697/639 572/723/659
f 570/563/519 569/562/518 590/728/664 568/726/662
f 581/771/706 550/729/665 577/696/638 578/774/707
f 572/723/659 571/697/639 576/635/583 520/634/582
f 531/293/273 533/292/272 529/685/627 530/338/316
f 615/766/701 608/777/485 613/499/457 614/778/710
f 606/762/697 598/779/711 604/780/712 605/781/713
f 589/782/714 595/600/551 592/783/715 593/776/709
f 611/784/716 610/765/700 617/764/699 612/785/717
f 435/571/527 431/551/508 439/592/546 436/588/542
f 723/745/680 580/757/692 611/784/716 612/785/717
f 438/591/545 585/590/544 584/585/539 586/584/538
f 590/728/664 569/562/518 588/539/496 589/782/714
f 611/784/716 580/757/692 606/762/697 605/781/713
f 481/578/533 478/675/620 483/674/619 482/677/621
f 590/728/664 589/782/714 593/776/709 574/699/641
f 597/775/708 592/783/715 600/555/512 598/779/711
f 595/600/551 589/782/714 588/539/496 587/598/495
f 583/770/705 603/786/718 599/554/511 601/553/510
f 578/774/707 593/776/709 592/783/715 597/775/708
f 584/585/539 601/553/510 594/599/509 596/586/540
f 606/762/697 552/763/698 597/775/708 598/779/711
f 595/600/551 594/552/509 600/555/512 592/783/715
f 604/780/712 602/607/558 609/606/557 605/781/713
f 611/784/716 605/781/713 609/606/557 610/765/700
f 604/780/712 598/779/711 600/555/512 599/787/511
f 609/606/557 608/777/485 615/766/701 610/765/700
f 421/546/503 607/527/484 602/788/558 603/786/718
f 599/787/511 603/786/718 602/788/558 604/780/712
f 617/764/699 616/767/702 622/768/703 547/761/696
f 614/789/710 618/486/444 619/489/447 620/506/464
f 615/766/701 614/789/710 620/506/464 616/767/702
f 616/767/702 620/506/464 621/509/466 622/768/703
f 619/507/447 642/488/446 623/790/719 624/508/465
f 655/720/656 654/791/668 664/731/667 650/730/666
f 613/499/457 405/498/456 618/486/444 614/778/710
f 722/760/695 612/785/717 617/764/699 547/761/696
f 425/543/500 429/559/516 427/549/506 430/548/505
f 622/768/703 621/509/466 626/756/691 544/755/690
f 624/508/465 623/790/719 646/462/424 625/461/423
f 766/388/354 245/385/352 627/384/351 629/749/684
f 634/295/275 670/294/274 629/749/684 632/399/364
f 256/283/263 258/395/360 247/343/302 254/342/320
f 643/792/720 633/793/363 645/794/721 623/795/719
f 764/796/722 396/315/294 393/318/297 395/390/356
f 641/454/417 637/457/420 635/397/362 636/734/670
f 631/372/343 640/686/628 636/734/670 639/733/669
f 495/701/643 659/707/647 652/797/723 653/721/657
f 643/792/720 401/503/461 672/296/276 634/295/275
f 643/792/720 634/295/275 632/399/364 633/793/363
f 656/689/631 512/654/601 649/657/604 651/798/724
f 626/756/691 625/461/423 648/460/422 541/753/688
f 719/494/452 676/799/725 674/800/726 675/495/453
f 649/657/604 650/730/666 665/709/649 651/798/724
f 687/801/727 673/802/728 696/803/729 688/804/730
f 637/457/420 647/456/419 644/463/425 645/794/721
f 646/462/424 623/795/719 645/794/721 644/463/425
f 743/805/731 549/759/694 548/754/689 546/751/686
f 653/721/657 652/797/723 661/678/622 654/732/668
f 660/705/646 501/706/632 656/689/631 657/806/648
f 493/692/634 660/705/646 658/679/623 659/707/647
f 656/689/631 651/798/724 665/709/649 657/806/648
f 669/515/472 666/807/732 708/808/733 412/516/473
f 660/705/646 657/708/648 663/680/624 658/679/623
f 652/797/723 659/707/647 658/679/623 661/678/622
f 400/491/449 711/504/462 671/297/277 672/296/276
f 661/678/622 662/681/625 664/731/667 654/791/668
f 668/481/439 695/531/488 666/807/732 667/316/295
f 766/388/354 629/749/684 670/294/274 389/467/427
f 392/317/296 667/316/295 666/807/732 669/515/472
f 711/504/462 709/809/734 717/810/735 671/297/277
f 409/510/467 399/493/451 406/502/460 407/513/470
f 642/488/446 397/487/445 398/492/450 401/503/461
f 455/524/481 437/565/521 457/564/520 456/525/482
f 582/561/517 421/546/503 603/786/718 583/770/705
f 836/811/736 793/812/737 837/813/738 834/814/739
f 645/794/721 633/398/363 635/397/362 637/457/420
f 691/496/454 675/495/453 687/801/727 688/804/730
f 749/815/740 685/816/741 683/817/742 684/818/743
f 705/819/744 692/820/745 698/821/746 699/822/747
f 689/823/748 679/497/455 691/496/454 690/824/749
f 674/800/726 673/802/728 687/801/727 675/495/453
f 720/825/750 704/826/751 712/827/752 713/828/753
f 704/826/751 703/829/754 673/802/728 712/827/752
f 681/830/755 719/494/452 679/497/455 680/520/477
f 680/520/477 671/297/277 717/810/735 681/830/755
f 391/478/436 678/479/437 677/521/478 686/831/756
f 698/821/746 682/832/757 689/823/748 690/824/749
f 705/819/744 699/822/747 707/833/758 706/834/759
f 680/520/477 679/497/455 689/823/748 677/521/478
f 700/835/760 688/804/730 696/803/729 697/836/761
f 391/478/436 686/831/756 682/832/757 683/817/742
f 730/362/335 391/478/436 683/817/742 685/816/741
f 683/817/742 682/832/757 693/837/762 684/818/743
f 708/808/733 701/838/763 715/839/764 709/809/734
f 682/832/757 698/821/746 692/820/745 693/837/762
f 732/446/410 750/735/671 733/737/673 734/290/270
f 695/531/488 692/820/745 702/840/765 666/807/732
f 696/803/729 673/802/728 703/829/754 697/836/761
f 707/833/758 704/826/751 720/825/750 706/834/759
f 549/759/694 762/569/525 721/568/524 722/760/695
f 715/839/764 701/838/763 705/819/744 706/834/759
f 698/821/746 690/824/749 700/835/760 699/822/747
f 684/818/743 752/841/766 748/842/672 749/815/740
f 712/827/752 673/802/728 714/843/767 713/828/753
f 693/837/762 692/820/745 695/531/488 694/530/487
f 707/833/758 697/836/761 703/829/754 704/826/751
f 715/839/764 706/834/759 720/825/750 716/844/768
f 692/820/745 705/819/744 701/838/763 702/840/765
f 700/835/760 697/836/761 707/833/758 699/822/747
f 718/845/769 716/844/768 720/825/750 713/828/753
f 666/807/732 702/840/765 701/838/763 708/808/733
f 676/799/725 719/494/452 681/830/755 718/845/769
f 676/799/725 718/845/769 713/828/753 714/843/767
f 717/810/735 709/809/734 715/839/764 716/844/768
f 676/799/725 714/843/767 673/802/728 674/800/726
f 424/542/499 394/391/357 416/485/443 417/557/514
f 752/841/766 684/818/743 693/837/762 694/530/487
f 710/519/476 709/809/734 711/504/462 404/505/463
f 717/810/735 716/844/768 718/845/769 681/830/755
f 727/658/605 721/568/524 728/567/523 725/573/529
f 691/496/454 688/804/730 700/835/760 690/824/749
f 722/760/695 721/568/524 723/745/680 612/785/717
f 749/815/740 746/475/435 745/473/433 685/816/741
f 626/756/691 621/509/466 624/508/465 625/461/423
f 724/389/355 725/573/529 760/575/530 395/390/356
f 685/816/741 745/473/433 349/363/336 730/362/335
f 366/476/434 747/448/412 351/447/411 369/452/415
f 756/471/431 754/846/770 759/847/771 737/848/772
f 734/290/270 733/737/673 736/738/674 534/291/271
f 735/472/432 756/471/431 737/848/772 738/740/676
f 733/737/673 753/469/429 735/472/432 736/738/674
f 736/738/674 735/472/432 738/740/676 537/739/675
f 737/848/772 759/847/771 739/849/773 740/746/681
f 738/740/676 737/848/772 740/746/681 540/741/677
f 739/849/773 765/850/774 741/851/775 742/750/685
f 743/805/731 741/851/775 763/646/593 744/852/776
f 686/831/756 677/521/478 689/823/748 682/832/757
f 740/746/681 739/849/773 742/750/685 543/747/682
f 762/569/525 549/759/694 743/805/731 744/852/776
f 579/758/693 528/711/650 551/722/658 552/763/698
f 742/750/685 741/851/775 743/805/731 546/751/686
f 787/484/442 789/853/777 768/854/778 790/665/612
f 749/815/740 748/842/672 750/735/671 746/743/435
f 778/855/779 776/856/780 772/857/781 775/858/782
f 668/481/439 758/480/438 754/859/770 755/529/486
f 759/847/771 757/860/783 765/850/774 739/849/773
f 752/841/766 751/861/430 753/469/429 748/736/672
f 837/813/738 794/862/784 838/863/785 835/864/786
f 764/796/722 395/390/356 760/575/530 761/865/594
f 755/529/486 754/859/770 756/471/431 751/470/430
f 757/860/783 764/796/722 761/865/594 765/850/774
f 396/315/294 764/796/722 757/866/783 758/480/438
f 710/519/476 412/516/473 708/808/733 709/809/734
f 758/480/438 757/866/783 759/847/771 754/846/770
f 694/530/487 755/529/486 751/861/430 752/841/766
f 775/858/782 772/857/781 768/854/778 771/867/787
f 741/851/775 765/850/774 761/647/594 763/646/593
f 642/488/446 401/503/461 643/792/720 623/790/719
f 774/868/788 771/867/787 767/869/789 1439/870/790
f 762/569/525 744/852/776 763/646/593 729/574/526
f 767/869/789 1442/871/791 1519/872/792 1439/870/790
f 768/854/778 789/853/777 767/869/789 771/867/787
f 410/517/474 408/526/483 420/556/513 411/518/475
f 786/873/793 1442/871/791 767/869/789 789/853/777
f 769/666/613 790/665/612 768/854/778 772/857/781
f 776/856/780 779/874/794 770/875/795 773/876/796
f 787/484/442 782/483/441 781/877/797
f 800/878/798 797/879/799 793/880/737 796/881/800
f 773/876/796 770/882/795 791/663/610 769/666/613
f 790/665/612 788/664/611 783/482/440 787/484/442
f 780/883/801 777/884/802 774/868/788 1440/885/803
f 777/884/802 775/858/782 771/867/787 774/868/788
f 785/886/804 779/874/794 784/887/805
f 780/883/801 1441/888/806 786/873/793
f 781/877/797 777/884/802 780/883/801
f 781/877/797 782/483/441 777/884/802
f 793/880/737 836/811/736 792/889/807 796/881/800
f 1440/885/803 1441/888/806 780/883/801
f 1519/872/792 1441/888/806 1440/885/803
f 770/875/795 779/874/794 785/886/804
f 803/890/808 801/891/809 797/879/799 800/878/798
f 783/482/440 784/887/805 778/855/779
f 781/877/797 780/883/801 786/873/793
f 1441/888/806 1519/872/792 1442/871/791 786/873/793
f 788/664/611 791/663/610 770/882/795 785/886/804
f 789/853/777 787/484/442 781/877/797 786/873/793
f 785/886/804 784/887/805 788/664/611
f 807/892/810 803/890/808 800/878/798 802/893/811
f 799/894/812 796/881/800 792/895/807 1443/896/813
f 792/895/807 1449/897/814 1520/898/815 1443/896/813
f 862/899/816 865/900/817 840/901/818 866/902/819
f 784/887/805 779/874/794 776/856/780 778/855/779
f 1439/870/790 1519/872/792 1440/885/803 774/868/788
f 833/903/820 1449/897/814 792/889/807 836/811/736
f 794/904/784 837/813/738 793/812/737 797/879/799
f 808/905/821 804/906/822 801/891/809 803/890/808
f 804/906/822 795/907/823 798/908/824 801/891/809
f 802/893/811 800/878/798 796/881/800 799/894/812
f 889/909/825 885/910/826 880/911/827 884/912/828
f 822/913/829 819/914/830 816/915/831 818/916/832
f 795/907/823 838/863/785 794/862/784 798/908/824
f 840/901/818 865/917/817 839/918/833 844/919/834
f 806/920/835 1444/921/836 1520/898/815 1445/922/837
f 812/923/838 809/924/839 804/906/822 808/905/821
f 810/925/840 807/892/810 802/893/811 806/920/835
f 799/894/812 1443/896/813 1520/898/815 1444/921/836
f 806/920/835 802/893/811 799/894/812 1444/921/836
f 818/916/832 816/915/831 811/926/841 815/927/842
f 816/915/831 812/923/838 808/905/821 811/926/841
f 821/928/843 818/916/832 815/927/842 817/929/844
f 817/929/844 815/927/842 810/925/840 814/930/845
f 819/914/830 813/931/846 812/923/838 816/915/831
f 815/927/842 811/926/841 807/892/810 810/925/840
f 831/932/847 828/933/848 824/934/849 827/935/850
f 814/930/845 810/925/840 806/920/835 1445/922/837
f 814/930/845 1445/922/837 1520/898/815 1446/936/851
f 804/906/822 809/924/839 805/937/852 795/938/823
f 825/939/853 813/931/846 819/914/830 822/913/829
f 826/940/854 823/941/855 820/942/856 1447/943/857
f 827/935/850 824/934/849 821/928/843 823/944/855
f 823/944/855 821/928/843 817/929/844 820/942/856
f 847/945/858 844/919/834 839/918/833 1450/946/859
f 820/942/856 817/929/844 814/930/845 1446/936/851
f 809/924/839 812/923/838 813/931/846 805/937/852
f 832/947/860 829/948/861 825/949/853 828/933/848
f 820/942/856 1446/936/851 1520/898/815 1447/943/857
f 834/814/739 831/932/847 827/935/850 830/950/862
f 828/933/848 825/949/853 822/913/829 824/951/849
f 830/950/862 827/935/850 823/941/855 826/940/854
f 833/903/820 830/950/862 826/940/854 1448/952/863
f 839/918/833 1453/953/864 1521/954/865 1450/946/859
f 836/811/736 834/814/739 830/950/862 833/903/820
f 852/955/866 849/956/867 845/957/868 848/958/869
f 826/940/854 1447/943/857 1520/898/815 1448/952/863
f 829/948/861 805/937/852 813/931/846 825/939/853
f 838/863/785 795/907/823 832/947/860 835/864/786
f 833/903/820 1448/952/863 1520/898/815 1449/897/814
f 848/958/869 845/957/868 840/901/818 844/919/834
f 832/947/860 795/907/823 805/959/852 829/948/861
f 1043/960/870 1045/961/871 973/962/872 1046/963/873
f 861/964/874 1453/953/864 839/918/833 865/917/817
f 841/965/875 866/902/819 840/901/818 845/957/868
f 853/966/876 850/967/877 846/968/878 849/956/867
f 877/969/879 876/970/880 878/971/881
f 858/972/882 855/973/883 851/974/884 854/975/885
f 846/968/878 850/967/877 843/976/886 842/977/887
f 842/977/887 867/978/888 841/965/875 846/968/878
f 876/970/880 874/979/889 872/980/890
f 1454/981/891 869/982/892 873/983/893
f 854/975/885 851/974/884 847/945/858 1451/984/894
f 867/985/888 842/977/887 843/986/886 864/987/895
f 855/973/883 852/955/866 848/958/869 851/974/884
f 860/988/896 857/989/897 853/966/876 856/990/898
f 955/991/899 952/992/900 949/993/901 951/994/902
f 854/975/885 1451/984/894 1521/954/865 1452/995/903
f 863/996/904 860/988/896 856/990/898 859/997/905
f 867/985/888 864/987/895 860/988/896 863/996/904
f 853/966/876 857/989/897 843/976/886 850/967/877
f 862/899/816 859/997/905 855/973/883 858/972/882
f 861/964/874 858/972/882 854/975/885 1452/995/903
f 861/964/874 1452/995/903 1521/954/865 1453/953/864
f 860/988/896 864/987/895 843/986/886 857/989/897
f 901/998/906 898/999/907 894/1000/908 897/1001/909
f 875/1002/910 1455/1003/911 873/983/893
f 884/912/828 880/911/827 879/1004/912 878/971/881
f 868/1005/913 869/982/892 870/1006/914
f 878/971/881 883/1007/915 888/1008/916 884/912/828
f 877/969/879 874/979/889 876/970/880
f 935/1009/917 877/969/879 936/1010/918
f 892/1011/919 895/1012/920 899/1013/921 896/1014/922
f 952/992/900 950/1015/923 946/1016/924 949/993/901
f 866/1017/819 863/996/904 859/997/905 862/899/816
f 851/974/884 848/958/869 844/919/834 847/945/858
f 881/1018/925 937/1019/926 879/1004/912 880/911/827
f 856/990/898 853/966/876 849/956/867 852/955/866
f 847/945/858 1450/946/859 1521/954/865 1451/984/894
f 865/900/817 862/899/816 858/972/882 861/964/874
f 874/979/889 875/1002/910 873/983/893
f 873/983/893 868/1005/913 872/980/890 874/979/889
f 877/969/879 875/1002/910 874/979/889
f 910/1020/927 904/1021/928 903/1022/929 907/1023/930
f 879/1004/912 936/1010/918 877/969/879 878/971/881
f 891/1024/931 888/1008/916 883/1007/915 887/1025/932
f 878/971/881 876/970/880 883/1007/915
f 935/1009/917 940/1026/933 877/969/879
f 872/980/890 868/1005/913 871/1027/934
f 894/1000/908 891/1024/931 887/1025/932 890/1028/935
f 872/980/890 882/1029/936 887/1025/932 883/1007/915
f 891/1024/931 894/1000/908 898/999/907 895/1012/920
f 885/910/826 881/1018/925 880/911/827
f 942/1030/937 968/1031/938 941/1032/939 945/1033/940
f 883/1007/915 876/970/880 872/980/890
f 900/1034/941 896/1014/922 899/1013/921 903/1022/929
f 896/1014/922 893/1035/942 889/909/825 892/1011/919
f 890/1028/935 1522/1036/943 897/1037/909 894/1000/908
f 886/1038/944 881/1018/925 885/910/826
f 911/1039/945 912/1040/946 908/1041/947
f 897/1001/909 1522/1036/943 905/1042/948 901/998/906
f 966/1043/949 968/1031/938 942/1044/937 969/1045/950
f 886/1038/944 885/910/826 889/909/825 893/1035/942
f 899/1013/921 895/1012/920 898/999/907 902/1046/951
f 908/1041/947 906/1047/952 901/998/906 905/1048/948
f 909/1049/953 906/1047/952 908/1041/947 912/1040/946
f 903/1022/929 904/1021/928 900/1034/941
f 913/1050/954 914/1051/955 909/1049/953
f 896/1014/922 900/1034/941 886/1038/944 893/1035/942
f 907/1023/930 903/1022/929 899/1013/921 902/1046/951
f 906/1047/952 902/1046/951 898/999/907 901/998/906
f 917/1052/956 920/1053/957 924/1054/958 921/1055/959
f 914/1051/955 915/1056/960 910/1020/927
f 900/1034/941 904/1021/928 886/1038/944
f 922/1057/961 925/1058/962 929/1059/963 926/1060/964
f 922/1057/961 919/1061/965 915/1056/960 918/1062/966
f 910/1020/927 907/1023/930 909/1049/953 914/1051/955
f 927/1063/967 924/1054/958 920/1053/957 923/1064/968
f 912/1040/946 913/1050/954 909/1049/953
f 910/1020/927 915/1056/960 904/1065/928
f 933/1066/969 930/1067/970 1522/1036/943
f 918/1062/966 914/1051/955 913/1050/954
f 920/1053/957 917/1052/956 911/1039/945 916/1068/971
f 1522/1036/943 916/1069/971 911/1039/945 908/1041/947
f 1522/1036/943 930/1070/970 927/1063/967 923/1064/968
f 917/1052/956 912/1040/946 911/1039/945
f 881/1071/925 886/1072/944 926/1060/964
f 886/1072/944 904/1065/928 915/1056/960 919/1061/965
f 928/1073/972 931/1074/973 936/1010/918 932/1075/974
f 916/1068/971 1522/1036/943 923/1076/968 920/1053/957
f 934/1077/975 931/1074/973 927/1063/967 930/1067/970
f 912/1040/946 917/1052/956 913/1050/954
f 918/1062/966 921/1055/959 925/1058/962 922/1057/961
f 935/1009/917 931/1074/973 934/1077/975
f 881/1071/925 926/1060/964 929/1059/963
f 935/1009/917 936/1010/918 931/1074/973
f 934/1077/975 940/1026/933 935/1009/917
f 922/1057/961 926/1060/964 886/1072/944 919/1061/965
f 932/1075/974 929/1059/963 925/1058/962 928/1073/972
f 931/1074/973 928/1073/972 924/1054/958 927/1063/967
f 933/1078/969 934/1077/975 930/1067/970
f 933/1066/969 1522/1036/943 870/1079/914
f 1207/1080/976 1530/1081/977 1205/1082/978
f 949/993/901 946/1016/924 942/1030/937 945/1033/940
f 870/1006/914 938/1083/979 933/1066/969
f 937/1019/926 881/1071/925 929/1059/963
f 937/1019/926 932/1075/974 936/1010/918 879/1004/912
f 948/1084/980 945/1033/940 941/1085/939 1456/1086/981
f 1535/1087/982 1777/1088/983 1820/1089/984 1773/1090/985
f 967/1091/986 969/1045/950 943/1092/987 970/1093/988
f 869/982/892 1454/981/891 939/1094/989
f 938/1083/979 934/1077/975 933/1078/969
f 875/1002/910 940/1026/933 939/1094/989
f 939/1094/989 940/1026/933 934/1077/975 938/1083/979
f 941/1085/939 1459/1095/990 1524/1096/991 1456/1086/981
f 1522/1036/943 890/1097/935 887/1025/932 882/1029/936
f 872/980/890 871/1098/934 882/1099/936
f 1042/1100/992 1044/1101/993 972/1102/994 1045/961/871
f 892/1011/919 889/909/825 884/912/828 888/1008/916
f 895/1012/920 892/1011/919 888/1008/916 891/1024/931
f 965/1103/995 1459/1095/990 941/1032/939 968/1031/938
f 953/1104/996 944/1105/997 947/1106/998 950/1015/923
f 943/1107/987 969/1045/950 942/1044/937 946/1016/924
f 972/1102/994 1044/1101/993 971/1108/999 975/1109/1000
f 951/994/902 949/993/901 945/1033/940 948/1084/980
f 959/1110/1001 955/991/899 958/1111/1002
f 954/1112/1003 951/994/902 948/1084/980 1457/1113/1004
f 960/1114/1005 956/1115/1006 952/992/900 955/991/899
f 961/1116/1007 956/1115/1006 960/1114/1005
f 1100/1117/1008 1048/1118/1009 1101/1119/1010 1097/1120/1011
f 956/1115/1006 953/1104/996 950/1015/923 952/992/900
f 966/1043/949 963/1121/1012 959/1110/1001 962/1122/1013
f 962/1122/1013 958/1111/1002 957/1123/1014
f 959/1110/1001 960/1114/1005 955/991/899
f 965/1103/995 962/1122/1013 957/1123/1014 1458/1124/1015
f 958/1111/1002 955/991/899 951/994/902 954/1112/1003
f 980/1125/1016 976/1126/1017 972/1102/994 975/1109/1000
f 957/1123/1014 958/1111/1002 954/1112/1003
f 954/1112/1003 1457/1113/1004 1524/1096/991
f 969/1045/950 967/1091/986 963/1121/1012 966/1043/949
f 967/1091/986 964/1127/1018 961/1116/1007 963/1121/1012
f 963/1121/1012 960/1114/1005 959/1110/1001
f 959/1110/1001 958/1111/1002 962/1122/1013
f 970/1093/988 944/1128/997 964/1127/1018 967/1091/986
f 968/1031/938 966/1043/949 962/1122/1013 965/1103/995
f 944/1105/997 953/1104/996 956/1115/1006
f 990/1129/1019 987/1130/1020 983/1131/1021 986/1132/1022
f 984/1133/1023 981/1134/1024 976/1126/1017 980/1125/1016
f 954/1112/1003 1524/1096/991 1458/1124/1015 957/1123/1014
f 965/1103/995 1458/1124/1015 1524/1096/991 1459/1095/990
f 979/1135/1025 975/1109/1000 971/1108/999 1460/1136/1026
f 971/1108/999 1470/1137/1027 1525/1138/1028 1460/1136/1026
f 948/1084/980 1456/1086/981 1524/1096/991 1457/1113/1004
f 944/1105/997 956/1115/1006 961/1116/1007 964/1127/1018
f 1102/1139/1029 1098/1140/1030 1101/1119/1010 1049/1141/1031
f 981/1134/1024 977/1142/1032 973/962/872 976/1126/1017
f 1041/1143/1033 1470/1137/1027 971/1108/999 1044/1101/993
f 973/962/872 1045/961/871 972/1102/994 976/1126/1017
f 985/1144/1034 982/1145/1035 977/1142/1032 981/1134/1024
f 983/1131/1021 980/1125/1016 975/1109/1000 979/1135/1025
f 988/1146/1036 985/1144/1034 981/1134/1024 984/1133/1023
f 974/1147/1037 1046/963/873 973/962/872 977/1142/1032
f 992/1148/1038 989/1149/1039 985/1144/1034 988/1146/1036
f 995/1150/1040 992/1148/1038 988/1146/1036 991/1151/1041
f 979/1135/1025 1460/1136/1026 1525/1138/1028 1461/1152/1042
f 985/1144/1034 989/1149/1039 978/1153/1043 982/1154/1035
f 986/1132/1022 983/1131/1021 979/1135/1025 1461/1152/1042
f 978/1153/1043 974/1147/1037 977/1142/1032 982/1145/1035
f 1005/1155/1044 1003/1156/1045 998/1157/1046 1002/1158/1047
f 997/1159/1048 994/1160/1049 990/1129/1019 993/1161/1050
f 1003/1156/1045 999/1162/1051 995/1150/1040 998/1157/1046
f 999/1162/1051 996/1163/1052 992/1148/1038 995/1150/1040
f 994/1160/1049 991/1151/1041 987/1130/1020 990/1129/1019
f 993/1161/1050 990/1129/1019 986/1132/1022 1462/1164/1053
f 986/1132/1022 1461/1152/1042 1525/1138/1028 1462/1164/1053
f 992/1148/1038 996/1163/1052 978/1153/1043 989/1165/1039
f 1008/1166/1054 1005/1155/1044 1002/1158/1047 1004/1167/1055
f 1011/1168/1056 1009/1169/1057 1005/1155/1044 1008/1166/1054
f 1004/1167/1055 1002/1158/1047 997/1159/1048 1001/1170/1058
f 1009/1169/1057 1006/1171/1059 1003/1156/1045 1005/1155/1044
f 1006/1171/1059 1000/1172/1060 999/1162/1051 1003/1156/1045
f 1002/1158/1047 998/1157/1046 994/1160/1049 997/1159/1048
f 1001/1170/1058 997/1159/1048 993/1161/1050 1463/1173/1061
f 993/1161/1050 1462/1164/1053 1525/1138/1028 1463/1173/1061
f 1014/1174/1062 1011/1168/1056 1008/1166/1054 1010/1175/1063
f 1010/1175/1063 1008/1166/1054 1004/1167/1055 1007/1176/1064
f 1015/1177/1065 1012/1178/1066 1009/1169/1057 1011/1168/1056
f 1012/1178/1066 1000/1172/1060 1006/1171/1059 1009/1169/1057
f 1024/1179/1067 1021/1180/1068 1017/1181/1069 1020/1182/1070
f 1013/1183/1071 1010/1175/1063 1007/1176/1064 1465/1184/1072
f 1007/1176/1064 1004/1167/1055 1001/1170/1058 1464/1185/1073
f 1001/1170/1058 1463/1173/1061 1525/1138/1028 1464/1185/1073
f 999/1162/1051 1000/1186/1060 978/1153/1043 996/1187/1052
f 1019/1188/1074 1016/1189/1075 1012/1178/1066 1015/1177/1065
f 1018/1190/1076 1015/1177/1065 1011/1168/1056 1014/1174/1062
f 1007/1176/1064 1464/1185/1073 1525/1138/1028 1465/1184/1072
f 1022/1191/1077 1019/1188/1074 1015/1177/1065 1018/1190/1076
f 1013/1183/1071 1465/1184/1072 1525/1138/1028 1466/1192/1078
f 1012/1178/1066 1016/1189/1075 978/1153/1043 1000/1186/1060
f 1025/1193/1079 1022/1191/1077 1018/1190/1076 1021/1180/1068
f 1032/1194/1080 1029/1195/1081 1025/1193/1079 1028/1196/1082
f 1017/1181/1069 1014/1174/1062 1010/1175/1063 1013/1183/1071
f 1031/1197/1083 1028/1196/1082 1024/1179/1067 1027/1198/1084
f 1029/1195/1081 1026/1199/1085 1022/1191/1077 1025/1193/1079
f 1026/1199/1085 1023/1200/1086 1019/1188/1074 1022/1191/1077
f 1021/1180/1068 1018/1190/1076 1014/1174/1062 1017/1181/1069
f 1039/1201/1087 1036/1202/1088 1032/1194/1080 1035/1203/1089
f 1020/1182/1070 1466/1192/1078 1525/1138/1028 1467/1204/1090
f 1020/1182/1070 1017/1181/1069 1013/1183/1071 1466/1192/1078
f 1033/1205/1091 1030/1206/1092 1026/1199/1085 1029/1195/1081
f 1019/1188/1074 1023/1200/1086 978/1153/1043 1016/1189/1075
f 1028/1196/1082 1025/1193/1079 1021/1180/1068 1024/1179/1067
f 1045/961/871 1043/960/870 1039/1201/1087 1042/1100/992
f 1027/1198/1084 1024/1179/1067 1020/1182/1070 1467/1204/1090
f 1027/1198/1084 1467/1204/1090 1525/1138/1028 1468/1207/1093
f 1038/1208/1094 1035/1203/1089 1031/1197/1083 1034/1209/1095
f 1036/1202/1088 1033/1205/1091 1029/1195/1081 1032/1194/1080
f 1040/1210/1096 1037/1211/1097 1033/1205/1091 1036/1202/1088
f 1026/1199/1085 1030/1206/1092 978/1153/1043 1023/1200/1086
f 1035/1203/1089 1032/1194/1080 1028/1196/1082 1031/1197/1083
f 1034/1209/1095 1031/1197/1083 1027/1198/1084 1468/1207/1093
f 1034/1209/1095 1468/1207/1093 1525/1138/1028 1469/1212/1098
f 1044/1101/993 1042/1100/992 1038/1208/1094 1041/1143/1033
f 1043/960/870 1040/1210/1096 1036/1202/1088 1039/1201/1087
f 1046/963/873 974/1213/1037 1040/1210/1096 1043/960/870
f 1033/1205/1091 1037/1211/1097 978/1153/1043 1030/1206/1092
f 1042/1100/992 1039/1201/1087 1035/1203/1089 1038/1208/1094
f 1041/1143/1033 1038/1208/1094 1034/1209/1095 1469/1212/1098
f 1041/1143/1033 1469/1212/1098 1525/1138/1028 1470/1137/1027
f 1056/1214/1099 1053/1215/1100 1048/1118/1009 1052/1216/1101
f 1107/1217/1102 1104/1218/1103 1108/1219/1104 1111/1220/1105
f 1040/1210/1096 974/1213/1037 978/1153/1043 1037/1211/1097
f 1057/1221/1106 1053/1215/1100 1056/1214/1099 1060/1222/1107
f 1055/1223/1108 1052/1216/1101 1047/1224/1109 1471/1225/1110
f 1047/1224/1109 1478/1226/1111 1526/1227/1112 1471/1225/1110
f 1048/1118/1009 1100/1117/1008 1047/1224/1109 1052/1216/1101
f 987/1130/1020 984/1133/1023 980/1125/1016 983/1131/1021
f 1117/1228/1113 1113/1229/1114 1118/1230/1115
f 998/1157/1046 995/1150/1040 991/1151/1041 994/1160/1049
f 1096/1231/1116 1478/1226/1111 1047/1224/1109 1100/1117/1008
f 1049/1141/1031 1101/1119/1010 1048/1118/1009 1053/1215/1100
f 1059/1232/1117 1056/1214/1099 1052/1216/1101 1055/1223/1108
f 1086/1233/1118 1083/1234/1119 1077/1235/1120 1082/1236/1121
f 1102/1139/1029 1050/1237/1122 1051/1238/1123 1099/1239/1124
f 1062/1240/1125 1059/1232/1117 1055/1223/1108 1472/1241/1126
f 1064/1242/1127 1060/1222/1107 1063/1243/1128 1067/1244/1129
f 1054/1245/1130 1058/1246/1131 1051/1247/1123 1050/1237/1122
f 1119/1248/1132 1118/1230/1115 1114/1249/1133
f 1055/1223/1108 1471/1225/1110 1526/1227/1112 1472/1241/1126
f 1060/1222/1107 1056/1214/1099 1059/1232/1117 1063/1243/1128
f 1077/1235/1120 1078/1250/1134 1073/1251/1135
f 1066/1252/1136 1063/1243/1128 1059/1232/1117 1062/1240/1125
f 1071/1253/1137 1067/1244/1129 1070/1254/1138 1074/1255/1139
f 1069/1256/1140 1473/1257/1141 1526/1227/1112 1474/1258/1142
f 1065/1259/1143 1061/1260/1144 1064/1242/1127 1068/1261/1145
f 1069/1262/1140 1066/1252/1136 1062/1240/1125 1473/1257/1141
f 1067/1244/1129 1063/1243/1128 1066/1252/1136 1070/1254/1138
f 1079/1263/1146 1080/1264/1147 1074/1255/1139
f 1123/1265/1148 1126/1266/1149 1104/1267/1103 1125/1268/1150
f 1093/1269/1151 1090/1270/1152 1086/1233/1118 1089/1271/1153
f 1073/1251/1135 1070/1272/1138 1066/1252/1136 1069/1262/1140
f 1078/1250/1134 1079/1263/1146 1074/1255/1139
f 1526/1227/1112 1475/1273/1154 1474/1258/1142
f 1072/1274/1155 1068/1261/1145 1071/1275/1137 1075/1276/1156
f 1076/1277/1157 1073/1251/1135 1069/1256/1140 1474/1258/1142
f 1091/1278/1158 1088/1279/1159 1084/1280/1160 1087/1281/1161
f 1082/1236/1121 1076/1277/1157 1475/1273/1154
f 1089/1271/1153 1086/1233/1118 1082/1236/1121 1476/1282/1162
f 1074/1255/1139 1070/1272/1138 1073/1251/1135 1078/1250/1134
f 1079/1263/1146 1078/1250/1134 1083/1234/1119
f 1103/1283/1163 1479/1284/1164 1527/1285/1165 1482/1286/1166
f 1077/1235/1120 1073/1251/1135 1076/1277/1157
f 1078/1250/1134 1077/1235/1120 1083/1234/1119
f 1475/1273/1154 1076/1277/1157 1474/1258/1142
f 1080/1264/1147 1081/1287/1167 1075/1276/1156
f 1080/1264/1147 1079/1263/1146 1084/1280/1160
f 1082/1236/1121 1475/1273/1154 1526/1227/1112 1476/1282/1162
f 1081/1287/1167 1080/1264/1147 1084/1280/1160
f 1096/1231/1116 1093/1269/1151 1089/1271/1153 1477/1288/1168
f 1072/1274/1155 1075/1276/1156 1051/1238/1123
f 1088/1279/1159 1085/1289/1169 1081/1287/1167 1084/1280/1160
f 1100/1117/1008 1097/1120/1011 1093/1269/1151 1096/1231/1116
f 1094/1290/1170 1091/1278/1158 1087/1281/1161 1090/1270/1152
f 1095/1291/1171 1092/1292/1172 1088/1279/1159 1091/1278/1158
f 1089/1271/1153 1476/1282/1162 1526/1227/1112 1477/1288/1168
f 1098/1140/1030 1095/1291/1171 1091/1278/1158 1094/1290/1170
f 1088/1279/1159 1092/1292/1172 1051/1238/1123 1085/1289/1169
f 1113/1229/1114 1111/1220/1105 1114/1249/1133 1118/1230/1115
f 1102/1139/1029 1099/1239/1124 1095/1291/1171 1098/1140/1030
f 1479/1284/1164 1103/1293/1163 1107/1217/1102 1110/1294/1173
f 1096/1231/1116 1477/1288/1168 1526/1227/1112 1478/1226/1111
f 1111/1220/1105 1108/1219/1104 1112/1295/1174 1114/1249/1133
f 1095/1291/1171 1099/1239/1124 1051/1238/1123 1092/1292/1172
f 1136/1296/1175 1133/1297/1176 1137/1298/1177 1139/1299/1178
f 1062/1240/1125 1472/1241/1126 1526/1227/1112 1473/1257/1141
f 1134/1300/1179 1131/1301/1180 1140/1302/1181 1137/1298/1177
f 1050/1237/1122 1102/1139/1029 1049/1141/1031 1054/1245/1130
f 1058/1246/1131 1054/1245/1130 1057/1221/1106 1061/1260/1144
f 1132/1303/1182 1128/1304/1183 1172/1305/1184 1129/1306/1185
f 1124/1307/1186 1127/1308/1187 1105/1309/1188 1126/1266/1149
f 1108/1219/1104 1104/1218/1103 1126/1266/1149 1105/1309/1188
f 1109/1310/1189 1106/1311/1190 1115/1312/1191 1112/1295/1174
f 1105/1313/1188 1127/1308/1187 1106/1311/1190 1109/1310/1189
f 1480/1314/1192 1110/1294/1173 1113/1229/1114 1116/1315/1193
f 1110/1294/1173 1480/1314/1192 1527/1285/1165 1479/1284/1164
f 1121/1316/1194 1120/1317/1195 1115/1312/1191
f 1481/1318/1196 1480/1314/1192 1116/1315/1193
f 1128/1319/1183 1483/1320/1197 1528/1321/1198 1489/1322/1199
f 1117/1228/1113 1118/1230/1115 1123/1265/1148
f 1122/1323/1200 1116/1315/1193 1117/1228/1113
f 1119/1248/1132 1114/1249/1133 1120/1317/1195
f 1170/1324/1201 1173/1325/1202 1129/1306/1185 1172/1305/1184
f 1123/1265/1148 1119/1248/1132 1124/1307/1186 1126/1266/1149
f 1481/1318/1196 1116/1315/1193 1122/1323/1200
f 1117/1228/1113 1116/1315/1193 1113/1229/1114
f 1106/1326/1190 1121/1316/1194 1115/1312/1191
f 1122/1323/1200 1117/1228/1113 1123/1265/1148 1125/1268/1150
f 1527/1285/1165 1480/1314/1192 1481/1318/1196
f 1123/1265/1148 1118/1230/1115 1119/1248/1132
f 1124/1307/1186 1120/1317/1195 1121/1316/1194
f 1121/1316/1194 1106/1326/1190 1127/1308/1187 1124/1307/1186
f 1139/1299/1178 1143/1327/1203 1138/1328/1204 1136/1296/1175
f 1122/1323/1200 1482/1286/1166 1527/1285/1165 1481/1318/1196
f 1119/1248/1132 1120/1317/1195 1124/1307/1186
f 1184/1329/1205 1181/1330/1206 1185/1331/1207 1188/1332/1208
f 1132/1303/1182 1129/1333/1185 1133/1297/1176 1136/1296/1175
f 1108/1219/1104 1105/1313/1188 1109/1310/1189 1112/1295/1174
f 1110/1294/1173 1107/1217/1102 1111/1220/1105 1113/1229/1114
f 1114/1249/1133 1112/1295/1174 1115/1312/1191 1120/1317/1195
f 1483/1320/1197 1128/1304/1183 1132/1303/1182 1135/1334/1209
f 1169/1335/1210 1172/1305/1184 1128/1319/1183 1489/1322/1199
f 1171/1336/1211 1174/1337/1212 1130/1338/1213 1173/1325/1202
f 1133/1297/1176 1129/1333/1185 1173/1325/1202 1130/1338/1213
f 1140/1302/1181 1144/1339/1214 1139/1299/1178 1137/1298/1177
f 1135/1334/1209 1484/1340/1215 1528/1321/1198 1483/1320/1197
f 1147/1341/1216 1144/1339/1214 1148/1342/1217 1152/1343/1218
f 1155/1344/1219 1152/1343/1218 1148/1342/1217 1149/1345/1220
f 1142/1346/1221 1485/1347/1222 1528/1321/1198 1484/1340/1215
f 1490/1348/1223 1175/1349/1224 1180/1350/1225 1183/1351/1226
f 1142/1346/1221 1138/1328/1204 1143/1327/1203 1146/1352/1227
f 1157/1353/1228 1154/1354/1229 1158/1355/1230 1160/1356/1231
f 1143/1327/1203 1139/1299/1178 1144/1339/1214 1147/1341/1216
f 1153/1357/1232 1151/1358/1233 1154/1354/1229 1157/1353/1228
f 1154/1354/1229 1152/1343/1218 1155/1344/1219 1158/1355/1230
f 1146/1352/1227 1143/1327/1203 1147/1341/1216 1151/1358/1233
f 1131/1301/1180 1141/1359/1234 1145/1360/1235 1140/1302/1181
f 1150/1361/1236 1146/1352/1227 1151/1358/1233 1153/1357/1232
f 1159/1362/1237 1157/1353/1228 1160/1356/1231 1163/1363/1238
f 1144/1339/1214 1140/1302/1181 1145/1360/1235 1148/1342/1217
f 1156/1364/1239 1153/1357/1232 1157/1353/1228 1159/1365/1237
f 1160/1366/1231 1158/1355/1230 1161/1367/1240 1164/1368/1241
f 1158/1355/1230 1155/1344/1219 1149/1345/1220 1161/1367/1240
f 1487/1369/1242 1156/1364/1239 1159/1365/1237 1162/1370/1243
f 1486/1371/1244 1150/1361/1236 1153/1357/1232 1156/1364/1239
f 1150/1361/1236 1486/1371/1244 1528/1321/1198 1485/1347/1222
f 1141/1359/1234 1149/1345/1220 1148/1342/1217 1145/1360/1235
f 1164/1368/1241 1161/1372/1240 1165/1373/1245 1168/1374/1246
f 1166/1375/1247 1163/1363/1238 1167/1376/1248 1170/1324/1201
f 1163/1363/1238 1160/1366/1231 1164/1368/1241 1167/1376/1248
f 1156/1364/1239 1487/1369/1242 1528/1321/1198 1486/1371/1244
f 1167/1376/1248 1164/1368/1241 1168/1374/1246 1171/1336/1211
f 1162/1370/1243 1488/1377/1249 1528/1321/1198 1487/1369/1242
f 1170/1324/1201 1167/1376/1248 1171/1336/1211 1173/1325/1202
f 1169/1335/1210 1166/1375/1247 1170/1324/1201 1172/1305/1184
f 1171/1336/1211 1168/1374/1246 1131/1378/1180 1174/1337/1212
f 1488/1377/1249 1162/1370/1243 1166/1375/1247 1169/1335/1210
f 1198/1379/1250 1202/1380/1251 1176/1381/1252 1201/1382/1253
f 1165/1373/1245 1161/1372/1240 1149/1345/1220 1141/1383/1234
f 1165/1373/1245 1141/1383/1234 1131/1378/1180 1168/1374/1246
f 1183/1351/1226 1180/1350/1225 1184/1329/1205 1187/1384/1254
f 1221/1385/1255 1225/1386/1256 1220/1387/1257 1216/1388/1258
f 1169/1335/1210 1489/1322/1199 1528/1321/1198 1488/1377/1249
f 1135/1334/1209 1132/1303/1182 1136/1296/1175 1138/1328/1204
f 1182/1389/1259 1185/1331/1207 1181/1330/1206 1177/1390/1260
f 1175/1349/1224 1490/1348/1223 1529/1391/1261 1493/1392/1262
f 1180/1350/1225 1175/1349/1224 1201/1382/1253 1176/1381/1252
f 1131/1301/1180 1134/1300/1179 1130/1393/1213 1174/1337/1212
f 1484/1340/1215 1135/1334/1209 1138/1328/1204 1142/1346/1221
f 1151/1358/1233 1147/1341/1216 1152/1343/1218 1154/1354/1229
f 1192/1394/1263 1189/1395/1264 1193/1396/1265 1196/1397/1266
f 1197/1398/1267 1201/1399/1253 1175/1349/1224 1493/1392/1262
f 1199/1400/1268 1203/1401/1269 1177/1390/1260 1202/1402/1251
f 1181/1330/1206 1176/1381/1252 1202/1402/1251 1177/1390/1260
f 1182/1389/1259 1177/1390/1260 1203/1403/1269 1178/1404/1270
f 1210/1405/1271 1212/1406/1272 1208/1407/1273
f 1218/1408/1274 1208/1407/1273 1219/1409/1275 1223/1410/1276
f 1187/1384/1254 1184/1329/1205 1188/1332/1208 1191/1411/1277
f 1198/1379/1250 1195/1412/1278 1199/1400/1268 1202/1380/1251
f 1182/1389/1259 1178/1404/1270 1179/1413/1279 1186/1414/1280
f 1491/1415/1281 1183/1351/1226 1187/1384/1254 1190/1416/1282
f 1183/1351/1226 1491/1415/1281 1529/1391/1261 1490/1348/1223
f 1191/1411/1277 1188/1332/1208 1192/1394/1263 1195/1412/1278
f 1195/1412/1278 1192/1394/1263 1196/1397/1266 1199/1400/1268
f 1219/1409/1275 1214/1417/1283 1220/1387/1257 1224/1418/1284
f 1188/1332/1208 1185/1331/1207 1189/1395/1264 1192/1394/1263
f 1185/1331/1207 1182/1389/1259 1186/1414/1280 1189/1395/1264
f 1206/1419/1285 1494/1420/1286 1209/1421/1287
f 1190/1416/1282 1187/1384/1254 1191/1411/1277 1194/1422/1288
f 1189/1395/1264 1186/1414/1280 1179/1423/1279 1193/1396/1265
f 1199/1400/1268 1196/1397/1266 1200/1424/1289 1203/1401/1269
f 1194/1422/1288 1191/1411/1277 1195/1412/1278 1198/1379/1250
f 1492/1425/1290 1190/1416/1282 1194/1422/1288 1197/1398/1267
f 1190/1416/1282 1492/1425/1290 1529/1391/1261 1491/1415/1281
f 1197/1398/1267 1194/1422/1288 1198/1379/1250 1201/1399/1253
f 1196/1397/1266 1193/1396/1265 1179/1423/1279 1200/1424/1289
f 1214/1417/1283 1215/1426/1291 1216/1388/1258 1220/1387/1257
f 1206/1419/1285 1204/1427/1292 1205/1428/978
f 1197/1398/1267 1493/1392/1262 1529/1391/1261 1492/1425/1290
f 1213/1429/1293 1271/1430/1294 1272/1431/1295
f 1273/1432/1296 1217/1433/1297 1216/1388/1258 1215/1426/1291
f 1212/1406/1272 1210/1405/1271 1213/1429/1293
f 1495/1434/1298 1211/1435/1299 1209/1421/1287
f 1282/1436/1300 1285/1437/1301 1281/1438/1302 1278/1439/1303
f 1212/1406/1272 1213/1429/1293 1214/1417/1283
f 1393/1440/1304 1390/1441/1305 1394/1442/1306 1397/1443/1307
f 1302/1444/1308 1305/1445/1309 1278/1446/1303 1304/1447/1310
f 1203/1403/1269 1200/1424/1289 1179/1413/1279 1178/1404/1270
f 1229/1448/1311 1232/1449/1312 1228/1450/1313 1225/1386/1256
f 1212/1406/1272 1214/1417/1283 1219/1409/1275
f 1209/1421/1287 1210/1405/1271 1208/1407/1273 1204/1427/1292
f 1291/1451/1314 1288/1452/1315 1292/1453/1316 1296/1454/1317
f 1223/1410/1276 1226/1455/1318 1530/1081/977 1218/1456/1274
f 1207/1457/976 1204/1427/1292 1208/1407/1273
f 1212/1406/1272 1219/1409/1275 1208/1407/1273
f 1215/1426/1291 1214/1417/1283 1213/1429/1293 1272/1458/1295
f 1211/1435/1299 1210/1405/1271 1209/1421/1287
f 1210/1405/1271 1211/1435/1299 1213/1429/1293
f 1217/1433/1297 1222/1459/1319 1221/1385/1255
f 1230/1460/1320 1226/1455/1318 1223/1410/1276 1227/1461/1321
f 1232/1449/1312 1229/1448/1311 1222/1459/1319 1236/1462/1322
f 1251/1463/1323 1250/1464/1324 1246/1465/1325
f 1234/1466/1326 1231/1467/1327 1235/1468/1328 1238/1469/1329
f 1221/1385/1255 1222/1459/1319 1229/1448/1311 1225/1386/1256
f 1244/1470/1330 1241/1471/1331 1237/1472/1332 1242/1473/1333
f 1235/1468/1328 1231/1467/1327 1228/1450/1313 1232/1449/1312
f 1233/1474/1334 1230/1460/1320 1234/1466/1326 1237/1472/1332
f 1234/1466/1326 1230/1460/1320 1227/1461/1321 1231/1467/1327
f 1237/1472/1332 1241/1471/1331 1530/1081/977 1233/1475/1334
f 1243/1476/1335 1239/1477/1336 1240/1478/1337 1246/1465/1325
f 1260/1479/1338 1256/1480/1339 1253/1481/1340 1257/1482/1341
f 1247/1483/1342 1252/1484/1343 1530/1081/977 1244/1470/1330
f 1245/1485/1344 1243/1476/1335 1246/1465/1325 1250/1464/1324
f 1243/1476/1335 1245/1485/1344 1242/1473/1333 1238/1469/1329
f 1249/1486/1345 1245/1485/1344 1250/1464/1324
f 1249/1486/1345 1248/1487/1346 1245/1485/1344
f 1247/1483/1342 1244/1470/1330 1248/1487/1346
f 1244/1470/1330 1242/1473/1333 1245/1485/1344 1248/1487/1346
f 1238/1469/1329 1242/1473/1333 1237/1472/1332 1234/1466/1326
f 1236/1462/1322 1222/1459/1319 1240/1488/1337
f 1256/1480/1339 1252/1484/1343 1247/1483/1342 1253/1481/1340
f 1246/1465/1325 1240/1478/1337 1251/1463/1323
f 1258/1489/1347 1255/1490/1348 1222/1491/1319 1262/1492/1349
f 1217/1493/1297 1265/1494/1350 1262/1492/1349
f 1241/1495/1331 1244/1470/1330 1530/1081/977
f 1247/1483/1342 1248/1487/1346 1253/1481/1340
f 1254/1496/1351 1250/1464/1324 1251/1463/1323
f 1265/1494/1350 1268/1497/1352 1264/1498/1353 1261/1499/1354
f 1249/1486/1345 1250/1464/1324 1254/1496/1351
f 1254/1496/1351 1257/1482/1341 1253/1481/1340 1249/1486/1345
f 1261/1499/1354 1258/1489/1347 1262/1492/1349 1265/1494/1350
f 1255/1490/1348 1258/1489/1347 1254/1496/1351 1251/1463/1323
f 1530/1081/977 1252/1500/1343 1256/1480/1339 1259/1501/1355
f 1260/1479/1338 1257/1482/1341 1261/1499/1354 1264/1498/1353
f 1261/1499/1354 1257/1482/1341 1254/1496/1351 1258/1489/1347
f 1255/1490/1348 1251/1463/1323 1240/1478/1337 1222/1491/1319
f 1270/1502/1356 1266/1503/1357 1263/1504/1358 1267/1505/1359
f 1259/1501/1355 1256/1480/1339 1260/1479/1338 1263/1504/1358
f 1253/1481/1340 1248/1487/1346 1249/1486/1345
f 1263/1504/1358 1266/1503/1357 1530/1081/977 1259/1506/1355
f 1304/1447/1310 1301/1507/1360 1298/1508/1361 1302/1444/1308
f 1591/1509/1362 1593/1510/1363 1571/1511/1364 1594/1512/1365
f 1269/1513/1366 1266/1514/1357 1270/1502/1356
f 1272/1458/1295 1268/1497/1352 1273/1515/1296 1215/1426/1291
f 1268/1497/1352 1272/1431/1295 1267/1505/1359 1264/1498/1353
f 1530/1081/977 1269/1513/1366 1205/1082/978
f 1269/1513/1366 1530/1081/977 1266/1503/1357
f 1269/1516/1366 1274/1517/1367 1205/1082/978
f 1273/1432/1296 1265/1494/1350 1217/1433/1297
f 1267/1505/1359 1271/1518/1294 1270/1519/1356
f 1264/1498/1353 1267/1505/1359 1263/1504/1358 1260/1479/1338
f 1277/1520/1368 1496/1521/1369 1532/1522/1370 1499/1523/1371
f 1213/1429/1293 1211/1435/1299 1276/1524/1372
f 1494/1420/1286 1206/1419/1285 1275/1525/1373
f 1274/1517/1367 1269/1526/1366 1270/1502/1356
f 1276/1524/1372 1270/1519/1356 1271/1518/1294
f 1262/1492/1349 1222/1491/1319 1217/1493/1297
f 1206/1419/1285 1205/1428/978 1274/1517/1367
f 1268/1497/1352 1265/1494/1350 1273/1515/1296
f 1496/1521/1369 1277/1527/1368 1281/1438/1302 1284/1528/1374
f 1316/1529/1375 1312/1530/1376 1317/1531/1377 1320/1532/1378
f 1211/1435/1299 1275/1525/1373 1276/1524/1372
f 1276/1524/1372 1271/1518/1294 1213/1429/1293
f 1543/1533/1379 1539/1534/1380 1535/1087/982 1773/1090/985
f 1275/1525/1373 1274/1517/1367 1270/1502/1356 1276/1524/1372
f 1225/1386/1256 1228/1450/1313 1224/1418/1284 1220/1387/1257
f 1207/1457/976 1208/1407/1273 1218/1408/1274
f 1217/1433/1297 1221/1385/1255 1216/1388/1258
f 1224/1418/1284 1227/1461/1321 1223/1410/1276 1219/1409/1275
f 1530/1081/977 1226/1535/1318 1230/1460/1320 1233/1474/1334
f 1303/1536/1381 1306/1537/1382 1279/1538/1383 1305/1445/1309
f 1301/1507/1360 1304/1447/1310 1277/1520/1368 1499/1523/1371
f 1282/1436/1300 1278/1439/1303 1305/1445/1309 1279/1538/1383
f 1284/1528/1374 1281/1438/1302 1285/1437/1301 1287/1539/1384
f 1303/1536/1381 1300/1540/1385 1280/1541/1386 1306/1537/1382
f 1306/1537/1382 1280/1542/1386 1283/1543/1387 1279/1544/1383
f 1500/1545/1388 1307/1546/1389 1311/1547/1390 1315/1548/1391
f 1498/1549/1392 1293/1550/1393 1298/1508/1361 1301/1507/1360
f 1295/1551/1394 1294/1552/1395 1291/1451/1314
f 1497/1553/1396 1284/1528/1374 1287/1539/1384 1290/1554/1397
f 1288/1452/1315 1286/1555/1398 1289/1556/1399 1292/1453/1316
f 1293/1550/1393 1294/1552/1395 1298/1508/1361
f 1296/1454/1317 1299/1557/1400 1295/1551/1394
f 1290/1554/1397 1287/1539/1384 1291/1451/1314 1294/1552/1395
f 1295/1551/1394 1291/1451/1314 1296/1454/1317
f 1311/1547/1390 1308/1558/1401 1312/1530/1376 1316/1529/1375
f 1298/1508/1361 1295/1551/1394 1299/1557/1400 1302/1444/1308
f 1498/1549/1392 1532/1522/1370 1290/1554/1397 1293/1550/1393
f 1289/1556/1399 1280/1541/1386 1292/1453/1316
f 1301/1507/1360 1499/1523/1371 1532/1522/1370 1498/1549/1392
f 1299/1557/1400 1296/1454/1317 1297/1559/1402
f 1378/1560/1403 1381/1561/1404 1308/1558/1401 1380/1562/1405
f 1299/1557/1400 1297/1559/1402 1300/1540/1385 1303/1536/1381
f 1300/1540/1385 1297/1559/1402 1292/1453/1316 1280/1541/1386
f 1311/1547/1390 1307/1546/1389 1380/1562/1405 1308/1558/1401
f 1307/1546/1389 1500/1545/1388 1533/1563/1406 1510/1564/1407
f 1281/1438/1302 1277/1527/1368 1304/1447/1310 1278/1446/1303
f 1297/1559/1402 1296/1454/1317 1292/1453/1316
f 1392/1565/1408 1389/1566/1409 1393/1440/1304 1396/1567/1410
f 1286/1555/1398 1288/1452/1315 1285/1437/1301 1282/1436/1300
f 1289/1556/1399 1286/1555/1398 1283/1543/1387 1280/1542/1386
f 1298/1508/1361 1294/1552/1395 1295/1551/1394
f 1284/1528/1374 1497/1553/1396 1532/1522/1370 1496/1521/1369
f 1312/1530/1376 1309/1568/1411 1313/1569/1412 1317/1531/1377
f 1377/1570/1413 1380/1562/1405 1307/1546/1389 1510/1564/1407
f 1379/1571/1414 1382/1572/1415 1309/1568/1411 1381/1561/1404
f 1312/1530/1376 1308/1558/1401 1381/1561/1404 1309/1568/1411
f 1319/1573/1416 1316/1529/1375 1320/1532/1378 1323/1574/1417
f 1315/1548/1391 1501/1575/1418 1533/1563/1406 1500/1545/1388
f 1323/1574/1417 1320/1532/1378 1324/1576/1419 1327/1577/1420
f 1324/1576/1419 1321/1578/1421 1325/1579/1422 1328/1580/1423
f 1320/1532/1378 1317/1531/1377 1321/1578/1421 1324/1576/1419
f 1505/1581/1424 1343/1582/1425 1346/1583/1426 1349/1584/1427
f 1310/1585/1428 1314/1586/1429 1318/1587/1430 1313/1569/1412
f 1322/1588/1431 1319/1573/1416 1323/1574/1417 1326/1589/1432
f 1340/1590/1433 1338/1591/1434 1341/1592/1435 1344/1593/1436
f 1322/1588/1431 1502/1594/1437 1533/1563/1406 1501/1575/1418
f 1327/1577/1420 1324/1576/1419 1328/1580/1423 1331/1595/1438
f 1503/1596/1439 1329/1597/1440 1333/1598/1441 1337/1599/1442
f 1321/1578/1421 1318/1600/1430 1314/1586/1429 1325/1601/1422
f 1343/1582/1425 1505/1581/1424 1533/1563/1406 1504/1602/1443
f 1329/1597/1440 1326/1589/1432 1330/1603/1444 1333/1598/1441
f 1331/1595/1438 1328/1580/1423 1332/1604/1445 1335/1605/1446
f 1329/1597/1440 1503/1596/1439 1533/1563/1406 1502/1594/1437
f 1334/1606/1447 1331/1595/1438 1335/1605/1446 1339/1607/1448
f 1504/1602/1443 1337/1599/1442 1340/1590/1433 1343/1582/1425
f 1328/1580/1423 1325/1579/1422 1314/1586/1429 1332/1608/1445
f 1346/1583/1426 1343/1582/1425 1340/1590/1433 1344/1593/1436
f 1337/1599/1442 1333/1598/1441 1338/1591/1434 1340/1590/1433
f 1342/1609/1449 1339/1607/1448 1335/1605/1446 1336/1610/1450
f 1354/1611/1451 1351/1612/1452 1355/1613/1453 1358/1614/1454
f 1349/1584/1427 1506/1615/1455 1533/1563/1406 1505/1581/1424
f 1337/1599/1442 1504/1602/1443 1533/1563/1406 1503/1596/1439
f 1341/1592/1435 1339/1607/1448 1342/1609/1449 1345/1616/1456
f 1314/1586/1429 1336/1610/1450 1335/1605/1446 1332/1604/1445
f 1348/1617/1457 1345/1616/1456 1342/1609/1449 1336/1618/1450
f 1348/1617/1457 1351/1612/1452 1347/1619/1458 1345/1616/1456
f 1358/1614/1454 1355/1613/1453 1359/1620/1459 1362/1621/1460
f 1336/1618/1450 1314/1586/1429 1352/1622/1461 1348/1617/1457
f 1349/1584/1427 1346/1583/1426 1350/1623/1462 1353/1624/1463
f 1357/1625/1464 1354/1611/1451 1358/1614/1454 1361/1626/1465
f 1364/1627/1466 1361/1626/1465 1365/1628/1467 1368/1629/1468
f 1361/1626/1465 1358/1614/1454 1362/1621/1460 1365/1628/1467
f 1353/1624/1463 1350/1623/1462 1354/1611/1451 1357/1625/1464
f 1506/1615/1455 1349/1584/1427 1353/1624/1463 1356/1630/1469
f 1351/1612/1452 1348/1617/1457 1352/1622/1461 1355/1613/1453
f 1356/1630/1469 1353/1624/1463 1357/1625/1464 1360/1631/1470
f 1352/1622/1461 1314/1586/1429 1359/1620/1459 1355/1613/1453
f 1371/1632/1471 1368/1629/1468 1372/1633/1472 1375/1634/1473
f 1368/1629/1468 1365/1628/1467 1369/1635/1474 1372/1633/1472
f 1365/1628/1467 1362/1621/1460 1366/1636/1475 1369/1635/1474
f 1360/1631/1470 1357/1625/1464 1361/1626/1465 1364/1627/1466
f 1507/1637/1476 1356/1630/1469 1360/1631/1470 1363/1638/1477
f 1356/1630/1469 1507/1637/1476 1533/1563/1406 1506/1615/1455
f 1363/1638/1477 1360/1631/1470 1364/1627/1466 1367/1639/1478
f 1359/1620/1459 1314/1586/1429 1366/1636/1475 1362/1621/1460
f 1378/1560/1403 1375/1634/1473 1379/1640/1414 1381/1561/1404
f 1375/1634/1473 1372/1633/1472 1376/1641/1479 1379/1640/1414
f 1372/1633/1472 1369/1635/1474 1373/1642/1480 1376/1641/1479
f 1367/1639/1478 1364/1627/1466 1368/1629/1468 1371/1632/1471
f 1508/1643/1481 1363/1638/1477 1367/1639/1478 1370/1644/1482
f 1363/1638/1477 1508/1643/1481 1533/1563/1406 1507/1637/1476
f 1370/1644/1482 1367/1639/1478 1371/1632/1471 1374/1645/1483
f 1366/1636/1475 1314/1586/1429 1373/1642/1480 1369/1635/1474
f 1388/1646/1484 1384/1647/1485 1389/1566/1409 1392/1565/1408
f 1379/1571/1414 1376/1641/1479 1310/1648/1428 1382/1572/1415
f 1374/1645/1483 1371/1632/1471 1375/1634/1473 1378/1649/1403
f 1509/1650/1486 1370/1644/1482 1374/1645/1483 1377/1651/1413
f 1370/1644/1482 1509/1650/1486 1533/1563/1406 1508/1643/1481
f 1377/1570/1413 1374/1645/1483 1378/1649/1403 1380/1562/1405
f 1373/1642/1480 1314/1586/1429 1310/1648/1428 1376/1641/1479
f 1433/1652/1487 1437/1653/1488 1384/1647/1485 1436/1654/1489
f 1391/1655/1490 1388/1646/1484 1392/1565/1408 1395/1656/1491
f 1377/1651/1413 1510/1564/1407 1533/1563/1406 1509/1650/1486
f 1383/1657/1492 1511/1658/1493 1534/1659/1494 1518/1660/1495
f 1511/1658/1493 1383/1657/1492 1388/1646/1484 1391/1655/1490
f 1310/1648/1428 1313/1569/1412 1309/1568/1411 1382/1572/1415
f 1315/1548/1391 1311/1547/1390 1316/1529/1375 1319/1573/1416
f 1501/1575/1418 1315/1548/1391 1319/1573/1416 1322/1588/1431
f 1434/1661/1496 1438/1662/1497 1385/1663/1498 1437/1653/1488
f 1389/1566/1409 1384/1647/1485 1437/1653/1488 1385/1663/1498
f 1400/1664/1499 1397/1443/1307 1401/1665/1500 1404/1666/1501
f 1438/1662/1497 1435/1667/1502 1387/1668/1503 1386/1669/1504
f 1396/1567/1410 1393/1440/1304 1397/1443/1307 1400/1664/1499
f 1391/1655/1490 1512/1670/1505 1534/1659/1494 1511/1658/1493
f 1390/1441/1305 1386/1669/1504 1387/1668/1503 1394/1442/1306
f 1399/1671/1506 1396/1567/1410 1400/1664/1499 1403/1672/1507
f 1403/1672/1507 1400/1664/1499 1404/1666/1501 1407/1673/1508
f 1406/1674/1509 1403/1672/1507 1407/1673/1508 1410/1675/1510
f 1395/1656/1491 1392/1565/1408 1396/1567/1410 1399/1671/1506
f 1397/1443/1307 1394/1442/1306 1387/1668/1503 1401/1665/1500
f 1512/1670/1505 1391/1655/1490 1395/1656/1491 1398/1676/1511
f 1407/1673/1508 1404/1666/1501 1408/1677/1512 1411/1678/1513
f 1398/1676/1511 1513/1679/1514 1534/1659/1494 1512/1670/1505
f 1402/1680/1515 1399/1671/1506 1403/1672/1507 1406/1674/1509
f 1410/1675/1510 1407/1673/1508 1411/1678/1513 1416/1681/1516
f 1415/1682/1517 1414/1683/1518 1410/1675/1510
f 1513/1679/1514 1398/1676/1511 1402/1680/1515 1405/1684/1519
f 1404/1666/1501 1401/1665/1500 1387/1685/1503 1408/1677/1512
f 1419/1686/1520 1414/1683/1518 1415/1682/1517
f 1417/1687/1521 1416/1681/1516 1411/1678/1513
f 1419/1686/1520 1415/1682/1517 1420/1688/1522 1423/1689/1523
f 1405/1684/1519 1514/1690/1524 1534/1659/1494 1513/1679/1514
f 1515/1691/1525 1514/1690/1524 1412/1692/1526
f 1409/1693/1527 1406/1674/1509 1410/1675/1510 1414/1683/1518
f 1413/1694/1528 1409/1693/1527 1414/1683/1518
f 1514/1690/1524 1405/1684/1519 1409/1693/1527 1412/1692/1526
f 1422/1695/1529 1419/1686/1520 1423/1689/1523 1426/1696/1530
f 1415/1682/1517 1410/1675/1510 1416/1681/1516
f 1418/1697/1531 1412/1692/1526 1413/1694/1528
f 1430/1698/1532 1427/1699/1533 1431/1700/1534 1434/1701/1496
f 1515/1691/1525 1412/1692/1526 1418/1697/1531
f 1433/1652/1487 1430/1698/1532 1434/1701/1496 1437/1653/1488
f 1418/1697/1531 1413/1694/1528 1419/1686/1520 1422/1695/1529
f 1534/1659/1494 1514/1690/1524 1515/1691/1525
f 1413/1694/1528 1414/1683/1518 1419/1686/1520
f 1426/1696/1530 1423/1689/1523 1427/1699/1533 1430/1698/1532
f 1411/1678/1513 1408/1677/1512 1387/1685/1503
f 1420/1688/1522 1417/1687/1521 1421/1702/1535 1424/1703/1536
f 1425/1704/1537 1422/1695/1529 1426/1696/1530 1429/1705/1538
f 1411/1678/1513 1387/1685/1503 1421/1702/1535 1417/1687/1521
f 1516/1706/1539 1418/1697/1531 1422/1695/1529 1425/1704/1537
f 1427/1699/1533 1424/1703/1536 1428/1707/1540 1431/1700/1534
f 1418/1697/1531 1516/1706/1539 1534/1659/1494 1515/1691/1525
f 1423/1689/1523 1420/1688/1522 1424/1703/1536 1427/1699/1533
f 1565/1708/1541 1568/1709/1542 1537/1710/1543 1569/1711/1544
f 1415/1682/1517 1416/1681/1516 1420/1688/1522
f 1434/1661/1496 1431/1700/1534 1435/1667/1502 1438/1662/1497
f 1421/1702/1535 1387/1685/1503 1428/1707/1540 1424/1703/1536
f 1429/1705/1538 1426/1696/1530 1430/1698/1532 1433/1712/1487
f 1517/1713/1545 1425/1704/1537 1429/1705/1538 1432/1714/1546
f 1544/1715/1547 1540/1716/1548 1536/1717/1549 1539/1534/1380
f 1425/1704/1537 1517/1713/1545 1534/1659/1494 1516/1706/1539
f 1564/1718/1550 1567/1719/1551 1536/1720/1549 1568/1709/1542
f 1428/1707/1540 1387/1685/1503 1435/1667/1502 1431/1700/1534
f 1432/1714/1546 1518/1660/1495 1534/1659/1494 1517/1713/1545
f 1522/1036/943 871/1098/934 870/1079/914
f 871/1027/934 868/1005/913 870/1079/914
f 1536/1717/1549 1567/1719/1551 1535/1721/982 1539/1534/1380
f 1630/1722/1552 1632/1723/1553 1612/1724/1554 1633/1725/1555
f 1389/1566/1409 1385/1663/1498 1390/1441/1305 1393/1440/1304
f 1390/1441/1305 1385/1663/1498 1438/1662/1497 1386/1669/1504
f 1205/1428/978 1204/1427/1292 1207/1080/976
f 782/483/441 778/855/779 775/858/782 777/884/802
f 769/666/613 772/857/781 776/856/780 773/876/796
f 783/482/440 778/855/779 782/483/441
f 863/996/904 866/1017/819 841/965/875 867/978/888
f 788/664/611 784/887/805 783/482/440
f 811/926/841 808/905/821 803/890/808 807/892/810
f 818/916/832 821/928/843 824/951/849 822/913/829
f 835/864/786 832/947/860 828/933/848 831/932/847
f 837/813/738 835/864/786 831/932/847 834/814/739
f 801/891/809 798/908/824 794/904/784 797/879/799
f 859/997/905 856/990/898 852/955/866 855/973/883
f 849/956/867 846/968/878 841/965/875 845/957/868
f 873/983/893 869/982/892 868/1005/913
f 902/1046/951 906/1047/952 909/1049/953 907/1023/930
f 914/1051/955 918/1062/966 915/1056/960
f 908/1041/947 905/1048/948 1522/1036/943
f 921/1055/959 918/1062/966 913/1050/954 917/1052/956
f 925/1058/962 921/1055/959 924/1054/958 928/1073/972
f 932/1075/974 937/1019/926 929/1059/963
f 869/982/892 938/1083/979 870/1006/914
f 875/1002/910 877/969/879 940/1026/933
f 1239/1477/1336 1235/1468/1328 1232/1449/1312 1236/1462/1322
f 869/982/892 939/1094/989 938/1083/979
f 944/1128/997 970/1093/988 943/1092/987 947/1106/998
f 961/1116/1007 960/1114/1005 963/1121/1012
f 950/1015/923 947/1106/998 943/1107/987 946/1016/924
f 991/1151/1041 988/1146/1036 984/1133/1023 987/1130/1020
f 1061/1260/1144 1057/1221/1106 1060/1222/1107 1064/1242/1127
f 1061/1260/1144 1065/1259/1143 1051/1247/1123 1058/1246/1131
f 1068/1261/1145 1064/1242/1127 1067/1244/1129 1071/1275/1137
f 1068/1261/1145 1072/1274/1155 1051/1247/1123 1065/1259/1143
f 1075/1276/1156 1071/1253/1137 1074/1255/1139 1080/1264/1147
f 1077/1235/1120 1076/1277/1157 1082/1236/1121
f 1090/1270/1152 1087/1281/1161 1083/1234/1119 1086/1233/1118
f 1085/1289/1169 1051/1238/1123 1075/1276/1156 1081/1287/1167
f 1087/1281/1161 1084/1280/1160 1079/1263/1146 1083/1234/1119
f 1097/1120/1011 1094/1290/1170 1090/1270/1152 1093/1269/1151
f 1101/1119/1010 1098/1140/1030 1094/1290/1170 1097/1120/1011
f 1054/1245/1130 1049/1141/1031 1053/1215/1100 1057/1221/1106
f 1122/1323/1200 1125/1268/1150 1103/1283/1163 1482/1286/1166
f 1133/1297/1176 1130/1393/1213 1134/1300/1179 1137/1298/1177
f 1107/1217/1102 1103/1293/1163 1125/1268/1150 1104/1267/1103
f 1485/1347/1222 1142/1346/1221 1146/1352/1227 1150/1361/1236
f 1180/1350/1225 1176/1381/1252 1181/1330/1206 1184/1329/1205
f 1162/1370/1243 1159/1362/1237 1163/1363/1238 1166/1375/1247
f 1204/1427/1292 1206/1419/1285 1209/1421/1287
f 1531/1726/1556 1495/1434/1298 1209/1421/1287 1494/1420/1286
f 1228/1450/1313 1231/1467/1327 1227/1461/1321 1224/1418/1284
f 1236/1462/1322 1240/1488/1337 1239/1477/1336
f 1239/1477/1336 1243/1476/1335 1238/1469/1329 1235/1468/1328
f 1272/1431/1295 1271/1430/1294 1267/1505/1359
f 1317/1531/1377 1313/1569/1412 1318/1600/1430 1321/1578/1421
f 1287/1539/1384 1285/1437/1301 1288/1452/1315 1291/1451/1314
f 1275/1525/1373 1206/1419/1285 1274/1517/1367
f 1531/1726/1556 1494/1420/1286 1275/1525/1373 1495/1434/1298
f 1497/1553/1396 1290/1554/1397 1532/1522/1370
f 1293/1550/1393 1290/1554/1397 1294/1552/1395
f 1305/1445/1309 1302/1444/1308 1299/1557/1400 1303/1536/1381
f 1347/1619/1458 1350/1623/1462 1346/1583/1426 1344/1593/1436
f 1502/1594/1437 1322/1588/1431 1326/1589/1432 1329/1597/1440
f 1326/1589/1432 1323/1574/1417 1327/1577/1420 1330/1603/1444
f 1330/1603/1444 1327/1577/1420 1331/1595/1438 1334/1606/1447
f 1333/1598/1441 1330/1603/1444 1334/1606/1447 1338/1591/1434
f 1338/1591/1434 1334/1606/1447 1339/1607/1448 1341/1592/1435
f 1347/1619/1458 1344/1593/1436 1341/1592/1435 1345/1616/1456
f 1350/1623/1462 1347/1619/1458 1351/1612/1452 1354/1611/1451
f 1432/1727/1546 1436/1654/1489 1383/1657/1492 1518/1660/1495
f 1398/1676/1511 1395/1656/1491 1399/1671/1506 1402/1680/1515
f 1405/1684/1519 1402/1680/1515 1406/1674/1509 1409/1693/1527
f 1413/1694/1528 1412/1692/1526 1409/1693/1527
f 1420/1688/1522 1416/1681/1516 1417/1687/1521
f 1553/1728/1557 1551/1729/1558 1546/1730/1559 1550/1731/1560
f 1432/1727/1546 1429/1705/1538 1433/1712/1487 1436/1654/1489
f 1547/1732/1561 1545/1733/1562 1540/1716/1548 1544/1715/1547
f 1388/1646/1484 1383/1657/1492 1436/1654/1489 1384/1647/1485
f 882/1029/936 871/1098/934 1522/1036/943
f 1523/1734/1563 1454/981/891 873/983/893 1455/1003/911
f 1455/1003/911 875/1002/910 939/1094/989
f 1455/1003/911 939/1094/989 1454/981/891 1523/1734/1563
f 1218/1408/1274 1530/1081/977 1207/1080/976
f 1211/1435/1299 1495/1434/1298 1275/1525/1373
f 1282/1436/1300 1279/1544/1383 1283/1543/1387 1286/1555/1398
f 1563/1735/1564 1777/1088/983 1535/1721/982 1567/1719/1551
f 1541/1736/1565 1542/1737/1566 1538/1738/1567
f 1537/1739/1543 1568/1709/1542 1536/1720/1549 1540/1716/1548
f 1548/1740/1568 1542/1737/1566 1541/1736/1565 1545/1733/1562
f 1605/1741/1569 1602/1742/1570 1600/1743/1571 1601/1744/1572
f 1567/1719/1551 1564/1718/1550 1560/1745/1573 1563/1735/1564
f 1562/1746/1574 1559/1747/1575 1555/1748/1576 1558/1749/1577
f 1538/1738/1567 1569/1711/1544 1537/1710/1543 1541/1736/1565
f 1543/1533/1379 1773/1090/985 1820/1089/984 1774/1750/1578
f 1555/1748/1576 1549/1751/1579 1548/1740/1568 1552/1752/1580
f 1557/1753/1581 1554/1754/1582 1551/1729/1558 1553/1728/1557
f 1550/1731/1560 1774/1750/1578 1820/1089/984 1775/1755/1583
f 1544/1715/1547 1546/1756/1559 1551/1729/1558 1547/1732/1561
f 1560/1745/1573 1557/1753/1581 1553/1728/1557 1556/1757/1584
f 1558/1749/1577 1555/1748/1576 1552/1758/1580 1554/1754/1582
f 1548/1740/1568 1549/1751/1579 1542/1737/1566
f 1565/1708/1541 1562/1746/1574 1558/1749/1577 1561/1759/1585
f 1562/1746/1574 1542/1760/1566 1559/1747/1575
f 1561/1759/1585 1558/1749/1577 1554/1754/1582 1557/1753/1581
f 1568/1709/1542 1565/1708/1541 1561/1759/1585 1564/1718/1550
f 1556/1757/1584 1775/1755/1583 1820/1089/984 1776/1761/1586
f 1569/1711/1544 1566/1762/1587 1562/1746/1574 1565/1708/1541
f 1577/1763/1588 1575/1764/1589 1571/1511/1364 1574/1765/1590
f 1564/1718/1550 1561/1759/1585 1557/1753/1581 1560/1745/1573
f 1563/1735/1564 1560/1745/1573 1556/1757/1584 1776/1761/1586
f 1570/1766/1591 1781/1767/1592 1821/1768/1593 1778/1769/1594
f 1538/1738/1567 1566/1762/1587 1569/1711/1544
f 1555/1748/1576 1559/1747/1575 1542/1760/1566 1549/1751/1579
f 1563/1735/1564 1776/1761/1586 1820/1089/984 1777/1088/983
f 1576/1770/1595 1574/1765/1590 1570/1766/1591 1778/1769/1594
f 1566/1762/1587 1542/1760/1566 1562/1746/1574
f 1538/1738/1567 1542/1760/1566 1566/1762/1587
f 1571/1511/1364 1593/1510/1363 1570/1766/1591 1574/1765/1590
f 1546/1756/1559 1544/1715/1547 1539/1534/1380 1543/1533/1379
f 1545/1733/1562 1547/1732/1561 1552/1752/1580 1548/1740/1568
f 1550/1731/1560 1546/1730/1559 1543/1533/1379 1774/1750/1578
f 1608/1771/1596 1609/1772/1597 1596/1773/1598 1610/1774/1599
f 1590/1775/1600 1781/1767/1592 1570/1766/1591 1593/1510/1363
f 1585/1776/1601 1582/1777/1602 1584/1778/1603
f 1572/1779/1604 1594/1512/1365 1571/1511/1364 1575/1764/1589
f 1582/1777/1602 1580/1780/1605 1577/1763/1588 1579/1781/1606
f 1579/1781/1606 1577/1763/1588 1574/1765/1590 1576/1770/1595
f 1585/1776/1601 1586/1782/1607 1582/1777/1602
f 1580/1780/1605 1582/1777/1602 1586/1782/1607 1578/1783/1608
f 1578/1783/1608 1573/1784/1609 1575/1764/1589
f 1590/1775/1600 1588/1785/1610 1583/1786/1611 1780/1787/1612
f 1856/1788/1613 1853/1789/1614 1857/1790/1615 1861/1791/1616
f 1581/1792/1617 1779/1793/1618 1821/1768/1593
f 1581/1792/1617 1579/1781/1606 1576/1770/1595 1779/1793/1618
f 1593/1510/1363 1591/1509/1362 1588/1785/1610 1590/1775/1600
f 1589/1794/1619 1586/1782/1607 1585/1776/1601
f 1594/1512/1365 1592/1795/1620 1589/1794/1619 1591/1509/1362
f 1588/1785/1610 1584/1778/1603 1583/1786/1611
f 1585/1776/1601 1584/1778/1603 1588/1785/1610
f 1573/1796/1609 1578/1783/1608 1587/1797/1621
f 1589/1794/1619 1592/1795/1620 1573/1796/1609 1587/1797/1621
f 1587/1797/1621 1586/1782/1607 1589/1794/1619
f 1602/1742/1570 1851/1798/1622 1598/1799/1623 1600/1743/1571
f 1581/1792/1617 1821/1768/1593 1780/1787/1612 1583/1786/1611
f 1599/1800/1624 1597/1801/1625 1595/1802/1626 1782/1803/1627
f 1590/1775/1600 1780/1787/1612 1821/1768/1593 1781/1767/1592
f 1591/1509/1362 1589/1794/1619 1585/1776/1601 1588/1785/1610
f 1595/1802/1626 1785/1804/1628 1822/1805/1629 1782/1803/1627
f 1596/1773/1598 1609/1772/1597 1595/1802/1626 1597/1806/1625
f 1600/1743/1571 1598/1799/1623 1596/1773/1598 1597/1806/1625
f 1576/1770/1595 1778/1769/1594 1821/1768/1593 1779/1793/1618
f 1573/1784/1609 1592/1795/1620 1594/1512/1365 1572/1779/1604
f 1607/1807/1630 1785/1804/1628 1595/1802/1626 1609/1772/1597
f 1601/1744/1572 1600/1743/1571 1597/1801/1625 1599/1800/1624
f 1606/1808/1631 1602/1742/1570 1605/1741/1569
f 1851/1798/1622 1610/1774/1599 1596/1773/1598 1598/1809/1623
f 1602/1742/1570 1606/1808/1631 1851/1810/1622
f 1621/1811/1632 1619/1812/1633 1615/1813/1634 1618/1814/1635
f 1604/1815/1636 1605/1741/1569 1601/1744/1572
f 1618/1814/1635 1615/1813/1634 1612/1724/1554 1614/1816/1637
f 1852/1817/1638 2090/1818/1639 2137/1819/1640 2094/1820/1641
f 1604/1815/1636 1603/1821/1642 1607/1807/1630
f 1609/1772/1597 1608/1771/1596 1604/1815/1636 1607/1807/1630
f 1619/1812/1633 1621/1811/1632 1625/1822/1643 1622/1823/1644
f 1610/1774/1599 1851/1810/1622 1606/1808/1631 1608/1771/1596
f 1618/1814/1635 1620/1824/1645 1624/1825/1646 1621/1811/1632
f 1631/1826/1647 1633/1725/1555 1613/1827/1648 1634/1828/1649
f 1617/1829/1650 1614/1816/1637 1611/1830/1651 1786/1831/1652
f 1606/1808/1631 1605/1741/1569 1608/1771/1596
f 1877/1832/1653 1874/1833/1654 1878/1834/1655 1881/1835/1656
f 1897/1836/1657 1894/1837/1658 1892/1838/1659 1895/1839/1660
f 1784/1840/1661 1603/1821/1642 1783/1841/1662
f 1629/1842/1663 1789/1843/1664 1611/1830/1651 1632/1723/1553
f 1613/1827/1648 1633/1725/1555 1612/1724/1554 1615/1813/1634
f 1626/1844/1665 1624/1825/1646 1620/1824/1645 1623/1845/1666
f 1620/1824/1645 1618/1814/1635 1614/1816/1637 1617/1829/1650
f 1634/1828/1649 1616/1846/1667 1619/1812/1633 1622/1823/1644
f 1634/1828/1649 1613/1827/1648 1616/1846/1667
f 1632/1723/1553 1630/1722/1552 1626/1844/1665 1629/1842/1663
f 1623/1845/1666 1620/1824/1645 1617/1829/1650 1787/1847/1668
f 1630/1722/1552 1627/1848/1669 1624/1825/1646 1626/1844/1665
f 1640/1849/1670 1638/1850/1671 1636/1851/1672 1637/1852/1673
f 1631/1826/1647 1628/1853/1674 1625/1822/1643 1627/1848/1669
f 1633/1725/1555 1631/1826/1647 1627/1848/1669 1630/1722/1552
f 1631/1826/1647 1634/1828/1649 1622/1823/1644 1628/1853/1674
f 1617/1829/1650 1786/1831/1652 1823/1854/1675 1787/1847/1668
f 1629/1842/1663 1788/1855/1676 1823/1854/1675 1789/1843/1664
f 1627/1848/1669 1625/1822/1643 1621/1811/1632 1624/1825/1646
f 1629/1842/1663 1626/1844/1665 1623/1845/1666 1788/1855/1676
f 1622/1823/1644 1625/1822/1643 1628/1853/1674
f 1639/1856/1677 1637/1852/1673 1635/1857/1678 1790/1858/1679
f 1635/1857/1678 1801/1859/1680 1824/1860/1681 1790/1858/1679
f 1636/1851/1672 1681/1861/1682 1635/1857/1678 1637/1852/1673
f 1638/1850/1671 1640/1849/1670 1642/1862/1683 1840/1863/1684
f 1771/1864/1685 1767/1865/1686 1770/1866/1687 1732/1867/1688
f 1728/1868/1689 1729/1869/1690 1684/1870/1691 1730/1871/1692
f 1623/1845/1666 1787/1847/1668 1823/1854/1675 1788/1855/1676
f 1679/1872/1693 1801/1859/1680 1635/1857/1678 1681/1861/1682
f 1839/1873/1694 1682/1874/1695 1636/1851/1672 1638/1850/1671
f 1644/1875/1696 1642/1862/1683 1640/1849/1670 1641/1876/1697
f 1641/1876/1697 1640/1849/1670 1637/1852/1673 1639/1856/1677
f 1682/1874/1695 1839/1873/1694 1850/1877/1698 1849/1878/1699
f 1648/1879/1700 1646/1880/1701 1644/1875/1696 1645/1881/1702
f 1643/1882/1703 1641/1876/1697 1639/1856/1677 1791/1883/1704
f 1646/1880/1701 1841/1884/1705 1642/1862/1683 1644/1875/1696
f 1684/1870/1691 1729/1869/1690 1683/1885/1706 1685/1886/1707
f 1645/1881/1702 1644/1875/1696 1641/1876/1697 1643/1882/1703
f 1646/1880/1701 1648/1879/1700 1650/1887/1708 1842/1888/1709
f 1654/1889/1710 1843/1890/1711 1650/1887/1708 1652/1891/1712
f 1649/1892/1713 1648/1893/1700 1645/1881/1702 1647/1894/1714
f 1647/1894/1714 1645/1881/1702 1643/1882/1703 1792/1895/1715
f 1653/1896/1716 1652/1891/1712 1649/1892/1713 1651/1897/1717
f 1652/1891/1712 1650/1887/1708 1648/1893/1700 1649/1892/1713
f 1646/1880/1701 1842/1888/1709 1850/1877/1698 1841/1884/1705
f 1651/1897/1717 1649/1892/1713 1647/1898/1714 1793/1899/1718
f 1647/1898/1714 1792/1895/1715 1824/1860/1681 1793/1899/1718
f 1654/1889/1710 1656/1900/1719 1658/1901/1720 1844/1902/1721
f 1662/1903/1722 1658/1901/1720 1661/1904/1723
f 1657/1905/1724 1656/1900/1719 1653/1896/1716 1655/1906/1725
f 1655/1906/1725 1653/1896/1716 1651/1897/1717 1794/1907/1726
f 1660/1908/1727 1657/1905/1724 1659/1909/1728
f 1661/1904/1723 1658/1901/1720 1656/1900/1719 1657/1905/1724
f 1654/1889/1710 1844/1902/1721 1850/1910/1698 1843/1890/1711
f 1669/1911/1729 1668/1912/1730 1665/1913/1731 1667/1914/1732
f 1659/1909/1728 1657/1905/1724 1655/1906/1725 1795/1915/1733
f 1657/1905/1724 1660/1908/1727 1661/1904/1723
f 1670/1916/1734 1846/1917/1735 1666/1918/1736 1668/1912/1730
f 1655/1906/1725 1794/1907/1726 1824/1860/1681 1795/1915/1733
f 1668/1912/1730 1666/1918/1736 1664/1919/1737 1665/1913/1731
f 1668/1912/1730 1669/1911/1729 1672/1920/1738 1670/1916/1734
f 1844/1902/1721 1658/1901/1720 1850/1910/1698
f 1845/1921/1739 1850/1910/1698 1658/1901/1720 1662/1903/1722
f 1663/1922/1740 1796/1923/1741 1824/1860/1681 1797/1924/1742
f 1677/1925/1743 1676/1926/1744 1673/1927/1745 1675/1928/1746
f 1667/1914/1732 1665/1913/1731 1663/1922/1740 1797/1924/1742
f 1666/1918/1736 1846/1917/1735 1850/1910/1698 1845/1921/1739
f 1670/1916/1734 1847/1929/1747 1850/1910/1698 1846/1917/1735
f 1676/1926/1744 1674/1930/1748 1672/1931/1738 1673/1927/1745
f 1671/1932/1749 1798/1933/1750 1824/1860/1681 1799/1934/1751
f 1675/1928/1746 1673/1927/1745 1671/1932/1749 1799/1934/1751
f 1674/1930/1748 1848/1935/1752 1850/1877/1698 1847/1929/1747
f 1678/1936/1753 1849/1878/1699 1850/1877/1698 1848/1935/1752
f 1688/1937/1754 1686/1938/1755 1684/1870/1691 1685/1886/1707
f 1687/1939/1756 1685/1886/1707 1683/1885/1706 1802/1940/1757
f 1861/1791/1616 1857/1790/1615 1862/1941/1758 1864/1942/1759
f 1679/1872/1693 1800/1943/1760 1824/1860/1681 1801/1859/1680
f 1683/1885/1706 1813/1944/1761 1825/1945/1762 1802/1940/1757
f 1896/1946/1763 1894/1837/1658 1897/1836/1657 1899/1947/1764
f 1638/1850/1671 1840/1863/1684 1850/1877/1698 1839/1873/1694
f 1639/1856/1677 1790/1858/1679 1824/1860/1681 1791/1883/1704
f 1727/1948/1765 1813/1944/1761 1683/1885/1706 1729/1869/1690
f 1692/1949/1766 1690/1950/1767 1688/1937/1754 1689/1951/1768
f 1693/1952/1769 1692/1949/1766 1689/1951/1768 1691/1953/1770
f 1827/1954/1771 1730/1871/1692 1684/1870/1691 1686/1938/1755
f 1701/1955/1772 1700/1956/1773 1697/1957/1774 1699/1958/1775
f 1691/1953/1770 1689/1951/1768 1687/1939/1756 1803/1959/1776
f 1690/1950/1767 1829/1960/1777 1838/1961/1778 1828/1962/1779
f 1694/1963/1780 1830/1964/1781 1838/1961/1778 1829/1960/1777
f 1700/1956/1773 1698/1965/1782 1696/1966/1783 1697/1957/1774
f 1695/1967/1784 1804/1968/1785 1825/1945/1762 1805/1969/1786
f 1708/1970/1787 1705/1971/1788 1707/1972/1789
f 1699/1958/1775 1697/1957/1774 1695/1967/1784 1805/1969/1786
f 1698/1965/1782 1831/1973/1790 1838/1961/1778 1830/1964/1781
f 1708/1970/1787 1709/1974/1791 1705/1971/1788
f 1702/1975/1792 1832/1976/1793 1838/1977/1778 1831/1973/1790
f 1708/1970/1787 1707/1972/1789 1711/1978/1794
f 1709/1974/1791 1706/1979/1795 1704/1980/1796 1705/1971/1788
f 1716/1981/1797 1714/1982/1798 1712/1983/1799 1713/1984/1800
f 1703/1985/1801 1806/1986/1802 1825/1945/1762 1807/1987/1803
f 1707/1972/1789 1705/1971/1788 1703/1985/1801 1807/1987/1803
f 1808/1988/1804 1707/1972/1789 1807/1987/1803
f 1713/1984/1800 1712/1983/1799 1708/1970/1787 1711/1978/1794
f 1722/1989/1805 1835/1990/1806 1718/1991/1807 1720/1992/1808
f 1714/1982/1798 1716/1981/1797 1718/1991/1807 1834/1993/1809
f 1833/1994/1810 1838/1977/1778 1706/1979/1795 1710/1995/1811
f 1717/1996/1812 1716/1981/1797 1713/1984/1800 1715/1997/1813
f 1715/1997/1813 1713/1984/1800 1711/1978/1794 1809/1998/1814
f 1721/1999/1815 1720/1992/1808 1717/1996/1812 1719/2000/1816
f 1710/1995/1811 1709/1974/1791 1712/1983/1799
f 1714/1982/1798 1834/1993/1809 1838/1977/1778 1833/1994/1810
f 1719/2000/1816 1717/1996/1812 1715/1997/1813 1810/2001/1817
f 1722/1989/1805 1724/2002/1818 1726/2003/1819 1836/2004/1820
f 1730/1871/1692 1837/2005/1821 1726/2003/1819 1728/1868/1689
f 1725/2006/1822 1724/2007/1818 1721/1999/1815 1723/2008/1823
f 1723/2008/1823 1721/1999/1815 1719/2000/1816 1811/2009/1824
f 1729/1869/1690 1728/1868/1689 1725/2006/1822 1727/1948/1765
f 1728/1868/1689 1726/2003/1819 1724/2007/1818 1725/2006/1822
f 1722/1989/1805 1836/2004/1820 1838/1977/1778 1835/1990/1806
f 1768/2010/1825 1771/1864/1685 1733/2011/1826 1772/2012/1827
f 1727/1948/1765 1725/2006/1822 1723/2013/1823 1812/2014/1828
f 1739/2015/1829 1736/2016/1830 1731/2017/1831 1814/2018/1832
f 1749/2019/1833 1744/2020/1834 1748/2021/1835
f 1731/2017/1831 1819/2022/1836 1826/2023/1837 1814/2018/1832
f 1751/2024/1838 1748/2021/1835 1743/2025/1839 1747/2026/1840
f 1689/1951/1768 1688/1937/1754 1685/1886/1707 1687/1939/1756
f 1694/1963/1780 1829/1960/1777 1690/1950/1767 1692/1949/1766
f 1766/2027/1841 1819/2022/1836 1731/2028/1831 1770/1866/1687
f 1744/2020/1834 1745/2029/1842 1735/2030/1843
f 1747/2026/1840 1743/2025/1839 1740/2031/1844 1742/2032/1845
f 1739/2015/1829 1814/2018/1832 1826/2023/1837 1815/2033/1846
f 1737/2034/1847 1740/2031/1844 1743/2025/1839 1741/2035/1848
f 1751/2024/1838 1755/2036/1849 1752/2037/1850 1748/2021/1835
f 1733/2011/1826 1738/2038/1851 1734/2039/1852 1772/2012/1827
f 1754/2040/1853 1751/2024/1838 1747/2026/1840 1750/2041/1854
f 1746/2042/1855 1742/2032/1845 1739/2015/1829 1815/2033/1846
f 1748/2021/1835 1744/2020/1834 1741/2035/1848 1743/2025/1839
f 1757/2043/1856 1754/2044/1853 1750/2041/1854 1753/2045/1857
f 1753/2045/1857 1750/2041/1854 1746/2042/1855 1816/2046/1858
f 1764/2047/1859 1762/2048/1860 1758/2049/1861 1761/2050/1862
f 1750/2041/1854 1747/2026/1840 1742/2032/1845 1746/2042/1855
f 1760/2051/1863 1757/2043/1856 1753/2052/1857 1817/2053/1864
f 1752/2037/1850 1749/2019/1833 1748/2021/1835
f 1756/2054/1865 1749/2019/1833 1752/2037/1850
f 1762/2048/1860 1759/2055/1866 1755/2036/1849 1758/2049/1861
f 1746/2042/1855 1815/2033/1846 1826/2023/1837 1816/2046/1858
f 1763/2056/1867 1761/2050/1862 1757/2043/1856 1760/2051/1863
f 1761/2050/1862 1758/2049/1861 1754/2044/1853 1757/2043/1856
f 1749/2019/1833 1745/2029/1842 1744/2020/1834
f 1816/2046/1858 1826/2023/1837 1817/2053/1864 1753/2052/1857
f 1759/2055/1866 1756/2054/1865 1755/2057/1849
f 1756/2054/1865 1752/2037/1850 1755/2057/1849
f 1767/1865/1686 1764/2047/1859 1761/2050/1862 1763/2056/1867
f 1735/2058/1843 1745/2059/1842 1759/2055/1866
f 1768/2010/1825 1765/2060/1868 1762/2048/1860 1764/2047/1859
f 1604/1815/1636 1601/1744/1572 1603/1821/1642
f 1769/2061/1869 1765/2060/1868 1768/2010/1825
f 1749/2019/1833 1756/2054/1865 1745/2029/1842
f 1759/2055/1866 1745/2059/1842 1756/2062/1865
f 1762/2048/1860 1765/2060/1868 1735/2058/1843 1759/2055/1866
f 1770/1866/1687 1767/1865/1686 1763/2056/1867 1766/2027/1841
f 1766/2027/1841 1763/2056/1867 1760/2051/1863 1818/2063/1870
f 1771/1864/1685 1768/2010/1825 1764/2047/1859 1767/1865/1686
f 1772/2012/1827 1769/2061/1869 1768/2010/1825
f 1734/2039/1852 1735/2058/1843 1769/2061/1869
f 1766/2027/1841 1818/2063/1870 1826/2023/1837 1819/2022/1836
f 1734/2039/1852 1769/2061/1869 1772/2012/1827
f 2090/1818/1639 1852/2064/1638 1856/1788/1613 1860/2065/1871
f 1765/2060/1868 1769/2061/1869 1735/2058/1843
f 1608/1771/1596 1605/1741/1569 1604/1815/1636
f 1733/2011/1826 1771/1864/1685 1732/1867/1688 1737/2034/1847
f 1742/2032/1845 1740/2031/1844 1736/2016/1830 1739/2015/1829
f 1744/2020/1834 1735/2030/1843 1738/2038/1851 1741/2035/1848
f 1556/1757/1584 1553/1728/1557 1550/1731/1560 1775/1755/1583
f 1554/1754/1582 1552/1758/1580 1547/1732/1561 1551/1729/1558
f 1580/1780/1605 1578/1783/1608 1575/1764/1589 1577/1763/1588
f 1545/1733/1562 1541/1736/1565 1537/1739/1543 1540/1716/1548
f 1584/1778/1603 1582/1777/1602 1579/1781/1606 1581/1792/1617
f 1583/1786/1611 1584/1778/1603 1581/1792/1617
f 1587/1797/1621 1578/1783/1608 1586/1782/1607
f 1573/1784/1609 1572/1779/1604 1575/1764/1589
f 1856/1788/1613 1852/2064/1638 1884/2066/1872 1853/2067/1614
f 1612/1724/1554 1632/1723/1553 1611/1830/1651 1614/1816/1637
f 1619/1812/1633 1616/1846/1667 1613/1827/1648 1615/1813/1634
f 1642/1862/1683 1841/1884/1705 1850/1877/1698 1840/1863/1684
f 1650/1887/1708 1843/1890/1711 1850/1910/1698 1842/1888/1709
f 1796/1923/1741 1659/1909/1728 1795/1915/1733
f 1662/1903/1722 1661/1904/1723 1664/1919/1737
f 1660/1908/1727 1659/1909/1728 1663/1922/1740
f 1671/2068/1749 1669/1911/1729 1667/1914/1732 1798/1933/1750
f 1673/1927/1745 1672/1931/1738 1669/1911/1729 1671/2068/1749
f 1676/1926/1744 1677/1925/1743 1680/2069/1873 1678/1936/1753
f 1674/1930/1748 1847/1929/1747 1670/1916/1734 1672/1920/1738
f 1862/1941/1758 1858/2070/1874 1859/2071/1875 1865/2072/1876
f 1679/1872/1693 1677/1925/1743 1675/1928/1746 1800/1943/1760
f 1681/1861/1682 1680/2069/1873 1677/1925/1743 1679/1872/1693
f 1690/1950/1767 1828/1962/1779 1686/1938/1755 1688/1937/1754
f 1682/1874/1695 1849/1878/1699 1678/1936/1753 1680/2069/1873
f 1686/1938/1755 1828/1962/1779 1838/1961/1778 1827/1954/1771
f 1695/1967/1784 1693/1952/1769 1691/1953/1770 1804/1968/1785
f 1697/1957/1774 1696/1966/1783 1693/1952/1769 1695/1967/1784
f 1700/1956/1773 1701/1955/1772 1704/1980/1796 1702/1975/1792
f 1698/1965/1782 1830/1964/1781 1694/1963/1780 1696/1966/1783
f 1703/1985/1801 1701/1955/1772 1699/1958/1775 1806/1986/1802
f 1705/1971/1788 1704/1980/1796 1701/1955/1772 1703/1985/1801
f 1709/1974/1791 1708/1970/1787 1712/1983/1799
f 1706/1979/1795 1832/1976/1793 1702/1975/1792 1704/1980/1796
f 1832/1976/1793 1706/1979/1795 1838/1977/1778
f 1714/1982/1798 1833/1994/1810 1710/1995/1811 1712/1983/1799
f 1718/1991/1807 1835/1990/1806 1838/1977/1778 1834/1993/1809
f 1726/2003/1819 1837/2005/1821 1838/1961/1778 1836/2004/1820
f 1732/1867/1688 1770/1866/1687 1731/2028/1831 1736/2016/1830
f 1758/2049/1861 1755/2036/1849 1751/2024/1838 1754/2040/1853
f 1760/2051/1863 1817/2053/1864 1826/2023/1837 1818/2063/1870
f 1741/2035/1848 1738/2038/1851 1733/2011/1826 1737/2034/1847
f 1730/1871/1692 1827/1954/1771 1838/1961/1778 1837/2005/1821
f 1692/1949/1766 1693/1952/1769 1696/1966/1783 1694/1963/1780
f 1702/1975/1792 1831/1973/1790 1698/1965/1782 1700/1956/1773
f 1710/1995/1811 1706/1979/1795 1709/1974/1791
f 1720/1992/1808 1718/1991/1807 1716/1981/1797 1717/1996/1812
f 1724/2002/1818 1722/1989/1805 1720/1992/1808 1721/1999/1815
f 1737/2034/1847 1732/2073/1688 1736/2016/1830 1740/2031/1844
f 1735/2030/1843 1734/2074/1852 1738/2038/1851
f 1687/1939/1756 1802/1940/1757 1825/1945/1762 1803/1959/1776
f 1691/1953/1770 1803/1959/1776 1825/1945/1762 1804/1968/1785
f 1699/1958/1775 1805/1969/1786 1825/1945/1762 1806/1986/1802
f 1711/1978/1794 1707/1972/1789 1808/1988/1804
f 1825/1945/1762 1808/1988/1804 1807/1987/1803
f 1711/1978/1794 1808/1988/1804 1825/1945/1762 1809/1998/1814
f 1715/1997/1813 1809/1998/1814 1825/1945/1762 1810/2001/1817
f 1719/2000/1816 1810/2001/1817 1825/1945/1762 1811/2009/1824
f 1723/2013/1823 1811/2009/1824 1825/1945/1762 1812/2014/1828
f 1727/1948/1765 1812/2014/1828 1825/1945/1762 1813/1944/1761
f 1656/1900/1719 1654/1889/1710 1652/1891/1712 1653/1896/1716
f 1664/1919/1737 1661/1904/1723 1660/1908/1727
f 1665/1913/1731 1664/1919/1737 1660/1908/1727 1663/1922/1740
f 1666/1918/1736 1845/1921/1739 1662/1903/1722 1664/1919/1737
f 1678/1936/1753 1848/1935/1752 1674/1930/1748 1676/1926/1744
f 1881/1835/1656 1885/2075/1877 1853/2067/1614 1884/2066/1872
f 1643/1882/1703 1791/1883/1704 1824/1860/1681 1792/1895/1715
f 1651/1897/1717 1793/1899/1718 1824/1860/1681 1794/1907/1726
f 1663/1922/1740 1659/1909/1728 1796/1923/1741
f 1824/1860/1681 1796/1923/1741 1795/1915/1733
f 1667/1914/1732 1797/1924/1742 1824/1860/1681 1798/1933/1750
f 1675/1928/1746 1799/1934/1751 1824/1860/1681 1800/1943/1760
f 1599/1800/1624 1782/1803/1627 1822/1805/1629 1783/1841/1662
f 1603/1821/1642 1601/1744/1572 1599/1800/1624 1783/1841/1662
f 1607/1807/1630 1603/1821/1642 1784/1840/1661
f 1822/1805/1629 1784/1840/1661 1783/1841/1662
f 1607/1807/1630 1784/1840/1661 1822/1805/1629 1785/1804/1628
f 1611/1830/1651 1789/1843/1664 1823/1854/1675 1786/1831/1652
f 1681/1861/1682 1636/1851/1672 1682/1874/1695 1680/2069/1873
f 1857/1790/1615 1854/2076/1878 1858/2070/1874 1862/1941/1758
f 1880/2077/1879 1884/2066/1872 1852/1817/1638 2094/1820/1641
f 1857/1790/1615 1853/1789/1614 1885/2075/1877 1854/2078/1878
f 1882/2079/1880 1886/2080/1881 1854/2078/1878 1885/2075/1877
f 1958/2081/1882 1957/2082/1883 1959/2083/1884 1961/2084/1885
f 1860/2065/1871 1856/1788/1613 1861/1791/1616 1863/2085/1886
f 1864/1942/1759 1862/1941/1758 1865/2072/1876 1869/2086/1887
f 1855/2087/1888 1858/2070/1874 1854/2076/1878 1886/2080/1881
f 1863/2085/1886 1861/1791/1616 1864/1942/1759 1868/2088/1889
f 1871/2089/1890 1869/2086/1887 1872/2090/1891 1875/2091/1892
f 1860/2065/1871 2091/2092/1893 2137/1819/1640 2090/1818/1639
f 2091/2092/1893 1860/2065/1871 1863/2085/1886 1867/2093/1894
f 1868/2088/1889 1864/1942/1759 1869/2086/1887 1871/2089/1890
f 1867/2093/1894 1863/2085/1886 1868/2088/1889 1870/2094/1895
f 1893/2095/1896 1891/2096/1897 1894/1837/1658 1896/2097/1763
f 1865/2072/1876 1859/2071/1875 1866/2098/1898
f 1867/2093/1894 2092/2099/1899 2137/1819/1640 2091/2092/1893
f 1879/2100/1900 1875/2091/1892 1872/2090/1891 1876/2101/1901
f 1878/1834/1655 1875/2091/1892 1879/2100/1900 1882/2079/1880
f 2092/2099/1899 1867/2093/1894 1870/2094/1895 1873/2102/1902
f 1876/2101/1901 1859/2103/1875 1879/2100/1900
f 1919/2104/1903 1917/2105/1904 1915/2106/1905 2168/2107/1906
f 1874/1833/1654 1871/2089/1890 1875/2091/1892 1878/1834/1655
f 2093/2108/1907 1873/2102/1902 1877/1832/1653 1880/2077/1879
f 1880/2077/1879 2094/1820/1641 2137/1819/1640 2093/2108/1907
f 1873/2102/1902 2093/2108/1907 2137/1819/1640 2092/2099/1899
f 1876/2101/1901 1872/2090/1891 1866/2098/1898 1859/2103/1875
f 1880/2077/1879 1877/1832/1653 1881/1835/1656 1884/2066/1872
f 1882/2079/1880 1879/2100/1900 1883/2109/1908 1886/2080/1881
f 1899/1947/1764 1897/2110/1657 1895/1839/1660 1903/2111/1909
f 1891/2096/1897 1888/2112/1910 1892/1838/1659 1894/1837/1658
f 1879/2100/1900 1859/2103/1875 1883/2109/1908
f 1855/2113/1888 1886/2080/1881 1883/2109/1908
f 1859/2103/1875 1855/2113/1888 1883/2109/1908
f 1891/2096/1897 1887/2114/1911 1910/2115/1912 1888/2112/1910
f 1859/2071/1875 1858/2070/1874 1855/2087/1888
f 1869/2086/1887 1865/2072/1876 1866/2098/1898 1872/2090/1891
f 1870/2094/1895 1868/2088/1889 1871/2089/1890 1874/1833/1654
f 1887/2114/1911 2095/2116/1913 2138/2117/1914 2098/2118/1915
f 2095/2116/1913 1887/2114/1911 1891/2096/1897 1893/2095/1896
f 1907/2119/1916 1910/2120/1912 1887/2114/1911 2098/2118/1915
f 1892/1838/1659 1888/2112/1910 1911/2121/1917 1889/2122/1918
f 1925/2123/1919 1927/2124/1920 1913/2125/1921 1926/2126/1922
f 1935/2127/1923 1932/2128/1924 1936/2129/1925 1938/2130/1926
f 1890/2131/1927 1895/2132/1660 1892/1838/1659
f 1893/2095/1896 2096/2133/1928 2138/2117/1914 2095/2116/1913
f 2099/2134/1929 1912/2135/1930 1914/2136/1931 1916/2137/1932
f 1902/2138/1933 1899/1947/1764 1903/2111/1909
f 1904/2139/1934 1903/2111/1909 1895/1839/1660
f 2096/2133/1928 1893/2095/1896 1896/2097/1763 1898/2140/1935
f 1900/2141/1936 1898/2140/1935 1901/2142/1937
f 1898/2140/1935 1896/1946/1763 1899/1947/1764 1901/2142/1937
f 1895/1839/1660 1890/2143/1927 1904/2139/1934
f 2097/2144/1938 1900/2141/1936 1905/2145/1939 1907/2119/1916
f 2096/2133/1928 1898/2140/1935 2138/2117/1914
f 1911/2146/1917 1908/2147/1940 1906/2148/1941 1909/2149/1942
f 1900/2141/1936 1901/2142/1937 1905/2145/1939
f 1906/2148/1941 1903/2111/1909 1904/2139/1934
f 1914/2150/1931 1913/2125/1921 1915/2151/1905 1917/2105/1904
f 1905/2145/1939 1902/2138/1933 1906/2148/1941 1908/2147/1940
f 2097/2144/1938 2138/2117/1914 1898/2140/1935 1900/2141/1936
f 1907/2119/1916 2098/2118/1915 2138/2117/1914 2097/2144/1938
f 1906/2148/1941 1904/2139/1934 1890/2143/1927 1909/2149/1942
f 1914/2136/1931 1912/2135/1930 1926/2126/1922 1913/2125/1921
f 1918/2152/1943 1917/2105/1904 1919/2104/1903 1922/2153/1944
f 1902/2138/1933 1901/2142/1937 1899/1947/1764
f 1923/2154/1945 1922/2153/1944 1919/2104/1903
f 1911/2121/1917 1909/2149/1942 1890/2131/1927 1889/2122/1918
f 1924/2155/1946 1926/2126/1922 1912/2135/1930 2102/2156/1947
f 1928/2157/1948 2103/2158/1949 2140/2159/1950 2106/2160/1951
f 1915/2151/1905 1913/2125/1921 1927/2124/1920 2168/2107/1906
f 1916/2137/1932 1914/2150/1931 1917/2105/1904 1918/2152/1943
f 1921/2161/1952 1922/2153/1944 1925/2123/1919
f 1921/2161/1952 1918/2152/1943 1922/2153/1944
f 2168/2107/1906 1923/2154/1945 1919/2104/1903
f 1921/2161/1952 1920/2162/1953 1918/2152/1943
f 1947/2163/1954 1950/2164/1955 1929/2165/1956 1949/2166/1957
f 1924/2155/1946 1920/2162/1953 1921/2161/1952
f 1931/2167/1958 1929/2165/1956 1932/2128/1924 1935/2127/1923
f 1924/2155/1946 1921/2161/1952 1925/2123/1919 1926/2126/1922
f 2250/2168/1959 2172/2169/1960 2253/2170/1961 2251/2171/1962
f 1938/2130/1926 1936/2129/1925 1939/2172/1963 1942/2173/1964
f 1927/2124/1920 1925/2123/1919 1923/2154/1945 2168/2174/1906
f 3727/2175/1965 3747/2176/1966 2169/2177/1967 3725/2178/1968
f 1943/2179/1969 1941/2180/1970 1944/2181/1971 1947/2163/1954
f 1957/2082/1883 1955/2182/1972 2157/2183/1973 1959/2083/1884
f 1925/2123/1919 1922/2153/1944 1923/2154/1945
f 2250/2168/1959 2173/2184/1974 2170/2185/1975 2172/2169/1960
f 2101/2186/1976 2100/2187/1977 1920/2162/1953
f 1946/2188/1978 1949/2166/1957 1928/2157/1948 2106/2160/1951
f 1930/2189/1979 1932/2128/1924 1929/2165/1956 1950/2164/1955
f 1930/2189/1979 1950/2164/1955 1948/2190/1980 1951/2191/1981
f 1939/2172/1963 1936/2129/1925 1933/2192/1982 1951/2191/1981
f 1930/2189/1979 1951/2191/1981 1933/2192/1982
f 2104/2193/1983 1934/2194/1984 1937/2195/1985 1940/2196/1986
f 1941/2180/1970 1938/2130/1926 1942/2173/1964 1944/2181/1971
f 2107/2197/1987 1952/2198/1988 1954/2199/1989 1956/2200/1990
f 1940/2196/1986 1937/2195/1985 1941/2180/1970 1943/2179/1969
f 1944/2181/1971 1942/2173/1964 1945/2201/1991 1948/2190/1980
f 1948/2190/1980 1950/2164/1955 1947/2163/1954 1944/2181/1971
f 1934/2194/1984 2104/2193/1983 2140/2159/1950 2103/2158/1949
f 1939/2172/1963 1951/2191/1981 1948/2190/1980 1945/2201/1991
f 1946/2188/1978 1943/2179/1969 1947/2163/1954 1949/2166/1957
f 2105/2202/1992 1940/2196/1986 1943/2179/1969 1946/2188/1978
f 1997/2203/1993 1999/2204/1994 1953/2205/1995 1998/2206/1996
f 1952/2198/1988 2107/2197/1987 2141/2207/1997 2118/2208/1998
f 1960/2209/1999 1958/2081/1882 1961/2084/1885 1962/2210/2000
f 1946/2188/1978 2106/2160/1951 2140/2159/1950 2105/2202/1992
f 2005/2211/2001 2003/2212/2002 2145/2213/2003 2007/2214/2004
f 1954/2199/1989 1952/2198/1988 1998/2206/1996 1953/2205/1995
f 1937/2195/1985 1935/2127/1923 1938/2130/1926 1941/2180/1970
f 1954/2199/1989 1953/2205/1995 1955/2182/1972 1957/2082/1883
f 1940/2196/1986 2105/2202/1992 2140/2159/1950 2104/2193/1983
f 1934/2194/1984 1931/2167/1958 1935/2127/1923 1937/2195/1985
f 1956/2200/1990 1954/2199/1989 1957/2082/1883 1958/2081/1882
f 1996/2215/2005 1998/2206/1996 1952/2198/1988 2118/2208/1998
f 1955/2182/1972 1953/2205/1995 1999/2204/1994 2156/2216/2006
f 2156/2216/2006 2167/2217/2007 2157/2183/1973 1955/2182/1972
f 1956/2200/1990 2108/2218/2008 2141/2207/1997 2107/2197/1987
f 2157/2183/1973 2167/2217/2007 2158/2219/2009 1959/2083/1884
f 1999/2204/1994 2166/2220/2010 2167/2217/2007 2156/2216/2006
f 1961/2084/1885 1959/2083/1884 2158/2219/2009 1963/2221/2011
f 1965/2222/2012 1963/2221/2011 2159/2223/2013 1967/2224/2014
f 1964/2225/2015 1962/2210/2000 1965/2222/2012 1966/2226/2016
f 1962/2210/2000 1961/2084/1885 1963/2221/2011 1965/2222/2012
f 2158/2219/2009 2167/2217/2007 2159/2223/2013 1963/2221/2011
f 2109/2227/2017 1960/2209/1999 1962/2210/2000 1964/2225/2015
f 1966/2226/2016 1965/2222/2012 1967/2224/2014 1969/2228/2018
f 1968/2229/2019 1966/2226/2016 1969/2228/2018 1970/2230/2020
f 1969/2228/2018 1967/2224/2014 2160/2231/2021 1971/2232/2022
f 2110/2233/2023 1964/2225/2015 1966/2226/2016 1968/2229/2019
f 2159/2223/2013 2167/2234/2007 2160/2231/2021 1967/2224/2014
f 1973/2235/2024 1971/2232/2022 2161/2236/2025 1975/2237/2026
f 1972/2238/2027 1970/2230/2020 1973/2235/2024 1974/2239/2028
f 1970/2230/2020 1969/2228/2018 1971/2232/2022 1973/2235/2024
f 1984/2240/2029 1982/2241/2030 1985/2242/2031 1986/2243/2032
f 2160/2231/2021 2167/2234/2007 2161/2236/2025 1971/2232/2022
f 2111/2244/2033 1968/2229/2019 1970/2230/2020 1972/2238/2027
f 1974/2239/2028 1973/2235/2024 1975/2237/2026 1978/2245/2034
f 2161/2236/2025 2167/2234/2007 1975/2237/2026
f 1977/2246/2035 1976/2247/2036 1974/2239/2028
f 1979/2248/2037 1978/2245/2034 1975/2237/2026
f 1982/2241/2030 1981/2249/2038 1983/2250/2039 1985/2242/2031
f 2112/2251/2040 1972/2238/2027 1974/2239/2028 1976/2247/2036
f 2113/2252/2041 1976/2247/2036 1980/2253/2042
f 1980/2253/2042 1976/2247/2036 1977/2246/2035
f 1981/2249/2038 1978/2245/2034 1979/2248/2037
f 1980/2253/2042 1977/2246/2035 1981/2249/2038 1982/2241/2030
f 1977/2246/2035 1978/2245/2034 1981/2249/2038
f 1979/2248/2037 1975/2237/2026 2167/2234/2007 2162/2254/2043
f 2163/2255/2044 2167/2234/2007 2164/2256/2045 1987/2257/2046
f 1989/2258/2047 1987/2257/2046 2164/2256/2045 1991/2259/2048
f 1986/2243/2032 1985/2242/2031 1987/2257/2046 1989/2258/2047
f 2162/2254/2043 2167/2234/2007 2163/2255/2044 1983/2250/2039
f 2114/2260/2049 1980/2253/2042 1982/2241/2030 1984/2240/2029
f 1980/2253/2042 2114/2260/2049 2141/2207/1997 2113/2252/2041
f 1984/2240/2029 2115/2261/2050 2141/2207/1997 2114/2260/2049
f 1988/2262/2051 1986/2243/2032 1989/2258/2047 1990/2263/2052
f 2115/2261/2050 1984/2240/2029 1986/2243/2032 1988/2262/2051
f 1993/2264/2053 1991/2259/2048 2165/2265/2054 1995/2266/2055
f 1994/2267/2056 1993/2264/2053 1995/2266/2055 1997/2203/1993
f 2165/2265/2054 2167/2217/2007 2166/2220/2010 1995/2266/2055
f 1997/2203/1993 1995/2266/2055 2166/2220/2010 1999/2204/1994
f 1992/2268/2057 1990/2263/2052 1993/2264/2053 1994/2267/2056
f 2164/2256/2045 2167/2217/2007 2165/2265/2054 1991/2259/2048
f 2116/2269/2058 1988/2262/2051 1990/2263/2052 1992/2268/2057
f 1988/2262/2051 2116/2269/2058 2141/2207/1997 2115/2261/2050
f 2178/2270/2059 2174/2271/2060 2189/2272/2061 2179/2273/2062
f 1992/2268/2057 2117/2274/2063 2141/2207/1997 2116/2269/2058
f 1996/2215/2005 1994/2267/2056 1997/2203/1993 1998/2206/1996
f 2117/2274/2063 1992/2268/2057 1994/2267/2056 1996/2215/2005
f 2004/2275/2064 2002/2276/2065 2005/2211/2001 2006/2277/2066
f 2045/2278/2067 2047/2279/2068 2001/2280/2069 2046/2281/2070
f 2173/2184/1974 3725/2178/1968 2169/2177/1967 2170/2185/1975
f 2000/2282/2071 2119/2283/2072 2142/2284/2073 2130/2285/2074
f 2193/2286/2075 2169/2177/1967 3747/2176/1966 2194/2287/2076
f 1996/2215/2005 2118/2208/1998 2141/2207/1997 2117/2274/2063
f 2108/2218/2008 1956/2200/1990 1958/2081/1882 1960/2209/1999
f 1964/2225/2015 2110/2233/2023 2141/2207/1997 2109/2227/2017
f 2146/2288/2077 2155/2289/2078 2147/2290/2079 2011/2291/2080
f 2003/2212/2002 2001/2280/2069 2047/2279/2068 2144/2292/2081
f 2048/2293/2082 2131/2294/2083 2143/2295/2084 2136/2296/2085
f 2008/2297/2086 2006/2277/2066 2009/2298/2087 2010/2299/2088
f 2013/2300/2089 2011/2291/2080 2147/2290/2079 2015/2301/2090
f 2145/2213/2003 2155/2289/2078 2146/2288/2077 2007/2214/2004
f 2009/2298/2087 2007/2214/2004 2146/2288/2077 2011/2291/2080
f 2004/2275/2064 2120/2302/2091 2142/2284/2073 2119/2283/2072
f 2012/2303/2092 2010/2299/2088 2013/2300/2089 2014/2304/2093
f 2121/2305/2094 2008/2297/2086 2010/2299/2088 2012/2303/2092
f 2017/2306/2095 2015/2301/2090 2148/2307/2096 2019/2308/2097
f 2018/2309/2098 2017/2306/2095 2019/2308/2097 2021/2310/2099
f 2148/2307/2096 2155/2311/2078 2149/2312/2100 2019/2308/2097
f 2021/2310/2099 2019/2308/2097 2149/2312/2100 2023/2313/2101
f 2016/2314/2102 2014/2304/2093 2017/2315/2095 2018/2309/2098
f 2147/2290/2079 2155/2289/2078 2148/2307/2096 2015/2301/2090
f 2122/2316/2103 2012/2303/2092 2014/2304/2093 2016/2317/2102
f 2012/2303/2092 2122/2316/2103 2142/2284/2073 2121/2305/2094
f 2020/2318/2104 2018/2309/2098 2021/2310/2099 2022/2319/2105
f 2123/2320/2106 2016/2314/2102 2018/2309/2098 2020/2318/2104
f 2027/2321/2107 2026/2322/2108 2023/2313/2101
f 2025/2323/2109 2026/2322/2108 2029/2324/2110
f 2032/2325/2111 2030/2326/2112 2033/2327/2113 2034/2328/2114
f 2025/2323/2109 2022/2319/2105 2026/2322/2108
f 2027/2321/2107 2023/2313/2101 2155/2311/2078 2150/2329/2115
f 2028/2330/2116 2024/2331/2117 2025/2323/2109
f 2025/2323/2109 2024/2331/2117 2022/2319/2105
f 2124/2332/2118 2020/2318/2104 2022/2319/2105 2024/2331/2117
f 2029/2324/2110 2027/2321/2107 2150/2329/2115 2031/2333/2119
f 2020/2318/2104 2124/2332/2118 2142/2284/2073 2123/2320/2106
f 2029/2324/2110 2026/2322/2108 2027/2321/2107
f 2149/2312/2100 2155/2311/2078 2023/2313/2101
f 2028/2330/2116 2025/2323/2109 2029/2324/2110 2030/2326/2112
f 2034/2328/2114 2033/2327/2113 2035/2334/2120 2037/2335/2121
f 2033/2327/2113 2031/2333/2119 2151/2336/2122 2035/2334/2120
f 2150/2329/2115 2155/2311/2078 2151/2336/2122 2031/2333/2119
f 2126/2337/2123 2028/2330/2116 2030/2326/2112 2032/2325/2111
f 2036/2338/2124 2034/2328/2114 2037/2335/2121 2038/2339/2125
f 2037/2335/2121 2035/2334/2120 2152/2340/2126 2039/2341/2127
f 2127/2342/2128 2032/2325/2111 2034/2328/2114 2036/2338/2124
f 2151/2336/2122 2155/2311/2078 2152/2340/2126 2035/2334/2120
f 2041/2343/2129 2039/2341/2127 2153/2344/2130 2043/2345/2131
f 2040/2346/2132 2038/2339/2125 2041/2343/2129 2042/2347/2133
f 2038/2339/2125 2037/2335/2121 2039/2341/2127 2041/2343/2129
f 2152/2340/2126 2155/2311/2078 2153/2344/2130 2039/2341/2127
f 2128/2348/2134 2036/2338/2124 2038/2339/2125 2040/2346/2132
f 2042/2347/2133 2041/2343/2129 2043/2345/2131 2045/2278/2067
f 2044/2349/2135 2042/2347/2133 2045/2278/2067 2046/2281/2070
f 2045/2278/2067 2043/2345/2131 2154/2350/2136 2047/2279/2068
f 2129/2351/2137 2040/2346/2132 2042/2347/2133 2044/2349/2135
f 2153/2344/2130 2155/2289/2078 2154/2350/2136 2043/2345/2131
f 2054/2352/2138 2057/2353/2139 2053/2354/2140 2049/2355/2141
f 2084/2356/2142 2088/2357/2143 2049/2355/2141 2087/2358/2144
f 2085/2359/2145 2086/2360/2146 2089/2361/2147
f 2064/2362/2148 2060/2363/2149 2065/2364/2150 2068/2365/2151
f 2144/2292/2081 2155/2289/2078 2145/2213/2003 2003/2212/2002
f 2010/2299/2088 2009/2298/2087 2011/2291/2080 2013/2300/2089
f 2083/2366/2152 2087/2358/2144 2048/2293/2082 2136/2296/2085
f 2054/2352/2138 2049/2355/2141 2088/2367/2143 2050/2368/2153
f 2066/2369/2154 2065/2364/2150 2061/2370/2155
f 2059/2371/2156 2057/2353/2139 2060/2363/2149 2064/2362/2148
f 2050/2368/2153 2089/2361/2147 2051/2372/2157 2055/2373/2158
f 2056/2374/2159 2132/2375/2160 2143/2295/2084 2131/2294/2083
f 2133/2376/2161 2063/2377/2162 2067/2378/2163 2070/2379/2164
f 2061/2370/2155 2058/2380/2165 2055/2373/2158 2052/2381/2166
f 2057/2353/2139 2054/2352/2138 2058/2380/2165 2060/2363/2149
f 2056/2374/2159 2053/2354/2140 2057/2353/2139 2059/2371/2156
f 2068/2365/2151 2065/2364/2150 2069/2382/2167 2072/2383/2168
f 2132/2375/2160 2056/2374/2159 2059/2371/2156 2063/2377/2162
f 2065/2364/2150 2066/2384/2154 2069/2382/2167
f 2052/2381/2166 2062/2385/2169 2061/2370/2155
f 2062/2385/2169 2066/2369/2154 2061/2370/2155
f 2071/2386/2170 2068/2365/2151 2072/2383/2168 2075/2387/2171
f 2063/2377/2162 2059/2371/2156 2064/2362/2148 2067/2378/2163
f 2075/2387/2171 2072/2383/2168 2076/2388/2172 2079/2389/2173
f 2070/2379/2164 2067/2378/2163 2071/2386/2170 2074/2390/2174
f 2063/2377/2162 2133/2376/2161 2143/2295/2084 2132/2375/2160
f 2076/2388/2172 2062/2391/2169 2052/2392/2166
f 2134/2393/2175 2070/2379/2164 2074/2390/2174 2077/2394/2176
f 2072/2383/2168 2069/2382/2167 2073/2395/2177
f 2070/2379/2164 2134/2393/2175 2143/2295/2084 2133/2376/2161
f 2066/2384/2154 2073/2395/2177 2069/2382/2167
f 2076/2388/2172 2052/2392/2166 2082/2396/2178 2079/2389/2173
f 2073/2395/2177 2076/2388/2172 2072/2383/2168
f 2086/2360/2146 2085/2359/2145 2082/2396/2178
f 2081/2397/2179 2079/2389/2173 2082/2396/2178 2085/2359/2145
f 2074/2390/2174 2071/2386/2170 2075/2387/2171 2078/2398/2180
f 2080/2399/2181 2078/2398/2180 2081/2397/2179 2084/2356/2142
f 2066/2384/2154 2062/2391/2169 2073/2395/2177
f 2077/2394/2176 2074/2390/2174 2078/2398/2180 2080/2399/2181
f 2073/2395/2177 2062/2391/2169 2076/2388/2172
f 2135/2400/2182 2077/2394/2176 2080/2399/2181 2083/2366/2152
f 2077/2394/2176 2135/2400/2182 2143/2295/2084 2134/2393/2175
f 2084/2356/2142 2081/2397/2179 2085/2359/2145 2088/2357/2143
f 2083/2366/2152 2136/2296/2085 2143/2295/2084 2135/2400/2182
f 2052/2392/2166 2051/2401/2157 2086/2360/2146
f 2052/2392/2166 2086/2360/2146 2082/2396/2178
f 3725/2178/1968 2173/2184/1974 3803/2402/2183 3726/2403/2184
f 2053/2354/2140 2048/2404/2082 2087/2358/2144 2049/2355/2141
f 2051/2401/2157 2089/2405/2147 2086/2360/2146
f 2067/2378/2163 2064/2362/2148 2068/2365/2151 2071/2386/2170
f 1873/2102/1902 1870/2094/1895 1874/1833/1654 1877/1832/1653
f 1881/1835/1656 1878/1834/1655 1882/2079/1880 1885/2075/1877
f 1908/2147/1940 1911/2146/1917 1888/2112/1910 1910/2115/1912
f 1903/2111/1909 1906/2148/1941 1902/2138/1933
f 1905/2145/1939 1901/2142/1937 1902/2138/1933
f 1907/2119/1916 1905/2145/1939 1908/2147/1940 1910/2120/1912
f 1912/2135/1930 2099/2134/1929 2139/2406/2185 2102/2156/1947
f 2258/2407/2186 2446/2408/2187 2251/2171/1962 2257/2409/2188
f 2060/2363/2149 2058/2380/2165 2061/2370/2155 2065/2364/2150
f 1931/2167/1958 1928/2157/1948 1949/2166/1957 1929/2165/1956
f 1942/2173/1964 1939/2172/1963 1945/2201/1991
f 1977/2246/2035 1974/2239/2028 1978/2245/2034
f 1985/2242/2031 1983/2250/2039 2163/2255/2044 1987/2257/2046
f 2113/2252/2041 2112/2251/2040 1976/2247/2036
f 1990/2263/2052 1989/2258/2047 1991/2259/2048 1993/2264/2053
f 2002/2276/2065 2001/2280/2069 2003/2212/2002 2005/2211/2001
f 2006/2277/2066 2005/2211/2001 2007/2214/2004 2009/2298/2087
f 2044/2349/2135 2046/2281/2070 2000/2282/2071 2130/2285/2074
f 2014/2304/2093 2013/2300/2089 2015/2301/2090 2017/2315/2095
f 2022/2319/2105 2021/2310/2099 2023/2313/2101 2026/2322/2108
f 2030/2326/2112 2029/2324/2110 2031/2333/2119 2033/2327/2113
f 2125/2410/2189 2124/2332/2118 2024/2331/2117
f 2002/2276/2065 2000/2282/2071 2046/2281/2070 2001/2280/2069
f 2078/2398/2180 2075/2387/2171 2079/2389/2173 2081/2397/2179
f 2087/2358/2144 2083/2366/2152 2080/2399/2181 2084/2356/2142
f 1890/2131/1927 1892/1838/1659 1889/2122/1918
f 1933/2192/1982 1936/2129/1925 1932/2128/1924 1930/2189/1979
f 2054/2352/2138 2050/2368/2153 2055/2373/2158 2058/2380/2165
f 2085/2359/2145 2089/2361/2147 2050/2368/2153 2088/2367/2143
f 2047/2279/2068 2154/2350/2136 2155/2289/2078 2144/2292/2081
f 2052/2381/2166 2055/2373/2158 2051/2372/2157
f 2120/2302/2091 2004/2275/2064 2006/2277/2066 2008/2297/2086
f 2008/2297/2086 2121/2305/2094 2142/2284/2073 2120/2302/2091
f 2016/2317/2102 2123/2320/2106 2142/2284/2073 2122/2316/2103
f 2125/2410/2189 2024/2331/2117 2028/2330/2116
f 2125/2410/2189 2142/2284/2073 2124/2332/2118
f 2028/2330/2116 2126/2337/2123 2142/2284/2073 2125/2410/2189
f 2032/2325/2111 2127/2342/2128 2142/2284/2073 2126/2337/2123
f 2036/2338/2124 2128/2348/2134 2142/2284/2073 2127/2342/2128
f 2040/2346/2132 2129/2351/2137 2142/2284/2073 2128/2348/2134
f 2044/2349/2135 2130/2285/2074 2142/2284/2073 2129/2351/2137
f 2131/2294/2083 2048/2404/2082 2053/2354/2140 2056/2374/2159
f 1972/2238/2027 2112/2251/2040 2141/2207/1997 2111/2244/2033
f 1981/2249/2038 1979/2248/2037 2162/2254/2043 1983/2250/2039
f 2119/2283/2072 2000/2282/2071 2002/2276/2065 2004/2275/2064
f 2175/2411/2190 2172/2169/1960 2170/2185/1975 2171/2412/2191
f 1960/2209/1999 2109/2227/2017 2141/2207/1997 2108/2218/2008
f 1968/2229/2019 2111/2244/2033 2141/2207/1997 2110/2233/2023
f 2113/2252/2041 2141/2207/1997 2112/2251/2040
f 1916/2137/1932 2100/2187/1977 2139/2406/2185 2099/2134/1929
f 2100/2187/1977 1916/2137/1932 1918/2152/1943 1920/2162/1953
f 2101/2186/1976 1920/2162/1953 1924/2155/1946
f 2101/2186/1976 2139/2406/2185 2100/2187/1977
f 1924/2155/1946 2102/2156/1947 2139/2406/2185 2101/2186/1976
f 2103/2158/1949 1928/2157/1948 1931/2167/1958 1934/2194/1984
f 2402/2413/2192 2403/2414/2193 2204/2415/2194 2401/2416/2195
f 4023/2417/2196 3958/2418/2197 3956/2419/2198 3957/2420/2199
f 2170/2185/1975 2169/2177/1967 2193/2286/2075 2171/2412/2191
f 2208/2421/2200 2183/2422/2201 2181/2423/2202 2182/2424/2203
f 2253/2170/1961 2172/2169/1960 2175/2411/2190 2176/2425/2204
f 2171/2412/2191 2191/2426/2205 2174/2271/2060 2175/2411/2190
f 2565/2427/2206 2197/2428/2207 2567/2429/2208 2566/2430/2209
f 2193/2286/2075 2192/2431/2210 2191/2426/2205 2171/2412/2191
f 2179/2273/2062 2184/2432/2211 2177/2433/2212 2178/2270/2059
f 2175/2411/2190 2174/2271/2060 2178/2270/2059 2176/2425/2204
f 2197/2428/2207 2565/2427/2206 2198/2434/2213 2199/2435/2214
f 2187/2436/2215 2179/2273/2062 2189/2272/2061 2188/2437/2216
f 2177/2433/2212 2184/2432/2211 2180/2438/2217 2181/2423/2202
f 2561/2439/2218 2560/2440/2219 2559/2441/2220 2202/2442/2221
f 2567/2429/2208 2568/2443/2222 3687/2444/2223 2566/2430/2209
f 3999/2445/2224 3998/2446/2225 4003/2447/2226 4000/2448/2227
f 2222/2449/2228 2180/2438/2217 2184/2432/2211 2185/2450/2229
f 2247/2451/2230 2176/2425/2204 2178/2270/2059 2177/2433/2212
f 2189/2272/2061 2174/2271/2060 2191/2426/2205 2190/2452/2231
f 2617/2453/2232 2575/2454/2233 2636/2455/2234 2618/2456/2235
f 2181/2423/2202 2180/2438/2217 2228/2457/2236 2182/2424/2203
f 2202/2442/2221 2559/2441/2220 2226/2458/2237 2227/2459/2238
f 2188/2437/2216 2203/2460/2239 2186/2461/2240 2187/2436/2215
f 4115/2462/2241 4116/2463/2242 4177/2464/2243 4117/2465/2244
f 2674/2466/2245 2673/2467/2246 2659/2468/2247 2678/2469/2248
f 2448/2470/2249 2260/2471/2250 2261/2472/2251 2255/2473/2252
f 2247/2451/2230 2177/2433/2212 2181/2423/2202 2183/2422/2201
f 2555/2474/2253 2226/2458/2237 2559/2441/2220 2556/2475/2254
f 2187/2436/2215 2186/2461/2240 2225/2476/2255 2185/2450/2229
f 2694/2477/2256 2707/2478/2257 2692/2479/2258 2693/2480/2259
f 2194/2287/2076 3748/2481/2260 2195/2482/2261 2196/2483/2262
f 2192/2431/2210 2199/2435/2214 2190/2452/2231 2191/2426/2205
f 2209/2484/2263 2248/2485/2264 2183/2422/2201 2208/2421/2200
f 2218/2486/2265 2239/2487/2266 2236/2488/2267 2237/2489/2268
f 3749/2490/2269 4114/2491/2270 2195/2482/2261 3748/2481/2260
f 2194/2287/2076 2196/2483/2262 2192/2431/2210 2193/2286/2075
f 2567/2429/2208 2195/2482/2261 4114/2491/2270 2568/2492/2222
f 3742/2493/2271 3755/2494/2272 3752/2495/2273 3753/2496/2274
f 2184/2432/2211 2179/2273/2062 2187/2436/2215 2185/2450/2229
f 2199/2435/2214 2192/2431/2210 2196/2483/2262 2197/2428/2207
f 2254/2497/2275 2249/2498/2276 2444/2499/2277 2255/2473/2252
f 2261/2472/2251 2256/2500/2278 2254/2497/2275 2255/2473/2252
f 3730/2501/2279 3732/2502/2280 3728/2503/2281 3729/2504/2282
f 2198/2434/2213 2563/2505/2283 2200/2506/2284 2201/2507/2285
f 2200/2506/2284 2561/2439/2218 2202/2442/2221 2203/2460/2239
f 2567/2429/2208 2197/2428/2207 2196/2483/2262 2195/2482/2261
f 2565/2427/2206 2564/2508/2286 2563/2505/2283 2198/2434/2213
f 2199/2435/2214 2198/2434/2213 2201/2507/2285 2190/2452/2231
f 2395/2509/2287 2216/2510/2288 2215/2511/2289 2213/2512/2290
f 2208/2421/2200 2204/2415/2194 2403/2414/2193 2209/2484/2263
f 2201/2507/2285 2200/2506/2284 2203/2460/2239 2188/2437/2216
f 2228/2457/2236 2206/2513/2291 2205/2514/2292 2182/2424/2203
f 2207/2515/2293 2401/2416/2195 2204/2415/2194 2205/2514/2292
f 2219/2516/2294 2207/2515/2293 2205/2514/2292 2206/2513/2291
f 2203/2460/2239 2202/2442/2221 2227/2459/2238 2186/2461/2240
f 2635/2517/2295 2636/2455/2234 2573/2518/2296 2634/2519/2297
f 2205/2514/2292 2204/2415/2194 2208/2421/2200 2182/2424/2203
f 2393/2520/2298 2213/2512/2290 2211/2521/2299 2212/2522/2300
f 2186/2461/2240 2227/2459/2238 2224/2523/2301 2225/2476/2255
f 2405/2524/2302 2249/2498/2276 2248/2485/2264 2209/2484/2263
f 2398/2525/2303 2399/2526/2304 2220/2527/2305 2397/2528/2306
f 2569/2529/2307 2457/2530/2308 2455/2531/2309 2456/2532/2310
f 2190/2452/2231 2201/2507/2285 2188/2437/2216 2189/2272/2061
f 2214/2533/2311 2232/2534/2312 2210/2535/2313 2211/2521/2299
f 2217/2536/2314 2235/2537/2315 2214/2533/2311 2215/2511/2289
f 2211/2521/2299 2210/2535/2313 2340/2538/2316 2212/2522/2300
f 2206/2513/2291 2229/2539/2317 2218/2486/2265 2219/2516/2294
f 2546/2540/2318 2550/2541/2319 2341/2542/2320 2544/2543/2321
f 2218/2486/2265 2237/2489/2268 2217/2536/2314 2230/2544/2322
f 2230/2544/2322 2217/2536/2314 2215/2511/2289 2216/2510/2288
f 2443/2545/2323 2339/2546/2324 2699/2547/2325 2440/2548/2326
f 2223/2549/2327 2241/2550/2328 2238/2551/2329 2239/2487/2266
f 2396/2552/2330 2397/2528/2306 2216/2510/2288 2395/2509/2287
f 2393/2520/2298 2392/2553/2331 2455/2531/2309 2394/2554/2332
f 2400/2555/2333 2401/2416/2195 2207/2515/2293 2399/2526/2304
f 2399/2526/2304 2207/2515/2293 2219/2516/2294 2220/2527/2305
f 2223/2549/2327 2239/2487/2266 2218/2486/2265 2229/2539/2317
f 2222/2449/2228 2223/2549/2327 2228/2457/2236 2180/2438/2217
f 2219/2516/2294 2218/2486/2265 2230/2544/2322 2220/2527/2305
f 2217/2536/2314 2237/2489/2268 2234/2556/2334 2235/2537/2315
f 2716/2557/2335 2717/2558/2336 2336/2559/2337 2714/2560/2338
f 3686/2561/2339 2264/2562/2340 5171/2563/2341 2173/2184/1974
f 2222/2449/2228 2221/2564/2342 2241/2550/2328 2223/2549/2327
f 2221/2564/2342 2243/2565/2343 2240/2566/2344 2241/2550/2328
f 2225/2476/2255 2224/2523/2301 2243/2565/2343 2221/2564/2342
f 2224/2523/2301 2245/2567/2345 2242/2568/2346 2243/2565/2343
f 2227/2459/2238 2226/2458/2237 2245/2567/2345 2224/2523/2301
f 2566/2430/2209 2688/2569/2347 2564/2508/2286 2565/2427/2206
f 2214/2533/2311 2235/2537/2315 2231/2570/2348 2232/2534/2312
f 2337/2571/2349 2233/2572/2350 2360/2573/2351 2338/2574/2352
f 2232/2534/2312 2231/2570/2348 2358/2575/2353 2233/2572/2350
f 2230/2544/2322 2216/2510/2288 2397/2528/2306 2220/2527/2305
f 2235/2537/2315 2234/2556/2334 2356/2576/2354 2231/2570/2348
f 2532/2577/2355 2548/2578/2356 2540/2579/2357 2541/2580/2358
f 2232/2534/2312 2233/2572/2350 2337/2571/2349 2210/2535/2313
f 2349/2581/2359 2370/2582/2360 2351/2583/2361 2352/2584/2362
f 2185/2450/2229 2225/2476/2255 2221/2564/2342 2222/2449/2228
f 2237/2489/2268 2236/2488/2267 2354/2585/2363 2234/2556/2334
f 2244/2586/2364 2378/2587/2365 2373/2588/2366 2374/2589/2367
f 2336/2559/2337 2701/2590/2368 2339/2546/2324 2340/2538/2316
f 2239/2487/2266 2238/2551/2329 2352/2584/2362 2236/2488/2267
f 3686/2561/2339 2173/2184/1974 2250/2168/1959 2252/2591/2369
f 2241/2550/2328 2240/2566/2344 2350/2592/2370 2238/2551/2329
f 2243/2565/2343 2242/2568/2346 2347/2593/2371 2240/2566/2344
f 2397/2528/2306 2396/2552/2330 2460/2594/2372 2398/2525/2303
f 3478/2595/2373 2361/2596/2374 2381/2597/2375 2382/2598/2376
f 2256/2500/2278 2257/2409/2188 2246/2599/2377 2254/2497/2275
f 2245/2567/2345 2244/2586/2364 2374/2589/2367 2242/2568/2346
f 2446/2408/2187 2258/2407/2186 2453/2600/2378 2447/2601/2379
f 2183/2422/2201 2248/2485/2264 2246/2599/2377 2247/2451/2230
f 2406/2602/2380 2444/2499/2277 2249/2498/2276 2405/2524/2302
f 2247/2451/2230 2246/2599/2377 2253/2170/1961 2176/2425/2204
f 2563/2505/2283 2562/2603/2381 2561/2439/2218 2200/2506/2284
f 2447/2601/2379 2472/2604/2382 2408/2605/2383 2446/2408/2187
f 2619/2606/2384 2584/2607/2385 2621/2608/2386 2620/2609/2387
f 2409/2610/2388 2410/2611/2389 2252/2591/2369 2407/2612/2390
f 2215/2511/2289 2214/2533/2311 2211/2521/2299 2213/2512/2290
f 2475/2613/2391 2476/2614/2392 2409/2610/2388 2474/2615/2393
f 2257/2409/2188 2256/2500/2278 2259/2616/2394 2258/2407/2186
f 2249/2498/2276 2254/2497/2275 2246/2599/2377 2248/2485/2264
f 2638/2617/2395 2639/2618/2396 2580/2619/2397 2637/2620/2398
f 2266/2621/2399 2267/2622/2400 2262/2623/2401 2263/2624/2402
f 2246/2599/2377 2257/2409/2188 2251/2171/1962 2253/2170/1961
f 2445/2625/2403 2448/2470/2249 2255/2473/2252 2444/2499/2277
f 2260/2471/2250 2453/2600/2378 2258/2407/2186 2259/2616/2394
f 2259/2616/2394 2256/2500/2278 2261/2472/2251 2260/2471/2250
f 2269/2626/2404 3817/2627/2405 2262/2623/2401 2267/2622/2400
f 2569/2529/2307 2456/2628/2310 2576/2629/2406 2570/2630/2407
f 2510/2631/2408 2266/2621/2399 2412/2632/2409 2276/2633/2410
f 2415/2634/2411 2413/2635/2412 2480/2636/2413 2416/2637/2414
f 2481/2638/2415 2482/2639/2416 2416/2637/2414 2480/2636/2413
f 4059/2640/2417 3815/2641/2418 3817/2627/2405 3818/2642/2419
f 2263/2624/2402 2262/2623/2401 3814/2643/2420 2264/2562/2340
f 4063/2644/2421 3818/2642/2419 3817/2627/2405 2269/2626/2404
f 4072/2645/2422 4094/2646/2423 4069/2647/2424 4070/2648/2425
f 2274/2649/2426 2511/2650/2427 2268/2651/2428 2510/2631/2408
f 2274/2649/2426 2275/2652/2429 2270/2653/2430 2271/2654/2431
f 2267/2622/2400 2266/2621/2399 2510/2631/2408 2268/2651/2428
f 3380/2655/2432 2273/2656/2433 2271/2654/2431 2272/2657/2434
f 3356/2658/2435 3350/2659/2436 3708/2660/2437 3357/2661/2438
f 3379/2662/2439 2512/2663/2440 2511/2650/2427 2273/2656/2433
f 2622/2664/2441 2592/2665/2442 2624/2666/2443 2623/2667/2444
f 2531/2668/2445 2383/2669/2446 2527/2670/2447 2528/2671/2448
f 4985/2672/2449 4071/2673/2450 4070/2648/2425 3931/2674/2451
f 2271/2654/2431 2270/2653/2430 2418/2675/2452 2272/2657/2434
f 3401/2676/2453 3397/2677/2454 3398/2678/2455 3378/2679/2456
f 2511/2650/2427 2274/2649/2426 2271/2654/2431 2273/2656/2433
f 2415/2634/2411 2270/2653/2430 2275/2652/2429 2276/2633/2410
f 2513/2680/2457 2520/2681/2458 2517/2682/2459 2518/2683/2460
f 2416/2637/2414 2418/2675/2452 2270/2653/2430 2415/2634/2411
f 2284/2684/2461 2299/2685/2462 2281/2686/2463 2282/2687/2464
f 2281/2686/2463 2300/2688/2465 2277/2689/2466 2278/2690/2467
f 2282/2687/2464 2281/2686/2463 2278/2690/2467 2280/2691/2468
f 2278/2690/2467 2277/2689/2466 3403/2692/2469 2279/2693/2470
f 2296/2694/2471 2284/2684/2461 2282/2687/2464 2283/2695/2472
f 2314/2696/2473 2315/2697/2474 2297/2698/2475 2313/2699/2476
f 2692/2479/2258 2705/2700/2477 2292/2701/2478 2691/2702/2479
f 3406/2703/2480 3397/2677/2454 3400/2704/2481 2279/2693/2470
f 2489/2705/2482 2490/2706/2483 2425/2707/2484 2488/2708/2485
f 2289/2709/2486 2719/2710/2487 2285/2711/2488 2286/2712/2489
f 2506/2713/2490 2288/2714/2491 2286/2712/2489 2287/2715/2492
f 2726/2716/2493 2703/2717/2494 2728/2718/2495 2727/2719/2496
f 2302/2720/2497 2289/2709/2486 2286/2712/2489 2288/2714/2491
f 2286/2712/2489 2285/2711/2488 3005/2721/2498 2287/2715/2492
f 2310/2722/2499 2311/2723/2500 2293/2724/2501 2308/2725/2502
f 2301/2726/2503 2304/2727/2504 2289/2709/2486 2302/2720/2497
f 2326/2728/2505 2309/2729/2506 2722/2730/2507 2323/2731/2508
f 3007/2732/2509 2507/2733/2510 2506/2713/2490 2287/2715/2492
f 2693/2480/2259 2434/2734/2511 2695/2735/2512 2694/2477/2256
f 2491/2736/2513 2492/2737/2514 2427/2738/2515 2490/2706/2483
f 2312/2739/2516 2313/2699/2476 2290/2740/2517 2311/2723/2500
f 2430/2741/2518 2432/2742/2519 2295/2743/2520 2429/2744/2521
f 2294/2745/2522 2292/2701/2478 2291/2746/2523 2290/2740/2517
f 2313/2699/2476 2297/2698/2475 2296/2694/2471 2290/2740/2517
f 2290/2740/2517 2296/2694/2471 2283/2695/2472 2294/2745/2522
f 2318/2747/2524 2319/2748/2525 2301/2726/2503 2317/2749/2526
f 2698/2750/2527 2713/2751/2528 2710/2752/2529 2711/2753/2530
f 2429/2744/2521 2295/2743/2520 2294/2745/2522 2283/2695/2472
f 2302/2720/2497 2288/2714/2491 2509/2754/2531 2277/2689/2466
f 2299/2685/2462 2298/2755/2532 2300/2688/2465 2281/2686/2463
f 2703/2717/2494 2721/2756/2533 2307/2757/2534 2702/2758/2535
f 2691/2702/2479 2292/2701/2478 2294/2745/2522 2295/2743/2520
f 2706/2759/2536 2731/2760/2537 2729/2761/2538 2730/2762/2539
f 2689/2763/2540 2293/2724/2501 2291/2746/2523 2292/2701/2478
f 2297/2698/2475 2299/2685/2462 2284/2684/2461 2296/2694/2471
f 2705/2700/2477 2690/2764/2541 2689/2763/2540 2292/2701/2478
f 2725/2765/2542 2738/2766/2543 2723/2767/2544 2724/2768/2545
f 2338/2574/2352 2714/2560/2338 2336/2559/2337 2337/2571/2349
f 2301/2726/2503 2319/2748/2525 2303/2769/2546 2304/2727/2504
f 2721/2756/2533 2289/2709/2486 2306/2770/2547 2307/2757/2534
f 2308/2725/2502 2309/2729/2506 2326/2728/2505 2310/2722/2499
f 2322/2771/2548 2324/2772/2549 2305/2773/2550 2321/2774/2551
f 2304/2727/2504 2303/2769/2546 2306/2770/2547 2289/2709/2486
f 2303/2769/2546 2321/2774/2551 2305/2773/2550 2306/2770/2547
f 2306/2770/2547 2305/2773/2550 2702/2758/2535 2307/2757/2534
f 2328/2775/2552 2332/2776/2553 2312/2739/2516 2330/2777/2554
f 2311/2723/2500 2310/2722/2499 2330/2777/2554 2312/2739/2516
f 2308/2725/2502 2293/2724/2501 2689/2763/2540 2309/2729/2506
f 2313/2699/2476 2312/2739/2516 2332/2776/2553 2314/2696/2473
f 2297/2698/2475 2315/2697/2474 2298/2755/2532 2299/2685/2462
f 2328/2775/2552 2334/2778/2555 2318/2747/2524 2333/2779/2556
f 2315/2697/2474 2314/2696/2473 2327/2780/2557 2316/2781/2558
f 3375/2782/2559 3357/2661/2438 3708/2660/2437 3376/2783/2560
f 2328/2775/2552 2335/2784/2561 2320/2785/2562 2334/2778/2555
f 2317/2749/2526 2316/2781/2558 2333/2779/2556 2318/2747/2524
f 2319/2748/2525 2318/2747/2524 2334/2778/2555 2320/2785/2562
f 2324/2772/2549 2322/2771/2548 2329/2786/2563 2325/2787/2564
f 2331/2788/2565 2325/2787/2564 2329/2786/2563 2328/2775/2552
f 2321/2774/2551 2320/2785/2562 2335/2784/2561 2322/2771/2548
f 2737/2789/2566 3070/2790/2567 2733/2791/2568 2734/2792/2569
f 2690/2764/2541 2722/2730/2507 2309/2729/2506 2689/2763/2540
f 2702/2758/2535 2323/2731/2508 2722/2730/2507 2703/2717/2494
f 2335/2784/2561 2328/2775/2552 2329/2786/2563 2322/2771/2548
f 2760/2793/2570 2716/2557/2335 2714/2560/2338 2715/2794/2571
f 2325/2787/2564 2326/2728/2505 2323/2731/2508 2324/2772/2549
f 3469/2795/2572 2715/2794/2571 2714/2560/2338 2338/2574/2352
f 2324/2772/2549 2323/2731/2508 2702/2758/2535 2305/2773/2550
f 2771/2796/2573 2344/2797/2574 2342/2798/2575 2343/2799/2576
f 2392/2553/2331 2393/2520/2298 2212/2522/2300 2390/2800/2577
f 3430/2801/2578 3462/2802/2579 3451/2803/2580 3452/2804/2581
f 2731/2760/2537 2708/2805/2582 2741/2806/2583 2732/2807/2584
f 2337/2571/2349 2336/2559/2337 2340/2538/2316 2210/2535/2313
f 2345/2808/2585 2544/2543/2321 2341/2542/2320 2342/2798/2575
f 2343/2799/2576 2908/2809/2586 2770/2810/2587 2771/2796/2573
f 2390/2800/2577 2339/2546/2324 2443/2545/2323 2391/2811/2588
f 2889/2812/2589 2909/2813/2590 2802/2814/2591 2888/2815/2592
f 2463/2816/2593 2464/2817/2594 2400/2555/2333 2462/2818/2595
f 2340/2538/2316 2339/2546/2324 2390/2800/2577 2212/2522/2300
f 3447/2819/2596 2545/2820/2597 2544/2543/2321 2345/2808/2585
f 3464/2821/2598 3457/2822/2599 3456/2823/2600 2764/2824/2601
f 2342/2798/2575 2341/2542/2320 2805/2825/2602 2343/2799/2576
f 2762/2826/2603 2777/2827/2604 2774/2828/2605 2775/2829/2606
f 2350/2592/2370 2240/2566/2344 2347/2593/2371 2348/2830/2607
f 2347/2593/2371 2346/2831/2608 2372/2832/2609 2348/2830/2607
f 2350/2592/2370 2349/2581/2359 2352/2584/2362 2238/2551/2329
f 2364/2833/2610 2363/2834/2611 2362/2835/2612 2357/2836/2613
f 2352/2584/2362 2351/2583/2361 2354/2585/2363 2236/2488/2267
f 2365/2837/2614 2386/2838/2615 2383/2669/2446 2384/2839/2616
f 2354/2585/2363 2353/2840/2617 2356/2576/2354 2234/2556/2334
f 2407/2612/2390 2252/2591/2369 2250/2168/1959 2251/2171/1962
f 3469/2795/2572 2359/2841/2618 3481/2842/2619 3470/2843/2620
f 2356/2576/2354 2355/2844/2621 2358/2575/2353 2231/2570/2348
f 2564/2508/2286 2688/2569/2347 2685/2845/2622 2686/2846/2623
f 2358/2575/2353 2357/2836/2613 2360/2573/2351 2233/2572/2350
f 3488/2847/2624 2345/2808/2585 2342/2798/2575 2344/2848/2574
f 2365/2837/2614 2384/2839/2616 2363/2834/2611 2364/2833/2610
f 2360/2573/2351 2359/2841/2618 3469/2795/2572 2338/2574/2352
f 2442/2849/2625 2503/2850/2626 2391/2811/2588 2443/2545/2323
f 3471/2851/2627 2761/2852/2628 2760/2793/2570 2715/2853/2571
f 2362/2835/2612 2361/2596/2374 3481/2842/2619 2359/2841/2618
f 2367/2854/2629 2386/2838/2615 2365/2837/2614 2366/2855/2630
f 2363/2834/2611 2381/2597/2375 2361/2596/2374 2362/2835/2612
f 2369/2856/2631 2388/2857/2632 2367/2854/2629 2368/2858/2633
f 2357/2836/2613 2362/2835/2612 2359/2841/2618 2360/2573/2351
f 2371/2859/2634 2389/2860/2635 2369/2856/2631 2370/2582/2360
f 2366/2855/2630 2365/2837/2614 2364/2833/2610 2355/2844/2621
f 2355/2844/2621 2364/2833/2610 2357/2836/2613 2358/2575/2353
f 2368/2858/2633 2367/2854/2629 2366/2855/2630 2353/2840/2617
f 2353/2840/2617 2366/2855/2630 2355/2844/2621 2356/2576/2354
f 2370/2582/2360 2369/2856/2631 2368/2858/2633 2351/2583/2361
f 2374/2589/2367 2373/2588/2366 2376/2861/2636 2346/2831/2608
f 2378/2587/2365 2244/2586/2364 2555/2474/2253 2379/2862/2637
f 2556/2475/2254 2679/2863/2638 2379/2862/2637 2555/2474/2253
f 2564/2508/2286 2686/2846/2623 2562/2603/2381 2563/2505/2283
f 2376/2861/2636 2375/2864/2639 2389/2860/2635 2371/2859/2634
f 2680/2865/2640 2795/2866/2641 2557/2867/2642 2679/2863/2638
f 2378/2587/2365 2377/2868/2643 2536/2869/2644 2373/2588/2366
f 2385/2870/2645 2533/2871/2646 2526/2872/2647 2527/2670/2447
f 3440/2873/2648 3083/2874/2649 3082/2875/2650 2524/2876/2651
f 2379/2862/2637 2558/2877/2652 2377/2868/2643 2378/2587/2365
f 3476/2878/2653 3481/2842/2619 2361/2596/2374 3478/2595/2373
f 2381/2597/2375 2380/2879/2654 2530/2880/2655 2382/2598/2376
f 2618/2456/2235 2637/2620/2398 2579/2881/2656 2617/2453/2232
f 2369/2856/2631 2389/2860/2635 2387/2882/2657 2388/2857/2632
f 2367/2854/2629 2388/2857/2632 2385/2870/2645 2386/2838/2615
f 2384/2839/2616 2383/2669/2446 2531/2668/2445 2380/2879/2654
f 2558/2877/2652 2538/2883/2658 2537/2884/2659 2377/2868/2643
f 2379/2862/2637 2679/2863/2638 2557/2867/2642 2558/2877/2652
f 2386/2838/2615 2385/2870/2645 2527/2670/2447 2383/2669/2446
f 2373/2588/2366 2536/2869/2644 2375/2864/2639 2376/2861/2636
f 2388/2857/2632 2387/2882/2657 2533/2871/2646 2385/2870/2645
f 2375/2864/2639 2534/2885/2660 2387/2882/2657 2389/2860/2635
f 2801/2886/2661 2549/2887/2662 2551/2888/2663 2539/2889/2664
f 2395/2509/2287 2394/2554/2332 2458/2890/2665 2396/2552/2330
f 2572/2891/2666 2459/2892/2667 2458/2890/2665 2457/2893/2308
f 2469/2894/2668 2473/2895/2669 2451/2896/2670 2470/2897/2671
f 2459/2898/2667 2460/2594/2372 2396/2552/2330 2458/2890/2665
f 2571/2899/2672 2572/2891/2666 2457/2530/2308 2569/2529/2307
f 2461/2900/2673 2462/2818/2595 2398/2525/2303 2460/2594/2372
f 2399/2526/2304 2398/2525/2303 2462/2818/2595 2400/2555/2333
f 2455/2531/2309 2392/2553/2331 2504/2901/2674 2456/2532/2310
f 2573/2518/2296 2574/2902/2675 2459/2892/2667 2572/2891/2666
f 2401/2416/2195 2400/2555/2333 2464/2817/2594 2402/2413/2192
f 2467/2903/2676 2468/2904/2677 2404/2905/2678 2466/2906/2679
f 2462/2818/2595 2461/2900/2673 2578/2907/2680 2463/2908/2593
f 2363/2834/2611 2384/2839/2616 2380/2879/2654 2381/2597/2375
f 2583/2909/2681 2585/2910/2682 2467/2911/2676 2582/2912/2683
f 2465/2913/2684 2466/2906/2679 2402/2413/2192 2464/2817/2594
f 2403/2414/2193 2402/2413/2192 2466/2906/2679 2404/2905/2678
f 2469/2914/2668 2470/2897/2671 2406/2602/2380 2468/2904/2677
f 2405/2524/2302 2404/2905/2678 2468/2904/2677 2406/2602/2380
f 2404/2905/2678 2405/2524/2302 2209/2484/2263 2403/2414/2193
f 2372/2832/2609 2346/2831/2608 2376/2861/2636 2371/2859/2634
f 2394/2554/2332 2395/2509/2287 2213/2512/2290 2393/2520/2298
f 2444/2499/2277 2406/2602/2380 2470/2897/2671 2445/2625/2403
f 2476/2614/2392 2411/2915/2685 2410/2611/2389 2409/2610/2388
f 2412/2632/2409 2265/2916/2686 2410/2611/2389 2411/2915/2685
f 2474/2615/2393 2409/2610/2388 2407/2612/2390 2408/2605/2383
f 2411/2915/2685 2479/2917/2687 2413/2635/2412 2414/2918/2688
f 2454/2919/2689 2449/2920/2690 2450/2921/2691 2452/2922/2692
f 2482/2639/2416 2481/2638/2415 2597/2923/2693 2483/2924/2694
f 3686/2561/2339 2252/2591/2369 2410/2611/2389 2265/2916/2686
f 2412/2632/2409 2411/2915/2685 2414/2918/2688 2276/2633/2410
f 2595/2925/2695 2597/2923/2693 2481/2926/2415 2594/2927/2696
f 2643/2928/2697 2644/2929/2698 2588/2930/2699 2642/2931/2700
f 3401/2676/2453 3378/2679/2456 3380/2655/2432 2421/2932/2701
f 2414/2918/2688 2413/2635/2412 2415/2634/2411 2276/2633/2410
f 3380/2655/2432 2272/2657/2434 2420/2933/2702 2421/2932/2701
f 2648/2934/2703 2677/2935/2704 2646/2936/2705 2647/2937/2706
f 2416/2637/2414 2482/2639/2416 2417/2938/2707 2418/2675/2452
f 2418/2675/2452 2417/2938/2707 2420/2933/2702 2272/2657/2434
f 2603/2939/2708 2605/2940/2709 2489/2941/2482 2602/2942/2710
f 2425/2707/2484 2490/2706/2483 2427/2738/2515 2428/2943/2711
f 2646/2936/2705 2649/2944/2712 2596/2945/2713 2645/2946/2714
f 2316/2781/2558 2317/2749/2526 2298/2755/2532 2315/2697/2474
f 2417/2938/2707 2484/2947/2715 2419/2948/2716 2420/2933/2702
f 3411/2949/2717 3408/2950/2718 3420/2951/2719 3412/2952/2720
f 2483/2953/2694 2484/2947/2715 2417/2938/2707 2482/2639/2416
f 2420/2933/2702 2419/2948/2716 2423/2954/2721 2421/2932/2701
f 2429/2744/2521 2427/2738/2515 2492/2737/2514 2430/2741/2518
f 2423/2954/2721 2422/2955/2722 2426/2956/2723 2424/2957/2724
f 2422/2955/2722 2488/2708/2485 2425/2707/2484 2426/2956/2723
f 2426/2956/2723 2425/2707/2484 2428/2943/2711 2280/2691/2468
f 2497/2958/2725 2498/2959/2726 2436/2960/2727 2496/2961/2728
f 2607/2962/2729 2609/2963/2730 2493/2964/2731 2606/2965/2732
f 2428/2943/2711 2427/2738/2515 2429/2744/2521 2283/2695/2472
f 2435/2966/2733 2431/2967/2734 2496/2961/2728 2436/2960/2727
f 2432/2742/2519 2433/2968/2735 2691/2702/2479 2295/2743/2520
f 2332/2776/2553 2328/2775/2552 2327/2780/2557 2314/2696/2473
f 2719/2710/2487 2289/2709/2486 2721/2756/2533 2720/2969/2736
f 3422/2970/2737 3427/2971/2738 3416/2972/2739 3421/2973/2740
f 2652/2974/2741 2653/2975/2742 2604/2976/2743 2651/2977/2744
f 2693/2480/2259 2692/2479/2258 2691/2702/2479 2433/2968/2735
f 2696/2978/2745 2709/2979/2746 2694/2477/2256 2695/2735/2512
f 2611/2980/2747 2613/2981/2748 2497/2982/2725 2610/2983/2749
f 2430/2741/2518 2494/2984/2750 2431/2967/2734 2432/2742/2519
f 2432/2742/2519 2431/2967/2734 2435/2966/2733 2433/2968/2735
f 2695/2735/2512 2437/2985/2751 2697/2986/2752 2696/2978/2745
f 2498/2959/2726 2439/2987/2753 2438/2988/2754 2436/2960/2727
f 2700/2989/2755 2717/2558/2336 2712/2990/2756 2713/2751/2528
f 2738/2766/2543 2736/2991/2757 2999/2992/2758 2723/2767/2544
f 2495/2993/2759 2496/2961/2728 2431/2967/2734 2494/2984/2750
f 2435/2966/2733 2434/2734/2511 2693/2480/2259 2433/2968/2735
f 2499/2994/2760 2500/2995/2761 2439/2987/2753 2498/2959/2726
f 2500/2995/2761 2442/2849/2625 2441/2996/2762 2439/2987/2753
f 2615/2997/2763 2616/2998/2764 2501/2999/2765 2614/3000/2766
f 2439/2987/2753 2441/2996/2762 2437/2985/2751 2438/2988/2754
f 2438/2988/2754 2437/2985/2751 2695/2735/2512 2434/2734/2511
f 2450/2921/2691 2449/2920/2690 2448/2470/2249 2445/2625/2403
f 2501/3001/2765 2503/2850/2626 2442/2849/2625 2500/2995/2761
f 2655/3002/2767 2656/3003/2768 2612/3004/2769 2654/3005/2770
f 2628/3006/2771 2608/3007/2772 2630/3008/2773 2629/3009/2774
f 2441/2996/2762 2440/2548/2326 2697/2986/2752 2437/2985/2751
f 2442/2849/2625 2443/2545/2323 2440/2548/2326 2441/2996/2762
f 2699/2547/2325 2339/2546/2324 2701/2590/2368 2700/2989/2755
f 2460/2594/2372 2459/2898/2667 2574/2902/2675 2461/3010/2673
f 3814/2643/2420 2262/2623/2401 3817/2627/2405 3815/2641/2418
f 2449/2920/2690 2453/2600/2378 2260/2471/2250 2448/2470/2249
f 2477/3011/2775 2479/2917/2687 2411/2915/2685 2476/2614/2392
f 2450/2921/2691 2445/2625/2403 2470/2897/2671 2451/2896/2670
f 2263/2624/2402 2264/2562/2340 3686/2561/2339 2265/2916/2686
f 2449/2920/2690 2454/2919/2689 2447/2601/2379 2453/2600/2378
f 2473/2895/2669 2452/2922/2692 2450/2921/2691 2451/2896/2670
f 2587/3012/2776 2589/3013/2777 2471/3014/2778 2586/3015/2779
f 2412/2632/2409 2266/2621/2399 2263/2624/2402 2265/2916/2686
f 2474/2615/2393 2471/3016/2778 2589/3013/2777 2475/3017/2391
f 2502/3018/2780 2576/2629/2406 2456/2628/2310 2504/2901/2674
f 3351/3019/2781 3349/3020/2782 3348/3021/2783 2507/2733/2510
f 2578/2907/2680 2575/2454/2233 2617/2453/2232 2579/2881/2656
f 2464/2817/2594 2463/2816/2593 2581/3022/2784 2465/3023/2684
f 2466/2906/2679 2465/2913/2684 2582/2912/2683 2467/2911/2676
f 2468/2904/2677 2467/2903/2676 2585/2910/2682 2469/2914/2668
f 2583/2909/2681 2639/2618/2396 2620/2609/2387 2621/2608/2386
f 2476/2614/2392 2475/2613/2391 2590/3024/2785 2477/3025/2775
f 2452/2922/2692 2473/2895/2669 2471/3014/2778 2472/2604/2382
f 2472/2604/2382 2471/3016/2778 2474/2615/2393 2408/2605/2383
f 2575/2454/2233 2578/2907/2680 2461/3010/2673 2574/2902/2675
f 2591/3026/2786 2593/3027/2787 2477/3025/2775 2590/3024/2785
f 3692/3028/2788 3690/3029/2789 5175/3030/2790 3693/3031/2791
f 2485/3032/2792 2486/3033/2793 2419/2948/2716 2484/2947/2715
f 2477/3011/2775 2593/3027/2787 2478/3034/2794 2479/2917/2687
f 2479/2917/2687 2478/3035/2794 2480/2636/2413 2413/2635/2412
f 2599/3036/2795 2601/3037/2796 2485/3038/2792 2598/3039/2797
f 2484/2947/2715 2483/2953/2694 2598/3039/2797 2485/3038/2792
f 3400/2704/2481 2424/2957/2724 2426/2956/2723 2280/2691/2468
f 2419/2948/2716 2486/3033/2793 2422/2955/2722 2423/2954/2721
f 2486/3033/2793 2485/3032/2792 2601/3037/2796 2487/3040/2798
f 3397/2677/2454 3401/2676/2453 2424/2957/2724 3400/2704/2481
f 2488/2708/2485 2487/3041/2798 2602/2942/2710 2489/2941/2482
f 2599/3036/2795 2649/2944/2712 2626/3042/2799 2627/3043/2800
f 2487/3041/2798 2488/2708/2485 2422/2955/2722 2486/3033/2793
f 2490/2706/2483 2489/2705/2482 2605/2940/2709 2491/3044/2513
f 2625/3045/2801 2600/3046/2802 2627/3043/2800 2626/3042/2799
f 2632/3047/2803 2665/3048/2804 2662/3049/2805 2663/3050/2806
f 2492/2737/2514 2491/2736/2513 2606/2965/2732 2493/2964/2731
f 2494/2984/2750 2493/3051/2731 2609/2963/2730 2495/3052/2759
f 2436/2960/2727 2438/2988/2754 2434/2734/2511 2435/2966/2733
f 2496/2961/2728 2495/2993/2759 2610/2983/2749 2497/2982/2725
f 2607/2962/2729 2653/2975/2742 2629/3009/2774 2630/3008/2773
f 2498/2959/2726 2497/2958/2725 2613/2981/2748 2499/3053/2760
f 2500/2995/2761 2499/2994/2760 2614/3000/2766 2501/2999/2765
f 2637/2620/2398 2618/2456/2235 2666/3054/2807 2638/2617/2395
f 2670/3055/2808 2655/3002/2767 2669/3056/2809 2659/2468/2247
f 2574/2902/2675 2573/2518/2296 2636/2455/2234 2575/2454/2233
f 2501/3001/2765 2616/2998/2764 2502/3057/2780 2503/2850/2626
f 2503/2850/2626 2502/3018/2780 2504/2901/2674 2391/2811/2588
f 2507/2733/2510 3348/3021/2783 2505/3058/2810 2506/2713/2490
f 2631/3059/2811 2571/2899/2672 2569/2529/2307 2570/2630/2407
f 2506/2713/2490 2505/3058/2810 2509/2754/2531 2288/2714/2491
f 2325/2787/2564 2331/2788/2565 2310/2722/2499 2326/2728/2505
f 3379/2662/2439 2521/3060/2812 2520/2681/2458 2512/2663/2440
f 2509/2754/2531 2508/3061/2813 3403/2692/2469 2277/2689/2466
f 3386/3062/2814 3390/3063/2815 3344/3064/2816 3385/3065/2817
f 2320/2785/2562 2321/2774/2551 2303/2769/2546 2319/2748/2525
f 2268/2651/2428 2516/3066/2818 2513/2680/2457 2514/3067/2819
f 3355/3068/2820 3371/3069/2821 3358/3070/2822 3359/3071/2823
f 3400/2704/2481 2280/2691/2468 2278/2690/2467 2279/2693/2470
f 2301/2726/2503 2302/2720/2497 2277/2689/2466 2300/2688/2465
f 2514/3067/2819 2513/2680/2457 2518/2683/2460 2515/3072/2824
f 2519/3073/2825 5183/3074/2826 4065/3075/2827 4066/3076/2828
f 2275/2652/2429 2274/2649/2426 2510/2631/2408 2276/2633/2410
f 4066/3076/2828 2515/3072/2824 2518/2683/2460 2519/3073/2825
f 2512/2663/2440 2520/2681/2458 2513/2680/2457 2516/3066/2818
f 2521/3060/2812 3343/3077/2829 2517/2682/2459 2520/2681/2458
f 3082/2875/2650 2525/3078/2830 2523/3079/2831 2524/2876/2651
f 2518/2683/2460 2517/2682/2459 3704/3080/2832 2519/3073/2825
f 3343/3077/2829 2521/3060/2812 3385/3065/2817 3344/3081/2816
f 3407/3082/2833 3345/3083/2834 3417/3084/2835 3408/3085/2718
f 3478/2595/2373 2382/2598/2376 2523/3079/2831 2525/3078/2830
f 2543/3086/2836 2554/3087/2837 2529/3088/2838 2542/3089/2839
f 2547/3090/2840 2524/2876/2651 2523/3079/2831 2522/3091/2841
f 2553/3092/2842 2543/3086/2836 2542/3089/2839 2528/2671/2448
f 2535/3093/2843 2548/2578/2356 2532/2577/2355 2534/2885/2660
f 2553/3092/2842 2528/2671/2448 2527/2670/2447 2526/2872/2647
f 2547/3090/2840 2545/2820/2597 3440/2873/2648 2524/2876/2651
f 2528/2671/2448 2542/3089/2839 2529/3088/2838 2531/2668/2445
f 2539/2889/2664 2551/2888/2663 2535/3093/2843 2537/2884/2659
f 2530/2880/2655 2529/3088/2838 2554/3087/2837 2522/3091/2841
f 2547/3090/2840 2546/2540/2318 2544/2543/2321 2545/2820/2597
f 2380/2879/2654 2531/2668/2445 2529/3088/2838 2530/2880/2655
f 2876/3094/2844 2879/3095/2845 2794/3096/2846 2875/3097/2847
f 2541/2580/2358 2526/2872/2647 2533/2871/2646 2532/2577/2355
f 4382/3098/2848 5175/3030/2790 4380/3099/2849 4381/3100/2850
f 2535/3093/2843 2551/2888/2663 2540/2579/2357 2548/2578/2356
f 2799/3101/2851 2539/2889/2664 2537/2884/2659 2538/2883/2658
f 2457/2893/2308 2458/2890/2665 2394/2554/2332 2455/2531/2309
f 2679/2863/2638 2556/2475/2254 2682/3102/2852 2680/2865/2640
f 2504/2901/2674 2392/2553/2331 2390/2800/2577 2391/2811/2588
f 3691/3103/2853 2819/3104/2854 2820/3105/2855 2821/3106/2856
f 2880/3107/2857 2884/3108/2858 2796/3109/2859 2879/3095/2845
f 2885/3110/2860 2886/3111/2861 2798/3112/2862 2884/3108/2858
f 2554/3087/2837 2543/3086/2836 2550/2541/2319 2546/2540/2318
f 2553/3092/2842 2526/2872/2647 2541/2580/2358 2540/2579/2357
f 3455/3113/2863 3453/3114/2864 3475/3115/2865 3075/3116/2866
f 2348/2830/2607 2372/2832/2609 2349/2581/2359 2350/2592/2370
f 2242/2568/2346 2374/2589/2367 2346/2831/2608 2347/2593/2371
f 3466/3117/2867 3475/3115/2865 3453/3114/2864 3468/3118/2868
f 3189/3119/2869 3101/3120/2870 3100/3121/2871 3088/3122/2872
f 2560/2440/2219 2682/3102/2852 2556/2475/2254 2559/2441/2220
f 2550/2541/2319 2549/2887/2662 2803/3123/2873 2341/2542/2320
f 2811/3124/2874 2828/3125/2875 2825/3126/2876 2826/3127/2877
f 2540/2579/2357 2552/3128/2878 2543/3086/2836 2553/3092/2842
f 2377/2868/2643 2537/2884/2659 2535/3093/2843 2536/2869/2644
f 3440/2873/2648 2545/2820/2597 3447/2819/2596 3439/3129/2879
f 2387/2882/2657 2534/2885/2660 2532/2577/2355 2533/2871/2646
f 2842/3130/2880 2813/3131/2881 2810/3132/2882 2812/3133/2883
f 5171/2563/2341 2264/2562/2340 3814/2643/2420 3816/3134/2884
f 2722/2730/2507 2690/2764/2541 2728/2718/2495 2703/2717/2494
f 2558/2877/2652 2557/2867/2642 2797/3135/2885 2538/2883/2658
f 2566/2430/2209 3687/2444/2223 2687/3136/2886 2688/2569/2347
f 2859/3137/2887 2906/3138/2888 2898/3139/2889 2899/3140/2890
f 2647/2937/2706 2646/2936/2705 2645/2946/2714 2623/2667/2444
f 2768/3141/2891 2781/3142/2892 2778/3143/2893 2779/3144/2894
f 2226/2458/2237 2555/2474/2253 2244/2586/2364 2245/2567/2345
f 2577/3145/2895 2661/3146/2896 2570/2630/2407 2576/2629/2406
f 2634/2519/2297 2573/2518/2296 2572/2891/2666 2571/2899/2672
f 2223/2549/2327 2229/2539/2317 2206/2513/2291 2228/2457/2236
f 5177/3147/2897 3695/3148/2898 5178/3149/2899 4545/3150/2900
f 3687/2444/2223 2568/2443/2222 5172/3151/2901 2782/3152/2902
f 2579/2881/2656 2581/3022/2784 2463/2908/2593 2578/2907/2680
f 2665/3048/2804 2658/3153/2903 2670/3055/2808 2662/3049/2805
f 2635/2517/2295 2641/3154/2904 2618/2456/2235 2636/2455/2234
f 2615/2997/2763 2657/3155/2905 2577/3145/2895 2616/2998/2764
f 2663/3050/2806 2633/3156/2906 2631/3059/2811 2632/3047/2803
f 2579/2881/2656 2637/2620/2398 2580/2619/2397 2581/3022/2784
f 2647/2937/2706 2623/2667/2444 2650/3157/2907 2648/2934/2703
f 2581/3022/2784 2580/2619/2397 2582/2912/2683 2465/3023/2684
f 2620/2609/2387 2642/2931/2700 2587/3012/2776 2619/2606/2384
f 2473/2895/2669 2469/2894/2668 2586/3015/2779 2471/3014/2778
f 2583/2909/2681 2621/2608/2386 2584/2607/2385 2585/2910/2682
f 2585/2910/2682 2584/2607/2385 2586/3015/2779 2469/2914/2668
f 2587/3012/2776 2642/2931/2700 2588/2930/2699 2589/3013/2777
f 2589/3013/2777 2588/2930/2699 2590/3024/2785 2475/3017/2391
f 2480/2636/2413 2478/3035/2794 2594/2927/2696 2481/2926/2415
f 2623/2667/2444 2645/2946/2714 2595/2925/2695 2622/2664/2441
f 2669/3056/2809 2655/3002/2767 2654/3005/2770 2629/3009/2774
f 2591/3026/2786 2624/2666/2443 2592/2665/2442 2593/3027/2787
f 2593/3027/2787 2592/2665/2442 2594/2927/2696 2478/3034/2794
f 2668/3158/2908 2635/2517/2295 2634/2519/2297 2633/3156/2906
f 2591/3026/2786 2644/2929/2698 2623/2667/2444 2624/2666/2443
f 2595/2925/2695 2645/2946/2714 2596/2945/2713 2597/2923/2693
f 2597/2923/2693 2596/2945/2713 2598/3039/2797 2483/2924/2694
f 2657/3155/2905 2655/3002/2767 2670/3055/2808 2658/3153/2903
f 2643/2928/2697 2675/3159/2909 2648/2934/2703 2650/3157/2907
f 2626/3042/2799 2651/2977/2744 2603/2939/2708 2625/3045/2801
f 2599/3036/2795 2627/3043/2800 2600/3046/2802 2601/3037/2796
f 2601/3037/2796 2600/3046/2802 2602/2942/2710 2487/3040/2798
f 2658/3153/2903 2665/3048/2804 2632/3047/2803 2661/3146/2896
f 2603/2939/2708 2651/2977/2744 2604/2976/2743 2605/2940/2709
f 2605/2940/2709 2604/2976/2743 2606/2965/2732 2491/3044/2513
f 2629/3009/2774 2654/3005/2770 2611/2980/2747 2628/3006/2771
f 2652/2974/2741 2678/2469/2248 2659/2468/2247 2660/3160/2910
f 2607/2962/2729 2630/3008/2773 2608/3007/2772 2609/2963/2730
f 2609/2963/2730 2608/3007/2772 2610/2983/2749 2495/3052/2759
f 2657/3155/2905 2615/2997/2763 2656/3003/2768 2655/3002/2767
f 2668/3158/2908 2640/3161/2911 2641/3154/2904 2635/2517/2295
f 2611/2980/2747 2654/3005/2770 2612/3004/2769 2613/2981/2748
f 2613/2981/2748 2612/3004/2769 2614/3000/2766 2499/3053/2760
f 2676/3162/2912 2674/2466/2245 2677/2935/2704 2648/2934/2703
f 2675/3159/2909 2643/2928/2697 2642/2931/2700 2620/2609/2387
f 2514/3067/2819 2515/3072/2824 4063/2644/2421 2269/2626/2404
f 2661/3146/2896 2577/3145/2895 2657/3155/2905 2658/3153/2903
f 2582/2912/2683 2580/2619/2397 2639/2618/2396 2583/2909/2681
f 2678/2469/2248 2652/2974/2741 2651/2977/2744 2626/3042/2799
f 2512/2663/2440 2516/3066/2818 2268/2651/2428 2511/2650/2427
f 2638/2617/2395 2671/3163/2913 2620/2609/2387 2639/2618/2396
f 2590/3024/2785 2588/2930/2699 2644/2929/2698 2591/3026/2786
f 2643/2928/2697 2650/3157/2907 2623/2667/2444 2644/2929/2698
f 2598/3039/2797 2596/2945/2713 2649/2944/2712 2599/3036/2795
f 2646/2936/2705 2677/2935/2704 2626/3042/2799 2649/2944/2712
f 2606/2965/2732 2604/2976/2743 2653/2975/2742 2607/2962/2729
f 2652/2974/2741 2660/3160/2910 2629/3009/2774 2653/2975/2742
f 2614/3000/2766 2612/3004/2769 2656/3003/2768 2615/2997/2763
f 2640/3161/2911 2671/3163/2913 2638/2617/2395 2666/3054/2807
f 2586/3015/2779 2584/2607/2385 2619/2606/2384 2587/3012/2776
f 2659/2468/2247 2673/2467/2246 2640/3161/2911 2667/3164/2914
f 2641/3154/2904 2640/3161/2911 2666/3054/2807 2618/2456/2235
f 2594/2927/2696 2592/2665/2442 2622/2664/2441 2595/2925/2695
f 2562/2603/2381 2686/2846/2623 2683/3165/2915 2684/3166/2916
f 2602/2942/2710 2600/3046/2802 2625/3045/2801 2603/2939/2708
f 2672/3167/2917 2676/3162/2912 2648/2934/2703 2675/3159/2909
f 2610/2983/2749 2608/3007/2772 2628/3006/2771 2611/2980/2747
f 2667/3164/2914 2662/3049/2805 2670/3055/2808 2659/2468/2247
f 2672/3167/2917 2675/3159/2909 2620/2609/2387 2671/3163/2913
f 2671/3163/2913 2640/3161/2911 2673/2467/2246 2672/3167/2917
f 2676/3162/2912 2672/3167/2917 2673/2467/2246 2674/2466/2245
f 2660/3160/2910 2659/2468/2247 2669/3056/2809 2629/3009/2774
f 2560/2440/2219 2684/3166/2916 2681/3168/2918 2682/3102/2852
f 2663/3050/2806 2662/3049/2805 2667/3164/2914 2664/3169/2919
f 2667/3164/2914 2640/3161/2911 2668/3158/2908 2664/3169/2919
f 3688/3170/2920 3691/3103/2853 2821/3106/2856 5174/3171/2921
f 2668/3158/2908 2633/3156/2906 2663/3050/2806 2664/3169/2919
f 2808/3172/2922 2875/3097/2847 2792/3173/2923 2806/3174/2924
f 2696/2978/2745 2711/2753/2530 2708/2805/2582 2709/2979/2746
f 2674/2466/2245 2678/2469/2248 2626/3042/2799 2677/2935/2704
f 2562/2603/2381 2684/3166/2916 2560/2440/2219 2561/2439/2218
f 2793/3175/2925 2680/2865/2640 2682/3102/2852 2681/3168/2918
f 2791/3176/2926 2681/3168/2918 2684/3166/2916 2683/3165/2915
f 2661/3146/2896 2632/3047/2803 2631/3059/2811 2570/2630/2407
f 2789/3177/2927 2683/3165/2915 2686/2846/2623 2685/2845/2622
f 2787/3178/2928 2685/2845/2622 2688/2569/2347 2687/3136/2886
f 2331/2788/2565 2328/2775/2552 2330/2777/2554 2310/2722/2499
f 2692/2479/2258 2707/2478/2257 2704/3179/2929 2705/2700/2477
f 2747/3180/2930 2732/2807/2584 2752/3181/2931 2748/3182/2932
f 2734/2792/2569 2735/3183/2933 2996/3184/2934 2736/2991/2757
f 2698/2750/2527 2711/2753/2530 2696/2978/2745 2697/2986/2752
f 2576/2629/2406 2502/3057/2780 2616/2998/2764 2577/3145/2895
f 2700/2989/2755 2713/2751/2528 2698/2750/2527 2699/2547/2325
f 2454/2919/2689 2452/2922/2692 2472/2604/2382 2447/2601/2379
f 3470/2843/2620 3471/2851/2627 2715/2853/2571 3469/2795/2572
f 2336/2559/2337 2717/2558/2336 2700/2989/2755 2701/2590/2368
f 2694/2477/2256 2709/2979/2746 2706/2759/2536 2707/2478/2257
f 3489/3185/2935 3486/3186/2936 3487/3187/2937 3449/3188/2938
f 2372/2832/2609 2371/2859/2634 2370/2582/2360 2349/2581/2359
f 2705/2700/2477 2704/3179/2929 2728/2718/2495 2690/2764/2541
f 2746/3189/2939 2750/3190/2940 2744/3191/2941 2745/3192/2942
f 2707/2478/2257 2706/2759/2536 2730/2762/2539 2704/3179/2929
f 2709/2979/2746 2708/2805/2582 2731/2760/2537 2706/2759/2536
f 2755/3193/2943 3474/3194/2944 3077/3195/2945 3078/3196/2946
f 2711/2753/2530 2710/2752/2529 2741/2806/2583 2708/2805/2582
f 2716/3197/2335 2758/3198/2947 2712/2990/2756 2717/2558/2336
f 2713/2751/2528 2712/2990/2756 2743/3199/2948 2710/2752/2529
f 3464/2821/2598 2764/2824/2601 2763/3200/2949 2761/2852/2628
f 2727/2719/2496 2739/3201/2950 2725/2765/2542 2726/2716/2493
f 2703/2717/2494 2726/2716/2493 2720/2969/2736 2721/2756/2533
f 3476/2878/2653 3482/3202/2951 3470/3203/2620 3481/2842/2619
f 2719/2710/2487 2718/3204/2952 3003/3205/2953 2285/2711/2488
f 2293/2724/2501 2311/2723/2500 2290/2740/2517 2291/2746/2523
f 2505/3058/2810 3346/3206/2954 2508/3061/2813 2509/2754/2531
f 2328/2775/2552 2333/2779/2556 2316/2781/2558 2327/2780/2557
f 2724/2768/2545 2723/2767/2544 3001/3207/2955 2718/3204/2952
f 3352/3208/2956 3008/3209/2957 3696/3210/2958 3353/3211/2959
f 2704/3179/2929 2730/2762/2539 2727/2719/2496 2728/2718/2495
f 2996/3184/2934 2735/3183/2933 3114/3212/2960 2997/3213/2961
f 2739/3201/2950 2737/2789/2566 2738/2766/2543 2725/2765/2542
f 2732/2807/2584 2747/3180/2930 2729/2761/2538 2731/2760/2537
f 2730/2762/2539 2729/2761/2538 2739/3201/2950 2727/2719/2496
f 3472/3214/2962 3483/3215/2963 3077/3195/2945 3474/3194/2944
f 2734/2792/2569 2733/2791/2568 3115/3216/2964 2735/3183/2933
f 2745/3192/2942 2729/2761/2538 2747/3180/2930 2746/3189/2939
f 2729/2761/2538 2745/3192/2942 2737/2789/2566 2739/3201/2950
f 2710/2752/2529 2743/3199/2948 2740/3217/2965 2741/2806/2583
f 3064/3218/2966 2997/3213/2961 3114/3212/2960 3065/3219/2967
f 2753/3220/2968 3080/3221/2969 3073/3222/2970 3074/3223/2971
f 2741/2806/2583 2740/3217/2965 2752/3181/2931 2732/2807/2584
f 2748/3182/2932 2750/3190/2940 2746/3189/2939 2747/3180/2930
f 2743/3199/2948 2742/3224/2972 2756/3225/2973 2740/3217/2965
f 2745/3192/2942 2744/3191/2941 3070/2790/2567 2737/2789/2566
f 3111/3226/2974 3118/3227/2975 3108/3228/2976 3110/3229/2977
f 2738/2766/2543 2737/2789/2566 2734/2792/2569 2736/2991/2757
f 2740/3217/2965 2756/3225/2973 2751/3230/2978 2752/3181/2931
f 2750/3190/2940 2749/3231/2979 3072/3232/2980 2744/3191/2941
f 2751/3230/2978 3078/3196/2946 2753/3220/2968 2754/3233/2981
f 3092/3234/2982 3479/3235/2983 3476/2878/2653 3477/3236/2984
f 2752/3181/2931 2751/3230/2978 2754/3233/2981 2748/3182/2932
f 2754/3233/2981 2753/3220/2968 3074/3223/2971 2749/3231/2979
f 2765/3237/2985 2779/3144/2894 2776/3238/2986 2777/2827/2604
f 2756/3225/2973 2755/3193/2943 3078/3196/2946 2751/3230/2978
f 3464/2821/2598 2761/2852/2628 3471/2851/2627 3465/3239/2987
f 2742/3224/2972 3076/3240/2988 2755/3193/2943 2756/3225/2973
f 2758/3198/2947 2757/3241/2989 3076/3240/2988 2742/3224/2972
f 2726/2716/2493 2725/2765/2542 2724/2768/2545 2720/2969/2736
f 2760/2793/2570 2759/3242/2990 2773/3243/2991 2716/2557/2335
f 3456/2823/2600 2767/3244/2992 2766/3245/2993 2764/2824/2601
f 2764/2824/2601 2766/3245/2993 2762/2826/2603 2763/3200/2949
f 2770/2810/2587 2917/3246/2994 2780/3247/2995 2781/3142/2892
f 3485/3248/2996 2344/2797/2574 2769/3249/2997 2767/3244/2992
f 2763/3200/2949 2762/2826/2603 2775/2829/2606 2759/3242/2990
f 3505/3250/2998 3512/3251/2999 3493/3252/3000 3506/3253/3001
f 3458/3254/3002 3485/3248/2996 2767/3244/2992 3456/2823/2600
f 3486/3255/2936 3488/2847/2624 2344/2848/2574 3485/3248/2996
f 2767/3244/2992 2769/3249/2997 2765/3237/2985 2766/3245/2993
f 2766/3245/2993 2765/3237/2985 2777/2827/2604 2762/2826/2603
f 2783/3256/3003 2784/3257/3004 2820/3105/2855 2785/3258/3005
f 3490/3259/3006 3449/3188/2938 3487/3187/2937 3461/3260/3007
f 2344/2797/2574 2771/2796/2573 2768/3261/2891 2769/3249/2997
f 2759/3242/2990 2775/2829/2606 2772/3262/3008 2773/3243/2991
f 2769/3249/2997 2768/3141/2891 2779/3144/2894 2765/3237/2985
f 3484/3263/3009 3480/3264/3010 3479/3235/2983 3092/3234/2982
f 3077/3195/2945 3483/3215/2963 3079/3265/3011 3080/3221/2969
f 2910/3266/3012 2919/3267/3013 2804/3268/3014 2909/2813/2590
f 2771/2796/2573 2770/2810/2587 2781/3142/2892 2768/3261/2891
f 2787/3178/2928 2687/3136/2886 2783/3256/3003 2785/3258/3005
f 2552/3128/2878 2549/2887/2662 2550/2541/2319 2543/3086/2836
f 2773/3243/2991 2772/3262/3008 3455/3113/2863 2757/3269/2989
f 2775/2829/2606 2774/2828/2605 3454/3270/3015 2772/3262/3008
f 2983/3271/3016 3434/3272/3017 2957/3273/3018 2982/3274/3019
f 2777/2827/2604 2776/3238/2986 3452/2804/2581 2774/2828/2605
f 4328/3275/3020 2782/3152/2902 5172/3151/2901 4233/3276/3021
f 3459/3277/3022 3458/3254/3002 3456/2823/2600 3457/2822/2599
f 2779/3144/2894 2778/3278/2893 3429/3279/3023 2776/3238/2986
f 2687/3136/2886 3687/2444/2223 2782/3280/2902 2783/3256/3003
f 2820/3105/2855 2784/3257/3004 4364/3281/3024 2821/3282/2856
f 2781/3142/2892 2780/3247/2995 3431/3283/3025 2778/3143/2893
f 2785/3258/3005 2818/3284/3026 2786/3285/3027 2787/3178/2928
f 2783/3256/3003 2782/3280/2902 4328/3275/3020 2784/3286/3004
f 4229/3287/3028 4335/3288/3029 4332/3289/3030 4333/3290/3031
f 2788/3291/3032 2814/3292/3033 2790/3293/3034 2791/3176/2926
f 2818/3284/3026 2817/3294/3035 2816/3295/3036 2786/3285/3027
f 2786/3285/3027 2816/3295/3036 2788/3291/3032 2789/3177/2927
f 2816/3295/3036 2815/3296/3037 2814/3292/3033 2788/3291/3032
f 2787/3178/2928 2786/3285/3027 2789/3177/2927 2685/2845/2622
f 2814/3292/3033 2807/3297/3038 2806/3174/2924 2790/3293/3034
f 2824/3298/3039 2828/3125/2875 2822/3299/3040 2823/3300/3041
f 2789/3177/2927 2788/3291/3032 2791/3176/2926 2683/3165/2915
f 2890/3301/3042 2808/3172/2922 2806/3174/2924 2807/3297/3038
f 2790/3293/3034 2806/3174/2924 2792/3173/2923 2793/3175/2925
f 2791/3176/2926 2790/3293/3034 2793/3175/2925 2681/3168/2918
f 2891/3302/3043 2882/3303/3044 2881/3304/3045 2876/3094/2844
f 2792/3173/2923 2875/3097/2847 2794/3096/2846 2795/2866/2641
f 2793/3175/2925 2792/3173/2923 2795/2866/2641 2680/2865/2640
f 2794/3096/2846 2879/3095/2845 2796/3109/2859 2797/3135/2885
f 2850/3305/3046 2863/3306/3047 2860/3307/3048 2861/3308/3049
f 2795/2866/2641 2794/3096/2846 2797/3135/2885 2557/2867/2642
f 2796/3109/2859 2884/3108/2858 2798/3112/2862 2799/3101/2851
f 2825/3126/2876 2834/3309/3050 2831/3310/3051 2832/3311/3052
f 2797/3135/2885 2796/3109/2859 2799/3101/2851 2538/2883/2658
f 2798/3112/2862 2886/3111/2861 2800/3312/3053 2801/2886/2661
f 2877/3313/3054 2897/3314/3055 2882/3303/3044 2891/3302/3043
f 2799/3101/2851 2798/3112/2862 2801/2886/2661 2539/2889/2664
f 2800/3312/3053 2888/2815/2592 2802/2814/2591 2803/3123/2873
f 2886/3111/2861 2885/3110/2860 2902/3315/3056 2887/3316/3057
f 2801/2886/2661 2800/3312/3053 2803/3123/2873 2549/2887/2662
f 2802/2814/2591 2909/2813/2590 2804/3268/3014 2805/2825/2602
f 2937/3317/3058 2973/3318/3059 2940/3319/3060 2941/3320/3061
f 2803/3123/2873 2802/2814/2591 2805/2825/2602 2341/2542/2320
f 2891/3302/3043 2876/3094/2844 2875/3097/2847 2808/3172/2922
f 2805/2825/2602 2804/3268/3014 2908/2809/2586 2343/2799/2576
f 2813/3131/2881 2896/3321/3062 2809/3322/3063 2810/3132/2882
f 2549/2887/2662 2552/3128/2878 2540/2579/2357 2551/2888/2663
f 2893/3323/3064 2902/3315/3056 2885/3110/2860 2892/3324/3065
f 2826/3127/2877 2812/3133/2883 2810/3132/2882 2811/3124/2874
f 2835/3325/3066 2819/3104/2854 3691/3103/2853 2836/3326/3067
f 5178/3149/2899 3695/3148/2898 3697/3327/3068 3698/3328/3069
f 2810/3132/2882 2809/3322/3063 2878/3329/3070 2811/3124/2874
f 4373/3330/3071 4359/3331/3072 4366/3332/3073 4367/3333/3074
f 2817/3294/3035 2830/3334/3075 2815/3296/3037 2816/3295/3036
f 2823/3300/3041 2815/3296/3037 2830/3334/3075 2824/3298/3039
f 2819/3104/2854 2835/3325/3066 2817/3294/3035 2818/3284/3026
f 4371/3335/3076 4365/3336/3077 4417/3337/3078 4357/3338/3079
f 2946/3339/3080 2953/3340/3081 2948/3341/3082 2949/3342/3083
f 2884/3108/2858 2880/3107/2857 2892/3324/3065 2885/3110/2860
f 2833/3343/3084 2846/3344/3085 2843/3345/3086 2844/3346/3087
f 2846/3344/3085 2833/3343/3084 2838/3347/3088 2839/3348/3089
f 2823/3300/3041 2822/3299/3040 2890/3301/3042 2807/3297/3038
f 2839/3348/3089 3694/3349/3090 2845/3350/3091 2846/3344/3085
f 2836/3326/3067 2840/3351/3092 2829/3352/3093 2835/3325/3066
f 2828/3125/2875 2811/3124/2874 2878/3329/3070 2822/3299/3040
f 3010/3353/3094 3697/3327/3068 3695/3148/2898 3696/3210/2958
f 2826/3127/2877 2825/3126/2876 2832/3311/3052 2827/3354/3095
f 2824/3298/3039 2834/3309/3050 2825/3126/2876 2828/3125/2875
f 2883/3355/3096 2892/3324/3065 2880/3107/2857 2881/3304/3045
f 2830/3334/3075 2829/3352/3093 2834/3309/3050 2824/3298/3039
f 2832/3311/3052 2831/3310/3051 2838/3347/3088 2833/3343/3084
f 2856/3356/3097 4405/3357/3098 2864/3358/3099 2865/3359/3100
f 2836/3326/3067 3689/3360/3101 2837/3361/3102 2840/3351/3092
f 2864/3362/3099 4413/3363/3103 2873/3364/3104 2874/3365/3105
f 2838/3347/3088 2837/3361/3102 3692/3028/2788 2839/3348/3089
f 3694/3349/3090 2839/3348/3089 3692/3028/2788 3693/3366/2791
f 2854/3367/3106 2845/3350/3091 3694/3349/3090 2855/3368/3107
f 2827/3354/3095 2844/3346/3087 2841/3369/3108 2842/3130/2880
f 2841/3369/3108 2851/3370/3109 2847/3371/3110 2848/3372/3111
f 2842/3130/2880 2841/3369/3108 2848/3372/3111 2813/3131/2881
f 2843/3345/3086 2853/3373/3112 2850/3305/3046 2851/3370/3109
f 2844/3346/3087 2843/3345/3086 2851/3370/3109 2841/3369/3108
f 2846/3344/3085 2845/3350/3091 2853/3373/3112 2843/3345/3086
f 4397/3374/3113 2856/3375/3097 2854/3367/3106 2855/3368/3107
f 2848/3372/3111 2847/3371/3110 2858/3376/3114 2849/3377/3115
f 2896/3321/3062 2813/3131/2881 2848/3372/3111 2849/3377/3115
f 2851/3370/3109 2850/3305/3046 2861/3308/3049 2847/3371/3110
f 2867/3378/3116 2868/3379/3117 2906/3138/2888 2859/3137/2887
f 2845/3350/3091 2854/3367/3106 2852/3380/3118 2853/3373/3112
f 2853/3373/3112 2852/3380/3118 2863/3306/3047 2850/3305/3046
f 2869/3381/3119 2934/3382/3120 2931/3383/3121 2932/3384/3122
f 2847/3371/3110 2861/3308/3049 2857/3385/3123 2858/3376/3114
f 2899/3140/2890 2849/3377/3115 2858/3376/3114 2859/3137/2887
f 2858/3376/3114 2857/3385/3123 2867/3378/3116 2859/3137/2887
f 2861/3308/3049 2860/3307/3048 2870/3386/3124 2857/3385/3123
f 2852/3380/3118 2865/3359/3100 2862/3387/3125 2863/3306/3047
f 2871/3388/3126 2936/3389/3127 2933/3390/3128 2934/3382/3120
f 2929/3391/3129 2866/3392/3130 2932/3384/3122 2930/3393/3131
f 2863/3306/3047 2862/3387/3125 2872/3394/3132 2860/3307/3048
f 2857/3385/3123 2870/3386/3124 2866/3392/3130 2867/3378/3116
f 4403/3395/3133 4413/3363/3103 2864/3358/3099 4405/3357/3098
f 2862/3387/3125 2874/3365/3105 2871/3388/3126 2872/3394/3132
f 2865/3359/3100 2864/3362/3099 2874/3365/3105 2862/3387/3125
f 2900/3396/3134 2904/3397/3135 2887/3316/3057 2902/3315/3056
f 4430/3398/3136 4351/3399/3137 4414/3400/3138 4415/3401/3139
f 2860/3307/3048 2872/3394/3132 2869/3381/3119 2870/3386/3124
f 2867/3378/3116 2866/3392/3130 2929/3391/3129 2868/3379/3117
f 2926/3402/3140 2962/3403/3141 2924/3404/3142 2925/3405/3143
f 2870/3386/3124 2869/3381/3119 2932/3384/3122 2866/3392/3130
f 2873/3406/3104 4474/3407/3144 2935/3408/3145 2936/3389/3127
f 2872/3394/3132 2871/3388/3126 2934/3382/3120 2869/3381/3119
f 2879/3095/2845 2876/3094/2844 2881/3304/3045 2880/3107/2857
f 2890/3301/3042 2877/3313/3054 2891/3302/3043 2808/3172/2922
f 4411/3409/3146 4474/3407/3144 2873/3364/3104 4413/3363/3103
f 2956/3410/3147 2980/3411/3148 2954/3412/3149 2955/3413/3150
f 2874/3365/3105 2873/3406/3104 2936/3389/3127 2871/3388/3126
f 2809/3322/3063 2894/3414/3151 2877/3313/3054 2878/3329/3070
f 2822/3299/3040 2878/3329/3070 2877/3313/3054 2890/3301/3042
f 2892/3324/3065 2883/3355/3096 2897/3314/3055 2893/3323/3064
f 2829/3352/3093 2840/3351/3092 2831/3310/3051 2834/3309/3050
f 2831/3310/3051 2840/3351/3092 2837/3361/3102 2838/3347/3088
f 2911/3415/3152 2903/3416/3153 2915/3417/3154 2912/3418/3155
f 2897/3314/3055 2883/3355/3096 2881/3304/3045 2882/3303/3044
f 2815/3296/3037 2823/3300/3041 2807/3297/3038 2814/3292/3033
f 2895/3419/3156 2901/3420/3157 2893/3323/3064 2894/3414/3151
f 2868/3379/3117 2927/3421/3158 2905/3422/3159 2906/3138/2888
f 2909/2813/2590 2889/2812/2589 2911/3415/3152 2910/3266/3012
f 2896/3321/3062 2895/3419/3156 2894/3414/3151 2809/3322/3063
f 2844/3346/3087 2827/3354/3095 2832/3311/3052 2833/3343/3084
f 2888/2815/2592 2887/3316/3057 2904/3397/3135 2889/2812/2589
f 2849/3377/3115 2899/3140/2890 2895/3419/3156 2896/3321/3062
f 2877/3313/3054 2894/3414/3151 2893/3323/3064 2897/3314/3055
f 2900/3396/3134 2915/3417/3154 2903/3416/3153 2904/3397/3135
f 2826/3127/2877 2827/3354/3095 2842/3130/2880 2812/3133/2883
f 2899/3140/2890 2898/3139/2889 2901/3420/3157 2895/3419/3156
f 2929/3391/3129 2928/3423/3160 2927/3421/3158 2868/3379/3117
f 2901/3420/3157 2900/3396/3134 2902/3315/3056 2893/3323/3064
f 2904/3397/3135 2903/3416/3153 2911/3415/3152 2889/2812/2589
f 2804/3268/3014 2919/3267/3013 2907/3424/3161 2908/2809/2586
f 2906/3138/2888 2905/3422/3159 2914/3425/3162 2898/3139/2889
f 2955/3413/3150 2920/3426/3163 2967/3427/3164 2956/3410/3147
f 2908/2809/2586 2907/3424/3161 2917/3246/2994 2770/2810/2587
f 3462/2802/2579 3460/3428/3165 3468/3118/2868 3451/2803/2580
f 2938/3429/3166 2930/3393/3131 2945/3430/3167 2939/3431/3168
f 2913/3432/3169 2959/3433/3170 2912/3418/3155 2915/3417/3154
f 2907/3424/3161 2921/3434/3171 2916/3435/3172 2917/3246/2994
f 2910/3266/3012 2923/3436/3173 2918/3437/3174 2919/3267/3013
f 2914/3425/3162 2913/3432/3169 2915/3417/3154 2900/3396/3134
f 2905/3422/3159 2925/3405/3143 2913/3432/3169 2914/3425/3162
f 2912/3418/3155 2923/3436/3173 2910/3266/3012 2911/3415/3152
f 2917/3246/2994 2916/3435/3172 2958/3438/3175 2780/3247/2995
f 2964/3439/3176 2963/3440/3177 2977/3441/3178 2965/3442/3179
f 2919/3267/3013 2918/3437/3174 2921/3434/3171 2907/3424/3161
f 2912/3418/3155 2959/3433/3170 2922/3443/3180 2923/3436/3173
f 2971/3444/3181 2974/3445/3182 2940/3319/3060 2973/3318/3059
f 2959/3433/3170 2924/3404/3142 2961/3446/3183 2922/3443/3180
f 2921/3434/3171 2920/3426/3163 2955/3413/3150 2916/3435/3172
f 2954/3412/3149 2982/3274/3019 2957/3273/3018 2958/3438/3175
f 2933/3390/3128 2951/3447/3184 2946/3339/3080 2947/3448/3185
f 2928/3423/3160 2941/3320/3061 2926/3402/3140 2927/3421/3158
f 2923/3436/3173 2922/3443/3180 2966/3449/3186 2918/3437/3174
f 2963/3440/3177 2964/3439/3176 2924/3404/3142 2962/3403/3141
f 2975/3450/3187 2977/3441/3178 2963/3440/3177 2974/3445/3182
f 2925/3405/3143 2924/3404/3142 2959/3433/3170 2913/3432/3169
f 2981/3451/3188 2982/3274/3019 2954/3412/3149 2980/3411/3148
f 2918/3437/3174 2966/3449/3186 2920/3426/3163 2921/3434/3171
f 2930/3393/3131 2938/3429/3166 2928/3423/3160 2929/3391/3129
f 4484/3452/3189 4489/3453/3190 2950/3454/3191 4488/3455/3192
f 2927/3421/3158 2926/3402/3140 2925/3405/3143 2905/3422/3159
f 4507/3456/3193 4505/3457/3194 4504/3458/3195 4486/3459/3196
f 2932/3384/3122 2931/3383/3121 2945/3430/3167 2930/3393/3131
f 2934/3382/3120 2933/3390/3128 2947/3448/3185 2931/3383/3121
f 2939/3431/3168 2943/3460/3197 2937/3317/3058 2938/3429/3166
f 4472/3461/3198 4488/3455/3192 2935/3408/3145 4474/3407/3144
f 2936/3389/3127 2935/3462/3145 2951/3447/3184 2933/3390/3128
f 2945/3430/3167 2944/3463/3199 2943/3460/3197 2939/3431/3168
f 2938/3429/3166 2937/3317/3058 2941/3320/3061 2928/3423/3160
f 2931/3383/3121 2947/3448/3185 2944/3463/3199 2945/3430/3167
f 4515/3464/3200 4490/3465/3201 4517/3466/3202 4516/3467/3203
f 2944/3463/3199 2949/3342/3083 2942/3468/3204 2943/3460/3197
f 2941/3320/3061 2940/3319/3060 2962/3403/3141 2926/3402/3140
f 2986/3469/3205 2987/3470/3206 2975/3450/3187 2984/3471/3207
f 2962/3403/3141 2940/3319/3060 2974/3445/3182 2963/3440/3177
f 2943/3460/3197 2942/3468/3204 2973/3318/3059 2937/3317/3058
f 3247/3472/3208 3246/3473/3209 3245/3474/3210 3244/3475/3211
f 3228/3476/3212 3210/3477/3213 3208/3478/3214 3209/3479/3215
f 2947/3448/3185 2946/3339/3080 2949/3342/3083 2944/3463/3199
f 2935/3462/3145 4488/3455/3192 2950/3454/3191 2951/3447/3184
f 2968/3480/3216 2952/3481/3217 4504/3458/3195 2969/3482/3218
f 2949/3342/3083 2948/3341/3082 2972/3483/3219 2942/3468/3204
f 2950/3484/3191 4489/3453/3190 2952/3485/3217 2953/3340/3081
f 2951/3447/3184 2950/3484/3191 2953/3340/3081 2946/3339/3080
f 2964/3439/3176 2960/3486/3220 2961/3446/3183 2924/3404/3142
f 4486/3459/3196 4504/3458/3195 2952/3485/3217 4489/3453/3190
f 2988/3487/3221 2989/3488/3222 2976/3489/3223 2987/3470/3206
f 4483/3490/3224 4469/3491/3225 4476/3492/3226 4477/3493/3227
f 2953/3340/3081 2952/3481/3217 2968/3480/3216 2948/3341/3082
f 3243/3494/3228 3209/3479/3215 3208/3478/3214 2986/3469/3205
f 2955/3413/3150 2954/3412/3149 2958/3438/3175 2916/3435/3172
f 2978/3495/3229 2976/3489/3223 2989/3488/3222 2979/3496/3230
f 2958/3438/3175 2957/3273/3018 3431/3283/3025 2780/3247/2995
f 2979/3496/3230 2980/3411/3148 2956/3410/3147 2978/3495/3229
f 3212/3497/3231 3213/3498/3232 2990/3499/3233 3211/3500/3234
f 2966/3449/3186 2960/3486/3220 2967/3427/3164 2920/3426/3163
f 2961/3446/3183 2960/3486/3220 2966/3449/3186 2922/3443/3180
f 4731/3501/3235 4523/3502/3236 4734/3503/3237 4732/3504/3238
f 3239/3505/3239 2969/3506/3218 4761/3507/3240 3240/3508/3241
f 2967/3427/3164 2960/3486/3220 2964/3439/3176 2965/3442/3179
f 2975/3450/3187 2987/3470/3206 2976/3489/3223 2977/3441/3178
f 2984/3471/3207 2975/3450/3187 2974/3445/3182 2971/3444/3181
f 3239/3505/3239 2970/3509/3242 2968/3480/3216 2969/3506/3218
f 2970/3509/3242 3242/3510/3243 2971/3444/3181 2972/3483/3219
f 2990/3499/3233 2991/3511/3244 2979/3496/3230 2989/3488/3222
f 2972/3483/3219 2971/3444/3181 2973/3318/3059 2942/3468/3204
f 3242/3510/3243 2985/3512/3245 2984/3471/3207 2971/3444/3181
f 3251/3513/3246 3244/3475/3211 3243/3494/3228 2985/3512/3245
f 2992/3514/3247 2993/3515/3248 2981/3451/3188 2991/3511/3244
f 2977/3441/3178 2976/3489/3223 2978/3495/3229 2965/3442/3179
f 2982/3274/3019 2981/3451/3188 2993/3515/3248 2983/3271/3016
f 2967/3427/3164 2965/3442/3179 2978/3495/3229 2956/3410/3147
f 2972/3483/3219 2948/3341/3082 2968/3480/3216 2970/3509/3242
f 2987/3470/3206 2986/3469/3205 3208/3478/3214 2988/3487/3221
f 2980/3411/3148 2979/3496/3230 2991/3511/3244 2981/3451/3188
f 3247/3472/3208 3244/3475/3211 3251/3513/3246 3248/3516/3249
f 3210/3477/3213 3211/3500/3234 2988/3487/3221 3208/3478/3214
f 3214/3517/3250 3215/3518/3251 2992/3514/3247 3213/3498/3232
f 2994/3519/3252 3433/3520/3253 2983/3271/3016 2993/3515/3248
f 2993/3515/3248 2992/3514/3247 3215/3518/3251 2994/3519/3252
f 3268/3521/3254 3269/3522/3255 3261/3523/3256 3267/3524/3257
f 3087/3525/3258 3436/3526/3259 3432/3527/3260 3435/3528/3261
f 3442/3529/3262 3432/3527/3260 3446/3530/3263 3443/3531/3264
f 3241/3532/3265 3251/3513/3246 2985/3512/3245 3242/3510/3243
f 3236/3533/3266 3238/3534/3267 3233/3535/3268 3237/3536/3269
f 3226/3537/3270 3313/3538/3271 3219/3539/3272 3224/3540/3273
f 2997/3213/2961 3012/3541/3274 2995/3542/3275 2996/3184/2934
f 2989/3488/3222 2988/3487/3221 3211/3500/3234 2990/3499/3233
f 3064/3218/2966 3013/3543/3276 3012/3541/3274 2997/3213/2961
f 3245/3474/3210 3229/3544/3277 3228/3476/3212 3209/3479/3215
f 2996/3184/2934 2995/3542/3275 2999/2992/2758 2736/2991/2757
f 3032/3545/3278 3033/3546/3279 3016/3547/3280 3031/3548/3281
f 2995/3542/3275 3015/3549/3282 2998/3550/3283 2999/2992/2758
f 2999/2992/2758 2998/3550/3283 3001/3207/2955 2723/2767/2544
f 3000/3551/3284 3019/3552/3285 3002/3553/3286 3003/3205/2953
f 3106/3554/3287 3110/3229/2977 3103/3555/3288 3105/3556/3289
f 3001/3207/2955 3000/3551/3284 3003/3205/2953 2718/3204/2952
f 3002/3553/3286 3021/3557/3290 3004/3558/3291 3005/2721/2498
f 2748/3182/2932 2754/3233/2981 2749/3231/2979 2750/3190/2940
f 3145/3559/3292 3146/3560/3293 3045/3561/3294 3144/3562/3295
f 3009/3563/3296 3006/3564/3297 3025/3565/3298 3010/3353/3094
f 3003/3205/2953 3002/3553/3286 3005/2721/2498 2285/2711/2488
f 3004/3558/3291 3023/3566/3299 3006/3564/3297 3007/2732/2509
f 3168/3567/3300 3143/3568/3301 3172/3569/3302 3169/3570/3303
f 3005/2721/2498 3004/3558/3291 3007/2732/2509 2287/2715/2492
f 3010/3353/3094 3696/3210/2958 3008/3209/2957 3009/3563/3296
f 2300/2688/2465 2298/2755/2532 2317/2749/2526 2301/2726/2503
f 3163/3571/3304 3145/3559/3292 3168/3567/3300 3164/3572/3305
f 2712/2990/2756 2758/3198/2947 2742/3224/2972 2743/3199/2948
f 3038/3573/3306 3039/3574/3307 3022/3575/3308 3037/3576/3309
f 3007/2732/2509 3006/3564/3297 3009/3563/3296 2507/2733/2510
f 3371/3069/2821 3363/3577/3310 3362/3578/3311 3358/3070/2822
f 3009/3563/3296 3008/3209/2957 3351/3019/2781 2507/2733/2510
f 3063/3579/3312 3068/3580/3313 3066/3581/3314 3067/3582/3315
f 3012/3541/3274 3011/3583/3316 3015/3549/3282 2995/3542/3275
f 3041/3584/3317 3028/3585/3318 3026/3586/3319 3027/3587/3320
f 3011/3583/3316 3029/3588/3321 3014/3589/3322 3015/3549/3282
f 3030/3590/3323 3031/3548/3281 3014/3589/3322 3029/3588/3321
f 3015/3549/3282 3014/3589/3322 3017/3591/3324 2998/3550/3283
f 3016/3547/3280 3033/3546/3279 3018/3592/3325 3019/3552/3285
f 3034/3593/3326 3035/3594/3327 3018/3592/3325 3033/3546/3279
f 3172/3569/3302 3141/3595/3328 3174/3596/3329 3173/3597/3330
f 3161/3598/3331 3147/3599/3332 3163/3571/3304 3162/3600/3333
f 3017/3591/3324 3016/3547/3280 3019/3552/3285 3000/3551/3284
f 3018/3592/3325 3035/3594/3327 3020/3601/3334 3021/3557/3290
f 3149/3602/3335 3150/3603/3336 3049/3604/3337 3148/3605/3338
f 3019/3552/3285 3018/3592/3325 3021/3557/3290 3002/3553/3286
f 3020/3601/3334 3037/3576/3309 3022/3575/3308 3023/3566/3299
f 3697/3327/3068 3024/3606/3339 3699/3607/3340 3698/3328/3069
f 3151/3608/3341 3152/3609/3342 3051/3610/3343 3150/3603/3336
f 3021/3557/3290 3020/3601/3334 3023/3566/3299 3004/3558/3291
f 3022/3575/3308 3039/3574/3307 3024/3606/3339 3025/3565/3298
f 3062/3611/3344 3027/3587/3320 3026/3586/3319 3013/3543/3276
f 3029/3588/3321 3028/3585/3318 3044/3612/3345 3030/3590/3323
f 3153/3613/3346 3155/3614/3347 3053/3615/3348 3152/3609/3342
f 3023/3566/3299 3022/3575/3308 3025/3565/3298 3006/3564/3297
f 3699/3607/3340 3024/3606/3339 3039/3574/3307 3040/3616/3349
f 3031/3548/3281 3030/3590/3323 3046/3617/3350 3032/3545/3278
f 3057/3618/3351 3055/3619/3352 3156/3620/3353 3058/3621/3354
f 3025/3565/3298 3024/3606/3339 3697/3327/3068 3010/3353/3094
f 3059/3622/3355 3042/3623/3356 3041/3584/3317 3027/3587/3320
f 3063/3579/3312 3067/3582/3315 3060/3624/3357 3062/3611/3344
f 3043/3625/3358 3044/3612/3345 3028/3585/3318 3041/3584/3317
f 3064/3218/2966 3063/3579/3312 3062/3611/3344 3013/3543/3276
f 2749/3231/2979 3074/3223/2971 3071/3626/3359 3072/3232/2980
f 3049/3604/3337 3050/3627/3360 3034/3593/3326 3048/3628/3361
f 3035/3594/3327 3034/3593/3326 3050/3627/3360 3036/3629/3362
f 3048/3628/3361 3047/3630/3363 3148/3605/3338 3049/3604/3337
f 3051/3610/3343 3052/3631/3364 3036/3629/3362 3050/3627/3360
f 3037/3576/3309 3036/3629/3362 3052/3631/3364 3038/3573/3306
f 3053/3615/3348 3054/3632/3365 3038/3573/3306 3052/3631/3364
f 3039/3574/3307 3038/3573/3306 3054/3632/3365 3040/3616/3349
f 5179/3633/3366 3056/3634/3367 4591/3635/3368 4575/3636/3369
f 3033/3546/3279 3032/3545/3278 3048/3628/3361 3034/3593/3326
f 4709/3637/3370 4710/3638/3371 4806/3639/3372 4711/3640/3373
f 3061/3641/3374 3140/3642/3375 3042/3623/3356 3059/3622/3355
f 3144/3562/3295 3045/3561/3294 3044/3612/3345 3043/3625/3358
f 3159/3643/3376 3149/3602/3335 3161/3598/3331 3160/3644/3377
f 3062/3611/3344 3060/3624/3357 3059/3622/3355 3027/3587/3320
f 3180/3645/3378 3184/3646/3379 3153/3613/3346 3183/3647/3380
f 3050/3627/3360 3049/3604/3337 3150/3603/3336 3051/3610/3343
f 3055/3619/3352 3057/3618/3351 3040/3616/3349 3054/3632/3365
f 4685/3648/3381 4687/3649/3382 3157/3650/3383 4707/3651/3384
f 3052/3631/3364 3051/3610/3343 3152/3609/3342 3053/3615/3348
f 3054/3632/3365 3053/3615/3348 3155/3614/3347 3055/3619/3352
f 3108/3228/2976 3118/3227/2975 3113/3652/3385 3115/3216/2964
f 3046/3617/3350 3045/3561/3294 3146/3560/3293 3047/3630/3363
f 2744/3191/2941 3072/3232/2980 3069/3653/3386 3070/2790/2567
f 3058/3621/3354 4591/3635/3368 3056/3634/3367 3057/3618/3351
f 3057/3618/3351 3056/3634/3367 3699/3607/3340 3040/3616/3349
f 3162/3600/3333 3185/3654/3387 3160/3644/3377 3161/3598/3331
f 3067/3582/3315 3061/3641/3374 3059/3622/3355 3060/3624/3357
f 3164/3572/3305 3171/3655/3388 3165/3656/3389 3166/3657/3390
f 3065/3219/2967 3068/3580/3313 3063/3579/3312 3064/3218/2966
f 3117/3658/3391 3127/3659/3392 3066/3581/3314 3116/3660/3393
f 3143/3568/3301 3144/3562/3295 3043/3625/3358 3142/3661/3394
f 3047/3630/3363 3048/3628/3361 3032/3545/3278 3046/3617/3350
f 3121/3662/3395 3125/3663/3396 3119/3664/3397 3120/3665/3398
f 3014/3589/3322 3031/3548/3281 3016/3547/3280 3017/3591/3324
f 3045/3561/3294 3046/3617/3350 3030/3590/3323 3044/3612/3345
f 3067/3582/3315 3066/3581/3314 3127/3659/3392 3061/3641/3374
f 3065/3219/2967 3116/3660/3393 3066/3581/3314 3068/3580/3313
f 3070/2790/2567 3069/3653/3386 3109/3666/3399 2733/2791/2568
f 3474/3194/2944 3075/3667/2866 3475/3115/2865 3472/3668/2962
f 3072/3232/2980 3071/3626/3359 3104/3669/3400 3069/3653/3386
f 2757/3241/2989 3455/3113/2863 3075/3116/2866 3076/3240/2988
f 3102/3670/3401 3101/3120/2870 3112/3671/3402 3098/3672/3403
f 3089/3673/3404 3084/3674/3405 3091/3675/3406 3081/3676/3407
f 3074/3223/2971 3073/3222/2970 3094/3677/3408 3071/3626/3359
f 3096/3678/3409 3079/3265/3011 3484/3263/3009 3097/3679/3410
f 3076/3240/2988 3075/3667/2866 3474/3194/2944 2755/3193/2943
f 3073/3222/2970 3096/3678/3409 3093/3680/3411 3094/3677/3408
f 2761/2852/2628 2763/3200/2949 2759/3242/2990 2760/2793/2570
f 3094/3677/3408 3095/3681/3412 3104/3669/3400 3071/3626/3359
f 3078/3196/2946 3077/3195/2945 3080/3221/2969 2753/3220/2968
f 3436/3526/3259 3087/3525/3258 3085/3682/3413 3086/3683/3414
f 3083/2874/2649 3089/3673/3404 3081/3676/3407 3082/2875/2650
f 2716/3197/2335 2773/3243/2991 2757/3269/2989 2758/3198/2947
f 3480/3264/3010 3484/3263/3009 3079/3265/3011 3483/3215/2963
f 3080/3221/2969 3079/3265/3011 3096/3678/3409 3073/3222/2970
f 3438/3684/3415 3086/3683/3414 3089/3673/3404 3083/2874/2649
f 3082/2875/2650 3081/3676/3407 3477/3236/2984 2525/3078/2830
f 3439/3129/2879 3491/3685/3416 3449/3686/2938 3450/3687/3417
f 3186/3688/3418 3087/3525/3258 3435/3528/3261 3187/3689/3419
f 3477/3236/2984 3081/3676/3407 3091/3675/3406 3092/3690/2982
f 3085/3682/3413 3084/3674/3405 3089/3673/3404 3086/3683/3414
f 3084/3674/3405 3100/3121/2871 3090/3691/3420 3091/3675/3406
f 3438/3684/3415 3437/3692/3421 3436/3526/3259 3086/3683/3414
f 3440/2873/2648 3439/3129/2879 3438/3684/3415 3083/2874/2649
f 3446/3530/3263 3445/3693/3422 3444/3694/3423 3443/3531/3264
f 3188/3695/3424 3189/3119/2869 3088/3122/2872 3186/3688/3418
f 3102/3670/3401 3090/3696/3420 3100/3121/2871 3101/3120/2870
f 3091/3675/3406 3090/3691/3420 3099/3697/3425 3092/3690/2982
f 3097/3679/3410 3107/3698/3426 3093/3680/3411 3096/3678/3409
f 3103/3555/3288 3110/3229/2977 3108/3228/2976 3109/3666/3399
f 3094/3677/3408 3093/3680/3411 3105/3556/3289 3095/3681/3412
f 3484/3263/3009 3092/3690/2982 3099/3697/3425 3097/3679/3410
f 3124/3699/3427 3196/3700/3428 3130/3701/3429 3131/3702/3430
f 3090/3696/3420 3102/3670/3401 3098/3672/3403 3099/3697/3425
f 3099/3697/3425 3098/3672/3403 3107/3698/3426 3097/3679/3410
f 3095/3681/3412 3105/3556/3289 3103/3555/3288 3104/3669/3400
f 3448/3703/3431 3491/3685/3416 3439/3129/2879 3447/2819/2596
f 3190/3704/3432 3191/3705/3433 3101/3706/2870 3189/3119/2869
f 3110/3229/2977 3106/3554/3287 3112/3671/3402 3111/3226/2974
f 3105/3556/3289 3093/3680/3411 3107/3698/3426 3106/3554/3287
f 3203/3707/3434 3297/3708/3435 3295/3709/3436 3296/3710/3437
f 3120/3665/3398 3101/3706/2870 3191/3705/3433 3121/3711/3395
f 3118/3227/2975 3111/3226/2974 3120/3665/3398 3119/3664/3397
f 3140/3642/3375 3126/3712/3438 3174/3596/3329 3141/3595/3328
f 3296/3710/3437 3201/3713/3439 3199/3714/3440 3200/3715/3441
f 3104/3669/3400 3103/3555/3288 3109/3666/3399 3069/3653/3386
f 3098/3672/3403 3112/3671/3402 3106/3554/3287 3107/3698/3426
f 3136/3716/3442 3137/3717/3443 3176/3718/3444 3132/3719/3445
f 3109/3666/3399 3108/3228/2976 3115/3216/2964 2733/2791/2568
f 3116/3660/3393 3113/3652/3385 3123/3720/3446 3117/3658/3391
f 2735/3183/2933 3115/3216/2964 3113/3652/3385 3114/3212/2960
f 3101/3706/2870 3120/3665/3398 3111/3226/2974 3112/3671/3402
f 3119/3664/3397 3123/3720/3446 3113/3652/3385 3118/3227/2975
f 3202/3721/3447 3188/3695/3424 3293/3722/3448 3203/3707/3434
f 3114/3212/2960 3113/3652/3385 3116/3660/3393 3065/3219/2967
f 3192/3723/3449 3194/3724/3450 3121/3711/3395 3191/3705/3433
f 2998/3550/3283 3017/3591/3324 3000/3551/3284 3001/3207/2955
f 3142/3661/3394 3043/3625/3358 3041/3584/3317 3042/3623/3356
f 3121/3662/3395 3194/3724/3450 3124/3725/3427 3125/3663/3396
f 3036/3629/3362 3037/3576/3309 3020/3601/3334 3035/3594/3327
f 3199/3714/3440 3190/3704/3432 3202/3721/3447 3200/3715/3441
f 3205/3726/3451 3206/3727/3452 3193/3728/3453 3204/3729/3454
f 3119/3664/3397 3125/3663/3396 3122/3730/3455 3123/3720/3446
f 3123/3720/3446 3122/3730/3455 3129/3731/3456 3117/3658/3391
f 3142/3661/3394 3141/3595/3328 3172/3569/3302 3143/3568/3301
f 3574/3732/3457 3542/3733/3458 3541/3734/3459 3516/3735/3460
f 3125/3663/3396 3124/3699/3427 3131/3702/3430 3122/3730/3455
f 3117/3658/3391 3129/3731/3456 3126/3712/3438 3127/3659/3392
f 3133/3736/3461 3130/3737/3429 3198/3738/3462 3134/3739/3463
f 3122/3730/3455 3131/3702/3430 3128/3740/3464 3129/3731/3456
f 3127/3659/3392 3126/3712/3438 3140/3642/3375 3061/3641/3374
f 3186/3688/3418 3088/3122/2872 3085/3682/3413 3087/3525/3258
f 3129/3731/3456 3128/3740/3464 3139/3741/3465 3126/3712/3438
f 3134/3742/3463 3136/3716/3442 3132/3719/3445 3133/3736/3461
f 3207/3743/3466 3222/3744/3467 3195/3745/3468 3206/3727/3452
f 3131/3702/3430 3130/3737/3429 3133/3736/3461 3128/3740/3464
f 3302/3746/3469 3205/3726/3451 3204/3729/3454 3201/3713/3439
f 3133/3736/3461 3132/3719/3445 3139/3741/3465 3128/3740/3464
f 3231/3747/3470 3235/3748/3471 3225/3749/3472 3230/3750/3473
f 3134/3742/3463 3220/3751/3474 3135/3752/3475 3136/3716/3442
f 3136/3716/3442 3135/3753/3475 4668/3754/3476 3137/3755/3443
f 4668/3754/3476 3135/3756/3475 4743/3757/3477 4667/3758/3478
f 3132/3719/3445 3176/3718/3444 3138/3759/3479 3139/3741/3465
f 3235/3748/3471 3226/3537/3270 3224/3540/3273 3225/3749/3472
f 3174/3596/3329 3138/3759/3479 3178/3760/3480 3173/3597/3330
f 3139/3741/3465 3138/3759/3479 3174/3596/3329 3126/3712/3438
f 3166/3657/3390 3167/3761/3481 3185/3654/3387 3162/3600/3333
f 3146/3560/3293 3145/3559/3292 3163/3571/3304 3147/3599/3332
f 3137/3717/3443 4702/3762/3482 3175/3763/3483 3176/3718/3444
f 3148/3605/3338 3147/3599/3332 3161/3598/3331 3149/3602/3335
f 4698/3764/3484 3170/3765/3485 4704/3766/3486 4697/3767/3487
f 3150/3603/3336 3149/3602/3335 3159/3643/3376 3151/3608/3341
f 3173/3597/3330 3179/3768/3488 3169/3570/3303 3172/3569/3302
f 3152/3609/3342 3151/3608/3341 3183/3647/3380 3153/3613/3346
f 3157/3650/3383 4687/3649/3382 3058/3621/3354 3156/3620/3353
f 3160/3644/3377 3181/3769/3489 3158/3770/3490 3159/3643/3376
f 3699/3607/3340 3056/3634/3367 5179/3633/3366 3698/3328/3069
f 3201/3713/3439 3204/3729/3454 3192/3723/3449 3199/3714/3440
f 3153/3613/3346 3184/3646/3379 3154/3771/3491 3155/3614/3347
f 3155/3614/3347 3154/3771/3491 3156/3620/3353 3055/3619/3352
f 4687/3649/3382 4590/3772/3492 4591/3635/3368 3058/3621/3354
f 3180/3645/3378 4707/3651/3384 3157/3650/3383 3184/3646/3379
f 3185/3654/3387 3182/3773/3493 3181/3769/3489 3160/3644/3377
f 3304/3774/3494 3305/3775/3495 3298/3776/3496 3303/3777/3497
f 3159/3643/3376 3158/3770/3490 3183/3647/3380 3151/3608/3341
f 3156/3620/3353 3154/3771/3491 3184/3646/3379 3157/3650/3383
f 3164/3572/3305 3166/3657/3390 3162/3600/3333 3163/3571/3304
f 3169/3570/3303 3179/3768/3488 3170/3778/3485 3171/3655/3388
f 3169/3570/3303 3171/3655/3388 3164/3572/3305 3168/3567/3300
f 3166/3657/3390 3165/3656/3389 4695/3779/3498 3167/3780/3481
f 4695/3779/3498 3165/3781/3389 4698/3764/3484 4694/3782/3499
f 3293/3722/3448 3188/3695/3424 3186/3688/3418 3187/3689/3419
f 3165/3781/3389 3171/3655/3388 3170/3778/3485 4698/3764/3484
f 3175/3783/3483 4703/3784/3500 3177/3785/3501 3178/3760/3480
f 3170/3765/3485 3179/3768/3488 3177/3786/3501 4704/3766/3486
f 3176/3718/3444 3175/3783/3483 3178/3760/3480 3138/3759/3479
f 3173/3597/3330 3178/3760/3480 3177/3786/3501 3179/3768/3488
f 4699/3787/3502 4674/3788/3503 4696/3789/3504 4697/3767/3487
f 3181/3769/3489 3180/3645/3378 3183/3647/3380 3158/3770/3490
f 3189/3119/2869 3188/3695/3424 3202/3721/3447 3190/3704/3432
f 4688/3790/3505 4706/3791/3506 3180/3645/3378 4705/3792/3507
f 3191/3705/3433 3190/3704/3432 3199/3714/3440 3192/3723/3449
f 3192/3723/3449 3204/3729/3454 3193/3728/3453 3194/3724/3450
f 3220/3751/3474 3197/3793/3508 3700/3794/3509 3221/3795/3510
f 3193/3728/3453 3206/3727/3452 3195/3745/3468 3196/3700/3428
f 3195/3745/3468 3222/3744/3467 3197/3793/3508 3198/3738/3462
f 3194/3724/3450 3193/3728/3453 3196/3700/3428 3124/3725/3427
f 3313/3538/3271 3226/3537/3270 3325/3796/3511 3314/3797/3512
f 3196/3700/3428 3195/3745/3468 3198/3738/3462 3130/3701/3429
f 3294/3798/3513 3297/3708/3435 3203/3707/3434 3293/3722/3448
f 3244/3475/3211 3245/3474/3210 3209/3479/3215 3243/3494/3228
f 3198/3738/3462 3197/3793/3508 3220/3751/3474 3134/3739/3463
f 3213/3498/3232 3212/3497/3231 3234/3799/3514 3214/3517/3250
f 3316/3800/3515 3702/3801/3516 3223/3802/3517 3315/3803/3518
f 3206/3727/3452 3205/3726/3451 3308/3804/3519 3207/3743/3466
f 3304/3774/3494 3312/3805/3520 3301/3806/3521 3305/3775/3495
f 3222/3744/3467 3207/3743/3466 3315/3803/3518 3223/3802/3517
f 3203/3707/3434 3296/3710/3437 3200/3715/3441 3202/3721/3447
f 3700/3794/3509 3197/3793/3508 3222/3744/3467 3223/3802/3517
f 3309/3807/3522 3315/3803/3518 3207/3743/3466 3308/3804/3519
f 3211/3500/3234 3210/3477/3213 3232/3808/3523 3212/3497/3231
f 3216/3809/3524 3218/3810/3525 2994/3519/3252 3215/3518/3251
f 3218/3810/3525 3216/3809/3524 3224/3540/3273 3219/3539/3272
f 3258/3811/3526 3241/3532/3265 3239/3505/3239 3240/3812/3241
f 3230/3750/3473 3214/3517/3250 3234/3799/3514 3231/3747/3470
f 3219/3539/3272 3306/3813/3527 3217/3814/3528 3218/3810/3525
f 3246/3473/3209 3256/3815/3529 3249/3816/3530 3250/3817/3531
f 3230/3750/3473 3225/3749/3472 3224/3540/3273 3216/3809/3524
f 3313/3538/3271 3307/3818/3532 3306/3813/3527 3219/3539/3272
f 3218/3810/3525 3217/3814/3528 3433/3520/3253 2994/3519/3252
f 3233/3535/3268 3238/3534/3267 3231/3747/3470 3234/3799/3514
f 4743/3757/3477 3135/3819/3475 3220/3751/3474 3221/3795/3510
f 3232/3808/3523 3227/3820/3533 3237/3536/3269 3233/3535/3268
f 3700/3794/3509 3223/3802/3517 3702/3801/3516 3323/3821/3534
f 3229/3544/3277 3237/3536/3269 3227/3820/3533 3228/3476/3212
f 3144/3562/3295 3143/3568/3301 3168/3567/3300 3145/3559/3292
f 3215/3518/3251 3214/3517/3250 3230/3750/3473 3216/3809/3524
f 3311/3822/3535 3319/3823/3536 3309/3807/3522 3312/3805/3520
f 3236/3533/3266 3253/3824/3537 3226/3537/3270 3235/3748/3471
f 3250/3817/3531 3236/3533/3266 3237/3536/3269 3229/3544/3277
f 3246/3473/3209 3250/3817/3531 3229/3544/3277 3245/3474/3210
f 3228/3476/3212 3227/3820/3533 3232/3808/3523 3210/3477/3213
f 3235/3748/3471 3231/3747/3470 3238/3534/3267 3236/3533/3266
f 3242/3510/3243 2970/3509/3242 3239/3505/3239 3241/3532/3265
f 4768/3825/3538 4767/3826/3539 4777/3827/3540 4769/3828/3541
f 4779/3829/3542 3259/3830/3543 3258/3811/3526 3240/3812/3241
f 3248/3516/3249 3256/3815/3529 3246/3473/3209 3247/3472/3208
f 3251/3513/3246 3241/3532/3265 3260/3831/3544 3248/3516/3249
f 3249/3816/3530 3254/3832/3545 3252/3833/3546 3253/3824/3537
f 3261/3834/3256 3269/3522/3255 3262/3835/3547 3263/3836/3548
f 3263/3836/3548 3255/3837/3549 3256/3815/3529 3248/3516/3249
f 3243/3494/3228 2986/3469/3205 2984/3471/3207 2985/3512/3245
f 3233/3535/3268 3234/3799/3514 3212/3497/3231 3232/3808/3523
f 3279/3838/3550 4799/3839/3551 3283/3840/3552 3284/3841/3553
f 3265/3842/3554 3259/3843/3543 4785/3844/3555 3266/3845/3556
f 3318/3846/3557 3328/3847/3558 3326/3848/3559 3327/3849/3560
f 3329/3850/3561 3255/3837/3549 3335/3851/3562 3330/3852/3563
f 3344/3081/2816 3366/3853/3564 3342/3854/3565 3343/3077/2829
f 3250/3817/3531 3249/3816/3530 3253/3824/3537 3236/3533/3266
f 4788/3855/3566 4782/3856/3567 4848/3857/3568 4789/3858/3569
f 3254/3832/3545 3249/3816/3530 3256/3815/3529 3255/3837/3549
f 3253/3824/3537 3252/3833/3546 3325/3796/3511 3226/3537/3270
f 4849/3859/3570 4846/3860/3571 4851/3861/3572 4843/3862/3573
f 3259/3830/3543 3265/3842/3554 3257/3863/3574 3258/3811/3526
f 3255/3837/3549 3329/3850/3561 3252/3833/3546 3254/3832/3545
f 3267/3524/3257 3261/3523/3256 3260/3831/3544 3257/3864/3574
f 3261/3834/3256 3263/3836/3548 3248/3516/3249 3260/3831/3544
f 4833/3865/3575 4851/3861/3572 4837/3866/3576 4838/3867/3577
f 3260/3831/3544 3241/3532/3265 3258/3811/3526 3257/3864/3574
f 3269/3522/3255 3268/3521/3254 3285/3868/3578 3270/3869/3579
f 3270/3869/3579 3338/3870/3580 3262/3835/3547 3269/3522/3255
f 3263/3836/3548 3262/3871/3547 3335/3851/3562 3255/3837/3549
f 3267/3524/3257 3264/3872/3581 3281/3873/3582 3268/3521/3254
f 3265/3842/3554 3264/3872/3581 3267/3524/3257 3257/3863/3574
f 4778/3874/3583 4786/3875/3584 4784/3876/3585 4785/3844/3555
f 3274/3877/3586 3338/3870/3580 3271/3878/3587 3272/3879/3588
f 3278/3880/3589 3264/3872/3581 3265/3842/3554 3266/3845/3556
f 3282/3881/3590 3285/3868/3578 3268/3521/3254 3281/3873/3582
f 4841/3882/3591 4850/3883/3592 4846/3860/3571 4847/3884/3593
f 3286/3885/3594 3288/3886/3595 3270/3869/3579 3285/3868/3578
f 3277/3887/3596 4794/3888/3597 3275/3889/3598 3276/3890/3599
f 3008/3209/2957 3352/3208/2956 3350/3891/2436 3351/3019/2781
f 3276/3890/3599 3273/3892/3600 3272/3879/3588 3271/3878/3587
f 3701/3893/3601 3291/3894/3602 5181/3895/3603 3290/3896/3604
f 3333/3897/3605 3339/3898/3606 3273/3899/3600 3334/3900/3607
f 4797/3901/3608 4798/3902/3609 4799/3839/3551 4796/3903/3610
f 3276/3890/3599 3275/3904/3598 3334/3900/3607 3273/3899/3600
f 3281/3873/3582 3264/3872/3581 3278/3880/3589 3280/3905/3611
f 4805/3906/3612 4798/3902/3609 4800/3907/3613 4801/3908/3614
f 3289/3909/3615 3277/3887/3596 3276/3890/3599 3271/3878/3587
f 3334/3900/3607 3275/3910/3598 4844/3911/3616 3331/3912/3617
f 3338/3870/3580 3270/3869/3579 3288/3886/3595 3271/3878/3587
f 3297/3708/3435 3294/3798/3513 3303/3777/3497 3298/3776/3496
f 3284/3841/3553 3283/3840/3552 3292/3913/3618 3282/3881/3590
f 3314/3797/3512 3317/3914/3619 3307/3818/3532 3313/3538/3271
f 4798/3902/3609 4805/3906/3612 3283/3840/3552 4799/3839/3551
f 3271/3878/3587 3288/3886/3595 3287/3915/3620 3289/3909/3615
f 3311/3822/3535 3312/3805/3520 3304/3774/3494 3310/3916/3621
f 4848/3857/3568 4790/3917/3622 4803/3918/3623 4789/3858/3569
f 3384/3919/3624 3387/3920/3625 3381/3921/3626 3383/3922/3627
f 4801/3908/3614 5181/3895/3603 3291/3894/3602 4805/3906/3612
f 4870/3923/3628 4868/3924/3629 4928/3925/3630 4871/3926/3631
f 3286/3885/3594 3292/3913/3618 3291/3894/3602 3701/3893/3601
f 3283/3840/3552 4805/3906/3612 3291/3894/3602 3292/3913/3618
f 3300/3927/3632 3303/3777/3497 3294/3798/3513 3299/3928/3633
f 3307/3818/3532 3310/3916/3621 3300/3927/3632 3306/3813/3527
f 3296/3710/3437 3295/3709/3436 3302/3746/3469 3201/3713/3439
f 3306/3813/3527 3300/3927/3632 3299/3928/3633 3217/3814/3528
f 3310/3916/3621 3304/3774/3494 3303/3777/3497 3300/3927/3632
f 3318/3846/3557 3319/3823/3536 3311/3822/3535 3317/3914/3619
f 3330/3852/3563 3340/3929/3634 3324/3930/3635 3329/3850/3561
f 3295/3709/3436 3305/3775/3495 3301/3806/3521 3302/3746/3469
f 3302/3746/3469 3301/3806/3521 3308/3804/3519 3205/3726/3451
f 3317/3914/3619 3314/3797/3512 3328/3847/3558 3318/3846/3557
f 3315/3803/3518 3309/3807/3522 3319/3823/3536 3316/3800/3515
f 3308/3804/3519 3301/3806/3521 3312/3805/3520 3309/3807/3522
f 3310/3916/3621 3307/3818/3532 3317/3914/3619 3311/3822/3535
f 3323/3931/3534 3702/3801/3516 3320/3932/3636 3321/3933/3637
f 3318/3846/3557 3327/3849/3560 3316/3800/3515 3319/3823/3536
f 4828/3934/3638 4745/3935/3639 5182/3936/3640 4829/3937/3641
f 3336/3938/3642 3341/3939/3643 3326/3848/3559 3340/3929/3634
f 3332/3940/3644 3320/3932/3636 3341/3939/3643 3333/3897/3605
f 3321/3933/3637 3322/3941/3645 4834/3942/3646 3323/3931/3534
f 3321/3933/3637 3320/3932/3636 3332/3940/3644 3322/3941/3645
f 3339/3898/3606 3333/3897/3605 3341/3939/3643 3336/3938/3642
f 3702/3801/3516 3316/3800/3515 3327/3849/3560 3320/3932/3636
f 3324/3930/3635 3340/3929/3634 3326/3848/3559 3328/3847/3558
f 4065/3075/2827 5183/3074/2826 4852/3943/3647 4853/3944/3648
f 3328/3847/3558 3314/3797/3512 3325/3796/3511 3324/3930/3635
f 3341/3939/3643 3320/3932/3636 3327/3849/3560 3326/3848/3559
f 5184/3945/3649 3703/3946/3650 3705/3947/3651 3706/3948/3652
f 3333/3897/3605 3334/3900/3607 3331/3949/3617 3332/3940/3644
f 3332/3940/3644 3331/3949/3617 4842/3950/3653 3322/3951/3645
f 3286/3885/3594 3701/3893/3601 3287/3915/3620 3288/3886/3595
f 3274/3952/3586 3339/3898/3606 3336/3938/3642 3337/3953/3654
f 3335/3851/3562 3274/3877/3586 3337/3953/3654 3330/3852/3563
f 3339/3898/3606 3274/3952/3586 3272/3879/3588 3273/3892/3600
f 3337/3953/3654 3336/3938/3642 3340/3929/3634 3330/3852/3563
f 4844/3911/3616 3275/3910/3598 4794/3888/3597 4793/3954/3655
f 3285/3868/3578 3282/3881/3590 3292/3913/3618 3286/3885/3594
f 4804/3955/3656 4790/3917/3622 4794/3888/3597 3277/3887/3596
f 4842/3950/3653 3331/3912/3617 4844/3911/3616 4843/3862/3573
f 3390/3063/2815 3367/3956/3657 3366/3853/3564 3344/3064/2816
f 3262/3871/3547 3338/3870/3580 3274/3877/3586 3335/3851/3562
f 3343/3077/2829 3342/3957/3565 3704/3080/2832 2517/2682/2459
f 3349/3020/2782 3359/3071/2823 3347/3958/3658 3348/3021/2783
f 2382/2598/2376 2530/2880/2655 2522/3091/2841 2523/3079/2831
f 3347/3959/3658 3361/3960/3659 3345/3961/2834 3346/3206/2954
f 3346/3206/2954 3345/3083/2834 3407/3082/2833 2508/3061/2813
f 4862/3962/3660 3354/3963/3661 3352/3208/2956 3353/3211/2959
f 3708/2660/2437 3350/2659/2436 3352/3208/2956 3354/3964/3661
f 3421/2973/2740 3364/3965/3662 3501/3966/3663 3422/2970/2737
f 3346/3206/2954 2505/3058/2810 3348/3021/2783 3347/3959/3658
f 2554/3087/2837 2546/2540/2318 2547/3090/2840 2522/3091/2841
f 3351/3019/2781 3350/3891/2436 3356/2658/2435 3349/3967/2782
f 5186/3968/3664 3376/3969/2560 3708/2660/2437 3354/3970/3661
f 3583/3971/3665 3578/3972/3666 3577/3973/3667 3534/3974/3668
f 3372/3975/3669 3506/3253/3001 3363/3577/3310 3371/3069/2821
f 5193/3976/3670 3634/3977/3671 3717/3978/3672 3376/3979/2560
f 3375/2782/2559 3374/3980/3673 3373/3981/3674 3357/2661/2438
f 3356/2658/2435 3355/3068/2820 3359/3071/2823 3349/3967/2782
f 3358/3070/2822 3362/3578/3311 3360/3982/3675 3361/3960/3659
f 2273/2656/2433 3380/2655/2432 3378/2679/2456 3379/2662/2439
f 3364/3965/3662 3421/2973/2740 3360/3982/3675 3362/3578/3311
f 3373/3981/3674 3372/3975/3669 3371/3069/2821 3355/3068/2820
f 3359/3071/2823 3358/3070/2822 3361/3960/3659 3347/3958/3658
f 3705/3947/3651 3365/3983/3676 3707/3984/3677 3706/3948/3652
f 3571/3985/3678 3511/3986/3679 3509/3987/3680 3510/3988/3681
f 3361/3960/3659 3360/3982/3675 3417/3084/2835 3345/3961/2834
f 3367/3956/3657 3368/3989/3682 3365/3983/3676 3366/3853/3564
f 3370/3990/3683 3707/3984/3677 3365/3983/3676 3368/3989/3682
f 3970/3991/3684 4887/3992/3685 4885/3993/3686 4908/3994/3687
f 3580/3995/3688 3538/3996/3689 3536/3997/3690 3537/3998/3691
f 3366/3853/3564 3365/3983/3676 3705/3947/3651 3342/3854/3565
f 3539/3999/3692 3526/4000/3693 3524/4001/3694 3525/4002/3695
f 3393/4003/3696 3524/4001/3694 3369/4004/3697 3396/4005/3698
f 3573/4006/3699 3514/4007/3700 3512/3251/2999 3513/4008/3701
f 3717/3978/3672 3377/4009/3702 3375/2782/2559 3376/2783/2560
f 3503/4010/3703 3374/3980/3673 3507/4011/3704 3504/4012/3705
f 3575/4013/3706 3520/4014/3707 3518/4015/3708 3519/4016/3709
f 3492/4017/3710 3363/3577/3310 3506/3253/3001 3493/3252/3000
f 3492/4017/3710 3364/3965/3662 3362/3578/3311 3363/3577/3310
f 3541/3734/3459 3517/4018/3711 3515/4019/3712 3516/3735/3460
f 5138/4020/3713 5136/4021/3714 5137/4022/3715 5056/4023/3716
f 3709/4024/3717 3529/4025/3718 3527/4026/3719 3528/4027/3720
f 3378/2679/2456 3383/3922/3627 3381/3921/3626 3382/4028/3721
f 3385/3065/2817 3381/3921/3626 3387/3920/3625 3386/3062/2814
f 3387/3920/3625 3384/3919/3624 3409/4029/3722 3388/4030/3723
f 3379/2662/2439 3378/2679/2456 3382/4028/3721 2521/3060/2812
f 3480/4031/3010 3482/3202/2951 3476/2878/2653 3479/3235/2983
f 3088/3122/2872 3100/3121/2871 3084/3674/3405 3085/3682/3413
f 4035/4032/3724 3971/4033/3725 4037/4034/3726 4036/4035/3727
f 2428/2943/2711 2283/2695/2472 2282/2687/2464 2280/2691/2468
f 2493/3051/2731 2494/2984/2750 2430/2741/2518 2492/2737/2514
f 3382/4028/3721 3381/3921/3626 3385/3065/2817 2521/3060/2812
f 3424/4036/3728 3498/4037/3729 3395/4038/3730 3423/4039/3731
f 3388/4040/3723 3414/4041/3732 3391/4042/3733 3392/4043/3734
f 3410/4044/3735 3414/4041/3732 3388/4040/3723 3409/4029/3722
f 3394/4045/3736 3391/4042/3733 3423/4039/3731 3395/4038/3730
f 3427/2971/2738 3422/2970/2737 3495/4046/3737 3426/4047/3738
f 3408/2950/2718 3411/2949/2717 3402/4048/3739 3407/3082/2833
f 3386/4049/2814 3392/4043/3734 3389/4050/3740 3390/3063/2815
f 3390/3063/2815 3389/4050/3740 3396/4005/3698 3367/3956/3657
f 3415/4051/3741 3423/4039/3731 3391/4042/3733 3414/4041/3732
f 3532/4052/3742 3393/4003/3696 3394/4045/3736 3395/4038/3730
f 3523/4053/3743 3505/3250/2998 3503/4010/3703 3504/4012/3705
f 3392/4043/3734 3391/4042/3733 3394/4045/3736 3389/4050/3740
f 3518/4015/3708 3497/4054/3744 3521/4055/3745 3519/4016/3709
f 3409/4029/3722 3384/3919/3624 3398/2678/2455 3399/4056/3746
f 3524/4001/3694 3393/4003/3696 3532/4052/3742 3525/4002/3695
f 3394/4045/3736 3393/4003/3696 3396/4005/3698 3389/4050/3740
f 3425/4057/3747 3418/4058/3748 3427/2971/2738 3426/4047/3738
f 5125/4059/3749 5123/4060/3750 5122/4061/3751 5083/4062/3752
f 5191/4063/3753 5090/4064/3754 5128/4065/3755 3628/4066/3756
f 3398/2678/2455 3397/2677/2454 3405/4067/3757 3399/4056/3746
f 3397/2677/2454 3406/2703/2480 3404/4068/3758 3405/4067/3757
f 3412/4069/2720 3419/4070/3759 3410/4071/3735 3413/4072/3760
f 2697/2986/2752 2440/2548/2326 2699/2547/2325 2698/2750/2527
f 3414/4041/3732 3410/4071/3735 3419/4070/3759 3415/4051/3741
f 3403/2692/2469 3402/4048/3739 3406/2703/2480 2279/2693/2470
f 3402/4048/3739 3411/2949/2717 3404/4068/3758 3406/2703/2480
f 3405/4067/3757 3404/4068/3758 3413/4072/3760 3399/4056/3746
f 3423/4039/3731 3415/4051/3741 3425/4057/3747 3424/4036/3728
f 3498/4037/3729 3424/4036/3728 3502/4073/3761 3499/4074/3762
f 2508/3061/2813 3407/3082/2833 3402/4048/3739 3403/2692/2469
f 3426/4047/3738 3502/4073/3761 3424/4036/3728 3425/4057/3747
f 3412/2952/2720 3420/2951/2719 3418/4058/3748 3419/4070/3759
f 2778/3278/2893 3431/3283/3025 3428/4075/3763 3429/3279/3023
f 3417/3084/2835 3416/2972/2739 3420/2951/2719 3408/3085/2718
f 3360/3982/3675 3421/2973/2740 3416/2972/2739 3417/3084/2835
f 3416/2972/2739 3427/2971/2738 3418/4058/3748 3420/2951/2719
f 3217/3814/3528 3435/3528/3261 3432/3527/3260 3433/3520/3253
f 3521/4055/3745 3497/4054/3744 3495/4046/3737 3496/4076/3764
f 3419/4070/3759 3418/4058/3748 3425/4057/3747 3415/4051/3741
f 3540/4077/3765 3500/4078/3766 3498/4037/3729 3499/4074/3762
f 3445/4079/3422 3490/3259/3006 3441/4080/3767 3444/3694/3423
f 3495/4046/3737 3422/2970/2737 3501/3966/3663 3496/4076/3764
f 3533/4081/3768 3525/4002/3695 3532/4052/3742 3500/4078/3766
f 3531/4082/3769 3370/3990/3683 3368/3989/3682 3369/4004/3697
f 3396/4005/3698 3369/4004/3697 3368/3989/3682 3367/3956/3657
f 3505/3250/2998 3506/3253/3001 3372/3975/3669 3503/4010/3703
f 2957/3273/3018 3434/3272/3017 3428/4075/3763 3431/3283/3025
f 3544/4083/3770 3543/4084/3771 3541/3734/3459 3542/3733/3458
f 3452/2804/2581 2776/3238/2986 3429/3279/3023 3430/2801/2578
f 3429/3279/3023 3428/4085/3763 3463/4086/3772 3430/2801/2578
f 3439/3129/2879 3450/3687/3417 3437/3692/3421 3438/3684/3415
f 3437/3692/3421 3446/3530/3263 3432/3527/3260 3436/3526/3259
f 3433/3520/3253 3432/3527/3260 3434/3272/3017 2983/3271/3016
f 3028/3585/3318 3029/3588/3321 3011/3583/3316 3026/3586/3319
f 3522/4087/3773 3494/4088/3774 3492/4017/3710 3493/3252/3000
f 2991/3511/3244 2990/3499/3233 3213/3498/3232 2992/3514/3247
f 3437/3692/3421 3450/3687/3417 3445/4079/3422 3446/3530/3263
f 3298/3776/3496 3305/3775/3495 3295/3709/3436 3297/3708/3435
f 3443/3531/3264 3444/3694/3423 3441/4089/3767 3442/3529/3262
f 2887/3316/3057 2888/2815/2592 2800/3312/3053 2886/3111/2861
f 3442/3529/3262 3441/4090/3767 3463/4086/3772 3428/4085/3763
f 3463/4086/3772 3461/4091/3007 3462/2802/2579 3430/2801/2578
f 3465/3239/2987 3473/4092/3775 3466/4093/2867 3467/4094/3776
f 3486/3186/2936 3489/3185/2935 3448/3703/3431 3488/2847/2624
f 3447/2819/2596 2345/2808/2585 3488/2847/2624 3448/3703/3431
f 3450/3687/3417 3449/3686/2938 3490/3259/3006 3445/4079/3422
f 3451/2803/2580 3468/3118/2868 3453/3114/2864 3454/3270/3015
f 3452/2804/2581 3451/2803/2580 3454/3270/3015 2774/2828/2605
f 3465/3239/2987 3467/4094/3776 3457/2822/2599 3464/2821/2598
f 2772/3262/3008 3454/3270/3015 3453/3114/2864 3455/3113/2863
f 3470/3203/2620 3482/3202/2951 3472/4095/2962 3473/4092/3775
f 3461/4091/3007 3487/3187/2937 3458/3254/3002 3459/3277/3022
f 3462/2802/2579 3461/4091/3007 3459/3277/3022 3460/4096/3165
f 3448/3703/3431 3489/3185/2935 3449/3188/2938 3491/3685/3416
f 3467/4094/3776 3460/4096/3165 3459/3277/3022 3457/2822/2599
f 3467/4094/3776 3466/4093/2867 3468/3118/2868 3460/3428/3165
f 3470/3203/2620 3473/4092/3775 3465/3239/2987 3471/2851/2627
f 2720/2969/2736 2724/2768/2545 2718/3204/2952 2719/2710/2487
f 2534/2885/2660 2375/2864/2639 2536/2869/2644 2535/3093/2843
f 3432/3527/3260 3442/3529/3262 3428/4085/3763 3434/3272/3017
f 3466/3117/2867 3473/4092/3775 3472/3668/2962 3475/3115/2865
f 3482/3202/2951 3480/4031/3010 3483/3215/2963 3472/4097/2962
f 3477/3236/2984 3476/2878/2653 3478/2595/2373 2525/3078/2830
f 4370/4098/3777 4375/4099/3778 4368/4100/3779 4369/4101/3780
f 3494/4088/3774 3515/4019/3712 3496/4076/3764 3501/3966/3663
f 3502/4073/3761 3426/4047/3738 3495/4046/3737 3497/4054/3744
f 3501/3966/3663 3364/3965/3662 3492/4017/3710 3494/4088/3774
f 2351/2583/2361 2368/2858/2633 2353/2840/2617 2354/2585/2363
f 3485/3248/2996 3458/3254/3002 3487/3187/2937 3486/3255/2936
f 3560/4102/3781 3574/3732/3457 3514/4007/3700 3573/4006/3699
f 3497/4054/3744 3518/4015/3708 3499/4074/3762 3502/4073/3761
f 3374/3980/3673 3503/4010/3703 3372/3975/3669 3373/3981/3674
f 3514/4007/3700 3522/4087/3773 3493/3252/3000 3512/3251/2999
f 3515/4019/3712 3494/4088/3774 3522/4087/3773 3516/3735/3460
f 3441/4080/3767 3490/3259/3006 3461/3260/3007 3463/4086/3772
f 3717/3978/3672 3633/4103/3782 3637/4104/3783 3377/4009/3702
f 3520/4014/3707 3540/4077/3765 3499/4074/3762 3518/4015/3708
f 3532/4052/3742 3395/4038/3730 3498/4037/3729 3500/4078/3766
f 3509/3987/3680 3508/4105/3784 3605/4106/3785 3510/3988/3681
f 3523/4053/3743 3513/4008/3701 3512/3251/2999 3505/3250/2998
f 3516/3735/3460 3522/4087/3773 3514/4007/3700 3574/3732/3457
f 3718/4107/3786 3639/4108/3787 3641/4109/3788 3643/4110/3789
f 3383/3922/3627 3378/2679/2456 3398/2678/2455 3384/3919/3624
f 3646/4111/3790 3569/4112/3791 3571/3985/3678 3510/4113/3681
f 3566/4114/3792 3572/4115/3793 3511/3986/3679 3571/3985/3678
f 3523/4053/3743 3511/3986/3679 3572/4115/3793 3513/4008/3701
f 3539/3999/3692 3537/3998/3691 3536/3997/3690 3526/4000/3693
f 3543/4084/3771 3576/4116/3794 3517/4018/3711 3541/3734/3459
f 3576/4116/3794 3555/4117/3795 3575/4013/3706 3519/4016/3709
f 3613/4118/3796 3548/4119/3797 3547/4120/3798 3545/4121/3799
f 3576/4116/3794 3543/4084/3771 3553/4122/3800 3555/4117/3795
f 3565/4123/3801 3564/4124/3802 3562/4125/3803 3563/4126/3804
f 3605/4106/3785 3508/4127/3784 3637/4104/3783 3604/4128/3805
f 3521/4055/3745 3496/4076/3764 3515/4019/3712 3517/4018/3711
f 3546/4129/3806 3553/4122/3800 3543/4084/3771 3544/4083/3770
f 3544/4083/3770 3542/3733/3458 3559/4130/3807 3545/4121/3799
f 3509/3987/3680 3504/4012/3705 3507/4011/3704 3508/4105/3784
f 3531/4082/3769 3526/4000/3693 3536/3997/3690 3528/4027/3720
f 3521/4055/3745 3517/4018/3711 3576/4116/3794 3519/4016/3709
f 5187/4131/3808 5035/4132/3809 5034/4133/3810 3529/4134/3718
f 3527/4026/3719 3370/3990/3683 3531/4082/3769 3528/4027/3720
f 5044/4135/3811 5039/4136/3812 5038/4137/3813 5033/4138/3814
f 5034/4133/3810 3530/4139/3815 3527/4026/3719 3529/4025/3718
f 3533/4081/3768 3500/4078/3766 3540/4077/3765 3534/3974/3668
f 3538/4140/3689 3709/4024/3717 3528/4027/3720 3536/3997/3690
f 3412/4069/2720 3413/4072/3760 3404/4068/3758 3411/2949/2717
f 3539/3999/3692 3535/4141/3816 3582/4142/3817 3537/3998/3691
f 3587/4143/3818 3585/4144/3819 3653/4145/3820 3588/4146/3821
f 3526/4000/3693 3531/4082/3769 3369/4004/3697 3524/4001/3694
f 3584/4147/3822 3538/3996/3689 3580/3995/3688 3581/4148/3823
f 3556/4149/3824 3554/4150/3825 3618/4151/3826 3557/4152/3827
f 3620/4153/3828 3579/4154/3829 3577/3973/3667 3578/3972/3666
f 3627/4155/3830 3538/3996/3689 3584/4147/3822 3586/4156/3831
f 3539/3999/3692 3525/4002/3695 3533/4081/3768 3535/4141/3816
f 3584/4147/3822 3581/4157/3823 3670/4158/3832 3585/4144/3819
f 3670/4158/3832 3581/4157/3823 3623/4159/3833 3624/4160/3834
f 3620/4153/3828 3578/3972/3666 3625/4161/3835 3621/4162/3836
f 3547/4120/3798 3546/4129/3806 3544/4083/3770 3545/4121/3799
f 3613/4118/3796 3545/4121/3799 3559/4130/3807 3561/4163/3837
f 3553/4122/3800 3546/4129/3806 3616/4164/3838 3554/4150/3825
f 3618/4151/3826 3617/4165/3839 3638/4166/3840 3619/4167/3841
f 3625/4161/3835 3558/4168/3842 3556/4149/3824 3557/4152/3827
f 3710/4169/3843 3642/4170/3844 3641/4109/3788 3552/4171/3845
f 3559/4130/3807 3542/3733/3458 3574/3732/3457 3560/4102/3781
f 3644/4172/3846 3617/4165/3839 3616/4164/3838 3549/4173/3847
f 3550/4174/3848 3548/4119/3797 3611/4175/3849 3551/4176/3850
f 3550/4174/3848 3549/4173/3847 3547/4120/3798 3548/4119/3797
f 3572/4115/3793 3566/4114/3792 3565/4123/3801 3563/4126/3804
f 3710/4169/3843 3552/4171/3845 3550/4174/3848 3551/4176/3850
f 3722/4177/3851 3680/4178/3852 3682/4179/3853 3683/4180/3854
f 3618/4151/3826 3554/4150/3825 3616/4164/3838 3617/4165/3839
f 3612/4181/3855 3615/4182/3856 3551/4176/3850 3611/4175/3849
f 3638/4166/3840 3617/4165/3839 3644/4172/3846 3639/4108/3787
f 3678/4183/3857 3655/4184/3858 3653/4145/3820 3654/4185/3859
f 3575/4013/3706 3555/4117/3795 3556/4149/3824 3558/4168/3842
f 3556/4149/3824 3555/4117/3795 3553/4122/3800 3554/4150/3825
f 3671/4186/3860 3718/4107/3786 3643/4110/3789 5194/4187/3861
f 3520/4014/3707 3575/4013/3706 3558/4168/3842 3583/3971/3665
f 3614/4188/3862 3561/4163/3837 3562/4125/3803 3564/4124/3802
f 3573/4006/3699 3513/4008/3701 3572/4115/3793 3563/4126/3804
f 3570/4189/3863 3615/4182/3856 3567/4190/3864 3568/4191/3865
f 3614/4188/3862 3567/4190/3864 3615/4182/3856 3612/4181/3855
f 3679/4192/3866 3622/4193/3867 3682/4179/3853 3680/4178/3852
f 3707/3984/3677 3370/3990/3683 3527/4026/3719 3530/4194/3815
f 3577/3973/3667 3535/4141/3816 3533/4081/3768 3534/3974/3668
f 3608/4195/3868 3610/4196/3869 3570/4189/3863 3606/4197/3870
f 3646/4111/3790 3607/4198/3871 3606/4197/3870 3569/4112/3791
f 3707/3984/3677 3530/4194/3815 5185/4199/3872 3706/4200/3652
f 3540/4077/3765 3520/4014/3707 3583/3971/3665 3534/3974/3668
f 3562/4125/3803 3561/4163/3837 3559/4130/3807 3560/4102/3781
f 3549/4173/3847 3616/4164/3838 3546/4129/3806 3547/4120/3798
f 3681/4201/3873 3557/4152/3827 3618/4151/3826 3619/4167/3841
f 3614/4188/3862 3564/4124/3802 3565/4123/3801 3567/4190/3864
f 5133/4202/3874 5131/4203/3875 5193/3976/3670 4884/4204/3876
f 3583/3971/3665 3558/4168/3842 3625/4161/3835 3578/3972/3666
f 3611/4175/3849 3548/4119/3797 3613/4118/3796 3612/4181/3855
f 3562/4125/3803 3560/4102/3781 3573/4006/3699 3563/4126/3804
f 3625/4161/3835 3557/4152/3827 3684/4205/3877 3621/4162/3836
f 3587/4143/3818 3586/4156/3831 3584/4147/3822 3585/4144/3819
f 5191/4063/3753 3629/4206/3878 5129/4207/3879 5093/4208/3880
f 3628/4066/3756 5128/4065/3755 3626/4209/3881 3627/4155/3830
f 3709/4024/3717 3626/4210/3881 5187/4131/3808 3529/4134/3718
f 3715/4211/3882 3628/4066/3756 3627/4155/3830 3586/4156/3831
f 3682/4179/3853 3621/4162/3836 3684/4205/3877 3683/4180/3854
f 5156/4212/3883 3667/4213/3884 3666/4214/3885 3661/4215/3886
f 3631/4216/3887 5129/4207/3879 3629/4206/3878 3630/4217/3888
f 3715/4211/3882 3586/4156/3831 3587/4143/3818 3589/4218/3889
f 3604/4128/3805 3637/4104/3783 3633/4103/3782 3636/4219/3890
f 3596/4220/3891 3594/4221/3892 3657/4222/3893 3597/4223/3894
f 3665/4224/3895 3652/4225/3896 3650/4226/3897 3651/4227/3898
f 3713/4228/3899 3631/4216/3887 3630/4217/3888 3592/4229/3900
f 3652/4225/3896 3657/4222/3893 3594/4221/3892 3650/4226/3897
f 5193/3976/3670 5131/4203/3875 5130/4230/3901 3634/3977/3671
f 3593/4231/3902 3591/4232/3903 3650/4226/3897 3594/4221/3892
f 3596/4220/3891 3595/4233/3904 3593/4231/3902 3594/4221/3892
f 5190/4234/3905 3631/4216/3887 3713/4228/3899 3714/4235/3906
f 3713/4228/3899 3595/4233/3904 3716/4236/3907 3714/4235/3906
f 3711/4237/3908 3635/4238/3909 5189/4239/3910 3712/4240/3911
f 5163/4241/3912 5148/4242/3913 5154/4243/3914 3663/4244/3915
f 5153/4245/3916 3661/4246/3886 3659/4247/3917 3660/4248/3918
f 3716/4236/3907 3595/4233/3904 3596/4220/3891 3598/4249/3919
f 3603/4250/3920 3602/4251/3921 3600/4252/3922 3685/4253/3923
f 3685/4253/3923 3510/3988/3681 3605/4106/3785 3603/4250/3920
f 5156/4212/3883 5143/4254/3924 5141/4255/3925 5142/4256/3926
f 3655/4184/3858 3662/4257/3927 3651/4227/3898 3656/4258/3928
f 3719/4259/3929 3649/4260/3930 3666/4214/3885 3667/4261/3884
f 5111/4262/3931 3608/4195/3868 3606/4197/3870 3607/4198/3871
f 5130/4230/3901 3635/4238/3909 3632/4263/3932 3634/3977/3671
f 3551/4176/3850 3610/4196/3869 3609/4264/3933 3710/4169/3843
f 3568/4191/3865 3567/4190/3864 3565/4123/3801 3566/4114/3792
f 5137/4022/3715 3642/4170/3844 5188/4265/3934 5056/4023/3716
f 3568/4191/3865 3566/4114/3792 3571/3985/3678 3569/4112/3791
f 3620/4153/3828 3621/4162/3836 3682/4179/3853 3622/4193/3867
f 3570/4189/3863 3610/4196/3869 3551/4176/3850 3615/4182/3856
f 3606/4197/3870 3570/4189/3863 3568/4191/3865 3569/4112/3791
f 3644/4172/3846 3549/4173/3847 3550/4174/3848 3552/4171/3845
f 3623/4159/3833 3581/4148/3823 3580/3995/3688 3579/4154/3829
f 3670/4158/3832 3624/4266/3834 3675/4267/3935 3654/4185/3859
f 3715/4211/3882 3629/4206/3878 5191/4063/3753 3628/4066/3756
f 3653/4145/3820 3585/4144/3819 3670/4158/3832 3654/4185/3859
f 5042/4268/3936 5187/4131/3808 3626/4210/3881 5128/4065/3755
f 3656/4258/3928 3591/4232/3903 3590/4269/3937 3588/4146/3821
f 3613/4118/3796 3561/4163/3837 3614/4188/3862 3612/4181/3855
f 3724/4270/3938 3676/4271/3939 3679/4192/3866 3680/4178/3852
f 3538/4140/3689 3627/4155/3830 3626/4272/3881 3709/4024/3717
f 3711/4237/3908 3601/4273/3940 3632/4263/3932 3635/4238/3909
f 3630/4217/3888 3629/4206/3878 3715/4211/3882 3589/4218/3889
f 3713/4228/3899 3592/4229/3900 3593/4231/3902 3595/4233/3904
f 5157/4274/3941 3607/4198/3871 3668/4275/3942 3669/4276/3943
f 3724/4270/3938 3680/4178/3852 3722/4177/3851 3723/4277/3944
f 3632/4263/3932 3601/4273/3940 3636/4219/3890 3633/4103/3782
f 3659/4247/3917 3648/4278/3945 3657/4222/3893 3652/4225/3896
f 3720/4279/3946 3673/4280/3947 5196/4281/3948 3721/4282/3949
f 3681/4201/3873 3619/4167/3841 3638/4166/3840 3640/4283/3950
f 3608/4195/3868 5112/4284/3951 3609/4264/3933 3610/4196/3869
f 3523/4053/3743 3504/4012/3705 3509/3987/3680 3511/3986/3679
f 3623/4159/3833 3579/4154/3829 3620/4153/3828 3622/4193/3867
f 3679/4192/3866 3624/4160/3834 3623/4159/3833 3622/4193/3867
f 3649/4260/3930 3719/4259/3929 3645/4285/3952 3658/4286/3953
f 5137/4022/3715 3643/4110/3789 3641/4109/3788 3642/4170/3844
f 3644/4172/3846 3552/4171/3845 3641/4109/3788 3639/4108/3787
f 3685/4253/3923 3600/4252/3922 3658/4286/3953 3510/4113/3681
f 3510/4113/3681 3658/4286/3953 3645/4285/3952 3646/4111/3790
f 4231/4287/3954 4333/3290/3031 4330/4288/3955 4331/4289/3956
f 5154/4243/3914 3664/4290/3957 3662/4257/3927 3663/4291/3915
f 3675/4267/3935 3624/4266/3834 3679/4192/3866 3676/4292/3939
f 3668/4275/3942 3645/4293/3952 3719/4259/3929 3669/4294/3943
f 3646/4111/3790 3645/4293/3952 3668/4275/3942 3607/4198/3871
f 5140/4295/3958 5075/4296/3959 5111/4262/3931 3607/4198/3871
f 3601/4273/3940 3711/4237/3908 3598/4249/3919 3599/4297/3960
f 3605/4106/3785 3604/4128/3805 3602/4251/3921 3603/4250/3920
f 3599/4297/3960 3598/4249/3919 3596/4220/3891 3597/4223/3894
f 3647/4298/3961 3600/4252/3922 3599/4297/3960 3597/4223/3894
f 3656/4258/3928 3588/4146/3821 3653/4145/3820 3655/4184/3858
f 5153/4245/3916 3660/4299/3918 5155/4300/3962 5145/4301/3963
f 3593/4231/3902 3592/4229/3900 3590/4269/3937 3591/4232/3903
f 3656/4258/3928 3651/4227/3898 3650/4226/3897 3591/4232/3903
f 3665/4224/3895 3660/4248/3918 3659/4247/3917 3652/4225/3896
f 3669/4294/3943 3719/4259/3929 3667/4261/3884 5195/4302/3964
f 3662/4257/3927 3655/4184/3858 3678/4183/3857 3663/4291/3915
f 3602/4251/3921 3601/4273/3940 3599/4297/3960 3600/4252/3922
f 3657/4222/3893 3648/4278/3945 3647/4298/3961 3597/4223/3894
f 3649/4260/3930 3658/4286/3953 3600/4252/3922 3647/4298/3961
f 3665/4224/3895 3651/4227/3898 3662/4257/3927 3664/4303/3957
f 3666/4214/3885 3649/4260/3930 3647/4298/3961 3648/4278/3945
f 3677/4304/3965 5163/4241/3912 3663/4244/3915 3678/4183/3857
f 5155/4300/3962 3664/4290/3957 5154/4243/3914 5146/4305/3966
f 3722/4177/3851 3721/4282/3949 5197/4306/3967 3723/4277/3944
f 5018/4307/3968 5152/4308/3969 5106/4309/3970 5170/4310/3971
f 3720/4279/3946 3674/4311/3972 3672/4312/3973 3673/4280/3947
f 3684/4205/3877 3557/4152/3827 3681/4201/3873 3674/4311/3972
f 3661/4215/3886 3666/4214/3885 3648/4278/3945 3659/4247/3917
f 3592/4229/3900 3630/4217/3888 3589/4218/3889 3590/4269/3937
f 3590/4269/3937 3589/4218/3889 3587/4143/3818 3588/4146/3821
f 3672/4312/3973 3671/4186/3860 5160/4313/3974 3673/4280/3947
f 5198/4314/3975 5165/4315/3976 5164/4316/3977 5162/4317/3978
f 3674/4311/3972 3720/4279/3946 3683/4180/3854 3684/4205/3877
f 5196/4281/3948 5168/4318/3979 5197/4306/3967 3721/4282/3949
f 3681/4201/3873 3640/4283/3950 3672/4312/3973 3674/4311/3972
f 3821/4319/3980 4059/2640/2417 3818/2642/2419 4060/4320/3981
f 3677/4321/3965 3724/4270/3938 3723/4277/3944 5198/4314/3975
f 3642/4170/3844 3710/4169/3843 3609/4264/3933 5188/4265/3934
f 5173/4322/3982 3688/3170/2920 5174/3171/2921 4379/4323/3983
f 5057/4324/3984 5188/4265/3934 3609/4264/3933 5112/4284/3951
f 2423/2954/2721 2424/2957/2724 3401/2676/2453 2421/2932/2701
f 2836/3326/3067 3691/3103/2853 3688/4325/2920 3689/3360/3101
f 2514/3067/2819 2269/2626/2404 2267/2622/2400 2268/2651/2428
f 3692/3028/2788 2837/3361/3102 3689/3360/3101 3690/3029/2789
f 2633/3156/2906 2634/2519/2297 2571/2899/2672 2631/3059/2811
f 3689/3360/3101 3688/4325/2920 5173/4322/3982 3690/4326/2789
f 3694/3349/3090 3693/3366/2791 5176/4327/3985 2855/4328/3107
f 2898/3139/2889 2914/3425/3162 2900/3396/3134 2901/3420/3157
f 2865/3359/3100 2852/3380/3118 2854/3367/3106 2856/3356/3097
f 3696/3210/2958 3695/3148/2898 5177/3147/2897 3353/3211/2959
f 3013/3543/3276 3026/3586/3319 3011/3583/3316 3012/3541/3274
f 3147/3599/3332 3148/3605/3338 3047/3630/3363 3146/3560/3293
f 5183/3074/2826 3703/4329/3650 5184/3945/3649 4852/4330/3647
f 5180/4331/3986 3221/4332/3510 3700/3794/3509 3323/3821/3534
f 4818/4333/3987 4814/4334/3988 4825/4335/3989 4817/4336/3990
f 5041/4337/3991 5035/4132/3809 5187/4131/3808 5042/4268/3936
f 3252/3833/3546 3329/3850/3561 3324/3930/3635 3325/3796/3511
f 3342/3957/3565 3705/3947/3651 3703/3946/3650 3704/3080/2832
f 3704/3080/2832 3703/4338/3650 5183/3074/2826 2519/3073/2825
f 5133/4202/3874 4884/4204/3876 5014/4339/3992 5015/4340/3993
f 3507/4011/3704 3374/3980/3673 3375/2782/2559 3377/4341/3702
f 5192/4342/3994 3714/4235/3906 3716/4236/3907 3712/4240/3911
f 5186/3968/3664 4860/4343/3995 4864/4344/3996 4865/4345/3997
f 3637/4104/3783 3508/4127/3784 3507/4011/3704 3377/4341/3702
f 3716/4236/3907 3598/4249/3919 3711/4237/3908 3712/4240/3911
f 3632/4263/3932 3633/4103/3782 3717/3978/3672 3634/3977/3671
f 3718/4107/3786 3640/4283/3950 3638/4166/3840 3639/4108/3787
f 5190/4234/3905 5096/4346/3998 5129/4207/3879 3631/4216/3887
f 3636/4219/3890 3601/4273/3940 3602/4251/3921 3604/4128/3805
f 3722/4177/3851 3683/4180/3854 3720/4279/3946 3721/4282/3949
f 3678/4183/3857 3654/4185/3859 3675/4267/3935 3677/4304/3965
f 5160/4313/3974 3671/4186/3860 5194/4187/3861 5135/4347/3999
f 4122/4348/4000 4006/4349/4001 4115/2462/2241 4117/2465/2244
f 5195/4302/3964 5139/4350/4002 5157/4274/3941 3669/4351/3943
f 3729/2504/2282 3727/2175/1965 3725/2178/1968 3726/2403/2184
f 4122/4348/4000 4117/2465/2244 4207/4352/4003 4123/4353/4004
f 350/364/337 5/419/383 2/1/1 4/361/334
f 2446/2408/2187 2408/2605/2383 2407/2612/2390 2251/2171/1962
f 3825/4354/4005 3963/4355/4006 3960/4356/4007 3961/4357/4008
f 3739/4358/4009 3741/4359/4010 3733/4360/4011 3738/4361/4012
f 3732/2502/2280 3733/4360/4011 3743/4362/4013 3728/2503/2281
f 3729/2504/2282 3728/2503/2281 3745/4363/4014 3727/2175/1965
f 4364/3281/3024 2784/3286/3004 4328/3275/3020 4329/4364/4015
f 3740/4365/4016 3779/4366/4017 3754/4367/4018 3755/2494/2272
f 3730/2501/2279 3799/4368/4019 3731/4369/4020 3732/2502/2280
f 3732/2502/2280 3731/4369/4020 3738/4361/4012 3733/4360/4011
f 3743/4362/4013 3733/4360/4011 3741/4359/4010 3742/2493/2271
f 3802/4370/4021 5171/2563/2341 3816/3134/2884 3959/4371/4022
f 3737/4372/4023 3780/4373/4024 3734/4374/4025 3735/4375/4026
f 3735/4375/4026 3734/4374/4025 3738/4361/4012 3731/4369/4020
f 3773/4376/4027 3795/4377/4028 3776/4378/4029 3777/4379/4030
f 4017/4380/4031 3953/4381/4032 3954/4382/4033 3955/4383/4034
f 4318/4384/4035 4962/4385/4036 4960/4386/4037 4961/4387/4038
f 3745/4363/4014 3728/2503/2281 3743/4362/4013 3744/4388/4039
f 3739/4358/4009 3777/4379/4030 3740/4365/4016 3741/4359/4010
f 3741/4359/4010 3740/4365/4016 3755/2494/2272 3742/2493/2271
f 3745/4363/4014 3744/4388/4039 3751/4389/4040 3746/4390/4041
f 3744/4388/4039 3753/2496/2274 3750/4391/4042 3751/4389/4040
f 3997/4392/4043 3808/4393/4044 3813/4394/4045 3812/4395/4046
f 3948/4396/4047 3772/4397/4048 3771/4398/4049 3758/4399/4050
f 3799/4368/4019 3736/4400/4051 3735/4375/4026 3731/4369/4020
f 2820/3105/2855 2819/3104/2854 2818/3284/3026 2785/3258/3005
f 4385/4401/4052 4356/4402/4053 4354/4403/4054 4355/4404/4055
f 3751/4389/4040 3750/4391/4042 4112/4405/4056 3749/2490/2269
f 3753/2496/2274 3752/2495/2273 4110/4406/4057 3750/4391/4042
f 3737/4372/4023 3760/4407/4058 3756/4408/4059 3757/4409/4060
f 3950/4410/4061 3756/4408/4059 3952/4411/4062 3951/4412/4063
f 3771/4398/4049 3759/4413/4064 3757/4409/4060 3758/4399/4050
f 3755/2494/2272 3754/4367/4018 4108/4414/4065 3752/2495/2273
f 3784/4415/4066 3762/4416/4067 3886/4417/4068 3785/4418/4069
f 3780/4373/4024 3759/4413/4064 3781/4419/4070 3775/4420/4071
f 3780/4373/4024 3737/4372/4023 3757/4409/4060 3759/4413/4064
f 3758/4399/4050 3757/4409/4060 3756/4408/4059 3950/4410/4061
f 3942/4421/4072 3766/4422/4073 3763/4423/4074 3765/4424/4075
f 3766/4422/4073 3889/4425/4076 3762/4416/4067 3763/4423/4074
f 3781/4419/4070 3770/4426/4077 3791/4427/4078 3775/4420/4071
f 4078/4428/4079 4076/4429/4080 4089/4430/4081 4075/4431/4082
f 4118/4432/4083 4008/4433/4084 4120/4434/4085 4119/4435/4086
f 3774/4436/4087 3734/4374/4025 3780/4373/4024 3775/4420/4071
f 3942/4421/4072 3765/4424/4075 3944/4437/4088 3943/4438/4089
f 3766/4422/4073 3939/4439/4090 3888/4440/4091 3889/4425/4076
f 3830/4441/4092 4913/4442/4093 4909/4443/4094 4910/4444/4095
f 3763/4423/4074 3762/4416/4067 3784/4415/4066 3764/4445/4096
f 3944/4437/4088 3769/4446/4097 3946/4447/4098 3945/4448/4099
f 3767/4449/4100 3764/4445/4096 3787/4450/4101 3768/4451/4102
f 3783/4452/4103 3905/4453/4104 3786/4454/4105 3787/4450/4101
f 3775/4420/4071 3793/4455/4106 3773/4376/4027 3774/4436/4087
f 4131/4456/4107 4016/4457/4108 4017/4380/4031 4018/4458/4109
f 4015/4459/4110 3951/4412/4063 3952/4411/4062 3953/4381/4032
f 4425/4460/4111 4344/4461/4112 4427/4462/4113 4426/4463/4114
f 4009/4464/4115 3947/4465/4116 4011/4466/4117 4010/4467/4118
f 3887/4468/4119 4976/4469/4120 3908/4470/4121 3909/4471/4122
f 3771/4398/4049 3770/4426/4077 3781/4419/4070 3759/4413/4064
f 3774/4436/4087 3773/4376/4027 3777/4379/4030 3739/4358/4009
f 4096/4472/4123 4347/4473/4124 4344/4461/4112 4345/4474/4125
f 4015/4459/4110 3953/4381/4032 4017/4380/4031 4016/4475/4108
f 3747/2176/1966 3746/4390/4041 3748/2481/2260 2194/2287/2076
f 3776/4378/4029 3797/4476/4126 3778/4477/4127 3779/4366/4017
f 4084/4478/4128 4082/4479/4129 4098/4480/4130 4085/4481/4131
f 3777/4379/4030 3776/4378/4029 3779/4366/4017 3740/4365/4016
f 3747/2176/1966 3727/2175/1965 3745/4363/4014 3746/4390/4041
f 4013/4482/4132 3949/4483/4133 3950/4410/4061 3951/4412/4063
f 3779/4366/4017 3778/4477/4127 4106/4484/4134 3754/4367/4018
f 3952/4411/4062 3756/4408/4059 3760/4407/4058 3761/4485/4135
f 3952/4411/4062 3761/4485/4135 3954/4382/4033 3953/4381/4032
f 3993/4486/4136 3808/4393/4044 3997/4392/4043 3994/4487/4137
f 3834/4488/4138 4538/4489/4139 4264/4490/4140 4265/4491/4141
f 3946/4447/4098 3769/4446/4097 3782/4492/4142 3772/4397/4048
f 3785/4418/4069 3907/4493/4143 3783/4452/4103 3784/4415/4066
f 3783/4452/4103 3907/4493/4143 3904/4494/4144 3905/4453/4104
f 3784/4415/4066 3783/4452/4103 3787/4450/4101 3764/4445/4096
f 4277/4495/4145 4275/4496/4146 4293/4497/4147 4278/4498/4148
f 3956/2419/2198 3802/4370/4021 3959/4371/4022 3957/2420/2199
f 3786/4454/4105 3903/4499/4149 3788/4500/4150 3789/4501/4151
f 3913/4502/4152 3906/4503/4153 3911/4504/4154 3912/4505/4155
f 3787/4450/4101 3786/4454/4105 3789/4501/4151 3768/4451/4102
f 3788/4500/4150 3901/4506/4156 3790/4507/4157 3791/4427/4078
f 3785/4418/4069 3909/4471/4122 3906/4503/4153 3907/4493/4143
f 3790/4507/4157 3901/4506/4156 3898/4508/4158 3899/4509/4159
f 3772/4397/4048 3782/4492/4142 3770/4426/4077 3771/4398/4049
f 3789/4501/4151 3788/4500/4150 3791/4427/4078 3770/4426/4077
f 3790/4507/4157 3899/4509/4159 3792/4510/4160 3793/4455/4106
f 3791/4427/4078 3790/4507/4157 3793/4455/4106 3775/4420/4071
f 3792/4510/4160 3896/4511/4161 3794/4512/4162 3795/4377/4028
f 3786/4454/4105 3905/4453/4104 3902/4513/4163 3903/4499/4149
f 3899/4509/4159 3897/4514/4164 3896/4511/4161 3792/4510/4160
f 3793/4455/4106 3792/4510/4160 3795/4377/4028 3773/4376/4027
f 3794/4512/4162 3923/4515/4165 3796/4516/4166 3797/4476/4126
f 4225/4517/4167 4104/4518/4168 4339/4519/4169 4226/4520/4170
f 3795/4377/4028 3794/4512/4162 3797/4476/4126 3776/4378/4029
f 3730/2501/2279 3805/4521/4171 3798/4522/4172 3799/4368/4019
f 3797/4476/4126 3796/4516/4166 4102/4523/4173 3778/4477/4127
f 3800/4524/4174 3801/4525/4175 3954/4382/4033 3761/4485/4135
f 3946/4447/4098 3772/4397/4048 3948/4396/4047 3947/4465/4116
f 3736/4400/4051 3799/4368/4019 3798/4522/4172 3800/4524/4174
f 3798/4522/4172 3805/4521/4171 3804/4526/4176 3809/4527/4177
f 3760/4407/4058 3736/4400/4051 3800/4524/4174 3761/4485/4135
f 3738/4361/4012 3734/4374/4025 3774/4436/4087 3739/4358/4009
f 3805/4521/4171 3726/2403/2184 3803/2402/2183 3804/4526/4176
f 3813/4394/4045 3807/4528/4178 3811/4529/4179 3812/4395/4046
f 4002/4530/4180 3996/4531/4181 4003/2447/2226 3998/2446/2225
f 4017/4380/4031 3955/4383/4034 4019/4532/4182 4018/4458/4109
f 3803/2402/2183 3802/4370/4021 3956/2419/2198 3804/4526/4176
f 3809/4527/4177 3804/4526/4176 3995/4533/4183 3810/4534/4184
f 3760/4407/4058 3737/4372/4023 3735/4375/4026 3736/4400/4051
f 3825/4354/4005 3824/4535/4185 3819/4536/4186 3964/4537/4187
f 3743/4362/4013 3742/2493/2271 3753/2496/2274 3744/4388/4039
f 3962/4538/4188 4029/4539/4189 4027/4540/4190 4028/4541/4191
f 3811/4529/4179 3810/4534/4184 4002/4530/4180 3812/4395/4046
f 3999/2445/2224 3994/4487/4137 3997/4392/4043 3998/2446/2225
f 4180/4542/4192 4116/2463/2242 4118/4432/4083 4119/4435/4086
f 4059/2640/2417 3825/4354/4005 3961/4357/4008 3815/2641/2418
f 4136/4543/4193 4024/4544/4194 4025/4545/4195 4026/4546/4196
f 3811/4529/4179 3807/4528/4178 3809/4527/4177 3810/4534/4184
f 4064/4547/4197 4062/4548/4198 4067/4549/4199 4061/4550/4200
f 4025/4545/4195 3960/4356/4007 4028/4541/4191 4026/4546/4196
f 4887/3992/3685 3823/4551/4201 3820/4552/4202 3822/4553/4203
f 3825/4354/4005 4059/2640/2417 3821/4319/3980 3824/4535/4185
f 3413/4072/3760 3410/4044/3735 3409/4029/3722 3399/4056/3746
f 3849/4554/4204 3826/4555/4205 3851/4556/4206 3850/4557/4207
f 3820/4552/4202 3819/4536/4186 3824/4535/4185 3821/4319/3980
f 4037/4034/3726 3974/4558/4208 4039/4559/4209 4038/4560/4210
f 3831/4561/4211 3828/4562/4212 3848/4563/4213 3832/4564/4214
f 4155/4565/4215 4042/4566/4216 4043/4567/4217 4044/4568/4218
f 4914/4569/4219 4909/4443/4094 4918/4570/4220 4915/4571/4221
f 4887/3992/3685 3970/3991/3684 3969/4572/4222 3823/4551/4201
f 3973/4573/4223 3975/4574/4224 3971/4033/3725 3972/4575/4225
f 3870/4576/4226 3854/4577/4227 3873/4578/4228 3871/4579/4229
f 3830/4441/4092 4910/4444/4095 3826/4555/4205 3827/4580/4230
f 4140/4581/4231 4030/4582/4232 4143/4583/4233 4141/4584/4234
f 4907/4585/4235 3830/4441/4092 3827/4580/4230 3829/4586/4236
f 3827/4580/4230 3826/4555/4205 3849/4554/4204 3828/4562/4212
f 3881/4587/4237 3861/4588/4238 3862/4589/4239 3863/4590/4240
f 3828/4562/4212 3849/4554/4204 3847/4591/4241 3848/4563/4213
f 3978/4592/4242 3844/4593/4243 3981/4594/4244 3979/4595/4245
f 4055/4596/4246 3838/4597/4247 3835/4598/4248 3837/4599/4249
f 3977/4600/4250 3829/4586/4236 3831/4561/4211 3833/4601/4251
f 4288/4602/4252 4609/4603/4253 4303/4604/4254 4304/4605/4255
f 3860/4606/4256 3839/4607/4257 3862/4589/4239 3861/4588/4238
f 3851/4556/4206 3837/4599/4249 3835/4598/4248 3836/4608/4258
f 3835/4598/4248 3834/4488/4138 4265/4491/4141 3836/4608/4258
f 3851/4556/4206 3836/4608/4258 3853/4609/4259 3850/4557/4207
f 4235/4610/4260 3842/4611/4261 3840/4612/4262 3841/4613/4263
f 3842/4611/4261 3843/4614/4264 3839/4607/4257 3840/4612/4262
f 3843/4614/4264 3842/4611/4261 4237/4615/4265 3844/4593/4243
f 3844/4593/4243 3978/4592/4242 3833/4601/4251 3843/4614/4264
f 4264/4490/4140 4536/4616/4266 4269/4617/4267 4270/4618/4268
f 3841/4613/4263 3840/4612/4262 3839/4607/4257 3860/4606/4256
f 4160/4619/4269 4048/4620/4270 4049/4621/4271 4050/4622/4272
f 3862/4589/4239 3839/4607/4257 3845/4623/4273 3846/4624/4274
f 3864/4625/4275 3847/4591/4241 3866/4626/4276 3865/4627/4277
f 3843/4614/4264 3833/4601/4251 3845/4623/4273 3839/4607/4257
f 3862/4589/4239 3846/4624/4274 3864/4625/4275 3863/4590/4240
f 4058/4628/4278 3837/4599/4249 3851/4556/4206 3826/4555/4205
f 3883/4629/4279 3867/4630/4280 3868/4631/4281 3869/4632/4282
f 3868/4631/4281 3852/4633/4283 3870/4576/4226 3869/4632/4282
f 3846/4624/4274 3848/4563/4213 3847/4591/4241 3864/4625/4275
f 3875/4634/4284 3859/4635/4285 3857/4636/4286 3858/4637/4287
f 3866/4626/4276 3847/4591/4241 3849/4554/4204 3850/4557/4207
f 3838/4597/4247 4540/4638/4288 3834/4488/4138 3835/4598/4248
f 3836/4608/4258 3855/4639/4289 3852/4633/4283 3853/4609/4259
f 3845/4623/4273 3832/4564/4214 3848/4563/4213 3846/4624/4274
f 3884/4640/4290 3869/4632/4282 3870/4576/4226 3871/4579/4229
f 3909/4471/4122 3785/4418/4069 3886/4417/4068 3887/4468/4119
f 4886/4641/4291 4061/4550/4200 4067/4549/4199 4068/4642/4292
f 3850/4557/4207 3853/4609/4259 3852/4633/4283 3868/4631/4281
f 4235/4610/4260 3859/4635/4285 4268/4643/4293 4236/4644/4294
f 3852/4633/4283 3855/4639/4289 3854/4577/4227 3870/4576/4226
f 3879/4645/4295 3858/4637/4287 3860/4606/4256 3861/4588/4238
f 4248/4646/4296 3856/4647/4297 4267/4648/4298 4249/4649/4299
f 3875/4634/4284 3858/4637/4287 3880/4650/4300 3874/4651/4301
f 3873/4578/4228 3874/4651/4301 3878/4652/4302 3871/4579/4229
f 3878/4652/4302 3874/4651/4301 3880/4650/4300 3877/4653/4303
f 3860/4606/4256 3858/4637/4287 3857/4636/4286 3841/4613/4263
f 3884/4640/4290 3871/4579/4229 3878/4652/4302 3877/4653/4303
f 3879/4645/4295 3861/4588/4238 3881/4587/4237 3877/4653/4303
f 3854/4577/4227 4248/4646/4296 3872/4654/4304 3873/4578/4228
f 4976/4469/4120 4262/4655/4305 4978/4656/4306 4977/4657/4307
f 3876/4658/4308 3865/4627/4277 3882/4659/4309 3877/4653/4303
f 3859/4635/4285 3875/4634/4284 3872/4654/4304 4268/4643/4293
f 3882/4659/4309 3867/4630/4280 3883/4629/4279 3877/4653/4303
f 3883/4629/4279 3869/4632/4282 3884/4640/4290 3877/4653/4303
f 4091/4660/4310 3890/4661/4311 4097/4662/4312 4092/4663/4313
f 3873/4578/4228 3872/4654/4304 3875/4634/4284 3874/4651/4301
f 4266/4664/4314 4270/4618/4268 4271/4665/4315 4272/4666/4316
f 3881/4587/4237 3863/4590/4240 3876/4658/4308 3877/4653/4303
f 4252/4667/4317 4277/4495/4145 4254/4668/4318 4255/4669/4319
f 4448/4670/4320 4348/4671/4321 4458/4672/4322 4449/4673/4323
f 4260/4674/4324 3885/4675/4325 4263/4676/4326 4261/4677/4327
f 3762/4416/4067 3889/4425/4076 3885/4675/4325 3886/4417/4068
f 4267/4648/4298 3836/4608/4258 4265/4491/4141 4266/4664/4314
f 3891/4678/4328 3892/4679/4329 4995/4680/4330 3893/4681/4331
f 3922/4682/4332 4083/4683/4333 3926/4684/4334 3927/4685/4335
f 3886/4417/4068 3885/4675/4325 4260/4674/4324 3887/4468/4119
f 3894/4686/4336 4349/4687/4337 3890/4661/4311 3891/4678/4328
f 4004/4688/4338 3940/4689/4339 3942/4421/4072 3943/4438/4089
f 4979/4690/4340 4990/4691/4341 4987/4692/4342 4989/4693/4343
f 2173/2184/1974 5171/2563/2341 3802/4370/4021 3803/2402/2183
f 4308/4694/4344 4323/4695/4345 4311/4696/4346 4312/4697/4347
f 3889/4425/4076 3888/4440/4091 4247/4698/4348 3885/4675/4325
f 4317/4699/4349 3894/4686/4336 3891/4678/4328 3893/4700/4331
f 3939/4439/4090 3766/4422/4073 3942/4421/4072 3940/4689/4339
f 4320/4701/4350 4961/4387/4038 4958/4702/4351 4959/4703/4352
f 3782/4492/4142 3769/4446/4097 3767/4449/4100 3768/4451/4102
f 3891/4678/4328 3890/4661/4311 4091/4660/4310 3892/4679/4329
f 3895/4704/4353 3925/4705/4354 3922/4682/4332 3923/4515/4165
f 4102/4523/4173 3796/4516/4166 3927/4685/4335 3928/4706/4355
f 3896/4511/4161 3895/4704/4353 3923/4515/4165 3794/4512/4162
f 3954/4382/4033 3801/4525/4175 3993/4486/4136 3955/4383/4034
f 3897/4514/4164 3899/4509/4159 3898/4508/4158 3921/4707/4356
f 3806/4708/4357 3798/4522/4172 3809/4527/4177 3807/4528/4178
f 3901/4506/4156 3900/4709/4358 3919/4710/4359 3898/4508/4158
f 3800/4524/4174 3798/4522/4172 3806/4708/4357 3801/4525/4175
f 3903/4499/4149 3902/4513/4163 3917/4711/4360 3900/4709/4358
f 3908/4470/4121 4988/4712/4361 3910/4713/4362 3911/4504/4154
f 3905/4453/4104 3904/4494/4144 3915/4714/4363 3902/4513/4163
f 3930/4715/4364 3910/4713/4362 4985/2672/2449 3931/2674/2451
f 3907/4493/4143 3906/4503/4153 3913/4502/4152 3904/4494/4144
f 3915/4714/4363 3904/4494/4144 3913/4502/4152 3914/4716/4365
f 3913/4502/4152 3912/4505/4155 3933/4717/4366 3914/4716/4365
f 3897/4514/4164 3921/4707/4356 3895/4704/4353 3896/4511/4161
f 3909/4471/4122 3908/4470/4121 3911/4504/4154 3906/4503/4153
f 3911/4504/4154 3910/4713/4362 3930/4715/4364 3912/4505/4155
f 3919/4710/4359 3900/4709/4358 3917/4711/4360 3918/4718/4367
f 3917/4711/4360 3902/4513/4163 3915/4714/4363 3916/4719/4368
f 3921/4707/4356 3898/4508/4158 3919/4710/4359 3920/4720/4369
f 4343/4721/4370 4086/4722/4371 4084/4478/4128 4085/4481/4131
f 3788/4500/4150 3903/4499/4149 3900/4709/4358 3901/4506/4156
f 3923/4515/4165 3922/4682/4332 3927/4685/4335 3796/4516/4166
f 3931/2674/2451 4077/4723/4372 3929/4724/4373 3930/4715/4364
f 3961/4357/4008 3816/3134/2884 3814/2643/2420 3815/2641/2418
f 4002/4530/4180 3810/4534/4184 3995/4533/4183 3996/4531/4181
f 4102/4523/4173 3928/4706/4355 4225/4517/4167 4103/4725/4374
f 3925/4705/4354 3924/4726/4375 4083/4683/4333 3922/4682/4332
f 4073/4727/4376 4100/4728/4377 4087/4729/4378 4088/4730/4379
f 4101/4731/4380 4069/2647/2424 4094/2646/2423 4092/4663/4313
f 4007/4732/4381 3943/4438/4089 3944/4437/4088 3945/4448/4099
f 4985/2672/2449 3910/4713/4362 4988/4712/4361 4983/4733/4382
f 3927/4685/4335 3926/4684/4334 4105/4734/4383 3928/4706/4355
f 3929/4724/4373 4078/4428/4079 3932/4735/4384 3933/4717/4366
f 4098/4480/4130 4087/4729/4378 4099/4736/4385 4096/4472/4123
f 3930/4715/4364 3929/4724/4373 3933/4717/4366 3912/4505/4155
f 3932/4735/4384 4074/4737/4386 3934/4738/4387 3935/4739/4388
f 3917/4711/4360 3916/4719/4368 3937/4740/4389 3918/4718/4367
f 3933/4717/4366 3932/4735/4384 3935/4739/4388 3914/4716/4365
f 3890/4661/4311 4349/4687/4337 4346/4741/4390 4347/4473/4124
f 3934/4738/4387 4080/4742/4391 3936/4743/4392 3937/4740/4389
f 3919/4710/4359 3918/4718/4367 3938/4744/4393 3920/4720/4369
f 4083/4683/4333 3924/4726/4375 4081/4745/4394 4082/4479/4129
f 3935/4739/4388 3934/4738/4387 3937/4740/4389 3916/4719/4368
f 4081/4745/4394 4079/4746/4395 4095/4747/4396 4082/4479/4129
f 4115/2462/2241 4005/4748/4397 4118/4432/4083 4116/2463/2242
f 3925/4705/4354 3895/4704/4353 3921/4707/4356 3920/4720/4369
f 3920/4720/4369 3938/4744/4393 3924/4726/4375 3925/4705/4354
f 3837/4599/4249 4058/4628/4278 4054/4749/4398 4055/4596/4246
f 3918/4718/4367 3937/4740/4389 3936/4743/4392 3938/4744/4393
f 4118/4432/4083 4005/4748/4397 4007/4732/4381 4008/4750/4084
f 3992/4751/4399 3888/4440/4091 3939/4439/4090 3941/4752/4400
f 3894/4686/4336 4447/4753/4401 4348/4671/4321 4349/4687/4337
f 5028/4754/4402 5023/4755/4403 5022/4756/4404 5004/4757/4405
f 4004/4688/4338 3943/4438/4089 4007/4732/4381 4005/4758/4397
f 3782/4492/4142 3768/4451/4102 3789/4501/4151 3770/4426/4077
f 4009/4464/4115 3945/4448/4099 3946/4447/4098 3947/4465/4116
f 4011/4466/4117 3947/4465/4116 3948/4396/4047 3949/4483/4133
f 4128/4759/4406 4014/4760/4407 4015/4459/4110 4016/4475/4108
f 4014/4760/4407 4128/4759/4406 4126/4761/4408 4127/4762/4409
f 3995/4533/4183 3804/4526/4176 3956/2419/2198 3958/2418/2197
f 4007/4732/4381 3945/4448/4099 4009/4464/4115 4008/4750/4084
f 4120/4434/4085 4010/4763/4118 4124/4764/4410 4121/4765/4411
f 4013/4482/4132 3951/4412/4063 4015/4459/4110 4014/4766/4407
f 4124/4764/4410 4012/4767/4412 4127/4762/4409 4125/4768/4413
f 4011/4466/4117 3949/4483/4133 4013/4482/4132 4012/4769/4412
f 3944/4437/4088 3765/4424/4075 3767/4449/4100 3769/4446/4097
f 3767/4449/4100 3765/4424/4075 3763/4423/4074 3764/4445/4096
f 4128/4759/4406 4016/4457/4108 4131/4456/4107 4129/4770/4414
f 3993/4486/4136 3801/4525/4175 3806/4708/4357 3808/4393/4044
f 3995/4533/4183 3958/2418/2197 4021/4771/4415 3996/4531/4181
f 4115/2462/2241 4006/4349/4001 4004/4688/4338 4005/4758/4397
f 3806/4708/4357 3807/4528/4178 3813/4394/4045 3808/4393/4044
f 3959/4371/4022 3816/3134/2884 3961/4357/4008 3960/4356/4007
f 2515/3072/2824 4066/3076/2828 4062/4548/4198 4063/2644/2421
f 4136/4543/4193 4026/4772/4196 4139/4773/4416 4137/4774/4417
f 4029/4539/4189 3962/4538/4188 3964/4537/4187 3965/4775/4418
f 4033/4776/4419 3968/4777/4420 4035/4032/3724 4034/4778/4421
f 4027/4779/4190 4140/4581/4231 4138/4780/4422 4139/4773/4416
f 4028/4541/4191 3960/4356/4007 3963/4355/4006 3962/4538/4188
f 4147/4781/4423 4034/4782/4421 4035/4032/3724 4036/4035/3727
f 4905/4783/4424 4885/3993/3686 4890/4784/4425 4891/4785/4426
f 3967/4786/4427 3966/4787/4428 4031/4788/4429 3965/4775/4418
f 4040/4789/4430 4152/4790/4431 4150/4791/4432 4151/4792/4433
f 4048/4620/4270 4160/4619/4269 4158/4793/4434 4159/4794/4435
f 3969/4572/4222 3968/4777/4420 4033/4776/4419 3966/4787/4428
f 4171/4795/4436 4149/4796/4437 4197/4797/4438 4172/4798/4439
f 4144/4799/4440 4034/4782/4421 4147/4781/4423 4145/4800/4441
f 3970/3991/3684 3972/4575/4225 3968/4777/4420 3969/4572/4222
f 4888/4801/4442 4892/4802/4443 4893/4803/4444 4894/4804/4445
f 5028/4754/4402 5003/4805/4446 5025/4806/4447 5027/4807/4448
f 3968/4777/4420 3972/4575/4225 3971/4033/3725 4035/4032/3724
f 4907/4585/4235 3973/4573/4223 4908/3994/3687 4904/4808/4449
f 4151/4792/4433 4038/4809/4210 4039/4559/4209 4040/4810/4430
f 3981/4594/4244 3844/4593/4243 4237/4615/4265 3982/4811/4450
f 4202/4812/4451 4161/4813/4452 4203/4814/4453 4201/4815/4454
f 3829/4586/4236 3977/4600/4250 3974/4558/4208 3975/4574/4224
f 4039/4559/4209 3976/4816/4455 4041/4817/4456 4040/4810/4430
f 3975/4574/4224 3974/4558/4208 4037/4034/3726 3971/4033/3725
f 4210/4818/4457 4214/4819/4458 4186/4820/4459 4213/4821/4460
f 4148/4822/4461 4038/4809/4210 4151/4792/4433 4149/4796/4437
f 4241/4823/4462 4240/4824/4463 4255/4669/4319 4242/4825/4464
f 4041/4817/4456 3976/4816/4455 3978/4592/4242 3979/4595/4245
f 3974/4558/4208 3977/4600/4250 3976/4816/4455 4039/4559/4209
f 4156/4826/4465 4044/4827/4218 4045/4828/4466 4046/4829/4467
f 3833/4601/4251 3978/4592/4242 3976/4816/4455 3977/4600/4250
f 4044/4827/4218 4156/4826/4465 4154/4830/4468 4155/4565/4215
f 4280/4831/4469 4281/4832/4470 4284/4833/4471 4282/4834/4472
f 4152/4790/4431 4042/4566/4216 4155/4565/4215 4153/4835/4473
f 3982/4811/4450 3984/4836/4474 3980/4837/4475 3981/4594/4244
f 3982/4811/4450 4239/4838/4476 3983/4839/4477 3984/4836/4474
f 4174/4840/4478 4157/4841/4479 4200/4842/4480 4175/4843/4481
f 4163/4844/4482 4125/4768/4413 4183/4845/4483 4164/4846/4484
f 3882/4659/4309 3865/4627/4277 3866/4626/4276 3867/4630/4280
f 3979/4595/4245 3981/4594/4244 3980/4837/4475 4043/4567/4217
f 4045/4828/4466 3985/4847/4485 4047/4848/4486 4046/4829/4467
f 3992/4751/4399 3989/4849/4487 4245/4850/4488 3888/4440/4091
f 3984/4836/4474 3983/4839/4477 3987/4851/4489 3985/4847/4485
f 4047/4848/4486 3988/4852/4490 4049/4621/4271 4048/4853/4270
f 3983/4839/4477 4241/4823/4462 3986/4854/4491 3987/4851/4489
f 3987/4851/4489 3986/4854/4491 3990/4855/4492 3988/4852/4490
f 3990/4855/4492 3989/4849/4487 3992/4751/4399 3991/4856/4493
f 3941/4752/4400 4053/4857/4494 4051/4858/4495 4052/4859/4496
f 4060/4320/3981 3818/2642/2419 4064/4547/4197 4061/4550/4200
f 4160/4619/4269 4050/4860/4272 4162/4861/4497 4161/4813/4452
f 4019/4532/4182 3994/4487/4137 3999/2445/2224 4001/4862/4498
f 4019/4532/4182 3955/4383/4034 3993/4486/4136 3994/4487/4137
f 3997/4392/4043 3812/4395/4046 4002/4530/4180 3998/2446/2225
f 4053/4857/4494 4006/4863/4001 4122/4348/4000 4051/4864/4495
f 4031/4788/4429 3966/4787/4428 4033/4776/4419 4032/4865/4499
f 4162/4861/4497 4051/4864/4495 4122/4348/4000 4123/4353/4004
f 4120/4434/4085 4008/4433/4084 4009/4464/4115 4010/4467/4118
f 4124/4764/4410 4010/4763/4118 4011/4466/4117 4012/4769/4412
f 3996/4531/4181 4021/4771/4415 4000/2448/2227 4003/2447/2226
f 4165/4866/4500 4133/4867/4501 4188/4868/4502 4166/4869/4503
f 4053/4857/4494 3940/4689/4339 4004/4688/4338 4006/4863/4001
f 4214/4819/4458 4210/4818/4457 4209/4870/4504 4178/4871/4505
f 4018/4872/4109 4132/4873/4506 4130/4874/4507 4131/4456/4107
f 4140/4581/4231 4027/4779/4190 4029/4539/4189 4030/4875/4232
f 4132/4873/4506 4020/4876/4508 4135/4877/4509 4133/4867/4501
f 4190/4878/4510 4169/4879/4511 4196/4880/4512 4189/4881/4513
f 3959/4371/4022 3960/4356/4007 4025/4545/4195 3957/2420/2199
f 4024/4544/4194 4136/4543/4193 4134/4882/4514 4135/4877/4509
f 4022/4883/4515 4020/4884/4508 4132/4873/4506 4018/4872/4109
f 4204/4885/4516 4216/4886/4517 4201/4815/4454 4203/4814/4453
f 4183/4845/4483 4126/4761/4408 4185/4887/4518 4184/4888/4519
f 4021/4771/4415 4020/4884/4508 4022/4883/4515 4000/2448/2227
f 4168/4889/4520 4138/4780/4422 4140/4581/4231 4141/4584/4234
f 4135/4877/4509 4020/4876/4508 4023/2417/2196 4024/4890/4194
f 4036/4891/3727 4148/4822/4461 4146/4892/4521 4147/4781/4423
f 4144/4799/4440 4032/4893/4499 4033/4776/4419 4034/4778/4421
f 3825/4354/4005 3964/4537/4187 3962/4538/4188 3963/4355/4006
f 4032/4893/4499 4144/4799/4440 4142/4894/4522 4143/4583/4233
f 4171/4795/4436 4146/4892/4521 4148/4822/4461 4149/4796/4437
f 4195/4895/4523 4142/4894/4522 4144/4799/4440 4145/4800/4441
f 4028/4541/4191 4027/4540/4190 4139/4773/4416 4026/4772/4196
f 4143/4583/4233 4030/4582/4232 4031/4788/4429 4032/4865/4499
f 4168/4889/4520 4141/4584/4234 4191/4896/4524 4169/4879/4511
f 4907/4585/4235 3829/4586/4236 3975/4574/4224 3973/4573/4223
f 4908/3994/3687 3973/4573/4223 3972/4575/4225 3970/3991/3684
f 4152/4790/4431 4040/4789/4430 4041/4817/4456 4042/4897/4216
f 4199/4898/4525 4150/4791/4432 4152/4790/4431 4153/4835/4473
f 4043/4567/4217 3980/4837/4475 4045/4828/4466 4044/4568/4218
f 4174/4840/4478 4154/4830/4468 4156/4826/4465 4157/4841/4479
f 4159/4794/4435 4046/4899/4467 4047/4848/4486 4048/4853/4270
f 4202/4812/4451 4158/4793/4434 4160/4619/4269 4161/4813/4452
f 4180/4542/4192 4119/4435/4086 4182/4900/4526 4181/4901/4527
f 4049/4621/4271 3991/4856/4493 4052/4859/4496 4050/4622/4272
f 4673/4902/4528 4578/4903/4529 4576/4904/4530 4577/4905/4531
f 3986/4854/4491 4243/4906/4532 3989/4849/4487 3990/4855/4492
f 4542/4907/4533 3838/4597/4247 4055/4596/4246 4056/4908/4534
f 4137/4774/4417 4170/4909/4535 4169/4879/4511 4190/4878/4510
f 4217/4910/4536 4166/4869/4503 4221/4911/4537 4218/4912/4538
f 4052/4859/4496 4051/4858/4495 4162/4861/4497 4050/4860/4272
f 4165/4866/4500 4130/4874/4507 4132/4873/4506 4133/4867/4501
f 3354/3970/3661 4862/3962/3660 4860/4913/3995 5186/3968/3664
f 4055/4596/4246 4054/4749/4398 4858/4914/4539 4056/4908/4534
f 3980/4837/4475 3984/4836/4474 3985/4847/4485 4045/4828/4466
f 4886/4641/4291 3822/4553/4203 4060/4320/3981 4061/4550/4200
f 4058/4628/4278 4057/4915/4540 4856/4916/4541 4054/4749/4398
f 3880/4650/4300 3858/4637/4287 3879/4645/4295 3877/4653/4303
f 3856/4647/4297 4248/4646/4296 3854/4577/4227 3855/4639/4289
f 3823/4551/4201 3969/4572/4222 3966/4787/4428 3967/4786/4427
f 3831/4561/4211 3832/4564/4214 3845/4623/4273 3833/4601/4251
f 3827/4580/4230 3828/4562/4212 3831/4561/4211 3829/4586/4236
f 4029/4539/4189 3965/4775/4418 4031/4788/4429 4030/4875/4232
f 3866/4626/4276 3850/4557/4207 3868/4631/4281 3867/4630/4280
f 3818/2642/2419 4063/2644/2421 4062/4548/4198 4064/4547/4197
f 4060/4320/3981 3822/4553/4203 3820/4552/4202 3821/4319/3980
f 3388/4030/3723 3392/4043/3734 3386/4049/2814 3387/3920/3625
f 4066/3076/2828 4065/3075/2827 4067/4549/4199 4062/4548/4198
f 4082/4479/4129 4095/4747/4396 4087/4729/4378 4098/4480/4130
f 4892/4802/4443 4854/4917/4542 4897/4918/4543 4893/4919/4444
f 4615/4920/4544 4072/2645/2422 4070/2648/2425 4071/2673/2450
f 4070/2648/2425 4069/2647/2424 4077/4723/4372 3931/2674/2451
f 4075/4431/4082 4100/4728/4377 4073/4727/4376 4074/4737/4386
f 4994/4921/4545 4964/4922/4546 4992/4923/4547 4993/4924/4548
f 4087/4729/4378 4100/4728/4377 4090/4925/4549 4099/4736/4385
f 4074/4737/4386 4073/4727/4376 4080/4742/4391 3934/4738/4387
f 4089/4430/4081 4076/4429/4080 4101/4731/4380 4090/4925/4549
f 4078/4428/4079 3929/4724/4373 4077/4723/4372 4076/4429/4080
f 4083/4683/4333 4082/4479/4129 4084/4478/4128 3926/4684/4334
f 4074/4737/4386 3932/4735/4384 4078/4428/4079 4075/4431/4082
f 4094/2646/2423 4093/4926/4550 4091/4660/4310 4092/4663/4313
f 4073/4727/4376 4088/4730/4379 4079/4746/4395 4080/4742/4391
f 4106/4484/4134 4103/4725/4374 4228/4927/4551 4107/4928/4552
f 4080/4742/4391 4079/4746/4395 4081/4745/4394 3936/4743/4392
f 4105/4734/4383 3926/4684/4334 4084/4478/4128 4086/4722/4371
f 4072/2645/2422 4947/4929/4553 4093/4926/4550 4094/2646/2423
f 4110/4406/4057 3752/2495/2273 4108/4414/4065 4109/4930/4554
f 4086/4722/4371 4343/4721/4370 4340/4931/4555 4341/4932/4556
f 4423/4933/4557 4342/4934/4558 4425/4460/4111 4424/4935/4559
f 4350/4936/4560 4336/4937/4561 4414/3400/3138 4351/3399/3137
f 4226/4520/4170 4337/4938/4562 4227/4939/4563 4228/4927/4551
f 4226/4520/4170 4339/4519/4169 4336/4937/4561 4337/4938/4562
f 4079/4746/4395 4088/4730/4379 4087/4729/4378 4095/4747/4396
f 4108/4414/4065 3754/4367/4018 4106/4484/4134 4107/4928/4552
f 4106/4484/4134 3778/4477/4127 4102/4523/4173 4103/4725/4374
f 4418/4940/4564 4340/4931/4555 4423/4933/4557 4419/4941/4565
f 4954/4942/4566 3892/4679/4329 4091/4660/4310 4093/4926/4550
f 4097/4662/4312 4090/4925/4549 4101/4731/4380 4092/4663/4313
f 3890/4661/4311 4347/4473/4124 4096/4472/4123 4097/4662/4312
f 4618/4943/4567 4619/4944/4568 4709/3637/3370 4620/4945/4569
f 4097/4662/4312 4096/4472/4123 4099/4736/4385 4090/4925/4549
f 4231/4287/3954 4331/4289/3956 4233/3276/3021 4234/4946/4570
f 4086/4722/4371 4341/4932/4556 4104/4518/4168 4105/4734/4383
f 4427/4462/4113 4346/4741/4390 4448/4670/4320 4428/4947/4571
f 4439/4948/4572 4454/4949/4573 4452/4950/4574 4453/4951/4575
f 4100/4728/4377 4075/4431/4082 4089/4430/4081 4090/4925/4549
f 4420/4952/4576 4415/3401/3139 4418/4940/4564 4419/4941/4565
f 4351/3399/3137 4430/3398/3136 4416/4953/4577 4429/4954/4578
f 4949/4955/4579 4950/4956/4580 4953/4957/4581 4939/4958/4582
f 4114/2491/2270 3749/2490/2269 4112/4405/4056 4113/4959/4583
f 4112/4405/4056 3750/4391/4042 4110/4406/4057 4111/4960/4584
f 3992/4751/4399 3941/4752/4400 4052/4859/4496 3991/4856/4493
f 3928/4706/4355 4105/4734/4383 4104/4518/4168 4225/4517/4167
f 4108/4414/4065 4107/4928/4552 4230/4961/4585 4109/4930/4554
f 4358/4962/4586 4334/4963/4587 4350/4936/4560 4352/4964/4588
f 4182/4900/4526 4119/4435/4086 4120/4434/4085 4121/4765/4411
f 3948/4396/4047 3758/4399/4050 3950/4410/4061 3949/4483/4133
f 4214/4819/4458 4178/4871/4505 4180/4542/4192 4181/4901/4527
f 4177/2464/2243 4116/2463/2242 4180/4542/4192 4178/4871/4505
f 4185/4887/4518 4126/4761/4408 4128/4759/4406 4129/4770/4414
f 4162/4861/4497 4123/4353/4004 4203/4814/4453 4161/4813/4452
f 4129/4770/4414 4167/4965/4589 4166/4869/4503 4185/4887/4518
f 4219/4966/4590 4186/4820/4459 4217/4910/4536 4218/4912/4538
f 4190/4878/4510 4134/4882/4514 4136/4543/4193 4137/4774/4417
f 4125/4768/4413 4127/4762/4409 4126/4761/4408 4183/4845/4483
f 4188/4868/4502 4134/4882/4514 4190/4878/4510 4189/4881/4513
f 4213/4821/4460 4205/4967/4591 4216/4886/4517 4208/4968/4592
f 4164/4846/4484 4212/4969/4593 4186/4820/4459 4187/4970/4594
f 4131/4456/4107 4130/4874/4507 4167/4965/4589 4129/4770/4414
f 4185/4887/4518 4166/4869/4503 4217/4910/4536 4184/4888/4519
f 4197/4797/4438 4198/4971/4595 4224/4972/4596 4172/4798/4439
f 4414/3400/3138 4338/4973/4597 4418/4940/4564 4415/3401/3139
f 4133/4867/4501 4135/4877/4509 4134/4882/4514 4188/4868/4502
f 4191/4896/4524 4142/4894/4522 4195/4895/4523 4192/4974/4598
f 4170/4909/4535 4138/4780/4422 4168/4889/4520 4169/4879/4511
f 4189/4881/4513 4196/4880/4512 4194/4975/4599 4221/4911/4537
f 4139/4773/4416 4138/4780/4422 4170/4909/4535 4137/4774/4417
f 4141/4584/4234 4143/4583/4233 4142/4894/4522 4191/4896/4524
f 4197/4797/4438 4150/4791/4432 4199/4898/4525 4198/4971/4595
f 4196/4880/4512 4169/4879/4511 4193/4976/4600 4194/4975/4599
f 4173/4977/4601 4146/4892/4521 4171/4795/4436 4172/4798/4439
f 4147/4781/4423 4146/4892/4521 4173/4977/4601 4145/4800/4441
f 4195/4895/4523 4172/4798/4439 4223/4978/4602 4192/4974/4598
f 4228/4927/4551 4103/4725/4374 4225/4517/4167 4226/4520/4170
f 4149/4796/4437 4151/4792/4433 4150/4791/4432 4197/4797/4438
f 4200/4842/4480 4158/4793/4434 4202/4812/4451 4201/4815/4454
f 4176/4979/4603 4154/4830/4468 4174/4840/4478 4175/4843/4481
f 4207/4352/4003 4179/4980/4604 4211/4981/4605 4204/4885/4516
f 4155/4565/4215 4154/4830/4468 4176/4979/4603 4153/4835/4473
f 4199/4898/4525 4175/4843/4481 4206/4982/4606 4198/4971/4595
f 4203/4814/4453 4123/4353/4004 4207/4352/4003 4204/4885/4516
f 4188/4868/4502 4189/4881/4513 4221/4911/4537 4166/4869/4503
f 4157/4841/4479 4159/4794/4435 4158/4793/4434 4200/4842/4480
f 4121/4765/4411 4163/4844/4482 4164/4846/4484 4182/4900/4526
f 4209/4870/4504 4179/4980/4604 4177/2464/2243 4178/4871/4505
f 4167/4965/4589 4130/4874/4507 4165/4866/4500 4166/4869/4503
f 4182/4900/4526 4164/4846/4484 4187/4970/4594 4181/4901/4527
f 4193/4976/4600 4169/4879/4511 4191/4896/4524 4192/4974/4598
f 4223/4978/4602 4172/4798/4439 4224/4972/4596 4220/4983/4607
f 4224/4972/4596 4205/4967/4591 4219/4966/4590 4220/4983/4607
f 4210/4818/4457 4213/4821/4460 4208/4968/4592 4209/4870/4504
f 4215/4984/4608 4175/4843/4481 4200/4842/4480 4201/4815/4454
f 4187/4970/4594 4186/4820/4459 4214/4819/4458 4181/4901/4527
f 4193/4976/4600 4192/4974/4598 4223/4978/4602 4194/4975/4599
f 4145/4800/4441 4173/4977/4601 4172/4798/4439 4195/4895/4523
f 4175/4843/4481 4215/4984/4608 4205/4967/4591 4206/4982/4606
f 4153/4835/4473 4176/4979/4603 4175/4843/4481 4199/4898/4525
f 4221/4911/4537 4194/4975/4599 4222/4985/4609 4218/4912/4538
f 4229/3287/3028 4333/3290/3031 4231/4287/3954 4232/4986/4610
f 4215/4984/4608 4201/4815/4454 4216/4886/4517 4205/4967/4591
f 4207/4352/4003 4117/2465/2244 4177/2464/2243 4179/4980/4604
f 4212/4969/4593 4164/4846/4484 4183/4845/4483 4184/4888/4519
f 4194/4975/4599 4223/4978/4602 4220/4983/4607 4222/4985/4609
f 4198/4971/4595 4206/4982/4606 4205/4967/4591 4224/4972/4596
f 4211/4981/4605 4208/4968/4592 4216/4886/4517 4204/4885/4516
f 4212/4969/4593 4184/4888/4519 4217/4910/4536 4186/4820/4459
f 4209/4870/4504 4208/4968/4592 4211/4981/4605 4179/4980/4604
f 4085/4481/4131 4345/4474/4125 4342/4934/4558 4343/4721/4370
f 4213/4821/4460 4186/4820/4459 4219/4966/4590 4205/4967/4591
f 4219/4966/4590 4218/4912/4538 4222/4985/4609 4220/4983/4607
f 4110/4406/4057 4109/4930/4554 4232/4986/4610 4111/4960/4584
f 4227/4939/4563 4337/4938/4562 4334/4963/4587 4335/3288/3029
f 4230/4961/4585 4107/4928/4552 4228/4927/4551 4227/4939/4563
f 4251/4987/4611 3842/4611/4261 4235/4610/4260 4236/4644/4294
f 4112/4405/4056 4111/4960/4584 4234/4946/4570 4113/4959/4583
f 4104/4518/4168 4341/4932/4556 4338/4973/4597 4339/4519/4169
f 4232/4986/4610 4109/4930/4554 4230/4961/4585 4229/3287/3028
f 5172/3151/2901 2568/2492/2222 4114/2491/2270 4113/4959/4583
f 4369/4101/3780 4357/3338/3079 4354/4403/4054 4356/4402/4053
f 4234/4946/4570 4111/4960/4584 4232/4986/4610 4231/4287/3954
f 4272/4666/4316 4271/4665/4315 4285/4988/4612 4273/4989/4613
f 5172/3151/2901 4113/4959/4583 4234/4946/4570 4233/3276/3021
f 4237/4615/4265 3842/4611/4261 4251/4987/4611 4238/4990/4614
f 3826/4555/4205 4910/4444/4095 4057/4915/4540 4058/4628/4278
f 4241/4823/4462 3983/4839/4477 4239/4838/4476 4240/4824/4463
f 4156/4826/4465 4046/4899/4467 4159/4794/4435 4157/4841/4479
f 4243/4906/4532 4242/4825/4464 4257/4991/4615 4244/4992/4616
f 4247/4698/4348 4246/4993/4617 4263/4676/4326 3885/4675/4325
f 4047/4848/4486 3985/4847/4485 3987/4851/4489 3988/4852/4490
f 3990/4855/4492 3991/4856/4493 4049/4621/4271 3988/4852/4490
f 4245/4850/4488 4244/4992/4616 4259/4994/4618 4246/4993/4617
f 3958/2418/2197 4023/2417/2196 4020/4876/4508 4021/4771/4415
f 4163/4844/4482 4121/4765/4411 4124/4764/4410 4125/4768/4413
f 4273/4989/4613 4285/4988/4612 4275/4496/4146 4276/4995/4619
f 4268/4643/4293 3872/4654/4304 4248/4646/4296 4249/4649/4299
f 4019/4532/4182 4001/4862/4498 4022/4883/4515 4018/4872/4109
f 4274/4996/4620 4249/4649/4299 4272/4666/4316 4273/4989/4613
f 4023/2417/2196 3957/2420/2199 4025/4545/4195 4024/4890/4194
f 4127/4762/4409 4012/4767/4412 4013/4482/4132 4014/4766/4407
f 4235/4610/4260 3841/4613/4263 3857/4636/4286 3859/4635/4285
f 4251/4987/4611 4250/4997/4621 4253/4998/4622 4238/4990/4614
f 4976/4469/4120 3887/4468/4119 4260/4674/4324 4262/4655/4305
f 4245/4850/4488 3989/4849/4487 4243/4906/4532 4244/4992/4616
f 4243/4906/4532 3986/4854/4491 4241/4823/4462 4242/4825/4464
f 4253/4998/4622 4252/4667/4317 4255/4669/4319 4240/4824/4463
f 4254/4668/4318 4287/4999/4623 4256/5000/4624 4257/4991/4615
f 4247/4698/4348 3888/4440/4091 4245/4850/4488 4246/4993/4617
f 4263/4676/4326 4258/5001/4625 4304/4605/4255 4261/5002/4327
f 4255/4669/4319 4254/4668/4318 4257/4991/4615 4242/4825/4464
f 4256/5000/4624 4289/5003/4626 4258/5001/4625 4259/4994/4618
f 5013/5004/4627 5001/5005/4628 5019/5006/4629 5011/5007/4630
f 4306/5008/4631 4262/5009/4305 4260/4674/4324 4261/4677/4327
f 4257/4991/4615 4256/5000/4624 4259/4994/4618 4244/4992/4616
f 4236/4644/4294 4274/4996/4620 4250/4997/4621 4251/4987/4611
f 4246/4993/4617 4259/4994/4618 4258/5001/4625 4263/4676/4326
f 4274/4996/4620 4236/4644/4294 4268/4643/4293 4249/4649/4299
f 3938/4744/4393 3936/4743/4392 4081/4745/4394 3924/4726/4375
f 4587/5010/4632 4571/5011/4633 4572/5012/4634 4573/5013/4635
f 4056/4908/4534 4544/5014/4636 4541/5015/4637 4542/4907/4533
f 4265/4491/4141 4264/4490/4140 4270/4618/4268 4266/4664/4314
f 4589/5016/4638 4573/5013/4635 4574/5017/4639 4575/3636/3369
f 4267/4648/4298 3856/4647/4297 3855/4639/4289 3836/4608/4258
f 4278/4498/4148 4298/5018/4640 4286/5019/4641 4287/4999/4623
f 4239/4838/4476 4238/4990/4614 4253/4998/4622 4240/4824/4463
f 4269/4617/4267 4536/4616/4266 4533/5020/4642 4534/5021/4643
f 4250/4997/4621 4276/4995/4619 4252/4667/4317 4253/4998/4622
f 4270/4618/4268 4269/4617/4267 4284/4833/4471 4271/4665/4315
f 4274/4996/4620 4273/4989/4613 4276/4995/4619 4250/4997/4621
f 4290/5022/4644 4605/5023/4645 4295/5024/4646 4296/5025/4647
f 4537/5026/4648 4556/5027/4649 4553/5028/4650 4554/5029/4651
f 4252/4667/4317 4276/4995/4619 4275/4496/4146 4277/4495/4145
f 4531/5030/4652 4283/5031/4653 4280/4831/4469 4282/4834/4472
f 4712/5032/4654 4634/5033/4655 4714/5034/4656 4713/5035/4657
f 4267/4648/4298 4266/4664/4314 4272/4666/4316 4249/4649/4299
f 4280/4831/4469 4279/5036/4658 4603/5037/4659 4281/4832/4470
f 4298/5018/4640 4278/4498/4148 4293/4497/4147 4294/5038/4660
f 4305/5039/4661 4321/5040/4662 4308/4694/4344 4309/5041/4663
f 4269/4617/4267 4534/5021/4643 4282/4834/4472 4284/4833/4471
f 4281/4832/4470 4603/5037/4659 4290/5022/4644 4291/5042/4664
f 4585/5043/4665 4571/5011/4633 4587/5010/4632 4586/5044/4666
f 4287/4999/4623 4254/4668/4318 4277/4495/4145 4278/4498/4148
f 4271/4665/4315 4284/4833/4471 4281/4832/4470 4285/4988/4612
f 4293/4497/4147 4275/4496/4146 4291/5042/4664 4292/5045/4667
f 4287/4999/4623 4286/5019/4641 4289/5003/4626 4256/5000/4624
f 4293/4497/4147 4292/5045/4667 4296/5025/4647 4294/5038/4660
f 4289/5003/4626 4288/4602/4252 4304/4605/4255 4258/5001/4625
f 4294/5038/4660 4300/5046/4668 4297/5047/4669 4298/5018/4640
f 4291/5042/4664 4290/5022/4644 4296/5025/4647 4292/5045/4667
f 3834/4488/4138 4540/4638/4288 4537/5026/4648 4538/4489/4139
f 4296/5025/4647 4295/5024/4646 4300/5046/4668 4294/5038/4660
f 4297/5047/4669 4611/5048/4670 4301/5049/4671 4302/5050/4672
f 4298/5018/4640 4297/5047/4669 4302/5050/4672 4286/5019/4641
f 4300/5046/4668 4299/5051/4673 4611/5048/4670 4297/5047/4669
f 4302/5050/4672 4301/5049/4671 4609/4603/4253 4288/4602/4252
f 4261/5002/4327 4319/5052/4674 4305/5039/4661 4306/5008/4631
f 4304/4605/4255 4303/4604/4254 4319/5052/4674 4261/5002/4327
f 4306/5008/4631 4305/5039/4661 4309/5041/4663 4307/5053/4675
f 4283/5031/4653 4648/5054/4676 4279/5036/4658 4280/4831/4469
f 4309/5041/4663 4308/4694/4344 4312/4697/4347 4310/5055/4677
f 4955/5056/4678 4998/5057/4679 4956/5058/4680 4996/5059/4681
f 4312/4697/4347 4311/4696/4346 4315/5060/4682 4313/5061/4683
f 4311/4696/4346 4325/5062/4684 4314/5063/4685 4315/5060/4682
f 4974/5064/4686 4965/5065/4687 4966/5066/4688 4968/5067/4689
f 4315/5060/4682 4314/5063/4685 4317/4699/4349 3893/4700/4331
f 4303/5068/4254 4962/4385/4036 4318/4384/4035 4319/5052/4674
f 4966/5066/4688 4964/4922/4546 4994/4921/4545 4967/5069/4690
f 4518/5070/4691 4941/5071/4692 4939/4958/4582 4940/5072/4693
f 4986/5073/4694 4983/4733/4382 4989/4693/4343 4987/5074/4342
f 4317/4699/4349 4316/5075/4695 4447/4753/4401 3894/4686/4336
f 4318/4384/4035 4961/4387/4038 4320/4701/4350 4321/5040/4662
f 4319/5052/4674 4318/4384/4035 4321/5040/4662 4305/5039/4661
f 4320/4701/4350 4959/4703/4352 4322/5076/4696 4323/4695/4345
f 4992/4923/4547 3893/4681/4331 4995/4680/4330 4993/5077/4548
f 4312/4697/4347 4313/5061/4683 4963/5078/4697 4310/5055/4677
f 4971/5079/4698 4307/5053/4675 4309/5041/4663 4310/5055/4677
f 4321/5040/4662 4320/4701/4350 4323/4695/4345 4308/4694/4344
f 4454/4949/4573 4442/5080/4699 4450/5081/4700 4451/5082/4701
f 4322/5076/4696 4936/5083/4702 4324/5084/4703 4325/5062/4684
f 4323/4695/4345 4322/5076/4696 4325/5062/4684 4311/4696/4346
f 4324/5085/4703 4938/5086/4704 4326/5087/4705 4327/5088/4706
f 4331/4289/3956 4329/4364/4015 4328/3275/3020 4233/3276/3021
f 4325/5062/4684 4324/5084/4703 4327/5088/4706 4314/5089/4685
f 4327/5088/4706 4326/5087/4705 4456/5090/4707 4316/5075/4695
f 4446/5091/4708 4460/5092/4709 4457/5093/4710 4458/4672/4322
f 4959/4703/4352 4937/5094/4711 4936/5083/4702 4322/5076/4696
f 4362/5095/4712 4329/4364/4015 4331/4289/3956 4330/4288/3955
f 4360/5096/4713 4330/4288/3955 4333/3290/3031 4332/3289/3030
f 4365/3336/3077 4429/4954/4578 4416/4953/4577 4417/3337/3078
f 4358/4962/4586 4332/3289/3030 4335/3288/3029 4334/4963/4587
f 4416/4953/4577 4436/5097/4714 4432/5098/4715 4433/5099/4716
f 4350/4936/4560 4334/4963/4587 4337/4938/4562 4336/4937/4561
f 4385/4401/4052 4370/4098/3777 4369/4101/3780 4356/4402/4053
f 4414/3400/3138 4336/4937/4561 4339/4519/4169 4338/4973/4597
f 4436/5097/4714 4422/5100/4717 4420/4952/4576 4421/5101/4718
f 4227/4939/4563 4335/3288/3029 4229/3287/3028 4230/4961/4585
f 4418/4940/4564 4338/4973/4597 4341/4932/4556 4340/4931/4555
f 4423/4933/4557 4340/4931/4555 4343/4721/4370 4342/4934/4558
f 4429/4954/4578 4352/4964/4588 4350/4936/4560 4351/3399/3137
f 4345/4474/4125 4085/4481/4131 4098/4480/4130 4096/4472/4123
f 4425/4460/4111 4342/4934/4558 4345/4474/4125 4344/4461/4112
f 4509/5102/4719 4499/5103/4720 4512/5104/4721 4510/5105/4722
f 4427/4462/4113 4344/4461/4112 4347/4473/4124 4346/4741/4390
f 4448/4670/4320 4346/4741/4390 4349/4687/4337 4348/4671/4321
f 4357/3338/3079 4417/3337/3078 4353/5106/4723 4354/4403/4054
f 4362/5095/4712 4361/5107/4724 4378/5108/4725 4363/5109/4726
f 4367/3333/3074 4377/5110/4727 4372/5111/4728 4373/3330/3071
f 5174/3171/2921 2821/3282/2856 4364/3281/3024 4363/5109/4726
f 4354/4403/4054 4353/5106/4723 4435/5112/4729 4355/4404/4055
f 4371/3335/3076 4368/4100/3779 4377/5110/4727 4367/3333/3074
f 4362/5095/4712 4330/4288/3955 4360/5096/4713 4361/5107/4724
f 4398/5113/4730 4410/5114/4731 4401/5115/4732 4402/5116/4733
f 4391/5117/4734 4355/4404/4055 4435/5112/4729 4392/5118/4735
f 4360/5096/4713 4359/3331/3072 4373/3330/3071 4361/5107/4724
f 4352/4964/4588 4429/4954/4578 4365/3336/3077 4366/3332/3073
f 4355/4404/4055 4391/5117/4734 4384/5119/4736 4385/4401/4052
f 4420/4952/4576 4419/4941/4565 4431/5120/4737 4421/5101/4718
f 2817/3294/3035 2835/3325/3066 2829/3352/3093 2830/3334/3075
f 4366/3332/3073 4365/3336/3077 4371/3335/3076 4367/3333/3074
f 4387/5121/4738 4376/5122/4739 4375/4099/3778 4370/4098/3777
f 4378/5108/4725 4372/5111/4728 4383/5123/4740 4379/4323/3983
f 4369/4101/3780 4368/4100/3779 4371/3335/3076 4357/3338/3079
f 4377/5110/4727 4374/5124/4741 4383/5123/4740 4372/5111/4728
f 5174/3171/2921 4363/5109/4726 4378/5108/4725 4379/4323/3983
f 4399/5125/4742 4392/5118/4735 4438/5126/4743 4400/5127/4744
f 4378/5108/4725 4361/5107/4724 4373/3330/3071 4372/5111/4728
f 4377/5110/4727 4368/4100/3779 4375/4099/3778 4374/5124/4741
f 4383/5123/4740 4380/3099/2849 5173/4322/3982 4379/4323/3983
f 4392/5118/4735 4399/5125/4742 4390/5128/4745 4391/5117/4734
f 4383/5123/4740 4374/5124/4741 4381/3100/2850 4380/3099/2849
f 4386/5129/4746 4396/5130/4747 4388/5131/4748 4389/5132/4749
f 5175/3030/2790 3690/4326/2789 5173/4322/3982 4380/3099/2849
f 4400/5127/4744 4407/5133/4750 4398/5113/4730 4399/5125/4742
f 4387/5121/4738 4370/4098/3777 4385/4401/4052 4384/5119/4736
f 4376/5122/4739 4381/3100/2850 4374/5124/4741 4375/4099/3778
f 4389/5132/4749 4376/5122/4739 4387/5121/4738 4386/5129/4746
f 5176/4327/3985 4382/3098/2848 4389/5132/4749 4388/5131/4748
f 4384/5119/4736 4394/5134/4751 4386/5129/4746 4387/5121/4738
f 4394/5134/4751 4384/5119/4736 4391/5117/4734 4390/5128/4745
f 2855/4328/3107 5176/4327/3985 4388/5131/4748 4397/3374/3113
f 4394/5134/4751 4393/5135/4752 4396/5130/4747 4386/5129/4746
f 4390/5128/4745 4402/5116/4733 4393/5135/4752 4394/5134/4751
f 4396/5130/4747 4395/5136/4753 4397/3374/3113 4388/5131/4748
f 4399/5125/4742 4398/5113/4730 4402/5116/4733 4390/5128/4745
f 4401/5115/4732 4412/5137/4754 4403/3395/3133 4404/5138/4755
f 4397/3374/3113 4395/5136/4753 4405/3357/3098 2856/3375/3097
f 4402/5116/4733 4401/5115/4732 4404/5138/4755 4393/5135/4752
f 4408/5139/4756 4468/5140/4757 4406/5141/4758 4407/5133/4750
f 4404/5138/4755 4403/3395/3133 4405/3357/3098 4395/5136/4753
f 4445/5142/4759 4408/5139/4756 4407/5133/4750 4400/5127/4744
f 4407/5133/4750 4406/5141/4758 4410/5114/4731 4398/5113/4730
f 4425/4460/4111 4426/4463/4114 4441/5143/4760 4424/4935/4559
f 4409/5144/4761 4473/5145/4762 4411/3409/3146 4412/5137/4754
f 4410/5114/4731 4409/5144/4761 4412/5137/4754 4401/5115/4732
f 4430/3398/3136 4422/5100/4717 4436/5097/4714 4416/4953/4577
f 4412/5137/4754 4411/3409/3146 4413/3363/3103 4403/3395/3133
f 4508/5146/4763 4478/5147/4764 4509/5102/4719 4506/5148/4765
f 4419/4941/4565 4423/4933/4557 4424/4935/4559 4431/5120/4737
f 4364/3281/3024 4329/4364/4015 4362/5095/4712 4363/5109/4726
f 4417/3337/3078 4416/4953/4577 4433/5099/4716 4353/5106/4723
f 4353/5106/4723 4433/5099/4716 4434/5149/4766 4435/5112/4729
f 4360/5096/4713 4332/3289/3030 4358/4962/4586 4359/3331/3072
f 4421/5101/4718 4431/5120/4737 4432/5098/4715 4436/5097/4714
f 4431/5120/4737 4424/4935/4559 4441/5143/4760 4432/5098/4715
f 4427/4462/4113 4428/4947/4571 4443/5150/4767 4426/4463/4114
f 4326/5087/4705 4494/5151/4768 4455/5152/4769 4456/5090/4707
f 4441/5143/4760 4426/4463/4114 4443/5150/4767 4439/4948/4572
f 4316/5075/4695 4456/5090/4707 4446/5091/4708 4447/4753/4401
f 4381/3100/2850 4376/5122/4739 4389/5132/4749 4382/3098/2848
f 5175/3030/2790 4382/3098/2848 5176/4327/3985 3693/3031/2791
f 4432/5098/4715 4441/5143/4760 4439/4948/4572 4440/5153/4770
f 4428/4947/4571 4450/5081/4700 4442/5080/4699 4443/5150/4767
f 4435/5112/4729 4434/5149/4766 4438/5126/4743 4392/5118/4735
f 4433/5099/4716 4432/5098/4715 4440/5153/4770 4434/5149/4766
f 4393/5135/4752 4404/5138/4755 4395/5136/4753 4396/5130/4747
f 4438/5126/4743 4437/5154/4771 4445/5142/4759 4400/5127/4744
f 4440/5153/4770 4439/4948/4572 4453/4951/4575 4437/5154/4771
f 4437/5154/4771 4453/4951/4575 4444/5155/4772 4445/5142/4759
f 4434/5149/4766 4440/5153/4770 4437/5154/4771 4438/5126/4743
f 4443/5150/4767 4442/5080/4699 4454/4949/4573 4439/4948/4572
f 4450/5081/4700 4449/4673/4323 4462/5156/4773 4451/5082/4701
f 4522/5157/4774 4511/5158/4775 4524/5159/4776 4523/3502/3236
f 4450/5081/4700 4428/4947/4571 4448/4670/4320 4449/4673/4323
f 4445/5142/4759 4444/5155/4772 4466/5160/4777 4408/5139/4756
f 4524/5159/4776 4514/5161/4778 4526/5162/4779 4525/5163/4780
f 4454/4949/4573 4451/5082/4701 4495/5164/4781 4452/4950/4574
f 4447/4753/4401 4446/5091/4708 4458/4672/4322 4348/4671/4321
f 4358/4962/4586 4352/4964/4588 4366/3332/3073 4359/3331/3072
f 4455/5152/4769 4491/5165/4782 4459/5166/4783 4460/5092/4709
f 4453/4951/4575 4452/4950/4574 4464/5167/4784 4444/5155/4772
f 4466/5160/4777 4444/5155/4772 4464/5167/4784 4465/5168/4785
f 4513/5169/4786 4492/5170/4787 4515/3464/3200 4514/5161/4778
f 4456/5090/4707 4455/5152/4769 4460/5092/4709 4446/5091/4708
f 4326/5087/4705 4938/5086/4704 4493/5171/4788 4494/5151/4768
f 4458/4672/4322 4457/5093/4710 4462/5156/4773 4449/4673/4323
f 4466/5160/4777 4465/5168/4785 4479/5172/4789 4467/5173/4790
f 4457/5093/4710 4502/5174/4791 4461/5175/4792 4462/5156/4773
f 4460/5092/4709 4459/5166/4783 4502/5174/4791 4457/5093/4710
f 4468/5140/4757 4408/5139/4756 4466/5160/4777 4467/5173/4790
f 4452/4950/4574 4495/5164/4781 4463/5176/4793 4464/5167/4784
f 4468/5140/4757 4467/5173/4790 4476/3492/3226 4469/3491/3225
f 4517/3466/3202 4493/5171/4788 4941/5071/4692 4518/5070/4691
f 4462/5156/4773 4461/5175/4792 4495/5164/4781 4451/5082/4701
f 4471/5177/4794 4406/5141/4758 4468/5140/4757 4469/3491/3225
f 4461/5175/4792 4497/5178/4795 4463/5176/4793 4495/5164/4781
f 4519/5179/4796 4510/5105/4722 4522/5157/4774 4520/5180/4797
f 4483/3490/3224 4477/3493/3227 4481/5181/4798 4482/5182/4799
f 4464/5167/4784 4463/5176/4793 4498/5183/4800 4465/5168/4785
f 4469/3491/3225 4483/3490/3224 4470/5184/4801 4471/5177/4794
f 4465/5168/4785 4498/5183/4800 4478/5147/4764 4479/5172/4789
f 4406/5141/4758 4471/5177/4794 4409/5144/4761 4410/5114/4731
f 4471/5177/4794 4470/5184/4801 4473/5145/4762 4409/5144/4761
f 4430/3398/3136 4415/3401/3139 4420/4952/4576 4422/5100/4717
f 4473/5145/4762 4472/3461/3198 4474/3407/3144 4411/3409/3146
f 4476/3492/3226 4475/5185/4802 4481/5181/4798 4477/3493/3227
f 4482/5182/4799 4487/5186/4803 4484/3452/3189 4485/5187/4804
f 4475/5185/4802 4479/5172/4789 4478/5147/4764 4508/5146/4763
f 4763/5188/4805 4506/5148/4765 4519/5179/4796 4521/5189/4806
f 4470/5184/4801 4485/5187/4804 4472/3461/3198 4473/5145/4762
f 4764/5190/4807 4521/5189/4806 4519/5179/4796 4520/5180/4797
f 4481/5181/4798 4480/5191/4808 4487/5186/4803 4482/5182/4799
f 4480/5191/4808 4507/3456/3193 4486/3459/3196 4487/5186/4803
f 4483/3490/3224 4482/5182/4799 4485/5187/4804 4470/5184/4801
f 4503/5192/4809 4459/5166/4783 4491/5165/4782 4492/5170/4787
f 4475/5185/4802 4508/5146/4763 4480/5191/4808 4481/5181/4798
f 4485/5187/4804 4484/3452/3189 4488/3455/3192 4472/3461/3198
f 4487/5186/4803 4486/3459/3196 4489/3453/3190 4484/3452/3189
f 4754/5193/4810 4732/3504/3238 4734/3503/3237 4735/5194/4811
f 4492/5170/4787 4491/5165/4782 4490/3465/3201 4515/3464/3200
f 4459/5166/4783 4503/5192/4809 4496/5195/4812 4502/5174/4791
f 4494/5151/4768 4493/5171/4788 4517/3466/3202 4490/3465/3201
f 4768/3825/3538 4765/5196/4813 4766/5197/4814 4767/3826/3539
f 4509/5102/4719 4478/5147/4764 4498/5183/4800 4499/5103/4720
f 4497/5178/4795 4496/5195/4812 4500/5198/4815 4463/5176/4793
f 4512/5104/4721 4499/5103/4720 4500/5198/4815 4501/5199/4816
f 4480/5191/4808 4508/5146/4763 4506/5148/4765 4507/3456/3193
f 4526/5162/4779 4514/5161/4778 4515/3464/3200 4516/3467/3203
f 4467/5173/4790 4479/5172/4789 4475/5185/4802 4476/3492/3226
f 4761/3507/3240 2969/3482/3218 4504/3458/3195 4505/3457/3194
f 4500/5198/4815 4496/5195/4812 4503/5192/4809 4501/5199/4816
f 4731/3501/3235 4520/5180/4797 4522/5157/4774 4523/3502/3236
f 4526/5162/4779 4516/3467/3203 4528/5200/4817 4527/5201/4818
f 4763/5188/4805 4762/5202/4819 4761/3507/3240 4505/3457/3194
f 4528/5200/4817 4516/3467/3203 4517/3466/3202 4518/5070/4691
f 4795/5203/4820 4784/3876/3585 4797/3901/3608 4796/3903/3610
f 4507/3456/3193 4506/5148/4765 4763/5188/4805 4505/3457/3194
f 4786/3875/3584 4781/5204/4821 4788/3855/3566 4787/5205/4822
f 4519/5179/4796 4506/5148/4765 4509/5102/4719 4510/5105/4722
f 4524/5159/4776 4511/5158/4775 4513/5169/4786 4514/5161/4778
f 4455/5152/4769 4494/5151/4768 4490/3465/3201 4491/5165/4782
f 4513/5169/4786 4501/5199/4816 4503/5192/4809 4492/5170/4787
f 4995/4680/4330 3892/4679/4329 4954/4942/4566 4955/5056/4678
f 4501/5199/4816 4513/5169/4786 4511/5158/4775 4512/5104/4721
f 4512/5104/4721 4511/5158/4775 4522/5157/4774 4510/5105/4722
f 4754/5193/4810 4735/5194/4811 4756/5206/4823 4755/5207/4824
f 4734/3503/3237 4523/3502/3236 4524/5159/4776 4525/5163/4780
f 4738/5208/4825 4527/5201/4818 4528/5200/4817 4529/5209/4826
f 4528/5200/4817 4518/5070/4691 4940/5072/4693 4529/5209/4826
f 4736/5210/4827 4525/5163/4780 4526/5162/4779 4527/5201/4818
f 4756/5206/4823 4737/5211/4828 4752/5212/4829 4753/5213/4830
f 4738/5208/4825 4529/5209/4826 4741/5214/4831 4739/5215/4832
f 4945/5216/4833 4621/5217/4834 4943/5218/4835 4944/5219/4836
f 4752/5212/4829 4737/5211/4828 4738/5208/4825 4739/5215/4832
f 4736/5210/4827 4527/5201/4818 4738/5208/4825 4737/5211/4828
f 4766/5197/4814 4733/5220/4837 4750/5221/4838 4751/5222/4839
f 4759/5223/4840 4749/5224/4841 4754/5193/4810 4755/5207/4824
f 3323/3821/3534 5182/3936/3640 4745/3935/3639 5180/4331/3986
f 4757/5225/4842 4748/5226/4843 4746/5227/4844 4747/5228/4845
f 4647/5229/4846 4283/5031/4653 4531/5030/4652 4532/5230/4847
f 4746/5227/4844 4742/5231/4848 4826/5232/4849 4747/5228/4845
f 4746/5227/4844 4739/5215/4832 4741/5214/4831 4742/5231/4848
f 4531/5030/4652 4530/5233/4850 4547/5234/4851 4532/5230/4847
f 4285/4988/4612 4281/4832/4470 4291/5042/4664 4275/4496/4146
f 4534/5021/4643 4533/5020/4642 4550/5235/4852 4530/5233/4850
f 4264/4490/4140 4538/4489/4139 4535/5236/4853 4536/4616/4266
f 4541/5015/4637 4560/5237/4854 4557/5238/4855 4558/5239/4856
f 4583/5240/4857 4569/5241/4858 4585/5043/4665 4584/5242/4859
f 4286/5019/4641 4302/5050/4672 4288/4602/4252 4289/5003/4626
f 4545/3150/2900 5178/3149/2899 4559/5243/4860 4560/5237/4854
f 4536/4616/4266 4535/5236/4853 4552/5244/4861 4533/5020/4642
f 4585/5043/4665 4569/5241/4858 4570/5245/4862 4571/5011/4633
f 4538/4489/4139 4537/5026/4648 4554/5029/4651 4535/5236/4853
f 3353/3211/2959 5177/3147/2897 4543/5246/4863 4862/3962/3660
f 4587/5010/4632 4573/5013/4635 4589/5016/4638 4588/5247/4864
f 3838/4597/4247 4542/4907/4533 4539/5248/4865 4540/4638/4288
f 4897/4918/4543 4854/5249/4542 4874/5250/4866 4875/5251/4867
f 4540/4638/4288 4539/5248/4865 4556/5027/4649 4537/5026/4648
f 4579/5252/4868 4562/5253/4869 4564/5254/4870 4565/5255/4871
f 4239/4838/4476 3982/4811/4450 4237/4615/4265 4238/4990/4614
f 4056/4908/4534 4861/5256/4872 4543/5246/4863 4544/5014/4636
f 3876/4658/4308 3863/4590/4240 3864/4625/4275 3865/4627/4277
f 4542/4907/4533 4541/5015/4637 4558/5239/4856 4539/5248/4865
f 4675/5257/4873 4577/4905/4531 4579/5252/4868 4580/5258/4874
f 4593/5259/4875 4660/5260/4876 4599/5261/4877 4600/5262/4878
f 4544/5014/4636 4543/5246/4863 5177/3147/2897 4545/3150/2900
f 4530/5233/4850 4550/5235/4852 4546/5263/4879 4547/5234/4851
f 4547/5234/4851 4546/5263/4879 4561/5264/4880 4548/5265/4881
f 4627/5266/4882 4604/5267/4883 4637/5268/4884 4628/5269/4885
f 4550/5235/4852 4549/5270/4886 4564/5254/4870 4546/5263/4879
f 4583/5240/4857 4567/5271/4887 4568/5272/4888 4569/5241/4858
f 4535/5236/4853 4554/5029/4651 4551/5273/4889 4552/5244/4861
f 4568/5272/4888 4553/5028/4650 4570/5245/4862 4569/5241/4858
f 4600/5262/4878 4594/5274/4890 4592/5275/4891 4593/5259/4875
f 4544/5014/4636 4545/3150/2900 4560/5237/4854 4541/5015/4637
f 4570/5245/4862 4555/5276/4892 4572/5012/4634 4571/5011/4633
f 4552/5244/4861 4551/5273/4889 4566/5277/4893 4549/5270/4886
f 4680/5278/4894 4689/5279/4895 4690/5280/4896 4691/5281/4897
f 4597/5282/4898 4532/5230/4847 4547/5234/4851 4548/5265/4881
f 4572/5012/4634 4557/5238/4855 4574/5017/4639 4573/5013/4635
f 4554/5029/4651 4553/5028/4650 4568/5272/4888 4551/5273/4889
f 4574/5017/4639 4559/5243/4860 5179/3633/3366 4575/3636/3369
f 4556/5027/4649 4555/5276/4892 4570/5245/4862 4553/5028/4650
f 4590/3772/3492 4687/3649/3382 4685/3648/3381 4686/5283/4899
f 4576/4904/4530 4563/5284/4900 4561/5264/4880 4562/5253/4869
f 4558/5239/4856 4557/5238/4855 4572/5012/4634 4555/5276/4892
f 3698/3328/3069 5179/3633/3366 4559/5243/4860 5178/3149/2899
f 4581/5285/4901 4565/5255/4871 4566/5277/4893 4567/5271/4887
f 4681/5286/4902 4584/5242/4859 4585/5043/4665 4586/5044/4666
f 4576/4904/4530 4562/5253/4869 4579/5252/4868 4577/4905/4531
f 4560/5237/4854 4559/5243/4860 4574/5017/4639 4557/5238/4855
f 4595/5287/4903 4548/5265/4881 4561/5264/4880 4563/5284/4900
f 4647/5229/4846 4532/5230/4847 4597/5282/4898 4598/5288/4904
f 4566/5277/4893 4551/5273/4889 4568/5272/4888 4567/5271/4887
f 4579/5252/4868 4565/5255/4871 4581/5285/4901 4580/5258/4874
f 4677/5289/4905 4582/5290/4906 4679/5291/4907 4678/5292/4908
f 4683/5293/4909 4586/5044/4666 4587/5010/4632 4588/5247/4864
f 4689/5279/4895 4680/5278/4894 4681/5286/4902 4682/5294/4910
f 4595/5287/4903 4594/5274/4890 4600/5262/4878 4596/5295/4911
f 4581/5285/4901 4567/5271/4887 4583/5240/4857 4582/5290/4906
f 4695/3779/3498 4692/5296/4912 4708/5297/4913 3167/3780/3481
f 4675/5257/4873 4580/5258/4874 4677/5289/4905 4676/5298/4914
f 4686/5283/4899 4588/5247/4864 4589/5016/4638 4590/3772/3492
f 4706/3791/3506 4682/5294/4910 4683/5293/4909 4684/5299/4915
f 4592/5275/4891 4563/5284/4900 4576/4904/4530 4578/4903/4529
f 4679/5291/4907 4584/5242/4859 4681/5286/4902 4680/5278/4894
f 4677/5289/4905 4580/5258/4874 4581/5285/4901 4582/5290/4906
f 4589/5016/4638 4575/3636/3369 4591/3635/3368 4590/3772/3492
f 4681/5286/4902 4586/5044/4666 4683/5293/4909 4682/5294/4910
f 4691/5281/4897 4678/5292/4908 4679/5291/4907 4680/5278/4894
f 4683/5293/4909 4588/5247/4864 4686/5283/4899 4684/5299/4915
f 4593/5259/4875 4592/5275/4891 4578/4903/4529 4671/5300/4916
f 4597/5282/4898 4596/5295/4911 4601/5301/4917 4598/5288/4904
f 4693/5302/4918 4678/5292/4908 4691/5281/4897 4692/5296/4912
f 4597/5282/4898 4548/5265/4881 4595/5287/4903 4596/5295/4911
f 4671/5300/4916 4578/4903/4529 4673/4902/4528 4672/5303/4919
f 3141/3595/3328 3142/3661/3394 3042/3623/3356 3140/3642/3375
f 4696/3789/3504 4694/3782/3499 4698/3764/3484 4697/3767/3487
f 4653/5304/4920 4652/5305/4921 4658/5306/4922 4654/5307/4923
f 4601/5301/4917 4599/5261/4877 4649/5308/4924 4598/5288/4904
f 4602/5309/4925 4637/5268/4884 4604/5267/4883 4605/5023/4645
f 4601/5301/4917 4596/5295/4911 4600/5262/4878 4599/5261/4877
f 4602/5309/4925 4642/5310/4926 4636/5311/4927 4637/5268/4884
f 4603/5037/4659 4602/5309/4925 4605/5023/4645 4290/5022/4644
f 4604/5267/4883 4627/5266/4882 4606/5312/4928 4607/5313/4929
f 4295/5024/4646 4607/5313/4929 4299/5051/4673 4300/5046/4668
f 4605/5023/4645 4604/5267/4883 4607/5313/4929 4295/5024/4646
f 4301/5049/4671 4981/5314/4930 4608/5315/4931 4609/4603/4253
f 4981/5314/4930 4610/5316/4932 4990/4691/4341 4979/5317/4340
f 4607/5313/4929 4606/5312/4928 4613/5318/4933 4299/5051/4673
f 4299/5051/4673 4613/5318/4933 4610/5316/4932 4611/5048/4670
f 4606/5312/4928 4629/5319/4934 4612/5320/4935 4613/5318/4933
f 4306/5008/4631 4307/5053/4675 4978/4656/4306 4262/5009/4305
f 4947/4929/4553 4072/2645/2422 4615/4920/4544 4616/5321/4936
f 4990/4691/4341 4612/5320/4935 4991/5322/4937 4987/4692/4342
f 4609/4603/4253 4608/5315/4931 4962/4385/4036 4303/5068/4254
f 4301/5049/4671 4611/5048/4670 4610/5316/4932 4981/5314/4930
f 4071/2673/2450 4984/5323/4938 4614/5324/4939 4615/4920/4544
f 4953/4957/4581 4950/5325/4580 4951/5326/4940 4952/5327/4941
f 4610/5316/4932 4613/5318/4933 4612/5320/4935 4990/4691/4341
f 4621/5217/4834 4622/5328/4942 4617/5329/4943 4618/4943/4567
f 4628/5269/4885 4638/5330/4944 4626/5331/4945 4627/5266/4882
f 4709/3637/3370 4619/4944/4568 4712/5032/4654 4710/3638/3371
f 4615/4920/4544 4614/5324/4939 4622/5328/4942 4616/5321/4936
f 4943/5218/4835 4621/5217/4834 4618/4943/4567 4620/4945/4569
f 4975/5332/4946 4960/4386/4037 4982/5333/4947 4973/5334/4948
f 4069/2647/2424 4101/4731/4380 4076/4429/4080 4077/4723/4372
f 4618/4943/4567 4617/5329/4943 4633/5335/4949 4619/4944/4568
f 4954/4942/4566 4946/5336/4950 4998/5057/4679 4955/5056/4678
f 4725/5337/4951 4710/3638/3371 4712/5032/4654 4713/5035/4657
f 4625/5338/4952 4632/5339/4953 4623/5340/4954 4624/5341/4955
f 4614/5324/4939 4624/5341/4955 4617/5329/4943 4622/5328/4942
f 4608/5342/4931 4982/5333/4947 4960/4386/4037 4962/4385/4036
f 4617/5329/4943 4624/5341/4955 4623/5343/4954 4633/5335/4949
f 4598/5288/4904 4649/5308/4924 4646/5344/4956 4647/5229/4846
f 4645/5345/4957 4644/5346/4958 4653/5304/4920 4634/5033/4655
f 4640/5347/4959 4639/5348/4960 4645/5345/4957 4631/5349/4961
f 4629/5319/4934 4626/5331/4945 4640/5347/4959 4630/5350/4962
f 4606/5312/4928 4627/5266/4882 4626/5331/4945 4629/5319/4934
f 4630/5350/4962 4640/5347/4959 4631/5349/4961 4632/5339/4953
f 4631/5349/4961 4645/5345/4957 4634/5351/4655 4635/5352/4963
f 4997/5353/4964 4967/5354/4690 4994/4921/4545 4956/5355/4680
f 4712/5032/4654 4619/4944/4568 4633/5335/4949 4634/5351/4655
f 4639/5348/4960 4643/5356/4965 4644/5346/4958 4645/5345/4957
f 4622/5328/4942 4621/5217/4834 4945/5216/4833 4616/5321/4936
f 4632/5339/4953 4631/5349/4961 4635/5352/4963 4623/5340/4954
f 4640/5347/4959 4626/5331/4945 4638/5330/4944 4639/5348/4960
f 4638/5330/4944 4636/5311/4927 4643/5356/4965 4639/5348/4960
f 4744/5357/4966 4720/5358/4967 5180/4331/3986 4745/3935/3639
f 4628/5269/4885 4637/5268/4884 4636/5311/4927 4638/5330/4944
f 4994/4921/4545 4993/4924/4548 4996/5059/4681 4956/5058/4680
f 4810/5359/4968 4808/5360/4969 4818/4333/3987 4811/5361/4970
f 4643/5356/4965 4641/5362/4971 4651/5363/4972 4644/5346/4958
f 4636/5311/4927 4642/5310/4926 4641/5362/4971 4643/5356/4965
f 4991/5322/4937 4612/5320/4935 4629/5319/4934 4630/5350/4962
f 4649/5308/4924 4650/5364/4973 4656/5365/4974 4646/5344/4956
f 4696/3789/3504 4674/3788/3503 4675/5257/4873 4676/5298/4914
f 4641/5362/4971 4648/5054/4676 4646/5344/4956 4651/5363/4972
f 4283/5031/4653 4647/5229/4846 4646/5344/4956 4648/5054/4676
f 4655/5366/4975 4664/5367/4976 4657/5368/4977 4658/5306/4922
f 4653/5304/4920 4654/5307/4923 4714/5034/4656 4634/5033/4655
f 4649/5308/4924 4599/5261/4877 4660/5260/4876 4650/5364/4973
f 4279/5036/4658 4648/5054/4676 4641/5362/4971 4642/5310/4926
f 4659/5369/4978 4701/5370/4979 4669/5371/4980 4670/5372/4981
f 4650/5364/4973 4662/5373/4982 4655/5366/4975 4656/5365/4974
f 4667/3758/3478 4743/3757/3477 4720/5358/4967 4721/5374/4983
f 4651/5363/4972 4646/5344/4956 4656/5365/4974 4652/5305/4921
f 4659/5369/4978 4670/5372/4981 4661/5375/4984 4662/5373/4982
f 4714/5034/4656 4654/5376/4923 4717/5377/4985 4715/5378/4986
f 4656/5365/4974 4655/5366/4975 4658/5306/4922 4652/5305/4921
f 4657/5379/4977 4719/5380/4987 4716/5381/4988 4717/5377/4985
f 4816/5382/4989 4811/5361/4970 4818/4333/3987 4817/4336/3990
f 4699/3787/3502 4672/5303/4919 4673/4902/4528 4674/3788/3503
f 4658/5306/4922 4657/5368/4977 4717/5377/4985 4654/5376/4923
f 4663/5383/4990 4721/5374/4983 4718/5384/4991 4719/5380/4987
f 4593/5259/4875 4671/5300/4916 4659/5369/4978 4660/5260/4876
f 4660/5260/4876 4659/5369/4978 4662/5373/4982 4650/5364/4973
f 4661/5375/4984 4666/5385/4992 4663/5386/4990 4664/5367/4976
f 4682/5294/4910 4706/3791/3506 4688/3790/3505 4689/5279/4895
f 4821/5387/4993 4730/5388/4994 4828/3934/3638 4822/5389/4995
f 4756/5206/4823 4735/5194/4811 4736/5210/4827 4737/5211/4828
f 4644/5346/4958 4651/5363/4972 4652/5305/4921 4653/5304/4920
f 4662/5373/4982 4661/5375/4984 4664/5367/4976 4655/5366/4975
f 4661/5375/4984 4670/5372/4981 4665/5390/4996 4666/5385/4992
f 4664/5367/4976 4663/5386/4990 4719/5380/4987 4657/5379/4977
f 4721/5374/4983 4663/5383/4990 4666/5385/4992 4667/5391/3478
f 3137/3755/3443 4668/3754/3476 4665/5390/4996 4702/3762/3482
f 4666/5385/4992 4665/5390/4996 4668/3754/3476 4667/5391/3478
f 4701/5370/4979 4659/5369/4978 4671/5300/4916 4672/5303/4919
f 4693/5302/4918 4676/5298/4914 4677/5289/4905 4678/5292/4908
f 4702/3762/3482 4669/5371/4980 4703/3784/3500 3175/3763/3483
f 4725/5337/4951 4713/5035/4657 4722/5392/4997 4724/5393/4998
f 4670/5372/4981 4669/5371/4980 4702/3762/3482 4665/5390/4996
f 4679/5291/4907 4582/5290/4906 4583/5240/4857 4584/5242/4859
f 4706/3791/3506 4684/5299/4915 4707/3651/3384 3180/3645/3378
f 4942/5394/4999 4620/4945/4569 4709/3637/3370 4711/3640/3373
f 4693/5302/4918 4692/5296/4912 4695/3779/3498 4694/3782/3499
f 4686/5283/4899 4685/3648/3381 4707/3651/3384 4684/5299/4915
f 4722/5392/4997 4713/5035/4657 4714/5034/4656 4715/5378/4986
f 4689/5279/4895 4688/3790/3505 4705/3792/3507 4690/5280/4896
f 4701/5370/4979 4672/5303/4919 4699/3787/3502 4700/5395/5000
f 4727/5396/5001 4716/5381/4988 4729/5397/5002 4728/5398/5003
f 4699/3787/3502 4697/3767/3487 4704/3766/3486 4700/5395/5000
f 4703/3784/3500 4669/5371/4980 4701/5370/4979 4700/5395/5000
f 4696/3789/3504 4676/5298/4914 4693/5302/4918 4694/3782/3499
f 4691/5281/4897 4690/5280/4896 4708/5297/4913 4692/5296/4912
f 3182/3773/3493 4705/3792/3507 3180/3645/3378 3181/3769/3489
f 4700/5395/5000 4704/3766/3486 3177/3785/3501 4703/3784/3500
f 3167/3761/3481 4708/5297/4913 3182/5399/3493 3185/3654/3387
f 4708/5297/4913 4690/5280/4896 4705/3792/3507 3182/5399/3493
f 4729/5397/5002 4718/5384/4991 4744/5357/4966 4730/5388/4994
f 3299/3928/3633 3294/3798/3513 3293/3722/3448 3187/3689/3419
f 4633/5335/4949 4623/5343/4954 4635/5352/4963 4634/5351/4655
f 4947/4929/4553 4616/5321/4936 4945/5216/4833 4946/5336/4950
f 4757/5225/4842 4747/5228/4845 4774/5400/5004 4758/5401/5005
f 4722/5392/4997 4715/5378/4986 4727/5396/5001 4723/5402/5006
f 4715/5378/4986 4717/5377/4985 4716/5381/4988 4727/5396/5001
f 4809/5403/5007 4724/5393/4998 4722/5392/4997 4723/5402/5006
f 4716/5381/4988 4719/5380/4987 4718/5384/4991 4729/5397/5002
f 3221/4332/3510 5180/4331/3986 4720/5358/4967 4743/3757/3477
f 4764/5190/4807 4520/5180/4797 4731/3501/3235 4733/5220/4837
f 4752/5212/4829 4748/5226/4843 4757/5225/4842 4753/5213/4830
f 4727/5396/5001 4728/5398/5003 4815/5404/5008 4723/5402/5006
f 4718/5384/4991 4721/5374/4983 4720/5358/4967 4744/5357/4966
f 4725/5337/4951 4724/5393/4998 4809/5403/5007 4726/5405/5009
f 4732/3504/3238 4754/5193/4810 4749/5224/4841 4750/5221/4838
f 4806/3639/3372 4726/5405/5009 4810/5359/4968 4807/5406/5010
f 4823/5407/5011 4813/5408/5012 4816/5382/4989 4817/4336/3990
f 4850/3883/3592 4837/3866/3576 4851/3861/3572 4846/3860/3571
f 4729/5397/5002 4730/5388/4994 4821/5387/4993 4728/5398/5003
f 4734/3503/3237 4525/5163/4780 4736/5210/4827 4735/5194/4811
f 4762/5202/4819 4780/5409/5013 4778/5410/3583 4779/3829/3542
f 4282/4834/4472 4534/5021/4643 4530/5233/4850 4531/5030/4652
f 4764/5190/4807 4733/5220/4837 4766/5197/4814 4765/5196/4813
f 4539/5248/4865 4558/5239/4856 4555/5276/4892 4556/5027/4649
f 4533/5020/4642 4552/5244/4861 4549/5270/4886 4550/5235/4852
f 4741/5214/4831 4740/5411/5014 4819/5412/5015 4742/5231/4848
f 4752/5212/4829 4739/5215/4832 4746/5227/4844 4748/5226/4843
f 4772/5413/5016 4765/5196/4813 4768/3825/3538 4769/3828/3541
f 4766/5197/4814 4751/5222/4839 4771/5414/5017 4767/3826/3539
f 4529/5209/4826 4940/5072/4693 4740/5411/5014 4741/5214/4831
f 4759/5223/4840 4758/5401/5005 4771/5414/5017 4751/5222/4839
f 4777/3827/3540 4770/5415/5018 4775/5416/5019 4776/5417/5020
f 4750/5221/4838 4749/5224/4841 4759/5223/4840 4751/5222/4839
f 4756/5206/4823 4753/5213/4830 4760/5418/5021 4755/5207/4824
f 4825/4335/3989 4814/4334/3988 4821/5387/4993 4822/5389/4995
f 4758/5401/5005 4774/5400/5004 4770/5415/5018 4771/5414/5017
f 4747/5228/4845 4836/5419/5022 4773/5420/5023 4774/5400/5004
f 4772/5413/5016 4521/5189/4806 4764/5190/4807 4765/5196/4813
f 4783/5421/5024 4769/3828/3541 4777/3827/3540 4776/5417/5020
f 4779/3829/3542 3240/3508/3241 4761/3507/3240 4762/5202/4819
f 4759/5223/4840 4755/5207/4824 4760/5418/5021 4758/5401/5005
f 4797/3901/3608 4784/3876/3585 4786/3875/3584 4787/5205/4822
f 3435/3528/3261 3217/3814/3528 3299/3928/3633 3187/3689/3419
f 4762/5202/4819 4772/5413/5016 4769/3828/3541 4780/5409/5013
f 4786/3875/3584 4778/3874/3583 4780/5409/5013 4781/5422/4821
f 4767/3826/3539 4771/5414/5017 4770/5415/5018 4777/3827/3540
f 4780/5409/5013 4769/3828/3541 4783/5421/5024 4781/5422/4821
f 4775/5416/5019 4773/5420/5023 4840/5423/5025 4776/5417/5020
f 4774/5400/5004 4773/5420/5023 4775/5416/5019 4770/5415/5018
f 4776/5417/5020 4845/5424/5026 4782/5425/3567 4783/5421/5024
f 4779/3829/3542 4778/5410/3583 4785/3844/3555 3259/5426/3543
f 4797/3901/3608 4787/5205/4822 4800/3907/3613 4798/3902/3609
f 3278/3880/3589 3266/3845/3556 4795/5203/4820 3279/3838/3550
f 4851/3861/3572 4833/3865/3575 4842/3950/3653 4843/3862/3573
f 4800/3907/3613 4789/3858/3569 4803/3918/3623 4801/3908/3614
f 4783/5421/5024 4782/5425/3567 4788/3855/3566 4781/5204/4821
f 4800/3907/3613 4787/5205/4822 4788/3855/3566 4789/3858/3569
f 4793/3954/3655 4794/3888/3597 4790/3917/3622 4791/5427/5027
f 4785/3844/3555 4784/3876/3585 4795/5203/4820 3266/3845/3556
f 4804/3955/3656 3277/3887/3596 3289/3909/3615 3290/3896/3604
f 4799/3839/3551 3279/3838/3550 4795/5203/4820 4796/3903/3610
f 4791/5427/5027 4790/3917/3622 4848/3857/3568 4792/5428/5028
f 4812/5429/5029 4711/3640/3373 4806/3639/3372 4807/5406/5010
f 4875/5251/4867 4903/5430/5030 4896/5431/5031 4897/4918/4543
f 3278/3880/3589 3279/3838/3550 3284/3841/3553 3280/3905/3611
f 3284/3841/3553 3282/3881/3590 3281/3873/3582 3280/3905/3611
f 4790/3917/3622 4804/3955/3656 4802/5432/5032 4803/3918/3623
f 3289/3909/3615 3287/3915/3620 3701/3893/3601 3290/3896/3604
f 4803/3918/3623 4802/5432/5032 5181/3895/3603 4801/3908/3614
f 4812/5429/5029 4807/5406/5010 4816/5382/4989 4813/5408/5012
f 3290/3896/3604 5181/3895/3603 4802/5432/5032 4804/3955/3656
f 4816/5382/4989 4807/5406/5010 4810/5359/4968 4811/5361/4970
f 4830/5433/5033 4824/5434/5034 4832/5435/5035 4831/5436/5036
f 4826/5232/4849 4742/5231/4848 4819/5412/5015 4820/5437/5037
f 4726/5405/5009 4809/5403/5007 4808/5360/4969 4810/5359/4968
f 4942/5394/4999 4711/3640/3373 4812/5429/5029 4740/5411/5014
f 4731/3501/3235 4732/3504/3238 4750/5221/4838 4733/5220/4837
f 4823/5407/5011 4817/4336/3990 4825/4335/3989 4824/5434/5034
f 4753/5213/4830 4757/5225/4842 4758/5401/5005 4760/5418/5021
f 4830/5433/5033 4820/5437/5037 4823/5407/5011 4824/5434/5034
f 4836/5419/5022 4747/5228/4845 4826/5232/4849 4827/5438/5038
f 4839/5439/5039 4827/5438/5038 4830/5433/5033 4831/5436/5036
f 4808/5360/4969 4815/5404/5008 4814/4334/3988 4818/4333/3987
f 4728/5398/5003 4821/5387/4993 4814/4334/3988 4815/5404/5008
f 4832/5435/5035 4822/5389/4995 4828/3934/3638 4829/3937/3641
f 4819/5412/5015 4813/5408/5012 4823/5407/5011 4820/5437/5037
f 4825/4335/3989 4822/5389/4995 4832/5435/5035 4824/5434/5034
f 4826/5232/4849 4820/5437/5037 4830/5433/5033 4827/5438/5038
f 4827/5438/5038 4839/5439/5039 4835/5440/5040 4836/5419/5022
f 4832/5435/5035 4829/3937/3641 4838/3867/3577 4831/5436/5036
f 4838/3867/3577 4829/3937/3641 5182/3936/3640 4833/3865/3575
f 3322/3951/3645 4842/3950/3653 4833/3865/3575 4834/3942/3646
f 4853/3944/3648 4854/4917/4542 4892/4802/4443 4068/4642/4292
f 4840/5423/5025 4835/5440/5040 4850/3883/3592 4841/3882/3591
f 4841/3882/3591 4847/3884/3593 4792/5441/5028 4845/5424/5026
f 4834/3942/3646 4833/3865/3575 5182/3936/3640 3323/3931/3534
f 4773/5420/5023 4836/5419/5022 4835/5440/5040 4840/5423/5025
f 4057/4915/4540 4914/4569/4219 4855/5442/5041 4856/4916/4541
f 4831/5436/5036 4838/3867/3577 4837/3866/3576 4839/5439/5039
f 4845/5424/5026 4776/5417/5020 4840/5423/5025 4841/3882/3591
f 4819/5412/5015 4740/5411/5014 4812/5429/5029 4813/5408/5012
f 4848/3857/3568 4782/3856/3567 4845/5424/5026 4792/5441/5028
f 4858/4914/4539 4857/5443/5042 4867/5444/5043 4859/5445/5044
f 4847/3884/3593 4846/3860/3571 4849/3859/3570 4792/5428/5028
f 5013/5004/4627 4872/5446/5045 4999/5447/5046 5001/5005/4628
f 4791/5427/5027 4792/5428/5028 4849/3859/3570 4793/5448/3655
f 4844/3911/3616 4793/5448/3655 4849/3859/3570 4843/3862/3573
f 4853/3944/3648 4852/3943/3647 4874/5250/4866 4854/5249/4542
f 4920/5449/5047 4906/5450/5048 4916/5451/5049 4917/5452/5050
f 4861/5256/4872 4056/4908/4534 4858/4914/4539 4859/5453/5044
f 5031/5454/5051 4878/5455/5052 5036/5456/5053 5032/5457/5054
f 4856/4916/4541 4855/5442/5041 4869/5458/5055 4857/5459/5042
f 5010/5460/5056 4880/5461/5057 5013/5004/4627 5011/5007/4630
f 4861/5256/4872 4860/4913/3995 4862/3962/3660 4543/5246/4863
f 5019/5006/4629 5001/5005/4628 5029/5462/5058 5020/5463/5059
f 4561/5264/4880 4546/5263/4879 4564/5254/4870 4562/5253/4869
f 4673/4902/4528 4577/4905/4531 4675/5257/4873 4674/3788/3503
f 3357/2661/2438 3373/3981/3674 3355/3068/2820 3356/2658/2435
f 4864/4344/3996 4863/5464/5060 4881/5465/5061 4865/4345/3997
f 4879/5466/5062 4866/5467/5063 4870/3923/3628 4872/5446/5045
f 4876/5468/5064 4873/5469/5065 5185/4199/3872 4877/5470/5066
f 4999/5447/5046 4872/5446/5045 4870/3923/3628 4871/3926/3631
f 4855/5471/5041 4924/5472/5067 4868/3924/3629 4869/5458/5055
f 5005/5473/5068 4902/5474/5069 5037/5475/5070 5006/5476/5071
f 4879/5466/5062 4863/5464/5060 4867/5444/5043 4866/5467/5063
f 4870/3923/3628 4866/5467/5063 4869/5458/5055 4868/3924/3629
f 4852/4330/3647 5184/3945/3649 4873/5469/5065 4874/5250/4866
f 5193/3976/3670 3376/3979/2560 4883/5477/5072 4884/5478/3876
f 5133/4202/3874 5015/5479/3993 5110/5480/5073 5108/5481/5074
f 5030/5482/5075 5011/5007/4630 5019/5006/4629 5021/5483/5076
f 3706/4200/3652 5185/4199/3872 4873/5469/5065 5184/3945/3649
f 5046/5484/5077 5024/5485/5078 5022/4756/4404 5023/4755/4403
f 4874/5250/4866 4873/5469/5065 4876/5468/5064 4875/5251/4867
f 4881/5465/5061 4880/5461/5057 5010/5460/5056 4882/5486/5079
f 4903/5430/5030 4878/5455/5052 5031/5454/5051 4900/5487/5080
f 5037/5475/5070 4900/5487/5080 5031/5454/5051 5033/4138/3814
f 5088/5488/5081 5026/5489/5082 5045/5490/5083 5040/5491/5084
f 4883/5477/5072 4865/4345/3997 4881/5465/5061 4882/5486/5079
f 5076/5492/5085 5018/5493/3968 5016/5494/5086 5017/5495/5087
f 4930/5496/5088 4902/5474/5069 5005/5473/5068 4931/5497/5089
f 5072/5498/5090 5076/5492/5085 5017/5495/5087 5077/5499/5091
f 5077/5499/5091 5017/5495/5087 5030/5482/5075 5021/5483/5076
f 4886/4641/4291 4885/3993/3686 4887/3992/3685 3822/4553/4203
f 4890/4784/4425 4888/4801/4442 4894/4804/4445 4891/4785/4426
f 3964/4537/4187 3819/4536/4186 3967/4786/4427 3965/4775/4418
f 4913/4442/4093 4911/5500/5092 4918/4570/4220 4909/4443/4094
f 4148/4822/4461 4036/4891/3727 4037/4034/3726 4038/4560/4210
f 4889/5501/5093 4888/4801/4442 4890/4784/4425 4885/3993/3686
f 5035/4132/3809 5036/5456/5053 4877/5470/5066 5034/4133/3810
f 5008/5502/5094 4929/5503/5095 5002/5504/5096 5004/4757/4405
f 4921/5505/5097 4898/5506/5098 4930/5496/5088 4922/5507/5099
f 4913/4442/4093 3830/4441/4092 4907/4585/4235 4904/4808/4449
f 4894/4804/4445 4893/4803/4444 4899/5508/5100 4895/5509/5101
f 4930/5496/5088 4898/5506/5098 4901/5510/5102 4902/5474/5069
f 4916/5451/5049 4895/5511/5101 4921/5505/5097 4917/5512/5050
f 4896/5431/5031 4903/5430/5030 4900/5487/5080 4901/5510/5102
f 4897/4918/4543 4896/5431/5031 4899/5508/5100 4893/4919/4444
f 4896/5431/5031 4901/5510/5102 4898/5506/5098 4899/5508/5100
f 4927/5513/5103 4915/5514/4221 4918/4570/4220 4919/5515/5104
f 4899/5508/5100 4898/5506/5098 4921/5505/5097 4895/5509/5101
f 4926/5516/5105 4917/5512/5050 4921/5505/5097 4922/5507/5099
f 5002/5504/5096 4929/5503/5095 4934/5517/5106 4933/5518/5107
f 4901/5510/5102 4900/5487/5080 5037/5475/5070 4902/5474/5069
f 4906/5450/5048 4912/5519/5108 4904/4808/4449 4905/4783/4424
f 5009/5520/5109 5003/4805/4446 5002/5504/5096 4933/5518/5107
f 4922/5507/5099 4932/5521/5110 4925/5522/5111 4926/5516/5105
f 3376/3969/2560 5186/3968/3664 4865/4345/3997 4883/5477/5072
f 4905/4783/4424 4904/4808/4449 4908/3994/3687 4885/3993/3686
f 4894/4804/4445 4895/5511/5101 4916/5451/5049 4891/4785/4426
f 4906/5450/5048 4920/5449/5047 4911/5500/5092 4912/5519/5108
f 4920/5449/5047 4917/5452/5050 4926/5516/5105 4919/5523/5104
f 4041/4817/4456 3979/4595/4245 4043/4567/4217 4042/4897/4216
f 4918/4570/4220 4911/5500/5092 4920/5449/5047 4919/5515/5104
f 4057/4915/4540 4910/4444/4095 4909/4443/4094 4914/4569/4219
f 4067/4549/4199 4065/3075/2827 4853/3944/3648 4068/4642/4292
f 4924/5472/5067 4855/5471/5041 4914/4569/4219 4915/4571/4221
f 4904/4808/4449 4912/5519/5108 4911/5500/5092 4913/4442/4093
f 4923/5524/5112 4927/5513/5103 4925/5522/5111 4934/5517/5106
f 4928/3925/3630 4923/5524/5112 4934/5517/5106 4929/5503/5095
f 5009/5520/5109 4931/5497/5089 5005/5473/5068 5007/5525/5113
f 4859/5453/5044 4864/4344/3996 4860/4343/3995 4861/5256/4872
f 5008/5502/5094 5000/5526/5114 4999/5447/5046 4871/3926/3631
f 4934/5517/5106 4925/5522/5111 4932/5521/5110 4933/5518/5107
f 5082/5527/5115 5040/5491/5084 5038/4137/3813 5039/4136/3812
f 4937/5094/4711 4970/5528/5116 4935/5529/5117 4936/5083/4702
f 4941/5071/4692 4935/5530/5117 4949/4955/4579 4939/4958/4582
f 4915/5514/4221 4927/5513/5103 4923/5524/5112 4924/5472/5067
f 4868/3924/3629 4924/5472/5067 4923/5524/5112 4928/3925/3630
f 4879/5466/5062 4872/5446/5045 5013/5004/4627 4880/5461/5057
f 4919/5523/5104 4926/5516/5105 4925/5522/5111 4927/5513/5103
f 4493/5171/4788 4938/5086/4704 4935/5529/5117 4941/5071/4692
f 5008/5502/5094 4871/3926/3631 4928/3925/3630 4929/5503/5095
f 5084/5531/5118 5127/5532/5119 5062/5533/5120 5088/5488/5081
f 4968/5067/4689 4975/5332/4946 4973/5334/4948 4974/5064/4686
f 5081/5534/5121 5023/4755/4403 5028/4754/4402 5027/4807/4448
f 5014/4339/3992 4884/5478/3876 4883/5477/5072 4882/5486/5079
f 5085/5535/5122 5042/5536/3936 5089/5537/5123 5086/5538/5124
f 5028/4754/4402 5004/4757/4405 5002/5504/5096 5003/4805/4446
f 4932/5521/5110 4931/5497/5089 5009/5520/5109 4933/5518/5107
f 4324/5085/4703 4936/5083/4702 4935/5529/5117 4938/5086/4704
f 4620/4945/4569 4942/5394/4999 4939/4958/4582 4943/5218/4835
f 4943/5218/4835 4939/4958/4582 4953/4957/4581 4944/5219/4836
f 4498/5183/4800 4463/5176/4793 4500/5198/4815 4499/5103/4720
f 4093/4926/4550 4947/4929/4553 4946/5336/4950 4954/4942/4566
f 4945/5216/4833 4944/5219/4836 4957/5539/5125 4946/5336/4950
f 4740/5411/5014 4940/5072/4693 4939/4958/4582 4942/5394/4999
f 4828/3934/3638 4730/5388/4994 4744/5357/4966 4745/3935/3639
f 4763/5188/4805 4521/5189/4806 4772/5413/5016 4762/5202/4819
f 4564/5254/4870 4549/5270/4886 4566/5277/4893 4565/5255/4871
f 4935/5530/5117 4970/5528/5116 4948/5540/5126 4949/4955/4579
f 4951/5326/4940 4948/5541/5126 4997/5353/4964 4952/5327/4941
f 4624/5341/4955 4614/5324/4939 4984/5323/4938 4625/5338/4952
f 4949/4955/4579 4948/5540/5126 4951/5326/4940 4950/5325/4580
f 4953/4957/4581 4952/5542/4941 4957/5539/5125 4944/5219/4836
f 4995/4680/4330 4955/5056/4678 4996/5059/4681 4993/5077/4548
f 4946/5336/4950 4957/5539/5125 4956/5355/4680 4998/5057/4679
f 4973/5543/4948 4982/5333/4947 4979/5544/4340 4980/5545/5127
f 4959/4703/4352 4958/4702/4351 4969/5546/5128 4937/5094/4711
f 4963/5078/4697 4964/4922/4546 4966/5066/4688 4965/5065/4687
f 4461/5175/4792 4502/5174/4791 4496/5195/4812 4497/5178/4795
f 4958/4702/4351 4961/4387/4038 4960/4386/4037 4975/5332/4946
f 4948/5547/5126 4970/5528/5116 4967/5354/4690 4997/5353/4964
f 4969/5546/5128 4968/5548/4689 4966/5066/4688 4967/5069/4690
f 4958/4702/4351 4975/5332/4946 4968/5548/4689 4969/5546/5128
f 4970/5528/5116 4937/5094/4711 4969/5546/5128 4967/5354/4690
f 4314/5089/4685 4327/5088/4706 4316/5075/4695 4317/4699/4349
f 4978/4656/4306 4972/5549/5129 4980/5545/5127 4977/4657/4307
f 4978/4656/4306 4307/5053/4675 4971/5079/4698 4972/5549/5129
f 4971/5079/4698 4965/5065/4687 4974/5064/4686 4972/5549/5129
f 4991/5322/4937 4625/5550/4952 4986/5073/4694 4987/5074/4342
f 4992/4923/4547 4313/5061/4683 4315/5060/4682 3893/4681/4331
f 4974/5064/4686 4973/5543/4948 4980/5545/5127 4972/5549/5129
f 4988/4712/4361 4977/5551/4307 4989/4693/4343 4983/4733/4382
f 4982/5333/4947 4608/5342/4931 4981/5314/4930 4979/5552/4340
f 4071/2673/2450 4985/2672/2449 4983/4733/4382 4984/5323/4938
f 4971/5079/4698 4310/5055/4677 4963/5078/4697 4965/5065/4687
f 4988/4712/4361 3908/4470/4121 4976/4469/4120 4977/4657/4307
f 3915/4714/4363 3914/4716/4365 3935/4739/4388 3916/4719/4368
f 4963/5078/4697 4313/5061/4683 4992/4923/4547 4964/4922/4546
f 4980/5545/5127 4979/4690/4340 4989/4693/4343 4977/5551/4307
f 4984/5323/4938 4983/4733/4382 4986/5073/4694 4625/5550/4952
f 4952/5542/4941 4997/5353/4964 4956/5355/4680 4957/5539/5125
f 4710/3638/3371 4725/5337/4951 4726/5405/5009 4806/3639/3372
f 4053/4857/4494 3941/4752/4400 3939/4439/4090 3940/4689/4339
f 5030/5482/5075 5012/5553/5130 5010/5460/5056 5011/5007/4630
f 5009/5520/5109 5007/5525/5113 5025/4806/4447 5003/4805/4446
f 5036/5456/5053 4878/5455/5052 4876/5468/5064 4877/5470/5066
f 5008/5502/5094 5004/4757/4405 5022/4756/4404 5000/5526/5114
f 5029/5462/5058 5001/5005/4628 4999/5447/5046 5000/5526/5114
f 5078/5554/5131 5069/5555/5132 5077/5499/5091 5021/5483/5076
f 5045/5490/5083 5007/5525/5113 5005/5473/5068 5006/5476/5071
f 5049/5556/5133 5047/5557/5134 5058/5558/5135 5050/5559/5136
f 5025/4806/4447 5007/5525/5113 5045/5490/5083 5026/5489/5082
f 5085/5535/5122 5043/5560/5137 5041/4337/3991 5042/5536/3936
f 5024/5485/5078 5029/5462/5058 5000/5526/5114 5022/4756/4404
f 5014/4339/3992 5012/5553/5130 5016/5494/5086 5015/4340/3993
f 5078/5554/5131 5021/5483/5076 5019/5006/4629 5020/5463/5059
f 5040/5491/5084 5045/5490/5083 5006/5476/5071 5038/4137/3813
f 5044/4135/3811 5033/4138/3814 5031/5454/5051 5032/5457/5054
f 5080/5561/5138 5027/4807/4448 5025/4806/4447 5026/5489/5082
f 5016/5494/5086 5012/5553/5130 5030/5482/5075 5017/5495/5087
f 4068/4642/4292 4892/4802/4443 4888/4801/4442 4889/5501/5093
f 5066/5562/5139 5078/5554/5131 5020/5463/5059 5079/5563/5140
f 5110/5480/5073 5018/5493/3968 5170/4310/3971 5109/5564/5141
f 5049/5556/5133 5048/5565/5142 5046/5484/5077 5047/5557/5134
f 5041/4337/3991 5032/5457/5054 5036/5456/5053 5035/4132/3809
f 5058/5558/5135 5047/5557/5134 5081/5534/5121 5059/5566/5143
f 5064/5567/5144 5051/5568/5145 5115/5569/5146 5065/5570/5147
f 5124/5571/5148 5127/5532/5119 5084/5531/5118 5122/4061/3751
f 5038/4137/3813 5006/5476/5071 5037/5475/5070 5033/4138/3814
f 5092/5572/5149 5091/5573/5150 5089/5537/5123 5090/4064/3754
f 5089/5537/5123 5042/4268/3936 5128/4065/3755 5090/4064/3754
f 5167/5574/5151 5124/5571/5148 5122/4061/3751 5123/4060/3750
f 5185/4199/3872 3530/4139/3815 5034/4133/3810 4877/5470/5066
f 3579/4154/3829 3582/4142/3817 3535/4141/3816 3577/3973/3667
f 3579/4154/3829 3580/3995/3688 3537/3998/3691 3582/4142/3817
f 4881/5465/5061 4863/5464/5060 4879/5466/5062 4880/5461/5057
f 4932/5521/5110 4922/5507/5099 4930/5496/5088 4931/5497/5089
f 5018/5493/3968 5110/5480/5073 5015/5479/3993 5016/5494/5086
f 5080/5561/5138 5062/5533/5120 5061/5575/5152 5059/5566/5143
f 5083/4062/3752 5087/5576/5153 5043/5560/5137 5085/5535/5122
f 5044/4135/3811 5032/5457/5054 5041/4337/3991 5043/5560/5137
f 5095/5577/5154 5094/5578/5155 5092/5572/5149 5093/4208/3880
f 5149/5579/5156 5158/5580/5157 5091/5573/5150 5147/5581/5158
f 5082/5527/5115 5039/4136/3812 5087/5576/5153 5083/4062/3752
f 5046/5484/5077 5023/4755/4403 5081/5534/5121 5047/5557/5134
f 5120/5582/5159 5063/5583/5160 5166/5584/5161 5121/5585/5162
f 5014/4339/3992 4882/5486/5079 5010/5460/5056 5012/5553/5130
f 5064/5567/5144 5048/5565/5142 5049/5556/5133 5051/5568/5145
f 5115/5569/5146 5051/5568/5145 5052/5586/5163 5054/5587/5164
f 3607/4198/3871 5157/4274/3941 5139/5588/4002 5140/4295/3958
f 5052/5586/5163 5050/5559/5136 5118/5589/5165 5053/5590/5166
f 5057/4324/3984 5113/5591/5167 5054/5587/5164 5055/5592/5168
f 5114/5593/5169 5117/5594/5170 5071/5595/5171 5116/5596/5172
f 5055/5592/5168 5054/5587/5164 5052/5586/5163 5053/5590/5166
f 5152/4308/3969 5139/4350/4002 5195/4302/3964 5142/4256/3926
f 5113/5591/5167 5057/4324/3984 5117/5594/5170 5114/5593/5169
f 5118/5589/5165 5050/5559/5136 5058/5558/5135 5060/5597/5173
f 5067/5598/5174 5066/5562/5139 5064/5567/5144 5065/5570/5147
f 5127/5532/5119 5063/5583/5160 5061/5575/5152 5062/5533/5120
f 5169/5599/5175 5159/5600/5176 5166/5584/5161 5063/5583/5160
f 5194/4187/3861 5136/4021/3714 5134/5601/5177 5135/4347/3999
f 5135/4347/3999 5134/5601/5177 5121/5585/5162 5166/5584/5161
f 5079/5563/5140 5048/5565/5142 5064/5567/5144 5066/5562/5139
f 5116/5596/5172 5068/5602/5178 5067/5598/5174 5065/5570/5147
f 5073/5603/5179 5072/5498/5090 5070/5604/5180 5071/5595/5171
f 5124/5571/5148 5169/5599/5175 5063/5583/5160 5127/5532/5119
f 5125/4059/3749 5083/4062/3752 5085/5535/5122 5086/5605/5124
f 5070/5604/5180 5069/5555/5132 5067/5598/5174 5068/5602/5178
f 5073/5603/5179 5071/5595/5171 5117/5594/5170 5074/5606/5181
f 5070/5604/5180 5068/5602/5178 5116/5596/5172 5071/5595/5171
f 5077/5499/5091 5069/5555/5132 5070/5604/5180 5072/5498/5090
f 5138/4020/3713 5053/5590/5166 5118/5589/5165 5119/5607/5182
f 5111/4262/3931 5075/4296/3959 5073/5603/5179 5074/5606/5181
f 5076/5492/5085 5072/5498/5090 5073/5603/5179 5075/4296/3959
f 5111/4262/3931 5074/5606/5181 5112/4284/3951 3608/4195/3868
f 5140/4295/3958 5018/4307/3968 5076/5492/5085 5075/4296/3959
f 5191/4063/3753 5093/4208/3880 5092/5572/5149 5090/4064/3754
f 5138/4020/3713 5056/4023/3716 5055/5592/5168 5053/5590/5166
f 5163/4241/3912 5149/5579/5156 5147/5581/5158 5148/4242/3913
f 5091/5573/5150 5158/5580/5157 5086/5538/5124 5089/5537/5123
f 5026/5489/5082 5088/5488/5081 5062/5533/5120 5080/5561/5138
f 5027/4807/4448 5080/5561/5138 5059/5566/5143 5081/5534/5121
f 5088/5488/5081 5040/5491/5084 5082/5527/5115 5084/5531/5118
f 5069/5555/5132 5078/5554/5131 5066/5562/5139 5067/5598/5174
f 5114/5593/5169 5116/5596/5172 5065/5570/5147 5115/5569/5146
f 5169/5599/5175 5124/5571/5148 5167/5574/5151 5168/4318/3979
f 5087/5576/5153 5039/4136/3812 5044/4135/3811 5043/5560/5137
f 5079/5563/5140 5024/5485/5078 5046/5484/5077 5048/5565/5142
f 5158/5580/5157 5126/5608/5183 5125/4059/3749 5086/5605/5124
f 5052/5586/5163 5051/5568/5145 5049/5556/5133 5050/5559/5136
f 5094/5578/5155 5147/5581/5158 5091/5573/5150 5092/5572/5149
f 5095/5577/5154 5093/4208/3880 5129/4207/3879 5096/4346/3998
f 5132/5609/5184 5131/4203/3875 5133/4202/3874 5108/5481/5074
f 5095/5577/5154 5096/4346/3998 5098/5610/5185 5097/5611/5186
f 5132/5609/5184 5105/5612/5187 5130/4230/3901 5131/4203/3875
f 5192/4342/3994 3712/4240/3911 5189/4239/3910 5102/5613/5188
f 5100/5614/5189 5144/5615/5190 5097/5611/5186 5098/5610/5185
f 5192/4342/3994 5102/5613/5188 5101/5616/5191 5099/5617/5192
f 5190/4234/3905 5099/5617/5192 5098/5610/5185 5096/4346/3998
f 5144/5615/5190 5100/5614/5189 5151/5618/5193 5145/4301/3963
f 5151/5618/5193 5100/5614/5189 5101/5616/5191 5103/5619/5194
f 5107/5620/5195 5106/4309/3970 5104/5621/5196 5105/5612/5187
f 5104/5621/5196 5103/5619/5194 5101/5616/5191 5102/5613/5188
f 5132/5609/5184 5108/5481/5074 5107/5620/5195 5105/5612/5187
f 5109/5564/5141 5170/4310/3971 5106/4309/3970 5107/5620/5195
f 5110/5480/5073 5109/5564/5141 5107/5620/5195 5108/5481/5074
f 5153/4245/3916 5145/4301/3963 5151/5618/5193 5143/4254/3924
f 5141/4255/3925 5106/4309/3970 5152/4308/3969 5142/4256/3926
f 5112/4284/3951 5074/5606/5181 5117/5594/5170 5057/4324/3984
f 5134/5601/5177 5119/5607/5182 5120/5582/5159 5121/5585/5162
f 5115/5569/5146 5054/5587/5164 5113/5591/5167 5114/5593/5169
f 5136/4021/3714 5138/4020/3713 5119/5607/5182 5134/5601/5177
f 5164/4316/3977 5123/4060/3750 5125/4059/3749 5126/5622/5183
f 5122/4061/3751 5084/5531/5118 5082/5527/5115 5083/4062/3752
f 5061/5575/5152 5060/5597/5173 5058/5558/5135 5059/5566/5143
f 5063/5583/5160 5120/5582/5159 5060/5597/5173 5061/5575/5152
f 5150/5623/5197 5097/5611/5186 5144/5615/5190 5146/4305/3966
f 5165/4315/3976 5167/5574/5151 5123/4060/3750 5164/4316/3977
f 5159/5600/5176 5169/5599/5175 5168/4318/3979 5196/4281/3948
f 4905/4783/4424 4891/4785/4426 4916/5451/5049 4906/5450/5048
f 5147/5581/5158 5094/5578/5155 5150/5623/5197 5148/4242/3913
f 5101/5616/5191 5100/5614/5189 5098/5610/5185 5099/5617/5192
f 3714/4235/3906 5192/4342/3994 5099/5617/5192 5190/4234/3905
f 5130/4230/3901 5105/5612/5187 5189/4239/3910 3635/4238/3909
f 5149/5579/5156 5163/4241/3912 3677/5624/3965 5161/5625/5198
f 5029/5462/5058 5024/5485/5078 5079/5563/5140 5020/5463/5059
f 5149/5579/5156 5161/5625/5198 5126/5608/5183 5158/5580/5157
f 153/307/286 359/287/267 356/465/426 357/288/268
f 5137/4022/3715 5136/4021/3714 5194/4187/3861 3643/4110/3789
f 5188/4265/3934 5057/4324/3984 5055/5592/5168 5056/4023/3716
f 5120/5582/5159 5119/5607/5182 5118/5589/5165 5060/5597/5173
f 5140/4295/3958 5139/5588/4002 5152/4308/3969 5018/4307/3968
f 5151/5618/5193 5103/5619/5194 5141/4255/3925 5143/4254/3924
f 5135/4347/3999 5166/5584/5161 5159/5600/5176 5160/4313/3974
f 5150/5623/5197 5146/4305/3966 5154/4243/3914 5148/4242/3913
f 5141/4255/3925 5103/5619/5194 5104/5621/5196 5106/4309/3970
f 3665/4224/3895 3664/4303/3957 5155/4300/3962 3660/4299/3918
f 3724/4270/3938 3677/4321/3965 3675/4267/3935 3676/4292/3939
f 3640/4283/3950 3718/4107/3786 3671/4186/3860 3672/4312/3973
f 5164/4316/3977 5126/5622/5183 5161/5625/5198 5162/5626/3978
f 5167/5574/5151 5165/4315/3976 5197/4306/3967 5168/4318/3979
f 5150/5623/5197 5094/5578/5155 5095/5577/5154 5097/5611/5186
f 5160/4313/3974 5159/5600/5176 5196/4281/3948 3673/4280/3947
f 5/419/383 297/422/386 1/2/2 2/1/1
f 316/430/394 322/220/206 292/219/205 315/415/379
f 5161/5625/5198 3677/5624/3965 5198/4314/3975 5162/5626/3978
f 390/468/428 4/361/334 2/1/1 3/4/4
f 5198/4314/3975 3723/4277/3944 5197/4306/3967 5165/4315/3976
f 5156/4212/3883 5142/4256/3926 5195/4302/3964 3667/4213/3884
f 4022/4883/4515 4001/4862/4498 3999/2445/2224 4000/2448/2227
f 3823/4551/4201 3967/4786/4427 3819/4536/4186 3820/4552/4202
f 4857/5459/5042 4869/5458/5055 4866/5467/5063 4867/5444/5043
f 4279/5036/4658 4642/5310/4926 4602/5309/4925 4603/5037/4659
f 4595/5287/4903 4563/5284/4900 4592/5275/4891 4594/5274/4890
f 4723/5402/5006 4815/5404/5008 4808/5360/4969 4809/5403/5007
f 4835/5440/5040 4839/5439/5039 4837/3866/3576 4850/3883/3592
f 4859/5445/5044 4867/5444/5043 4863/5464/5060 4864/4344/3996
f 4991/5322/4937 4630/5350/4962 4632/5339/4953 4625/5550/4952
f 4858/4914/4539 4054/4749/4398 4856/4916/4541 4857/5443/5042
f 4903/5430/5030 4875/5251/4867 4876/5468/5064 4878/5455/5052
f 4068/4642/4292 4889/5501/5093 4885/3993/3686 4886/4641/4291
f 5153/4245/3916 5143/4254/3924 5156/4212/3883 3661/4246/3886
f 5104/5621/5196 5102/5613/5188 5189/4239/3910 5105/5612/5187
f 5155/4300/3962 5146/4305/3966 5144/5615/5190 5145/4301/3963
f 420/556/513 418/541/498 429/559/516 417/557/514
f 3748/2481/2260 3746/4390/4041 3751/4389/4040 3749/2490/2269
f 3729/2504/2282 3726/2403/2184 3805/4521/4171 3730/2501/2279
f 297/422/386 290/392/358 289/379/348 1/2/2
