# Blender 5.0.1
# www.blender.org
mtllib skull-low.mtl
o 12140_Skull_v3_L2
v -1.645800 -14.795900 1.097601
v 0.000000 -14.888300 2.629101
v -1.642500 -14.497800 2.767101
v -4.236400 -10.686800 4.893101
v -4.952100 -9.685300 4.551901
v -4.772200 -11.349800 0.566001
v -4.269200 -12.653100 1.118401
v -4.904000 -11.603300 1.997601
v -5.401400 -10.231100 1.489301
v -5.082100 -10.771200 3.337701
v -5.702000 -8.632000 0.969401
v -5.605800 -9.271300 2.931801
v -6.150000 -7.619400 2.038200
v -5.655100 -8.753000 4.744300
v -6.227700 -7.074800 3.991400
v -6.277200 -7.112299 6.613501
v -6.845600 -5.120600 2.821600
v -6.809000 -4.848199 5.043900
v -7.102200 -3.511500 3.609700
v -6.727600 -3.338200 5.623100
v -6.618700 -6.405799 8.009901
v -7.022000 -4.929100 8.318500
v -5.378600 -7.755700 5.779000
v -5.951000 -6.764100 8.389501
v -5.377400 -6.620299 6.669600
v -6.074700 -5.151299 8.565100
v -6.722700 -5.530699 9.902700
v -6.712400 -6.367999 9.670701
v -6.476300 -6.294899 10.073900
v -5.988500 -6.259699 9.668000
v -7.044200 -3.287399 8.192200
v -7.043100 -2.135299 7.982800
v -7.494000 -2.522499 9.355000
v -7.393800 -1.635499 10.031800
v -7.088200 -2.435499 10.155300
v -6.819400 -1.642699 9.129200
v -6.889800 -3.581199 9.024600
v -5.463800 -5.598300 6.427600
v -6.493900 -1.754999 9.934600
v -6.231400 -2.154999 7.956800
v -6.342700 -2.497099 9.180000
v -5.841800 -3.933800 7.476400
v -4.644300 -6.810200 4.856201
v -0.816900 -13.669200 2.353901
v 0.000000 -13.601000 3.911701
v -1.710500 -13.301600 2.449201
v -1.494200 -12.902000 4.096201
v -2.167100 -12.224400 4.019301
v -3.122500 -12.056700 2.431301
v -2.962100 -10.366100 4.037801
v -3.928000 -10.186000 2.681601
v -3.225200 -9.406600 4.134901
v -4.119400 -9.153700 2.758501
v -5.472700 -4.545599 5.570001
v -5.036300 -5.690700 5.265501
v -4.887000 -5.673399 4.168900
v -6.802300 -2.929500 4.461800
v -6.564700 -2.460999 5.489600
v -7.106200 -3.670000 2.468300
v -6.671200 -2.713800 2.989400
v -6.031100 -2.843700 4.301300
v -5.669300 -3.346900 5.627601
v -5.483000 -4.479899 4.226501
v -4.457700 -6.856200 3.224200
v -6.362800 -6.204400 1.832600
v -5.881000 -3.508100 2.683900
v -6.372300 -4.699900 1.932900
v -5.428700 -5.857200 2.265301
v -5.729000 -7.047900 1.123201
v -4.835000 -8.425700 1.436401
v -4.915100 -9.735700 0.507701
v -4.152100 -10.816600 1.014401
v -3.747800 -12.181600 0.218101
v -3.701900 -11.712100 0.895801
v 0.000000 -15.035100 0.201701
v -1.502900 -14.182700 0.090701
v 0.000000 -14.153200 0.713501
v -3.040800 -13.730200 0.369201
v -2.595200 -13.149000 0.777701
v -6.494200 -2.084099 10.718900
v -7.562800 -2.027199 10.745600
v -6.911700 -1.514899 10.755000
v -6.962500 -1.845499 11.019900
v -4.320700 -11.856900 3.593501
v -3.169900 -13.819700 1.225601
v -3.477500 -12.951800 2.378701
v -3.618500 -13.178200 2.140901
v -3.367300 -13.426800 2.297901
v -3.037200 -13.597300 3.211001
v -1.522000 -14.644200 4.141601
v -3.452900 -13.180000 2.627001
v -3.793000 -12.669000 3.503101
v -3.455300 -12.704800 4.708701
v -3.719000 -12.894700 2.989301
v -4.108400 -12.447100 2.831701
v -3.712800 -12.770000 2.502101
v -4.249100 -12.645900 2.074901
v -3.908600 -12.871400 2.153701
v -4.262300 -7.988200 4.527400
v -4.784000 -8.536800 5.112401
v -0.982300 -13.815800 4.722801
v -2.368600 -12.261000 4.877301
v -2.656300 -11.254200 4.910801
v -3.338800 -9.337900 4.922400
v -3.528700 -8.606300 4.976501
v 0.000000 -14.604100 4.579301
v -2.237200 -13.534400 4.976301
v -3.244500 -11.489900 5.121501
v -3.610300 -10.511700 5.139601
v -3.915500 -9.466000 4.996100
v 1.645700 -14.795500 1.097601
v 1.642300 -14.497300 2.767001
v 4.952700 -9.685900 4.552701
v 4.236500 -10.686900 4.893401
v 4.769400 -11.348800 0.569001
v 4.268500 -12.652600 1.118601
v 4.904100 -11.603400 1.997601
v 5.400800 -10.230900 1.489501
v 5.080200 -10.770300 3.337101
v 5.701800 -8.631900 0.969701
v 5.605500 -9.271200 2.931801
v 6.150000 -7.619400 2.038200
v 5.654600 -8.752600 4.743900
v 6.227400 -7.074699 3.991400
v 6.276800 -7.111499 6.613201
v 6.845600 -5.120600 2.821600
v 6.808500 -4.848100 5.043900
v 7.102200 -3.511500 3.609700
v 6.727100 -3.338200 5.623100
v 6.618500 -6.405700 8.009901
v 7.021900 -4.929100 8.318500
v 5.381700 -7.748300 5.770101
v 5.951000 -6.763700 8.389400
v 5.378500 -6.619800 6.669001
v 6.723100 -5.530299 9.903800
v 6.075000 -5.151400 8.564900
v 6.713300 -6.368999 9.671401
v 6.476200 -6.295099 10.073900
v 5.989500 -6.259299 9.667100
v 7.045000 -3.287499 8.192400
v 7.043900 -2.134899 7.982700
v 7.494700 -2.522599 9.355000
v 7.393600 -1.635599 10.031600
v 7.088600 -2.434499 10.154600
v 6.819700 -1.643999 9.129400
v 6.890600 -3.581499 9.025600
v 5.463500 -5.598199 6.427701
v 6.497100 -1.756799 9.934000
v 6.232600 -2.156099 7.956900
v 6.346400 -2.496499 9.178100
v 5.841700 -3.933700 7.476400
v 4.646400 -6.810599 4.855700
v 0.817100 -13.669800 2.354001
v 1.494400 -12.902200 4.096101
v 2.487700 -12.799000 2.446801
v 2.167300 -12.224600 4.019301
v 3.122400 -12.056700 2.431301
v 2.961600 -10.365900 4.037801
v 3.928100 -10.186000 2.681601
v 3.225200 -9.406600 4.134901
v 4.119800 -9.153900 2.758601
v 5.473200 -4.545700 5.570001
v 5.036900 -5.690800 5.265400
v 4.888000 -5.673699 4.168900
v 6.802400 -2.929400 4.461800
v 6.564900 -2.460700 5.489500
v 7.108400 -3.669300 2.466900
v 6.671000 -2.713900 2.989500
v 6.031200 -2.843800 4.301300
v 5.669300 -3.346900 5.627601
v 5.483600 -4.480199 4.226601
v 4.458500 -6.856500 3.224300
v 6.363700 -6.204500 1.831900
v 5.882000 -3.509000 2.684700
v 6.372400 -4.700400 1.934800
v 5.428900 -5.857300 2.265501
v 5.728800 -7.048200 1.124400
v 4.834600 -8.425500 1.436101
v 4.914400 -9.735100 0.504701
v 4.151700 -10.816400 1.014101
v 3.747900 -12.181800 0.219201
v 3.701600 -11.711800 0.895601
v 1.503000 -14.182900 0.091701
v 3.040800 -13.730200 0.369301
v 1.839100 -13.678400 0.790001
v 2.595300 -13.149000 0.777801
v 6.493000 -2.084099 10.720000
v 7.566400 -2.028499 10.748500
v 6.911600 -1.514599 10.755300
v 6.962300 -1.845499 11.022300
v 4.320600 -11.856800 3.593401
v 3.172000 -13.822100 1.225601
v 3.473100 -12.948500 2.377501
v 3.477900 -13.263000 2.345801
v 2.880100 -13.826100 2.277201
v 3.567300 -13.339700 1.932801
v 3.038000 -13.598200 3.211201
v 1.521900 -14.643500 4.141401
v 3.390900 -13.303700 2.785101
v 3.793200 -12.669200 3.503201
v 3.457300 -12.706400 4.711001
v 3.627700 -12.929600 2.766201
v 3.898700 -12.686700 2.596901
v 4.251300 -12.647800 2.075401
v 3.744100 -12.877400 2.208801
v 4.267600 -7.990699 4.524701
v 4.783800 -8.536800 5.113700
v 0.982500 -13.816100 4.722601
v 2.368700 -12.261000 4.877001
v 2.661300 -11.256100 4.906201
v 3.026000 -10.329300 4.989801
v 3.528800 -8.606400 4.976400
v 2.237400 -13.534600 4.976301
v 3.244600 -11.490000 5.122101
v 3.915400 -9.465900 4.996500
v 1.073900 -14.586999 7.261701
v 1.049800 -15.186200 5.772501
v 0.388900 -15.192399 7.582601
v 0.356100 -15.487700 6.774201
v 0.546400 -15.354900 5.840101
v -0.013000 -15.159599 7.093001
v 0.100900 -15.328300 6.021201
v 0.115900 -14.507599 7.275901
v 0.104400 -14.727099 6.941601
v 0.090200 -14.974899 6.396801
v 0.149900 -15.161300 5.978201
v 0.330500 -15.227400 5.817401
v 0.533800 -15.255700 5.752801
v 0.405800 -14.445099 7.287401
v 0.432500 -14.872099 6.444901
v 0.567600 -15.148400 5.854801
v 1.479400 -14.609199 7.423201
v 1.377700 -14.893600 6.040401
v 1.630700 -14.695700 5.813601
v 1.205900 -14.588399 6.718901
v 1.457100 -14.234599 7.217301
v 1.577400 -14.623100 5.996801
v 1.735500 -14.612700 5.798901
v 1.758000 -14.231899 6.623001
v 1.961500 -14.095199 6.573301
v 2.044700 -14.235600 7.289601
v 2.002000 -14.522700 5.941701
v 1.983400 -14.782499 6.961901
v 1.931300 -13.630699 7.369001
v 2.213600 -14.033800 5.923601
v 2.363700 -13.173499 6.835101
v 2.460000 -13.866100 5.622401
v 2.910000 -13.403199 7.264401
v 2.748600 -13.664500 5.933901
v 2.457500 -14.278399 6.777601
v 2.462600 -13.958000 5.616301
v 2.648400 -13.035399 7.213801
v 2.708100 -13.055699 7.211601
v 2.721500 -13.022699 7.243701
v 2.599000 -12.980499 7.249601
v 2.558300 -13.069299 7.142901
v 2.647300 -13.108499 7.134501
v 2.604000 -13.154199 7.033101
v 2.664200 -13.175699 7.024401
v 2.529200 -13.166899 6.908201
v 2.644300 -13.217699 6.883201
v 2.508400 -13.210099 6.526801
v 2.645300 -13.182000 6.285501
v 2.889800 -12.896199 6.378101
v 2.421700 -12.881399 7.280101
v 2.363600 -13.036399 6.943701
v 2.471300 -13.068100 6.218601
v 2.859200 -12.855899 6.365001
v 2.930500 -12.804399 6.372601
v 2.364100 -12.420599 7.368901
v 2.484400 -12.844400 6.143701
v 2.640200 -12.235499 6.805201
v 2.952400 -12.729999 6.384001
v 3.000300 -12.302499 7.172501
v 3.001400 -12.292799 6.848501
v 2.996400 -12.401599 6.338701
v 3.310700 -12.429799 7.133201
v 3.240800 -12.469499 6.401701
v 3.571100 -12.599299 6.856301
v 3.470000 -12.685700 6.239401
v 3.304900 -12.669400 6.057401
v 3.131900 -12.652500 6.296201
v 3.607200 -12.774799 7.392401
v 3.683300 -12.848499 6.835901
v 3.272100 -12.960200 5.837301
v 3.459700 -13.338699 6.897401
v 3.019500 -13.292400 5.973801
v 2.925400 -12.856399 6.344001
v 2.883600 -13.052499 6.329301
v 3.030500 -13.150299 7.293501
v 2.962500 -13.330099 6.859901
v 2.808600 -13.270500 6.300901
v 2.843100 -13.067799 7.247501
v 2.809600 -13.166199 7.129101
v 2.763500 -13.260299 6.863601
v 2.692400 -13.297799 6.511501
v 2.767700 -13.075999 7.210501
v 2.719200 -13.132599 7.129801
v 2.724800 -13.196199 7.016801
v 3.548100 -11.499799 6.946701
v 3.462900 -11.732300 6.092201
v 3.381100 -12.025200 6.033701
v 4.070600 -12.231000 6.164201
v 3.527400 -12.345499 6.973801
v 3.474000 -12.480199 6.397001
v 3.414200 -12.272500 6.031401
v 3.019100 -12.213199 7.018101
v 2.968300 -12.255599 6.891901
v 2.996700 -12.361599 6.523501
v 3.124200 -12.362100 6.130601
v 3.245000 -12.216100 6.082201
v 2.686000 -12.062999 7.013401
v 2.982700 -12.211600 6.128401
v 2.831800 -11.775199 7.173301
v 2.672700 -11.859799 6.510501
v 3.179200 -11.983300 6.033901
v 3.220200 -11.141299 6.975001
v 3.560300 -11.099300 5.997701
v 3.733500 -10.795800 6.068701
v 3.820100 -10.615600 6.060101
v 3.031400 -10.978300 6.110301
v 3.764500 -10.672700 6.051101
v 2.644500 -10.468299 7.077701
v 3.557500 -10.640300 5.884901
v 3.148800 -10.161700 5.988001
v 3.792400 -10.545400 6.049701
v 3.820100 -10.434600 6.049201
v 3.327600 -9.680599 7.015301
v 3.744900 -10.143300 6.000301
v 3.869200 -9.817700 6.286501
v 4.428300 -10.274700 6.157701
v 4.159500 -10.387900 5.929501
v 3.865800 -10.550200 6.054501
v 4.423800 -10.393999 7.240101
v 4.263400 -10.614300 5.940001
v 4.487600 -10.823199 6.342301
v 3.869000 -10.645800 6.063401
v 4.161400 -11.435099 7.125601
v 3.959100 -11.154400 5.969601
v 3.594000 -11.434200 6.286401
v 3.036100 -9.000999 7.436700
v 3.267700 -9.123000 6.001801
v 3.649000 -8.748400 6.128500
v 2.821300 -8.681899 6.451500
v 3.605500 -8.721400 6.119700
v 3.220800 -8.059299 7.173601
v 3.425300 -8.352200 6.054201
v 4.290500 -8.070299 6.813001
v 4.231800 -8.157500 6.135500
v 3.948100 -8.355500 5.975501
v 3.687300 -8.629600 6.118600
v 4.502300 -8.320299 6.695500
v 4.259400 -8.504400 5.858700
v 3.848900 -8.584300 6.052900
v 4.627600 -8.430999 6.979701
v 4.558500 -8.448599 6.762801
v 4.454400 -8.511500 6.288401
v 4.293400 -8.634800 5.884901
v 4.109400 -8.696900 5.860701
v 4.652200 -8.565999 6.999200
v 4.480900 -8.647400 6.250101
v 4.117400 -8.788000 5.846500
v 3.705500 -8.748000 6.115100
v 4.658900 -9.259699 7.046900
v 3.963900 -9.133700 5.834701
v 3.696000 -9.568399 6.658101
v 3.616400 -8.897500 6.157701
v -1.063400 -14.593299 7.396601
v -1.057600 -15.185800 5.902801
v -0.385400 -15.192399 7.717801
v -0.352700 -15.487700 6.909401
v -0.554000 -15.343100 6.006201
v 0.016500 -15.159599 7.228201
v -0.124200 -15.328300 6.176501
v -0.112600 -14.507599 7.411101
v -0.101000 -14.727099 7.076801
v -0.086800 -14.974899 6.532001
v -0.182500 -15.160100 6.145601
v -0.370200 -15.222800 5.980501
v -0.548000 -15.246600 5.909601
v -0.402400 -14.445099 7.422601
v -0.429100 -14.872099 6.580101
v -0.579500 -15.156000 5.998001
v -1.463600 -14.620199 7.422701
v -1.386200 -14.885600 6.053201
v -1.605500 -14.706200 5.825801
v -1.197100 -14.593199 6.718701
v -1.444000 -14.243199 7.217001
v -1.568600 -14.613300 6.012501
v -1.744000 -14.602100 5.802401
v -1.748600 -14.237199 6.622801
v -1.954000 -14.098899 6.573201
v -2.030100 -14.245599 7.289201
v -1.997900 -14.523200 5.943201
v -1.967700 -14.793299 6.961501
v -1.925100 -13.633099 7.368901
v -2.208200 -14.050800 5.911001
v -2.360400 -13.173499 6.835101
v -2.456800 -13.866100 5.623501
v -2.906600 -13.403199 7.264401
v -2.743700 -13.666800 5.936601
v -2.449200 -14.282699 6.777401
v -2.459000 -13.958200 5.615801
v -2.645000 -13.035399 7.213801
v -2.718000 -13.022699 7.243701
v -2.704600 -13.055699 7.211601
v -2.595600 -12.980499 7.249601
v -2.555000 -13.069299 7.142901
v -2.643900 -13.108499 7.134501
v -2.600600 -13.154199 7.033101
v -2.660800 -13.175699 7.024401
v -2.525700 -13.166899 6.908201
v -2.640900 -13.217699 6.883201
v -2.504800 -13.210799 6.526501
v -2.641300 -13.182300 6.283901
v -2.869700 -12.924299 6.362201
v -2.418300 -12.881399 7.280101
v -2.360200 -13.036399 6.943701
v -2.466800 -13.068400 6.216301
v -2.843200 -12.864199 6.350901
v -2.918900 -12.809699 6.350201
v -2.360600 -12.420599 7.368901
v -2.482000 -12.843300 6.145901
v -2.636700 -12.235499 6.805201
v -2.945400 -12.726099 6.373301
v -2.996900 -12.302499 7.172501
v -2.998400 -12.293999 6.847101
v -3.002600 -12.421299 6.358801
v -3.307300 -12.429799 7.133201
v -3.233400 -12.473299 6.425201
v -3.567600 -12.599299 6.856301
v -3.460800 -12.685000 6.253701
v -3.294400 -12.676700 6.071901
v -3.121800 -12.677900 6.252901
v -3.603800 -12.774799 7.392401
v -3.679800 -12.848499 6.835901
v -3.268700 -12.960500 5.836601
v -3.456300 -13.338699 6.897401
v -3.015700 -13.293300 5.972001
v -2.918700 -12.866399 6.321201
v -2.881900 -13.057799 6.318701
v -3.027100 -13.150299 7.293501
v -2.959100 -13.330099 6.859901
v -2.804500 -13.271400 6.299401
v -2.839700 -13.067799 7.247501
v -2.806200 -13.166199 7.129101
v -2.760100 -13.260299 6.863701
v -2.687800 -13.298299 6.510701
v -2.764300 -13.075999 7.210501
v -2.715800 -13.132599 7.129801
v -2.721400 -13.196199 7.016801
v -3.544800 -11.499799 7.074801
v -3.459900 -11.734500 6.218201
v -3.378200 -12.025900 6.161601
v -4.067100 -12.231000 6.292301
v -3.524000 -12.345499 7.101901
v -3.475900 -12.474499 6.527401
v -3.410600 -12.272000 6.155201
v -3.015700 -12.213199 7.146201
v -2.965500 -12.255599 7.019601
v -3.018600 -12.342499 6.652001
v -3.134400 -12.344600 6.279001
v -3.245400 -12.217500 6.207301
v -2.682500 -12.062999 7.141501
v -2.980200 -12.199500 6.272701
v -2.828400 -11.775199 7.301401
v -2.669300 -11.859799 6.638601
v -3.173500 -11.980600 6.164601
v -3.216800 -11.141299 6.975001
v -3.556800 -11.097800 5.996201
v -3.722600 -10.813900 6.060201
v -3.815700 -10.623000 6.050401
v -3.028000 -10.978300 6.110301
v -3.759300 -10.678600 6.038401
v -2.641100 -10.468299 7.077701
v -3.539500 -10.634900 5.879601
v -3.145500 -10.161700 5.988001
v -3.785200 -10.553700 6.040501
v -3.813800 -10.427400 6.045801
v -3.324200 -9.680599 7.015301
v -3.734900 -10.145500 5.995901
v -3.865800 -9.817700 6.286501
v -4.446300 -10.285800 6.105901
v -4.193200 -10.397600 5.913301
v -3.867100 -10.560800 6.043401
v -4.420400 -10.393999 7.240101
v -4.314500 -10.625900 5.925201
v -4.484200 -10.823199 6.342301
v -3.872500 -10.655000 6.050301
v -4.158000 -11.435099 7.125501
v -3.955600 -11.152600 5.970201
v -3.590700 -11.434200 6.286401
v -3.030300 -9.000999 7.436700
v -3.257500 -9.125100 6.004800
v -3.632600 -8.758900 6.123701
v -2.815300 -8.681899 6.451500
v -3.581700 -8.736000 6.112900
v -3.215000 -8.059299 7.173601
v -3.414400 -8.362600 6.053200
v -4.284600 -8.070299 6.813001
v -4.224200 -8.158000 6.135701
v -3.937500 -8.361400 5.969601
v -3.671700 -8.647500 6.116500
v -4.496500 -8.320299 6.695500
v -4.265600 -8.525000 5.806500
v -3.842100 -8.594600 6.042400
v -4.621800 -8.430999 6.979701
v -4.552800 -8.448599 6.762801
v -4.450800 -8.509800 6.289401
v -4.282700 -8.644000 5.852100
v -4.108100 -8.708700 5.840600
v -4.646400 -8.565999 6.999200
v -4.477400 -8.642900 6.245000
v -4.116800 -8.791600 5.829101
v -3.695300 -8.757300 6.105900
v -4.653200 -9.259699 7.046900
v -3.953800 -9.134800 5.836700
v -3.690200 -9.568399 6.658101
v -3.600700 -8.899600 6.153400
v 2.704400 -13.065399 7.198101
v 2.667400 -13.166799 7.040101
v 4.515300 -8.467699 7.033000
v -2.701000 -13.065399 7.198101
v -2.664000 -13.166799 7.040101
v -4.509500 -8.467699 7.033000
v 1.683900 -14.280899 7.313701
v 2.384100 -13.547299 7.344901
v 2.938500 -12.725799 7.309301
v 2.684700 -13.118099 7.125101
v 3.397500 -11.936499 7.105301
v 3.586800 -10.533899 7.125801
v 3.853700 -8.687099 7.146600
v -1.670000 -14.290199 7.313301
v -2.378700 -13.548999 7.344901
v -2.935100 -12.725799 7.309301
v -2.681300 -13.118099 7.125101
v -3.394100 -11.936499 7.233401
v -3.583400 -10.533899 7.125801
v -3.847900 -8.687099 7.146600
v 0.209500 -14.650000 4.445201
v 0.099500 -15.075100 6.128401
v 0.468800 -15.070600 6.193901
v 0.506000 -14.884600 4.531101
v 0.736700 -14.376300 4.573701
v 0.837300 -15.002600 6.017101
v 0.525800 -14.190500 4.794601
v 0.568000 -14.426800 5.136001
v 0.577400 -14.990100 5.977601
v 0.497400 -15.062500 6.190701
v 0.441100 -15.021000 6.157901
v 0.216600 -14.549400 5.334201
v 0.216200 -14.939400 6.097301
v 0.424300 -15.059600 6.199601
v 1.487400 -13.485300 5.025401
v 1.669600 -13.882300 5.912901
v 1.677400 -14.098900 6.224001
v 1.671900 -14.129800 6.215601
v 1.578400 -14.128800 6.143801
v 1.431300 -14.303100 5.773801
v 1.631800 -14.179200 6.192701
v 1.789100 -14.418500 4.383501
v 1.745100 -14.460800 5.470801
v 2.073600 -14.208000 4.599801
v 2.085200 -14.200900 4.795201
v 2.004600 -14.287700 5.469201
v 1.790100 -14.215700 6.010101
v 1.675900 -14.156200 6.196401
v 2.099000 -13.853900 5.188001
v 1.877000 -14.069400 6.060101
v 1.911100 -13.516700 5.252601
v 1.979700 -13.764300 5.839801
v 2.714500 -13.313600 4.947601
v 2.057200 -12.905400 4.647701
v 1.993000 -12.728500 5.437901
v 1.898000 -13.259700 4.798001
v 2.111000 -13.663400 4.603501
v 2.023400 -13.661300 4.872001
v 1.941800 -13.607500 5.353401
v 2.401400 -13.759100 4.763601
v 2.094000 -13.707500 5.734901
v 3.065900 -11.890900 4.926701
v 2.877800 -11.970000 6.143201
v 2.321500 -11.959600 5.640501
v 2.616400 -12.641500 4.991401
v 2.492100 -12.612000 6.024401
v 3.235600 -12.746900 5.934301
v 3.977300 -11.078400 4.985701
v 3.806500 -10.835500 6.104301
v 3.868600 -10.539000 5.025701
v 3.387600 -10.143500 5.650701
v 3.047500 -10.205600 5.024201
v 2.719300 -10.716800 4.939601
v 2.561800 -10.584600 5.622201
v 2.592700 -10.849700 5.210601
v 2.700900 -10.743000 5.982401
v 2.628300 -11.005300 5.025901
v 2.572200 -10.982000 5.213501
v 2.486200 -10.931900 5.713601
v 2.642400 -11.101800 5.049901
v 2.482400 -11.087200 5.791801
v 2.804700 -11.402600 5.052901
v 2.943300 -11.813800 5.859901
v 3.650900 -11.789800 5.003301
v 3.760000 -11.259600 6.040101
v 3.203200 -8.762700 4.456400
v 2.941300 -8.907000 5.224200
v 3.093000 -9.217400 4.607100
v 3.014700 -9.658500 5.393901
v 3.555500 -9.921600 4.426001
v 4.104100 -10.060200 4.440801
v 3.882800 -9.810800 5.636301
v 4.264100 -9.756500 4.915401
v 3.697300 -9.374100 5.982201
v 4.387100 -9.542900 4.495501
v 4.345100 -9.493800 4.955501
v 4.069400 -9.356300 5.705201
v 4.422300 -9.306400 4.551600
v 4.104400 -9.144800 5.742701
v 4.418700 -8.866800 4.598900
v 3.990100 -8.280500 5.580300
v 3.763000 -8.260600 4.486900
v 3.089300 -8.269500 5.302500
v 0.936000 -14.681500 4.272601
v 1.023300 -14.938100 6.148801
v 1.224800 -14.850200 6.189601
v 1.389000 -14.837500 4.668801
v 1.328100 -14.928400 5.961201
v 1.319100 -14.847900 6.137201
v 1.287100 -14.809000 6.167101
v 1.489300 -14.403800 4.266801
v 1.475000 -14.760000 6.038801
v 1.351600 -14.781700 6.144101
v 1.373300 -14.736700 6.119901
v 1.514900 -14.648600 5.399501
v 1.377000 -14.694500 6.046101
v 1.313000 -14.777800 6.152101
v 1.273100 -14.785200 6.147801
v 1.076100 -14.174100 4.621401
v 1.233600 -14.759600 6.041301
v 0.935200 -14.772800 5.539301
v 1.144900 -14.853900 6.211701
v 2.708800 -11.010300 4.994401
v 4.318100 -9.508900 4.453801
v 0.467400 -14.445000 4.555601
v 1.670500 -13.845800 4.785901
v 2.806400 -12.259500 4.918401
v 3.395100 -11.034600 4.970901
v 3.705200 -9.108300 4.482501
v 1.167900 -14.407100 4.388401
v 3.263300 -8.801300 5.589601
v 3.230600 -9.161100 5.696701
v 3.438100 -9.561100 5.645401
v 3.677200 -8.807200 5.831800
v 3.492300 -8.539000 5.730700
v 3.439900 -9.003400 5.726901
v 3.339600 -11.033700 5.967701
v 3.356000 -10.594700 6.022001
v 3.003000 -10.468300 5.994401
v 2.848800 -11.270200 6.016501
v 3.142700 -11.263000 6.150701
v 3.123900 -10.919000 6.003001
v 1.992000 -13.140100 5.863501
v -0.209500 -14.650000 4.445201
v -0.099500 -15.075100 6.128401
v -0.468800 -15.070600 6.193901
v -0.506000 -14.884600 4.531101
v -0.736700 -14.376300 4.573701
v -0.837300 -15.002600 6.017101
v -0.525800 -14.190500 4.794601
v -0.568000 -14.426800 5.136001
v -0.577400 -14.990100 5.977601
v -0.497400 -15.062500 6.190701
v -0.441100 -15.021000 6.157901
v -0.216600 -14.549400 5.334201
v -0.216200 -14.939400 6.097301
v -0.424300 -15.059600 6.199601
v -1.487400 -13.485300 5.025401
v -1.669600 -13.882300 5.912901
v -1.677400 -14.098900 6.224001
v -1.671900 -14.129800 6.215601
v -1.578400 -14.128800 6.143801
v -1.431300 -14.303100 5.773801
v -1.631800 -14.179200 6.192701
v -1.789100 -14.418500 4.383501
v -1.745100 -14.460800 5.470801
v -2.073600 -14.208000 4.599801
v -2.085200 -14.200900 4.795201
v -2.004600 -14.287700 5.469201
v -1.790100 -14.215700 6.010101
v -1.675900 -14.156200 6.196401
v -2.099000 -13.853900 5.188001
v -1.877000 -14.069400 6.060101
v -1.911100 -13.516700 5.252601
v -1.979700 -13.764300 5.839801
v -2.714300 -13.313500 4.947601
v -2.057200 -12.905400 4.647701
v -1.993000 -12.728500 5.437901
v -1.898000 -13.259700 4.798001
v -2.111000 -13.663400 4.603501
v -2.023400 -13.661300 4.872001
v -1.941800 -13.607500 5.353401
v -2.401400 -13.759100 4.763601
v -2.094000 -13.707500 5.734901
v -3.061600 -11.888700 4.926701
v -2.877800 -11.970000 6.143201
v -2.321500 -11.959600 5.640501
v -2.609800 -12.638100 4.991401
v -2.492100 -12.612000 6.024401
v -3.235500 -12.746900 5.934301
v -3.972200 -11.225900 4.985701
v -3.806500 -10.835500 6.104301
v -3.868200 -10.539000 5.025701
v -3.387600 -10.143500 5.650701
v -3.047500 -10.205600 5.024201
v -2.719300 -10.716800 4.939601
v -2.561800 -10.584600 5.622201
v -2.592700 -10.849700 5.210601
v -2.700900 -10.743000 5.982401
v -2.628300 -11.005300 5.025901
v -2.572200 -10.982000 5.213501
v -2.486200 -10.931900 5.713601
v -2.642400 -11.101800 5.049901
v -2.482400 -11.087200 5.791801
v -2.804700 -11.402600 5.052901
v -2.943300 -11.813800 5.859901
v -3.688300 -11.895400 5.003301
v -3.760000 -11.259600 6.040101
v -3.203200 -8.762700 4.374500
v -2.941300 -8.907000 5.142301
v -3.093000 -9.217400 4.525200
v -3.014700 -9.658500 5.312001
v -3.555500 -9.921600 4.344101
v -4.104100 -10.060200 4.358901
v -3.882800 -9.810800 5.554401
v -4.264100 -9.756500 4.833501
v -3.697300 -9.374100 5.900301
v -4.387100 -9.542900 4.413601
v -4.345100 -9.493800 4.873601
v -4.069400 -9.356300 5.623301
v -4.422300 -9.306400 4.469700
v -4.104400 -9.144800 5.660800
v -4.418700 -8.866800 4.517001
v -3.990100 -8.280500 5.498401
v -3.763000 -8.260600 4.405001
v -3.089300 -8.269500 5.220601
v -0.936000 -14.681500 4.272601
v -1.023300 -14.938100 6.148801
v -1.224800 -14.850200 6.189601
v -1.389000 -14.837500 4.668801
v -1.328100 -14.928400 5.961201
v -1.319100 -14.847900 6.137201
v -1.287100 -14.809000 6.167101
v -1.489300 -14.403800 4.266801
v -1.475000 -14.760000 6.038801
v -1.351600 -14.781700 6.144101
v -1.373300 -14.736700 6.119901
v -1.514900 -14.648600 5.399501
v -1.377000 -14.694500 6.046101
v -1.313000 -14.777800 6.152101
v -1.273100 -14.785200 6.147801
v -1.076100 -14.174100 4.621401
v -1.233600 -14.759600 6.041301
v -0.935200 -14.772800 5.539301
v -1.144900 -14.853900 6.211701
v -2.708800 -11.010300 4.994401
v -4.318100 -9.508900 4.371901
v -0.467400 -14.445000 4.555601
v -1.670500 -13.845800 4.785901
v -2.794500 -12.253500 4.918401
v -3.393600 -11.048200 4.970901
v -3.705200 -9.108300 4.400600
v -1.167900 -14.407100 4.388401
v -3.263300 -8.801300 5.507700
v -3.230600 -9.161100 5.614800
v -3.438100 -9.561100 5.563501
v -3.677200 -8.807200 5.749900
v -3.492300 -8.539000 5.648800
v -3.439900 -9.003400 5.645000
v -3.339600 -11.033700 5.967701
v -3.356000 -10.594700 6.022001
v -3.003000 -10.468300 5.994401
v -2.848800 -11.270200 6.016501
v -3.142700 -11.263000 6.150701
v -3.123900 -10.919000 6.003001
v -1.992000 -13.140100 5.863501
v -0.002600 -12.638898 20.819601
v -2.014900 -12.750698 19.488201
v -0.002600 -13.255699 18.209202
v -4.092400 -11.488798 20.990999
v -5.596600 -11.186298 19.239599
v -6.678200 -10.998899 17.561600
v -7.125500 -9.483598 19.827900
v -6.223100 -9.623199 21.958500
v -1.765100 -11.444098 22.706800
v -0.002600 -10.451898 24.076799
v -4.391500 -9.520098 23.793699
v -8.090200 -7.248098 21.659000
v -7.353100 -10.625299 16.270399
v -5.455600 -12.259899 17.654400
v -8.223300 -8.807199 12.690201
v -7.839500 -9.408299 12.551901
v -8.013400 -8.939399 13.756301
v -7.665900 -9.390199 14.741901
v -7.865400 -9.093699 14.890301
v -7.809100 -9.417199 16.177601
v -7.427100 -9.276299 17.971800
v -8.064400 -7.944899 20.134300
v -7.989200 -8.495099 13.849801
v -7.761000 -8.759899 16.227699
v -7.699100 -8.140099 18.834000
v -8.427700 -6.628698 19.587299
v -4.022300 -12.521699 18.635401
v -2.646300 -12.888499 18.408302
v -1.509600 -13.230199 17.558401
v -3.700600 -12.901299 18.068401
v -3.232300 -12.705499 18.185902
v -0.002500 -13.309499 16.709002
v -0.830200 -13.410299 15.808201
v -0.722000 -13.888099 15.183601
v -0.002500 -14.177699 15.476001
v -1.401200 -12.784899 14.720101
v -1.303400 -13.551299 14.319301
v -1.382300 -12.804299 15.552101
v -2.502500 -13.554399 11.066401
v -2.181300 -13.651399 11.875101
v -2.997100 -13.188699 12.190201
v -3.845200 -13.075499 11.683101
v -3.450600 -13.158799 11.482701
v -2.894700 -13.076899 8.710601
v -2.461000 -13.620099 9.929301
v -2.872000 -12.951199 9.828101
v -3.813200 -12.763199 11.102701
v -4.431300 -12.369799 11.017801
v -3.864600 -12.467599 10.905101
v -4.623600 -12.520599 11.506601
v -3.153100 -13.158899 11.222701
v -2.946100 -13.165799 10.801901
v -2.962400 -12.913299 10.473501
v -3.134600 -12.451199 10.070601
v -3.538700 -12.377499 10.930901
v -3.322400 -12.791899 11.199100
v -3.007400 -12.929699 10.934701
v -3.084100 -12.599199 10.637401
v -3.335200 -12.216299 10.499201
v -3.148200 -12.541699 11.000101
v -8.458600 -8.587099 11.542901
v -8.715700 -7.547599 12.091601
v -7.700400 -9.668199 11.585101
v -9.466200 -1.639899 13.687600
v -9.192800 -2.720099 11.579300
v -7.931500 -7.259999 18.495800
v -7.482700 -8.053899 17.521000
v -7.177000 -8.439299 14.870801
v -7.611600 -7.805699 12.808001
v -7.694100 -6.747699 12.174501
v -7.556000 -7.499499 14.059901
v -7.526400 -7.643098 16.332899
v -8.145300 -6.441499 17.678801
v -9.053000 -4.728899 18.907101
v -7.715600 -6.288499 13.547900
v -7.687700 -6.776199 15.449601
v -7.283000 -9.820999 11.892401
v -7.500600 -9.409699 13.585201
v -7.208000 -9.954700 15.400601
v -6.330500 -11.349499 16.559200
v -4.203100 -12.615499 17.557301
v -2.741300 -12.745999 17.618702
v -1.661900 -12.617499 16.191999
v -1.536300 -12.420599 15.542701
v -1.791700 -12.530599 13.936601
v -2.025200 -13.008899 13.399101
v -2.675400 -12.618599 12.929201
v -4.004000 -12.708799 12.158001
v -5.291000 -11.769899 11.653001
v -5.996400 -11.576299 11.315201
v -6.392200 -10.764399 11.530501
v -7.130700 -10.364199 11.279501
v -3.402900 -12.606399 17.797501
v -3.636600 -12.258099 17.439199
v -7.129800 -8.951199 12.426901
v -7.121100 -8.932799 14.677001
v -6.601000 -9.831800 15.794600
v -5.210300 -10.948799 16.748899
v -4.092600 -11.567499 17.170200
v -3.035500 -11.675200 17.070999
v -2.330400 -11.528999 16.554199
v -1.947000 -11.450999 15.939101
v -1.755100 -11.572299 14.595701
v -1.943500 -11.693099 13.111501
v -2.838600 -11.837799 11.984501
v -4.118100 -11.377099 11.348801
v -5.374900 -10.592499 11.234001
v -6.451700 -9.786599 11.395401
v -1.589800 -14.349999 9.127001
v -1.906800 -14.063599 10.843601
v -0.500200 -14.547899 14.837201
v -0.002800 -14.990599 14.691601
v -0.980300 -14.635399 13.965001
v -8.069600 -5.184099 13.110500
v -7.739900 -5.745299 11.970900
v -7.943800 -5.725799 14.677400
v -8.259300 -5.750399 16.465099
v -8.919300 -4.849898 17.573900
v -9.704700 -1.840399 17.751301
v -8.714200 -4.722599 15.932800
v -8.566400 -4.570699 14.700800
v -8.434900 -4.010699 12.616000
v -9.604900 -1.947999 15.797100
v -9.083600 -3.754099 15.464800
v -8.956800 -4.877499 20.843300
v -9.575900 -1.958798 20.214300
v -6.839200 -6.607098 24.147800
v -1.801300 -8.355098 25.602400
v -6.528300 -8.090299 13.265201
v -6.337000 -8.190199 15.135501
v -6.005600 -8.794999 11.786001
v -5.637900 -9.049599 15.826801
v -4.212500 -9.978499 16.315500
v -2.663400 -9.929699 15.887401
v -1.773400 -9.939199 15.094001
v -1.876000 -10.097699 13.783401
v -2.366100 -10.358599 12.602601
v -3.133400 -10.205799 11.599101
v -4.306200 -9.759599 11.043401
v -5.207300 -9.323699 11.178201
v -5.464600 -7.855999 14.776001
v -4.077200 -8.724399 15.449201
v -2.379600 -8.797699 14.716201
v -2.638200 -8.899199 12.926201
v -4.078400 -8.866399 11.733801
v -5.405400 -8.057199 12.483201
v -5.586000 -7.701999 14.041401
v -4.594800 -7.755299 14.049301
v -3.285200 -8.004099 14.142401
v -4.731500 -8.525699 11.779201
v -3.961100 -8.112999 12.828601
v -4.830500 -7.820199 13.361201
v -4.231200 -8.436099 12.157501
v -3.908900 -7.850099 14.261001
v -8.557100 -2.401098 23.142900
v -4.509600 -4.503998 26.570801
v -4.086200 -11.938399 10.558801
v -5.273900 -11.919999 10.896201
v -6.553800 -10.907199 10.678501
v -7.944400 -9.354299 10.879001
v -3.558600 -11.883799 10.114601
v -5.508300 -11.018799 10.321201
v -7.338300 -10.164299 9.911101
v -9.242600 -7.184499 10.684001
v -3.440700 -11.970499 9.313001
v -3.908600 -11.228099 8.402901
v -4.285200 -11.201899 9.924501
v -5.150000 -10.501699 9.728601
v -6.346100 -10.512799 9.423701
v -4.709300 -8.814199 8.741301
v -4.292300 -9.928499 8.236101
v -4.565100 -9.953699 8.938701
v -8.558000 -8.768799 9.499801
v -5.523100 -9.998699 9.222201
v -6.212900 -9.345199 8.761600
v -7.250100 -9.658999 8.938001
v -9.374600 -5.705399 11.198400
v -9.549300 -4.663999 10.687900
v -9.403200 -3.792199 11.184700
v -9.605800 -2.503599 10.990500
v -9.505800 -0.809699 11.214000
v -9.361100 -5.670699 10.421200
v -9.463200 -3.643299 10.513000
v -9.243700 -0.790599 10.622800
v -0.002600 -5.139398 27.145201
v -1.797700 -1.088598 27.434000
v -6.608300 -0.123198 25.451099
v -9.306000 0.277902 22.018499
v -9.892200 0.384601 19.445700
v -9.819300 0.610701 16.048100
v -9.693900 1.046201 12.564800
v -8.185800 2.354702 23.753500
v -7.649800 7.489302 22.757500
v -7.541900 9.940202 20.399401
v -4.066300 2.437602 26.555500
v -0.002600 2.465002 27.400999
v -6.225400 5.126002 24.894699
v -5.360200 10.087702 22.572399
v -3.971400 8.029802 24.783501
v -2.055400 5.377702 26.500200
v -1.621400 10.822802 23.356100
v -3.384700 12.088302 21.067301
v -6.070200 12.250701 18.187201
v -1.685100 13.388201 18.701797
v -0.002600 12.431702 21.249701
v -8.306700 10.599701 15.401399
v -3.802500 13.629701 15.947199
v -0.002600 13.867401 16.212898
v -6.097800 12.660701 12.977399
v -1.620200 13.837101 13.219299
v -9.625200 2.386602 20.834200
v -9.095600 4.797601 21.589701
v -9.635000 3.873101 19.758400
v -9.820900 2.540901 18.162701
v -9.644900 2.837301 14.370900
v -9.505200 5.097901 18.516600
v -9.150600 7.788702 18.104799
v -9.390900 5.196001 15.741500
v -8.757800 8.515501 12.606999
v -9.494900 4.560201 12.772400
v -9.335000 1.343201 10.657300
v -9.538400 2.891701 11.513000
v -9.136100 6.218001 10.782300
v -7.150300 10.862301 10.272799
v -3.959500 12.753501 10.610799
v -0.002600 13.178401 10.667399
v -5.593400 11.290901 9.140699
v -7.938400 8.234601 8.764099
v -5.283400 9.576801 7.525899
v -2.144900 11.703401 8.678199
v -0.002600 9.877201 7.233699
v -8.775200 2.951601 10.307400
v -8.666700 -0.870799 10.271300
v -9.160200 4.364501 10.546700
v -8.859600 4.308801 9.778300
v -3.077300 7.531800 6.830200
v -6.474300 7.561000 7.256299
v -8.163400 5.727701 8.002000
v -8.491700 2.981801 9.285700
v -8.016400 1.605201 9.856800
v -5.210800 5.838601 6.967500
v -8.094300 4.031701 7.453499
v -8.164500 2.948401 7.975000
v -7.049500 0.162501 9.394500
v -4.506000 -10.111799 7.488501
v -4.723600 -8.985199 7.274001
v -3.642300 -12.480099 7.759001
v -2.419400 -14.239100 7.902101
v -0.821700 -15.132399 8.018501
v -4.673300 -9.062199 6.795401
v -4.140400 -11.569199 7.213201
v -3.215700 -13.488599 7.356001
v -1.620000 -14.811099 7.502601
v -4.147400 -9.106099 6.555100
v -3.995800 -10.148899 6.730901
v -3.470200 -12.445899 7.049501
v -2.265100 -14.196299 7.116601
v -0.728200 -14.823899 7.270801
v -3.322800 -8.961499 6.570601
v -3.080600 -11.234599 6.917101
v -2.550300 -12.946699 6.990101
v -1.318100 -14.176999 7.161401
v -0.002600 -14.499999 7.206701
v -4.005000 -8.213199 6.608901
v -3.963500 -7.663499 7.030400
v -5.291900 -8.803499 9.015801
v -6.786900 -8.108899 8.895301
v -8.910000 -6.756699 9.979501
v -7.860400 -7.902400 9.206501
v -7.524600 -4.776799 11.585100
v -6.651000 -5.424499 10.723800
v -6.207700 -3.718399 11.123200
v -7.193900 -6.376999 10.401401
v -6.229800 -7.690000 9.149401
v -6.601600 -7.040299 9.678301
v -5.824800 -6.745199 9.923701
v -4.903800 -6.244299 10.025300
v -5.214600 -8.222999 9.102201
v -4.736600 -7.201000 9.362001
v -4.206500 -7.699699 8.129501
v -3.729100 -6.059899 9.402000
v -3.157600 -6.968699 8.646401
v -2.906700 -6.079299 9.129000
v -2.796400 -7.719100 7.674500
v -2.248100 -5.965000 8.781800
v -1.604700 -7.137499 8.523601
v -1.488800 -6.106500 8.971000
v -0.002600 -7.209599 8.491601
v -2.375800 -9.648999 7.372601
v -2.151500 -11.702099 7.497401
v -1.484100 -13.155999 7.556901
v -0.531000 -13.951399 7.556401
v -1.119900 -12.058199 7.992401
v -1.376000 -10.409599 7.996601
v -0.002600 -11.254799 8.336801
v -0.002600 -9.456499 8.278201
v -1.460700 -8.577999 7.858301
v -0.002600 -7.872900 8.126501
v -0.002600 -12.940799 7.938601
v -4.842600 -4.254599 10.542200
v -3.362800 -4.694299 9.770100
v -2.072400 -4.445000 9.357300
v -3.948700 -4.028499 10.250500
v -2.951000 -3.327699 9.605100
v -6.206100 4.095901 6.952400
v -7.840800 2.720100 7.099700
v -7.721300 1.672501 7.431000
v -5.794400 -0.812999 10.095800
v -5.606900 -0.135399 8.644100
v -0.002600 -4.457500 9.063100
v -1.383600 -3.147699 9.002200
v -6.427700 0.970701 7.408500
v -5.207300 0.594401 7.438500
v -6.810700 3.025501 6.751900
v -6.987300 2.440100 6.771500
v -5.813200 2.134100 6.984900
v -0.002600 5.597701 7.045800
v -2.599800 5.365901 6.906600
v -4.302100 3.253901 7.018099
v -3.010900 3.274000 6.974699
v -3.856600 1.131601 7.146100
v -2.838500 1.602801 7.115600
v -1.287700 4.024601 8.091700
v -2.255900 1.719801 8.355900
v -0.002500 4.254201 10.812700
v -1.837400 2.807901 10.609600
v -1.431700 0.691801 10.329200
v -1.874500 0.732401 8.353500
v -0.002400 -0.030399 9.346300
v -0.642500 3.586801 12.035100
v -0.002600 2.800701 12.002500
v -1.088500 1.995001 11.454300
v -0.002600 1.183001 11.072900
v -4.486100 -2.651799 10.302000
v -3.771100 -3.023399 10.157300
v -3.817700 -1.792799 9.545000
v -4.276700 -0.328599 8.992000
v -2.591400 -1.749899 8.797800
v -3.052500 -0.471899 8.176700
v -1.488300 -1.265899 7.952300
v -0.002500 -1.358599 8.707100
v -0.002600 -2.905899 8.760600
v -3.114000 0.313301 7.162200
v -1.357700 -0.314099 8.114900
v -1.930100 0.144301 7.423100
v -0.479200 -14.986300 14.340001
v -1.598300 -14.081299 10.081301
v -0.695300 -14.220099 9.270701
v -0.002600 -14.953699 9.090401
v -1.302300 -13.779499 9.366801
v -1.656300 -13.798999 10.797201
v -1.710800 -13.064999 9.713601
v -0.716900 -14.524699 13.739101
v -0.361800 -14.168299 13.922601
v -0.857000 -13.081899 8.841501
v -0.002600 -13.704899 9.272501
v -0.334200 -13.266799 9.091801
v -1.459100 -13.789699 13.560801
v -1.334400 -14.390599 13.082501
v -1.077500 -14.532299 13.324100
v -1.058100 -14.293199 12.939501
v -0.886900 -13.866899 13.218401
v -1.846100 -13.779199 12.701801
v -1.614200 -14.353899 12.217001
v -1.562000 -14.283299 11.481801
v -1.288900 -14.542599 12.630101
v -1.328100 -14.142599 12.057201
v -1.663900 -13.394699 11.490701
v -1.312100 -13.646199 12.570201
v -8.868500 -2.559899 10.431700
v -7.190200 -2.273199 10.937800
v -7.541900 -3.481999 11.143500
v -8.081500 -3.904199 11.806600
v -8.513800 -2.984399 10.897500
v -7.922500 -2.874899 10.900500
v -8.568600 -3.417499 11.867700
v -8.426100 -3.387399 11.412800
v -9.220900 -4.621099 10.508200
v -9.129900 -4.742099 11.121700
v -8.842100 -3.604999 10.880100
v -8.889600 -5.639799 10.724700
v -8.590300 -6.551599 11.277601
v -8.414800 -6.675599 10.289501
v -7.691300 -6.570099 11.337201
v -7.593600 -6.871799 10.366201
v -8.793000 -3.276699 11.513200
v -1.746500 -12.521599 10.588601
v -1.568300 -12.917699 11.987301
v -1.146400 -13.190699 12.817401
v -1.495700 -12.144399 8.815301
v -0.366600 -12.553499 8.904601
v -0.369600 -11.613899 9.263700
v -0.923900 -11.262499 8.845901
v -1.836700 -11.445099 9.584501
v -1.697300 -11.972399 11.337101
v -1.127300 -12.603099 12.318101
v -0.697500 -13.421599 13.401901
v -0.002600 -13.671799 13.639201
v -0.919200 -12.644499 13.017201
v -0.313500 -13.088899 13.273901
v -1.565100 -10.879699 10.513301
v -1.359600 -10.151199 11.234301
v -0.872900 -9.302999 10.445001
v -0.356200 -9.449899 10.334401
v -0.379300 -9.508899 11.160001
v -1.393400 -11.447999 11.790301
v -0.983100 -10.858799 12.394801
v -1.339800 -10.032699 9.828801
v -1.336800 -10.582899 9.184501
v -0.789300 -9.929399 9.445601
v -0.363200 -10.679299 9.477401
v -0.978800 -11.901899 12.649101
v -0.748100 -12.097799 12.956201
v -0.256800 -12.294099 12.550701
v -0.174000 -12.965399 12.038101
v -0.250600 -12.293599 11.411801
v -0.143100 -12.876099 10.873801
v -0.251900 -12.192099 10.286001
v -0.254200 -12.022599 9.697501
v -0.181200 -12.928399 9.679701
v -0.186500 -12.612999 9.196301
v -0.001300 -10.911399 9.734901
v -0.004600 -10.335499 10.083901
v -0.003200 -10.031599 10.541301
v -0.833300 -9.681799 11.809201
v -0.623100 -11.579999 12.887801
v -0.384500 -11.772299 12.868401
v -0.002700 -13.219799 12.732100
v -0.002500 -13.154499 11.425701
v -0.002700 -13.466099 9.605700
v -0.380200 -10.019699 12.234101
v -0.002700 -10.008599 11.696901
v -0.270100 -11.628899 9.951301
v -0.243400 -11.955499 10.846001
v -0.222200 -11.955299 12.007901
v -0.002900 -11.792099 10.376501
v -0.007000 -11.905599 11.441701
v 0.000100 -11.336499 9.732100
v -0.002600 -10.354999 12.605601
v -0.002800 -11.675299 12.736501
v -0.375300 -11.298699 13.002101
v -0.426600 -10.848299 12.861701
v -0.002600 8.309302 25.436800
v -0.002700 -15.186299 7.482501
v -0.002700 -14.643600 14.322901
v -0.002900 -13.206100 10.288601
v -0.002600 -11.265999 13.078601
v 2.010000 -12.752098 19.488602
v 4.088000 -11.490398 20.991699
v 5.593100 -11.188398 19.240499
v 6.675900 -11.001399 17.562500
v 7.123100 -9.485698 19.828600
v 6.219700 -9.625098 21.959700
v 1.760000 -11.444698 22.707199
v 4.387100 -9.521198 23.794901
v 8.088300 -7.249699 21.660299
v 7.351100 -10.628599 16.269199
v 5.451300 -12.261699 17.654400
v 8.222100 -8.808499 12.691201
v 7.818100 -9.349099 13.609101
v 7.836000 -9.410799 12.552501
v 7.862600 -9.094199 14.890401
v 7.662600 -9.392299 14.741501
v 7.808100 -9.418299 16.177799
v 7.425800 -9.277599 17.972200
v 8.063400 -7.946799 20.134399
v 7.988200 -8.493599 13.851101
v 7.760100 -8.759099 16.227800
v 7.698200 -8.141299 18.833500
v 8.426600 -6.630098 19.587000
v 4.017300 -12.522399 18.635599
v 1.504600 -13.230899 17.558302
v 2.641500 -12.890299 18.408302
v 3.695800 -12.898999 18.068502
v 3.227000 -12.705699 18.185802
v 0.826800 -13.413099 15.809101
v 0.718900 -13.890399 15.185301
v 1.399900 -12.786799 14.721101
v 1.301600 -13.553099 14.320801
v 1.380700 -12.806799 15.552401
v 2.498800 -13.556399 11.066401
v 2.992500 -13.189599 12.190601
v 2.177900 -13.653799 11.875601
v 3.445700 -13.159499 11.482601
v 3.840800 -13.076999 11.683301
v 2.892700 -13.079299 8.711201
v 2.865200 -12.950699 9.828201
v 2.458200 -13.622899 9.929501
v 3.808200 -12.764099 11.102001
v 3.859800 -12.468799 10.903801
v 4.426400 -12.370599 11.017101
v 4.621200 -12.524699 11.507201
v 3.148900 -13.160199 11.221901
v 2.943700 -13.167599 10.801201
v 2.957900 -12.913999 10.473401
v 3.124100 -12.448399 10.070601
v 3.532600 -12.375299 10.933201
v 3.316600 -12.790899 11.200701
v 3.006500 -12.931699 10.932601
v 3.079700 -12.600199 10.636600
v 3.328900 -12.215199 10.498701
v 3.145200 -12.543599 10.998001
v 8.457000 -8.588699 11.543900
v 8.711100 -7.547799 12.091901
v 7.697200 -9.670899 11.586201
v 9.465700 -1.641099 13.687400
v 9.192600 -2.722499 11.581100
v 7.930300 -7.261399 18.495199
v 7.482100 -8.054399 17.520500
v 7.175400 -8.438399 14.871101
v 7.612900 -7.802899 12.811201
v 7.693600 -6.746799 12.175301
v 7.555900 -7.499799 14.060301
v 7.525500 -7.643999 16.332500
v 8.144000 -6.442998 17.678200
v 9.052000 -4.730198 18.906799
v 7.715900 -6.289599 13.547900
v 7.687000 -6.777599 15.449201
v 7.278200 -9.826699 11.897101
v 7.496300 -9.407199 13.585201
v 7.203000 -9.952699 15.402301
v 6.325200 -11.348299 16.560600
v 4.197800 -12.615599 17.557301
v 2.736900 -12.747799 17.617601
v 1.659900 -12.620099 16.191099
v 1.535400 -12.422400 15.542401
v 1.790600 -12.531199 13.938201
v 2.023100 -13.010399 13.400901
v 2.674300 -12.619099 12.932901
v 3.999700 -12.709199 12.159501
v 5.287000 -11.770799 11.657201
v 5.993200 -11.578699 11.316301
v 6.387900 -10.765899 11.534901
v 7.128000 -10.367199 11.281001
v 3.398300 -12.602799 17.799101
v 3.631400 -12.256999 17.440500
v 7.126800 -8.948099 12.425301
v 7.118800 -8.929499 14.678401
v 6.597000 -9.829700 15.797701
v 5.205100 -10.948299 16.749701
v 4.087400 -11.567499 17.170300
v 3.030800 -11.676199 17.069700
v 2.327200 -11.530699 16.552000
v 1.945400 -11.452799 15.937001
v 1.754300 -11.572999 14.596001
v 1.938800 -11.693099 13.111901
v 2.834900 -11.837599 11.986401
v 4.112700 -11.377199 11.348001
v 5.369700 -10.592499 11.233500
v 6.447000 -9.785799 11.393501
v 1.585000 -14.351099 9.127501
v 1.902300 -14.065699 10.843601
v 0.496600 -14.549799 14.838901
v 0.978900 -14.639199 13.966301
v 8.069000 -5.185599 13.109800
v 7.741300 -5.744699 11.968700
v 7.942500 -5.727299 14.677000
v 8.257800 -5.751899 16.464600
v 8.918100 -4.851298 17.573400
v 9.704100 -1.841199 17.751101
v 8.712800 -4.724099 15.932300
v 8.565100 -4.572199 14.700400
v 8.433400 -4.012399 12.614900
v 9.604100 -1.948999 15.796800
v 9.082400 -3.755499 15.464300
v 8.955900 -4.878599 20.844200
v 9.575200 -1.959498 20.215000
v 6.836100 -6.608198 24.149799
v 1.796200 -8.355298 25.602800
v 6.524300 -8.088299 13.264901
v 6.332800 -8.188399 15.136901
v 6.000700 -8.794099 11.785201
v 5.632700 -9.049699 15.826801
v 4.207300 -9.978599 16.315201
v 2.659100 -9.930799 15.886001
v 1.771500 -9.940499 15.093001
v 1.874500 -10.098799 13.784301
v 2.363700 -10.359099 12.604701
v 3.130200 -10.206299 11.601901
v 4.301100 -9.759799 11.044201
v 5.202200 -9.323299 11.177201
v 5.459400 -7.856099 14.775901
v 4.072000 -8.724999 15.448601
v 2.378000 -8.800599 14.714801
v 2.635200 -8.900699 12.927601
v 4.073700 -8.867299 11.735301
v 5.400300 -8.056699 12.482901
v 5.580700 -7.702099 14.041401
v 4.589500 -7.755499 14.049201
v 3.280900 -8.005699 14.142101
v 4.726400 -8.526599 11.780101
v 3.956200 -8.113899 12.829101
v 4.825200 -7.820199 13.361201
v 4.226500 -8.437499 12.158801
v 3.903900 -7.850899 14.260801
v 8.555300 -2.401698 23.145100
v 4.505000 -4.504298 26.572300
v 4.081400 -11.939099 10.558101
v 5.269700 -11.921799 10.895101
v 6.550300 -10.909499 10.678001
v 7.941400 -9.356099 10.879201
v 3.551700 -11.882299 10.115101
v 5.503700 -11.020399 10.319901
v 7.335500 -10.167099 9.910301
v 9.242000 -7.185699 10.684301
v 3.436700 -11.971699 9.312601
v 3.907300 -11.229799 8.403201
v 4.281000 -11.203300 9.923501
v 5.144900 -10.501699 9.728601
v 6.341400 -10.514299 9.422401
v 4.706200 -8.814199 8.739301
v 4.562100 -9.954999 8.936601
v 4.415900 -8.801299 8.117201
v 8.557100 -8.770700 9.496901
v 5.517800 -9.997299 9.224501
v 6.207600 -9.344899 8.763501
v 7.245600 -9.659699 8.936201
v 9.371800 -5.705299 11.200800
v 9.547400 -4.664199 10.687900
v 9.399200 -3.792399 11.185400
v 9.605500 -2.503899 10.990000
v 9.505200 -0.809899 11.213000
v 9.359200 -5.670599 10.418300
v 9.459300 -3.643299 10.511200
v 9.241100 -0.790699 10.620400
v 1.792600 -1.088598 27.434601
v 6.604900 -0.123198 25.453300
v 9.304900 0.277802 22.020201
v 9.891700 0.384401 19.446100
v 9.818800 0.610501 16.047899
v 9.693500 1.046001 12.564500
v 8.183300 2.355102 23.755800
v 7.539000 9.942101 20.400700
v 7.646800 7.490602 22.759501
v 4.062000 2.437902 26.557800
v 6.221500 5.126602 24.896700
v 5.356000 10.088902 22.573700
v 3.966700 8.030602 24.784901
v 2.050300 5.377902 26.500999
v 1.616200 10.823202 23.356501
v 3.379700 12.089202 21.067801
v 6.066300 12.252701 18.187799
v 1.679900 13.388401 18.701899
v 8.304800 10.602001 15.401499
v 3.797700 13.630801 15.947299
v 6.093700 12.662501 12.977099
v 1.614700 13.835201 13.219599
v 9.624400 2.386902 20.835300
v 9.094400 4.798401 21.591200
v 9.634400 3.873701 19.759001
v 9.820300 2.541201 18.162800
v 9.644400 2.837601 14.370700
v 9.504600 5.098701 18.517000
v 9.149800 7.790202 18.105400
v 9.390300 5.196801 15.741400
v 8.756800 8.517001 12.606399
v 9.494300 4.560701 12.772100
v 9.342400 1.343301 10.646100
v 9.543900 2.892301 11.511000
v 9.135400 6.218801 10.781100
v 7.147100 10.864001 10.271799
v 3.954400 12.754001 10.610499
v 5.588900 11.292301 9.139499
v 7.935800 8.235801 8.762099
v 5.278500 9.577401 7.524899
v 2.139600 11.703401 8.678199
v 8.786400 2.950001 10.295500
v 8.662000 -0.870899 10.269500
v 9.159600 4.364701 10.544600
v 8.859400 4.308501 9.776000
v 3.072100 7.531800 6.830299
v 6.469800 7.561501 7.254700
v 8.160800 5.728200 7.999499
v 8.499500 2.978101 9.281800
v 8.024400 1.600101 9.848000
v 5.205600 5.838601 6.967299
v 8.092000 4.031800 7.450900
v 8.163800 2.947301 7.972600
v 7.045700 0.161001 9.392800
v 4.505200 -10.112700 7.488301
v 4.723100 -8.984699 7.273201
v 3.640300 -12.481799 7.759401
v 2.415800 -14.240899 7.902401
v 0.816800 -15.133199 8.018501
v 4.670100 -9.061999 6.793701
v 4.137500 -11.570099 7.212101
v 3.214400 -13.491799 7.354801
v 1.617100 -14.815999 7.500701
v 3.990600 -10.148899 6.730801
v 4.142400 -9.105999 6.554501
v 3.464300 -12.445599 7.049801
v 2.260600 -14.197499 7.114701
v 0.723000 -14.823899 7.270701
v 3.318000 -8.961699 6.572001
v 3.075600 -11.234499 6.917701
v 2.545300 -12.946799 6.990801
v 1.313100 -14.177099 7.164101
v 4.000000 -8.212899 6.607901
v 3.958300 -7.663499 7.030400
v 5.286500 -8.803599 9.017201
v 6.781700 -8.108899 8.895301
v 8.905400 -6.755799 9.976701
v 7.855100 -7.902599 9.206701
v 7.523100 -4.777399 11.581900
v 6.646100 -5.424399 10.723200
v 6.202300 -3.718299 11.123900
v 7.191200 -6.373999 10.398101
v 6.224600 -7.689799 9.149001
v 6.596300 -7.040399 9.678401
v 5.819700 -6.744899 9.923301
v 4.899200 -6.243399 10.023500
v 5.209400 -8.223099 9.102601
v 4.732600 -7.199600 9.359701
v 4.202900 -7.698500 8.128501
v 3.724300 -6.059500 9.401100
v 3.152400 -6.968500 8.646101
v 2.902000 -6.078499 9.127300
v 2.792000 -7.721099 7.677600
v 2.243200 -5.964099 8.779700
v 1.599600 -7.138700 8.526101
v 1.483400 -6.107100 8.972900
v 2.371800 -9.648999 7.375101
v 2.147300 -11.702299 7.499901
v 1.479400 -13.156399 7.558701
v 0.525800 -13.951099 7.555801
v 1.115100 -12.058499 7.993901
v 1.371500 -10.409599 7.998901
v 1.455700 -8.578099 7.859200
v 4.838200 -4.254399 10.540100
v 3.358100 -4.693899 9.768800
v 2.067300 -4.444900 9.356700
v 3.943500 -4.028499 10.250300
v 2.946100 -3.327699 9.604500
v 6.200700 4.095901 6.953000
v 7.837800 2.719501 7.097200
v 7.718300 1.670901 7.429000
v 5.789100 -0.812799 10.096100
v 5.601600 -0.134999 8.644400
v 1.379700 -3.149199 8.996800
v 5.202000 0.594301 7.438400
v 6.422400 0.970701 7.408500
v 6.805400 3.025501 6.752100
v 6.982100 2.440001 6.771100
v 5.807900 2.134300 6.985700
v 2.594600 5.366001 6.906600
v 4.296700 3.253901 7.015699
v 3.006100 3.274101 6.975500
v 3.851300 1.131401 7.145000
v 2.833900 1.602701 7.116700
v 1.285500 4.028601 8.095600
v 2.254700 1.719101 8.358600
v 1.836000 2.809001 10.612100
v 1.427700 0.690601 10.330300
v 1.872600 0.730601 8.356000
v 0.638200 3.587601 12.036500
v 1.083800 1.994601 11.455000
v 4.480800 -2.651799 10.302000
v 3.764900 -3.022999 10.159000
v 3.814000 -1.794099 9.542500
v 4.273700 -0.333299 8.987500
v 2.588100 -1.751699 8.794300
v 3.048500 -0.474299 8.173700
v 1.483200 -1.265499 7.954500
v 3.108800 0.312401 7.160000
v 1.354600 -0.315499 8.118800
v 1.927900 0.143701 7.427200
v 0.473600 -14.995499 14.336501
v 1.594000 -14.080599 10.080901
v 0.690200 -14.219199 9.267601
v 1.299500 -13.779599 9.364301
v 1.656000 -13.798399 10.797201
v 1.709800 -13.065699 9.712201
v 0.711400 -14.525099 13.738701
v 0.357000 -14.167799 13.923501
v 0.851900 -13.081899 8.841701
v 0.329500 -13.266799 9.093101
v 1.456900 -13.791699 13.562101
v 1.332100 -14.394300 13.083601
v 1.072400 -14.545699 13.321401
v 1.056100 -14.291699 12.941101
v 0.886700 -13.865699 13.222001
v 1.843700 -13.781799 12.702901
v 1.611200 -14.357399 12.217201
v 1.559000 -14.280299 11.482701
v 1.284500 -14.541199 12.630501
v 1.327000 -14.141599 12.058501
v 1.663300 -13.395000 11.491601
v 1.311100 -13.645999 12.572001
v 8.863400 -2.559799 10.432000
v 7.184700 -2.272299 10.940500
v 7.536800 -3.481999 11.143700
v 8.078700 -3.906399 11.804600
v 8.509800 -2.982599 10.900400
v 7.917300 -2.874499 10.901200
v 8.566900 -3.421599 11.867000
v 8.421600 -3.389199 11.412200
v 9.217000 -4.621199 10.510900
v 9.126200 -4.741999 11.119700
v 8.839700 -3.602799 10.881800
v 8.886700 -5.640799 10.725100
v 8.571400 -6.584199 11.267501
v 8.408700 -6.673199 10.287601
v 7.676400 -6.592999 11.330901
v 7.588300 -6.871699 10.366101
v 8.789500 -3.278499 11.514200
v 1.746100 -12.521599 10.588701
v 1.567000 -12.917399 11.988901
v 1.144900 -13.190199 12.819501
v 1.491900 -12.144499 8.813701
v 0.358800 -12.553399 8.901301
v 0.919200 -11.262999 8.847901
v 0.370800 -11.614399 9.268701
v 1.836100 -11.444299 9.583201
v 1.696500 -11.971799 11.338101
v 1.125400 -12.602499 12.320001
v 0.693500 -13.420899 13.403801
v 0.916400 -12.643699 13.019601
v 0.308700 -13.089799 13.272801
v 1.564500 -10.878399 10.513401
v 1.358100 -10.148999 11.235501
v 0.867200 -9.304999 10.445301
v 0.370200 -9.487299 11.164501
v 0.351800 -9.453199 10.335201
v 1.391200 -11.447299 11.791800
v 0.979600 -10.858099 12.396301
v 1.337200 -10.030299 9.827501
v 1.333200 -10.581699 9.182701
v 0.784200 -9.928799 9.444801
v 0.361400 -10.681199 9.482100
v 0.743500 -12.097299 12.957801
v 0.977500 -11.900899 12.652201
v 0.254700 -12.294499 12.549601
v 0.171000 -12.966699 12.037801
v 0.248600 -12.293599 11.411801
v 0.139500 -12.876999 10.873801
v 0.250600 -12.192099 10.286301
v 0.179400 -12.929299 9.680501
v 0.253700 -12.022599 9.698601
v 0.185800 -12.613599 9.198101
v 0.828000 -9.681799 11.809001
v 0.810000 -11.330599 12.720201
v 0.378800 -11.772699 12.869101
v 0.373500 -10.027799 12.227301
v 0.264200 -11.629199 9.951401
v 0.235200 -11.957899 10.845601
v 0.216300 -11.955499 12.008101
v 0.370400 -11.299099 13.006101
v 0.420700 -10.848999 12.860001
vn -0.0026 -0.9965 0.0839
vn -0.3424 -0.9301 -0.1330
vn -0.0019 -0.6655 -0.7464
vn 0.3408 -0.9305 -0.1340
vn 0.0373 0.1530 -0.9875
vn -0.5567 -0.1757 -0.8119
vn -0.9361 -0.2918 -0.1966
vn -0.6088 0.0073 -0.7933
vn -0.6289 -0.7773 -0.0160
vn -0.7381 -0.6510 0.1771
vn -0.7925 -0.5490 -0.2657
vn -0.6136 -0.2663 0.7433
vn -0.6637 -0.4094 0.6260
vn -0.8717 -0.4169 0.2574
vn -0.8065 -0.4814 0.3433
vn 0.1077 0.1470 -0.9832
vn 0.7429 0.3779 -0.5526
vn -0.9624 -0.2102 -0.1720
vn -0.9419 -0.3265 0.0789
vn -0.7340 -0.5184 0.4387
vn -0.9479 -0.3157 0.0437
vn -0.3801 -0.4445 -0.8111
vn -0.9922 -0.1229 0.0223
vn -0.9629 -0.1956 -0.1857
vn -0.6017 -0.7631 0.2357
vn 0.1415 0.0936 0.9855
vn -0.0847 0.0223 0.9962
vn 0.1321 -0.6956 0.7062
vn -0.7044 -0.6720 0.2284
vn -0.9712 -0.0016 0.2383
vn -0.9902 -0.1065 -0.0903
vn -0.9955 0.0903 -0.0276
vn -0.8976 -0.4394 0.0364
vn 0.8704 -0.2722 0.4102
vn 0.9528 0.1516 0.2629
vn 0.8035 0.2094 0.5573
vn 0.8031 0.5039 -0.3180
vn 0.5768 -0.8049 0.1395
vn 0.3949 -0.9172 0.0530
vn 0.6246 -0.7807 -0.0187
vn -0.7072 0.0393 -0.7059
vn -0.8339 -0.5518 0.0121
vn 0.9172 0.3335 -0.2181
vn 0.7536 0.3211 -0.5737
vn -0.0392 0.2839 -0.9581
vn 0.7138 0.4014 -0.5739
vn 0.8608 0.3920 0.3245
vn 0.8955 0.2962 -0.3322
vn -0.9870 0.1541 0.0455
vn -0.7345 0.3072 -0.6051
vn -0.0405 0.2444 -0.9688
vn 0.6487 -0.3494 0.6761
vn 0.0754 -0.4898 0.8685
vn -0.5037 -0.6745 0.5398
vn 0.4493 -0.8228 0.3481
vn -0.7888 0.6147 0.0072
vn -0.3622 0.3720 0.8547
vn 0.9396 0.1466 0.3094
vn 0.1651 -0.2026 0.9652
vn -0.2518 -0.3944 0.8838
vn 0.9145 -0.0646 0.3995
vn -0.1198 -0.8470 0.5180
vn -0.9670 -0.2167 0.1343
vn -0.2100 0.8789 -0.4283
vn 0.8261 0.5551 -0.0974
vn 0.5102 0.2298 0.8288
vn 0.6153 0.7568 0.2205
vn 0.0460 0.9794 -0.1966
vn -0.7200 0.6935 0.0259
vn 0.1196 0.8979 0.4236
vn 0.8545 0.5019 0.1337
vn 0.1764 -0.1174 0.9773
vn 0.5922 -0.4845 0.6438
vn 0.7998 -0.4867 0.3515
vn 0.5300 -0.2608 0.8069
vn 0.9568 0.0938 0.2753
vn 0.5195 0.8095 -0.2737
vn -0.7095 0.6409 -0.2931
vn 0.9188 0.3946 0.0001
vn 0.6881 0.7242 -0.0444
vn -0.2575 0.9440 -0.2062
vn 0.5905 0.7970 -0.1270
vn 0.7281 -0.5229 0.4432
vn 0.9467 -0.3196 0.0392
vn 0.6006 -0.7641 0.2354
vn -0.1343 -0.6979 0.7034
vn 0.9705 0.2068 0.1243
vn 0.2388 0.9532 -0.1852
vn -0.7746 -0.6028 0.1912
vn -0.5808 -0.4749 0.6611
vn -0.0221 0.0624 0.9978
vn -0.7352 -0.1450 0.6622
vn 0.7417 -0.3026 0.5986
vn -0.1533 -0.3598 0.9204
vn 0.2208 0.2012 0.9544
vn -0.2628 0.9480 -0.1796
vn -0.0403 0.8542 -0.5184
vn 0.0011 0.9556 0.2948
vn 0.6606 0.5004 -0.5597
vn 0.9301 0.3390 -0.1415
vn 0.0026 -0.6047 0.7965
vn -0.2222 0.2109 0.9519
vn -0.4305 0.8611 -0.2705
vn 0.0599 0.0680 -0.9959
vn 0.8960 0.3842 -0.2226
vn 0.9286 0.3543 -0.1102
vn 0.8891 0.2930 -0.3516
vn 0.9378 0.2627 0.2269
vn 0.7172 0.1871 0.6712
vn 0.7953 0.2755 0.5400
vn 0.9168 0.3945 -0.0615
vn -0.1262 0.0751 0.9892
vn 0.6505 -0.4048 0.6426
vn -0.1231 -0.2022 0.9716
vn 0.7743 0.5509 -0.3112
vn 0.5400 0.6473 -0.5380
vn 0.6013 -0.7394 0.3030
vn -0.5419 -0.6242 -0.5627
vn -0.2533 -0.3502 -0.9018
vn 0.5935 0.0595 -0.8026
vn 0.7450 -0.6387 0.1924
vn 0.7921 -0.5485 -0.2679
vn 0.3117 -0.8726 0.3760
vn -0.5664 0.6423 -0.5163
vn -0.0687 0.0570 -0.9960
vn -0.8050 0.2641 0.5312
vn -0.9094 0.3420 -0.2367
vn -0.7985 0.5147 -0.3123
vn -0.8114 0.5733 -0.1138
vn -0.6201 0.7637 0.1795
vn -0.6298 0.2313 0.7415
vn -0.9048 0.4143 -0.0986
vn 0.8737 -0.4133 0.2565
vn 0.9427 -0.3240 0.0793
vn 0.6570 0.5374 0.5288
vn 0.9622 -0.2109 -0.1724
vn 0.9360 -0.2915 -0.1973
vn 0.6091 0.0083 -0.7931
vn -0.7829 -0.5623 0.2663
vn -0.7401 -0.6069 0.2895
vn -0.7327 -0.6601 0.1659
vn -0.8322 -0.5525 0.0470
vn -0.7363 -0.3056 0.6037
vn -0.1308 0.9043 0.4063
vn -0.8545 0.5053 0.1203
vn -0.1822 -0.1219 0.9757
vn -0.3998 -0.9150 0.0548
vn -0.3121 -0.8728 0.3753
vn -0.6483 -0.7432 0.1655
vn -0.6499 -0.7480 0.1347
vn -0.5745 -0.7497 0.3285
vn -0.6271 0.7311 -0.2687
vn -0.7378 -0.6706 0.0772
vn 0.1556 -0.3623 0.9190
vn -0.0365 0.1512 -0.9878
vn -0.7511 0.3181 -0.5786
vn 0.0381 0.2787 -0.9596
vn 0.8959 -0.4428 0.0367
vn -0.5109 0.2322 0.8277
vn -0.7238 -0.5451 -0.4230
vn -0.0094 -0.8108 -0.5852
vn 0.0234 -0.9947 0.0997
vn 0.3816 -0.4429 -0.8113
vn -0.1027 0.1522 -0.9830
vn 0.5568 -0.1766 -0.8116
vn -0.0456 0.7100 -0.7027
vn 0.2851 0.8586 -0.4261
vn 0.7232 -0.1629 -0.6712
vn -0.6334 0.5121 -0.5802
vn -0.8288 0.4511 -0.3309
vn -0.7431 0.3776 -0.5524
vn 0.7085 0.0366 -0.7047
vn -0.9514 0.1548 0.2661
vn -0.8687 -0.2711 0.4146
vn -0.8065 0.2104 0.5525
vn 0.9641 -0.1903 -0.1849
vn 0.9925 -0.1205 0.0215
vn 0.2745 -0.4062 0.8716
vn 0.3362 0.3825 0.8606
vn 0.9718 -0.0081 0.2357
vn 0.9956 0.0890 -0.0283
vn 0.9903 -0.1066 -0.0892
vn 0.7747 -0.6323 0.0083
vn 0.6593 -0.7286 0.1856
vn 0.7625 -0.6213 0.1806
vn 0.7794 -0.6226 0.0703
vn 0.7333 0.3070 -0.6066
vn 0.9871 0.1533 0.0472
vn -0.8641 0.3614 0.3503
vn -0.9407 0.1391 0.3093
vn -0.9207 0.3239 -0.2178
vn -0.7161 0.4001 -0.5719
vn -0.4387 -0.8407 0.3175
vn -0.0512 0.9786 -0.1994
vn 0.6975 0.6537 -0.2935
vn 0.2674 0.9444 -0.1914
vn -0.6817 0.7302 -0.0458
vn 0.0400 0.2452 -0.9687
vn 0.5062 -0.6735 0.5386
vn -0.0753 -0.4933 0.8666
vn -0.6532 -0.3483 0.6723
vn -0.8823 0.2979 -0.3645
vn -0.9007 0.2742 -0.3369
vn 0.8412 -0.5406 0.0132
vn -0.3867 0.1276 -0.9133
vn -0.1134 -0.0179 -0.9934
vn -0.9136 -0.0612 0.4019
vn 0.9671 -0.2156 0.1347
vn 0.1100 -0.8485 0.5176
vn 0.2094 0.8810 -0.4243
vn 0.7875 0.6162 0.0088
vn 0.0233 0.0697 0.9973
vn 0.8110 -0.1534 0.5646
vn 0.7168 0.6969 0.0241
vn -0.9188 0.3948 0.0016
vn -0.9576 0.0915 0.2732
vn -0.5900 0.7971 -0.1290
vn -0.9713 0.2128 0.1058
vn -0.9376 0.2657 0.2243
vn -0.9304 0.3383 -0.1410
vn -0.6621 0.5009 -0.5574
vn -0.8028 0.5054 -0.3163
vn -0.9197 0.3894 -0.0509
vn 0.8326 0.4118 0.3704
vn -0.0176 -0.4904 0.8713
vn -0.6640 0.5616 0.4937
vn -0.5733 0.7617 0.3021
vn -0.9214 -0.3037 0.2424
vn 0.6969 -0.6844 0.2144
vn 0.8016 -0.5589 0.2122
vn 0.6477 -0.7460 0.1551
vn 0.8131 -0.5604 0.1574
vn 0.5869 -0.7146 0.3808
vn -0.9965 -0.0836 0.0031
vn -0.3923 -0.4543 0.7998
vn -0.0988 0.5904 0.8010
vn -0.5727 0.7771 0.2610
vn 0.0097 0.9475 0.3196
vn -0.4317 -0.2936 -0.8529
vn 0.1024 -0.4861 -0.8679
vn 0.5234 0.2097 -0.8259
vn 0.1084 -0.9868 0.1206
vn -0.3877 0.8969 -0.2127
vn -0.6290 0.6706 -0.3932
vn -0.7187 0.6190 -0.3168
vn 0.4928 0.8532 -0.1708
vn 0.6242 0.4791 0.6171
vn 0.1022 -0.4985 -0.8609
vn -0.6653 0.0428 -0.7454
vn -0.3020 0.5323 -0.7909
vn 0.7251 0.4266 -0.5406
vn 0.0116 0.6953 -0.7187
vn -0.2318 0.1534 -0.9606
vn -0.4472 0.0961 -0.8892
vn -0.4155 0.9033 -0.1072
vn 0.0036 0.1254 -0.9921
vn -0.2548 0.9656 0.0523
vn -0.6802 -0.0501 0.7313
vn 0.0696 0.1536 0.9857
vn 0.7285 0.1650 0.6649
vn -0.5172 -0.4080 -0.7524
vn 0.3774 -0.1480 -0.9141
vn -0.9210 -0.3722 0.1150
vn -0.5712 -0.3856 0.7246
vn -0.6278 0.4194 0.6557
vn -0.4028 -0.7528 0.5207
vn 0.1160 -0.9910 -0.0672
vn 0.0381 -0.4158 -0.9087
vn 0.8658 -0.1462 -0.4785
vn 0.4165 -0.6243 0.6609
vn 0.4034 -0.0418 0.9141
vn -0.1783 -0.6617 0.7282
vn -0.0997 0.4110 -0.9062
vn -0.3253 -0.9214 0.2128
vn -0.4785 -0.8471 0.2310
vn -0.6437 -0.7589 -0.0983
vn -0.3596 -0.8381 0.4102
vn -0.2182 -0.7686 0.6013
vn -0.2113 -0.6874 0.6948
vn -0.1993 -0.7958 0.5718
vn -0.1400 -0.5566 -0.8189
vn -0.5980 0.5232 -0.6071
vn -0.9261 0.0096 0.3771
vn -0.0233 0.1372 0.9903
vn 0.0171 0.9049 0.4253
vn -0.3668 -0.7079 -0.6036
vn -0.2572 0.1495 -0.9547
vn -0.4962 0.2924 -0.8175
vn 0.2919 0.9534 -0.0762
vn -0.2539 -0.8825 0.3958
vn -0.2434 -0.8187 0.5202
vn -0.2312 -0.6877 0.6882
vn -0.1363 -0.4325 0.8913
vn -0.3013 -0.9187 0.2553
vn -0.2721 -0.9584 -0.0857
vn 0.2360 0.8040 0.5458
vn -0.1815 0.1322 -0.9745
vn 0.2060 0.0448 -0.9775
vn -0.7723 0.3871 -0.5037
vn -0.6862 0.0786 -0.7231
vn -0.2209 -0.8959 0.3854
vn -0.1366 -0.4951 0.8580
vn 0.4313 0.8647 -0.2573
vn 0.0458 0.6653 -0.7452
vn 0.0402 0.1107 0.9930
vn 0.0935 0.6985 -0.7094
vn -0.8493 0.3798 -0.3667
vn 0.4463 0.8018 0.3973
vn 0.4409 0.7941 0.4183
vn 0.7344 0.6775 -0.0399
vn 0.6256 0.0874 0.7753
vn 0.9962 -0.0010 -0.0876
vn -0.2009 -0.5620 -0.8023
vn -0.3202 0.2156 -0.9225
vn -0.1023 -0.6035 0.7908
vn -0.1542 -0.9687 0.1944
vn 0.5029 -0.8467 0.1738
vn 0.8263 0.4159 -0.3799
vn -0.2831 -0.8128 0.5092
vn -0.2921 -0.4194 0.8596
vn 0.0568 0.0446 -0.9974
vn -0.4690 0.4445 0.7632
vn 0.1030 0.6895 -0.7169
vn -0.7467 -0.1730 -0.6422
vn -0.2708 0.8584 -0.4357
vn -0.7438 -0.4801 -0.4650
vn -0.5102 -0.7025 0.4962
vn 0.1373 -0.4938 0.8587
vn -0.0402 0.1107 0.9930
vn 0.1352 -0.4328 0.8913
vn -0.0976 -0.0154 -0.9951
vn -0.2583 -0.7019 0.6638
vn -0.2175 -0.1322 -0.9671
vn 0.6775 -0.2750 0.6822
vn 0.5835 -0.1775 0.7925
vn 0.1615 -0.5671 0.8077
vn -0.3211 -0.7712 0.5497
vn -0.3359 -0.8899 0.3087
vn -0.2023 -0.5040 -0.8397
vn -0.1453 -0.9647 -0.2195
vn -0.5229 -0.8524 0.0015
vn -0.6568 -0.3002 -0.6917
vn -0.3423 -0.7219 -0.6015
vn 0.3869 -0.1847 -0.9034
vn -0.8162 -0.3462 0.4625
vn 0.4921 -0.0748 -0.8673
vn 0.1632 0.2421 -0.9564
vn 0.7558 0.6030 -0.2552
vn 0.0226 0.4849 -0.8743
vn 0.1157 0.0153 -0.9932
vn 0.3119 -0.0128 -0.9500
vn 0.9035 -0.3767 -0.2045
vn 0.6600 0.3861 0.6445
vn 0.3591 -0.7291 0.5827
vn 0.1112 -0.0634 -0.9918
vn 0.3322 -0.1665 -0.9284
vn -0.1845 -0.1185 -0.9757
vn 0.1909 0.9566 -0.2203
vn 0.3029 -0.5375 -0.7870
vn -0.0952 -0.0527 -0.9941
vn -0.9645 0.1179 -0.2362
vn -0.5691 -0.3692 0.7347
vn 0.0510 0.0102 0.9986
vn -0.3595 0.7797 0.5126
vn -0.3301 0.5325 -0.7794
vn -0.2082 0.3661 -0.9070
vn -0.1459 -0.1252 -0.9813
vn 0.3409 0.8220 -0.4563
vn 0.8574 0.0933 0.5062
vn 0.1440 0.2521 0.9569
vn -0.4771 -0.4865 -0.7319
vn 0.0602 -0.0572 -0.9965
vn 0.0228 -0.8237 -0.5666
vn -0.0189 -0.9949 0.0992
vn -0.0824 -0.2268 -0.9705
vn 0.1260 -0.4634 -0.8772
vn -0.0433 -0.9981 0.0438
vn 0.3550 0.8767 0.3247
vn -0.0764 -0.0565 -0.9955
vn 0.7577 -0.4917 0.4291
vn 0.7167 0.6195 -0.3202
vn 0.9150 -0.3339 0.2263
vn 0.8272 0.4185 -0.3750
vn 0.8898 -0.1559 -0.4288
vn -0.6058 0.0699 -0.7925
vn 0.2835 -0.2848 -0.9157
vn 0.5309 -0.6482 -0.5459
vn -0.5924 -0.7448 0.3072
vn 0.7831 0.4395 0.4401
vn 0.8316 0.5217 -0.1904
vn -0.4300 -0.0069 -0.9028
vn 0.5993 0.5424 -0.5888
vn 0.7352 -0.5351 -0.4161
vn -0.8174 0.4408 0.3709
vn -0.0154 0.9478 0.3185
vn 0.9290 0.2438 -0.2785
vn 0.8907 0.3117 -0.3311
vn 0.4095 0.2883 -0.8655
vn 0.6929 -0.2079 -0.6904
vn -0.2742 0.1153 -0.9547
vn 0.1594 -0.1078 -0.9813
vn -0.4516 0.0358 -0.8915
vn 0.0988 0.5886 0.8024
vn 0.5726 0.7768 0.2620
vn 0.3919 0.8971 -0.2039
vn 0.0060 -0.5005 0.8657
vn 0.5744 0.7620 0.2989
vn 0.4043 0.1558 -0.9012
vn 0.2126 -0.0705 -0.9746
vn 0.4083 -0.4493 0.7946
vn 0.9963 -0.0859 -0.0051
vn -0.6636 -0.4708 0.5813
vn 0.0396 0.1060 -0.9936
vn -0.6211 0.4760 0.6226
vn -0.5188 0.8377 -0.1703
vn -0.2620 0.7496 0.6079
vn -0.7786 0.5656 0.2718
vn 0.6458 0.6560 -0.3906
vn -0.7322 0.1626 0.6614
vn -0.0691 0.1531 0.9858
vn 0.6832 -0.0483 0.7286
vn 0.2546 0.9653 0.0577
vn -0.0131 -0.4328 -0.9014
vn -0.1066 -0.9914 -0.0760
vn -0.8634 -0.1504 -0.4816
vn 0.9230 -0.3677 0.1137
vn 0.5256 -0.4015 -0.7500
vn 0.4810 0.1614 -0.8617
vn -0.1052 -0.9860 0.1293
vn -0.5316 0.2142 -0.8195
vn -0.1170 -0.4759 -0.8717
vn 0.4073 -0.3049 -0.8609
vn 0.5724 -0.3865 0.7232
vn 0.6286 0.4222 0.6531
vn 0.0766 0.4191 -0.9047
vn 0.4041 -0.7521 0.5206
vn -0.4034 -0.0418 0.9141
vn -0.4167 -0.6310 0.6543
vn 0.1793 -0.6625 0.7273
vn 0.3603 -0.8379 0.4099
vn 0.4731 -0.8491 0.2350
vn 0.3993 0.9098 -0.1134
vn 0.6298 -0.7719 -0.0869
vn 0.1478 -0.5621 -0.8138
vn 0.4855 0.2532 -0.8368
vn 0.2209 0.0825 -0.9718
vn 0.3725 -0.7123 -0.5948
vn -0.3145 -0.1499 -0.9374
vn 0.2115 -0.6874 0.6948
vn 0.2217 -0.7683 0.6005
vn 0.1873 -0.7968 0.5745
vn 0.2281 -0.6889 0.6880
vn 0.3370 -0.9177 0.2102
vn 0.3012 -0.9184 0.2566
vn 0.2754 -0.9578 -0.0817
vn 0.2432 -0.8189 0.5198
vn 0.2556 -0.8825 0.3948
vn -0.0034 0.9023 0.4312
vn 0.0171 0.1378 0.9903
vn 0.9262 0.0207 0.3765
vn 0.5970 0.5226 -0.6087
vn 0.3087 0.2645 -0.9137
vn 0.0792 0.7354 -0.6730
vn -0.0917 0.6704 -0.7363
vn 0.6837 0.2373 -0.6901
vn 0.8593 0.3561 -0.3672
vn 0.6590 -0.3482 -0.6667
vn 0.3297 0.2165 -0.9189
vn 0.2324 0.1425 -0.9621
vn -0.4262 0.8660 -0.2617
vn -0.2906 0.9516 -0.1005
vn -0.0808 0.7082 -0.7014
vn -0.2342 0.8054 0.5446
vn -0.2251 0.0467 -0.9732
vn 0.7414 0.3676 -0.5614
vn 0.1489 -0.9692 0.1960
vn -0.5141 -0.8385 0.1807
vn 0.1835 -0.5587 -0.8088
vn 0.1057 -0.6230 0.7751
vn -0.6493 0.1205 0.7509
vn -0.8121 0.4396 -0.3838
vn -0.7322 0.6793 -0.0484
vn -0.9959 0.0002 -0.0902
vn -0.4327 0.7934 0.4281
vn -0.0517 0.0508 -0.9974
vn 0.2837 -0.8125 0.5092
vn -0.4595 0.7940 0.3980
vn 0.5087 -0.7048 0.4945
vn 0.7470 -0.4785 -0.4615
vn 0.4690 0.4440 0.7635
vn -0.3430 -0.7388 0.5801
vn -0.6673 0.3742 0.6439
vn -0.9002 -0.4022 -0.1673
vn -0.2855 0.2862 0.9146
vn -0.2739 0.8322 0.4820
vn -0.8857 -0.4397 0.1490
vn 0.2899 -0.4157 0.8621
vn 0.2683 -0.1892 -0.9446
vn 0.2582 -0.7034 0.6623
vn 0.2197 -0.8944 0.3895
vn 0.3265 -0.7596 0.5625
vn -0.3522 -0.1950 -0.9154
vn -0.3904 -0.2022 -0.8982
vn 0.2281 -0.4954 -0.8382
vn -0.1033 -0.0457 -0.9936
vn 0.0128 0.0011 0.9999
vn -0.7643 0.5748 -0.2924
vn -0.1187 0.2257 -0.9669
vn -0.5158 -0.1090 -0.8497
vn 0.1355 -0.0281 -0.9904
vn 0.8164 -0.3577 0.4534
vn -0.1845 0.9582 -0.2189
vn -0.0168 0.5075 -0.8615
vn -0.1116 0.0402 -0.9929
vn -0.3207 0.0011 -0.9472
vn 0.5180 -0.8549 -0.0277
vn 0.3526 -0.8974 0.2652
vn 0.3734 -0.7305 -0.5718
vn 0.1488 -0.9631 -0.2240
vn 0.4787 -0.5206 -0.7070
vn 0.0657 -0.2473 -0.9667
vn 0.0879 -0.0447 -0.9951
vn -0.0669 -0.0480 -0.9966
vn 0.2142 -0.0915 -0.9725
vn 0.0852 -0.0772 -0.9934
vn -0.2973 -0.5511 -0.7797
vn 0.2193 0.4141 -0.8834
vn 0.3464 0.5332 -0.7718
vn 0.1635 -0.1022 -0.9812
vn 0.5779 -0.3613 0.7318
vn -0.0510 0.0102 0.9986
vn -0.7563 -0.4915 0.4318
vn 0.0344 -0.9986 0.0405
vn -0.1440 0.2522 0.9569
vn -0.8577 0.0978 0.5047
vn 0.9584 0.1443 -0.2461
vn -0.8953 -0.1564 -0.4170
vn 0.3341 0.8079 0.4856
vn -0.3588 0.8762 0.3217
vn -0.3558 0.8213 -0.4459
vn -0.8405 0.4971 -0.2156
vn -0.7807 0.4419 0.4418
vn -0.1443 -0.1545 -0.9774
vn -0.1371 -0.4869 -0.8626
vn -0.4325 0.2565 -0.8644
vn -0.9336 0.2444 -0.2622
vn -0.6283 -0.3337 -0.7027
vn 0.4575 0.0085 -0.8892
vn 0.3344 0.0889 -0.9382
vn -0.8935 0.3260 -0.3087
vn 0.4573 0.0372 -0.8885
vn 0.5718 -0.5007 0.6499
vn -0.6035 -0.4413 0.6642
vn -0.7984 0.5493 0.2468
vn -0.2456 -0.5861 -0.7721
vn 0.6652 0.6457 0.3749
vn -0.5404 0.7128 0.4470
vn -0.5478 0.7611 -0.3473
vn -0.8496 -0.4720 0.2355
vn 0.0678 0.8888 0.4532
vn 0.2328 -0.7928 0.5633
vn 0.5965 0.6149 0.5159
vn -0.0546 0.4676 0.8822
vn -0.2328 -0.7928 0.5633
vn 0.1278 -0.5282 0.8395
vn -0.6826 -0.7161 -0.1460
vn 0.4588 -0.7593 -0.4615
vn -0.2461 -0.5205 -0.8176
vn -0.1824 0.6757 -0.7143
vn 0.9808 0.1046 -0.1644
vn -0.8358 0.2001 0.5113
vn 0.0028 1.0000 0.0048
vn 0.2197 0.8066 0.5487
vn -0.1144 -0.5171 -0.8483
vn -0.4255 0.4705 -0.7730
vn 0.7955 0.0023 -0.6060
vn 0.4552 -0.5997 0.6581
vn 0.7626 -0.1308 0.6335
vn 0.0415 -0.1262 0.9911
vn 0.4181 0.9083 -0.0127
vn -0.2798 -0.5954 0.7531
vn 0.0838 -0.9919 0.0954
vn 0.7696 0.1921 0.6090
vn 0.9503 -0.1125 -0.2903
vn 0.3472 -0.1127 -0.9310
vn 0.7082 0.5548 -0.4366
vn 0.8367 -0.5245 0.1574
vn 0.9131 -0.4077 0.0090
vn 0.5161 -0.7430 0.4261
vn 0.9696 0.2390 -0.0516
vn -0.6604 0.6500 0.3760
vn -0.7204 0.4361 -0.5393
vn -0.1407 -0.4829 -0.8643
vn -0.6511 -0.2501 0.7166
vn -0.9441 0.0132 -0.3293
vn 0.1929 0.5797 0.7917
vn -0.8217 0.5400 0.1820
vn -0.2711 0.6098 0.7447
vn 0.1788 0.9626 0.2037
vn -0.2633 0.7408 -0.6180
vn -0.1544 -0.5686 0.8080
vn 0.6647 -0.4691 0.5815
vn 0.0113 -0.0926 -0.9956
vn 0.4690 0.4766 -0.7435
vn -0.4716 0.0920 0.8770
vn -0.0701 0.8916 0.4473
vn -0.2085 0.8094 0.5490
vn 0.2740 0.7288 0.6275
vn 0.8637 -0.4842 0.1401
vn 0.2731 0.8328 0.4814
vn 0.2903 0.2844 0.9137
vn -0.5307 0.2290 -0.8160
vn 0.2471 0.3903 0.8869
vn 0.2007 0.1902 0.9610
vn 0.7520 -0.4180 0.5097
vn 0.2446 -0.7942 0.5562
vn -0.4181 -0.6215 0.6625
vn -0.7787 -0.5819 0.2348
vn -0.4083 -0.6573 -0.6335
vn 0.7757 0.5727 0.2651
vn -0.1549 0.1626 0.9744
vn -0.7445 0.2114 0.6332
vn -0.6741 0.7321 0.0983
vn -0.6879 0.2493 -0.6817
vn -0.9924 0.0928 0.0813
vn -0.6793 -0.3782 -0.6289
vn -0.1136 -0.3139 -0.9426
vn -0.9489 0.2229 -0.2231
vn -0.5620 -0.5100 -0.6512
vn -0.7136 -0.1222 -0.6898
vn -0.9151 -0.1892 0.3562
vn -0.3501 -0.8926 0.2841
vn 0.3696 -0.8336 -0.4105
vn -0.6045 -0.2343 0.7613
vn -0.5706 0.2119 0.7934
vn 0.0325 -0.1711 0.9847
vn -0.9743 -0.0353 -0.2226
vn -0.9838 0.1509 0.0971
vn -0.0039 -0.0208 0.9998
vn 0.3020 0.5323 -0.7909
vn 0.6885 0.0048 -0.7252
vn -0.6576 -0.0592 0.7510
vn -0.8084 -0.1562 -0.5675
vn 0.2680 -0.8106 -0.5206
vn -0.1790 0.1914 -0.9651
vn -0.5183 -0.7405 0.4278
vn -0.0641 -0.9919 0.1099
vn 0.2756 -0.5943 0.7555
vn -0.9462 -0.0582 0.3182
vn -0.4049 0.8685 0.2858
vn 0.8505 0.4884 0.1951
vn -0.3481 0.9361 0.0513
vn 0.8593 0.1027 -0.5010
vn 0.2102 0.1335 -0.9685
vn 0.8172 -0.1731 -0.5498
vn 0.8107 -0.5327 0.2431
vn 0.5252 0.7662 0.3702
vn 0.8746 0.3134 -0.3701
vn 0.1083 0.7787 -0.6180
vn 0.9605 -0.1281 0.2471
vn 0.7771 -0.3198 0.5420
vn 0.7434 0.0362 0.6679
vn -0.0492 -0.2505 0.9669
vn 0.2296 0.2837 0.9310
vn -0.4043 0.0886 0.9103
vn -0.3156 0.5265 0.7894
vn 0.4101 -0.9059 0.1054
vn 0.4198 -0.8520 -0.3129
vn 0.9243 0.0425 0.3793
vn 0.0182 0.9504 0.3104
vn -0.6394 -0.3923 0.6613
vn 0.2700 -0.1191 0.9555
vn -0.1547 0.2074 0.9659
vn -0.2058 0.6159 -0.7605
vn -0.6811 -0.4182 -0.6010
vn 0.5325 -0.0693 0.8436
vn 0.4795 -0.6297 0.6112
vn 0.8198 0.1803 -0.5435
vn 0.2285 0.1520 0.9616
vn 0.3026 0.6116 0.7310
vn 0.0440 0.5466 0.8362
vn -0.3352 0.7461 0.5753
vn 0.5399 0.7128 0.4476
vn 0.8519 -0.4688 0.2335
vn 0.5648 0.7665 -0.3057
vn 0.0019 0.9998 -0.0209
vn -0.7953 -0.0911 0.5994
vn -0.4546 -0.6015 0.6569
vn -0.0286 -0.1248 0.9918
vn -0.9009 -0.4336 0.0194
vn 0.1158 -0.5230 -0.8444
vn 0.8347 0.1989 0.5136
vn 0.4255 0.4705 -0.7730
vn -0.8249 -0.0099 -0.5652
vn 0.0545 0.4652 0.8836
vn -0.5987 0.6217 0.5051
vn -0.4661 -0.7578 -0.4566
vn -0.9809 0.1024 -0.1654
vn 0.1825 0.6752 -0.7147
vn 0.2587 -0.5258 -0.8103
vn -0.4321 0.9017 -0.0142
vn -0.9690 0.2417 -0.0509
vn -0.0242 -0.7042 0.7096
vn -0.1874 0.5718 0.7987
vn -0.5828 -0.5032 0.6380
vn 0.5986 -0.5502 0.5821
vn -0.8159 -0.5598 0.1446
vn 0.9436 0.0133 -0.3307
vn 0.6815 -0.7174 -0.1448
vn -0.4730 0.4743 -0.7425
vn -0.0019 -0.0872 -0.9962
vn 0.2571 -0.5860 -0.7684
vn 0.7931 0.5594 0.2412
vn -0.3276 -0.8880 0.3226
vn -0.2068 -0.9326 0.2957
vn -0.4076 -0.8220 0.3976
vn -0.6009 -0.7267 0.3330
vn -0.4499 -0.8926 0.0303
vn -0.6266 -0.7102 0.3211
vn -0.3324 -0.7230 -0.6057
vn -0.2228 -0.6841 -0.6945
vn 0.7859 -0.5850 0.2006
vn 0.6202 -0.6574 0.4279
vn 0.4094 -0.8221 0.3957
vn 0.5981 -0.7289 0.3333
vn -0.9433 -0.3166 -0.0999
vn -0.9363 -0.3198 0.1448
vn -0.7872 -0.5839 0.1985
vn -0.9026 -0.4262 0.0601
vn 0.8218 0.5400 0.1820
vn 0.2640 0.7447 -0.6129
vn -0.1806 0.9625 0.2022
vn 0.2713 0.6101 0.7445
vn -0.7213 0.5447 -0.4279
vn -0.7817 0.2106 0.5870
vn -0.2471 0.3903 0.8869
vn -0.3410 -0.0914 -0.9356
vn 0.1189 -0.3110 -0.9429
vn 0.6834 -0.3743 -0.6268
vn -0.9518 -0.1271 -0.2792
vn -0.7312 -0.3618 0.5783
vn -0.1987 0.1894 0.9616
vn 0.5307 0.2296 -0.8159
vn 0.1549 0.1626 0.9744
vn 0.2063 -0.9328 0.2956
vn 0.2321 -0.9693 0.0812
vn 0.3455 -0.8920 0.2915
vn 0.9137 -0.1830 0.3628
vn 0.5847 -0.4883 -0.6478
vn 0.5248 0.2436 0.8156
vn -0.3544 -0.8535 -0.3819
vn 0.3732 -0.8764 0.3045
vn 0.9475 0.2260 -0.2263
vn 0.7140 -0.1215 -0.6895
vn 0.6045 -0.2343 0.7613
vn -0.0196 -0.1575 0.9873
vn 0.9792 0.1710 0.1091
vn 0.9688 -0.0677 -0.2382
vn -0.6206 -0.6572 0.4277
vn -0.3252 -0.8067 -0.4935
vn 0.4044 -0.6638 -0.6291
vn -0.2459 -0.7868 0.5661
vn -0.0002 -0.6948 0.7192
vn -0.1945 -0.8093 0.5542
vn -0.0000 -0.9254 0.3789
vn 0.1940 -0.8093 0.5544
vn 0.7690 -0.6021 0.2146
vn 0.8094 -0.1556 -0.5663
vn 0.9925 0.0919 0.0804
vn 0.6576 -0.0592 0.7510
vn 0.7445 0.2114 0.6332
vn 0.4043 0.0886 0.9103
vn -0.8523 -0.3967 0.3409
vn 0.1790 0.1914 -0.9651
vn -0.1741 -0.4971 0.8501
vn -0.4095 -0.2097 0.8879
vn -0.6584 -0.3524 0.6651
vn -0.4100 -0.6294 0.6601
vn -0.0906 0.7807 -0.6182
vn -0.8777 0.3049 -0.3697
vn -0.5253 0.7651 0.3724
vn 0.3310 0.9424 0.0489
vn 0.2058 0.6159 -0.7605
vn -0.8227 0.1660 -0.5438
vn -0.8455 0.4878 0.2170
vn -0.2102 0.1335 -0.9685
vn -0.8589 0.1035 -0.5016
vn 0.4181 -0.6215 0.6625
vn 0.0519 -0.2472 0.9676
vn -0.7412 0.0349 0.6704
vn -0.7835 -0.2747 0.5574
vn -0.9525 -0.1533 0.2632
vn -0.2296 0.2837 0.9310
vn -0.8105 -0.5327 0.2437
vn -0.8173 -0.1727 -0.5498
vn 0.6740 0.7337 0.0863
vn 0.3156 0.5265 0.7894
vn 0.6787 0.2585 -0.6874
vn 0.6487 -0.4748 -0.5948
vn -0.4133 -0.8527 -0.3196
vn -0.4099 -0.9060 0.1055
vn -0.9249 0.0420 0.3778
vn 0.9480 -0.0213 0.3176
vn 0.6335 -0.4009 0.6618
vn -0.2417 -0.0587 0.9686
vn -0.0362 0.9462 0.3215
vn 0.4053 0.8698 0.2815
vn 0.1674 0.2044 0.9645
vn -0.5365 -0.0645 0.8414
vn -0.4736 -0.6327 0.6127
vn -0.2261 -0.9707 0.0809
vn -0.3094 -0.9490 -0.0612
vn 0.0022 -0.9886 0.1505
vn -0.2523 0.5955 0.7627
vn -0.2277 0.1509 0.9620
vn -0.9827 0.1838 0.0211
vn -0.9673 -0.2491 0.0487
vn -0.8346 -0.1272 0.5359
vn -0.9502 -0.2289 0.2117
vn 0.3934 0.7200 0.5716
vn -0.0420 0.5447 0.8376
vn -0.4281 -0.8905 -0.1540
vn -0.7438 -0.6322 0.2171
vn 0.8521 -0.3969 0.3412
vn 0.9036 -0.4243 0.0595
vn -0.6954 -0.5612 0.4488
vn -0.8579 -0.5138 -0.0073
vn -0.9137 -0.3252 0.2436
vn -0.8524 -0.3897 0.3486
vn -0.6264 -0.4529 -0.6345
vn -0.8727 -0.2826 -0.3982
vn -0.7161 -0.6293 -0.3019
vn -0.0874 -0.8384 -0.5379
vn 0.0702 -0.9969 -0.0363
vn -0.6521 -0.7117 -0.2611
vn -0.8603 -0.5085 -0.0371
vn -0.6096 -0.7269 -0.3161
vn -0.0941 -0.7323 -0.6744
vn 0.6868 -0.6576 -0.3096
vn 0.4563 -0.6979 -0.5520
vn 0.3350 -0.4844 -0.8082
vn -0.2493 -0.7658 -0.5928
vn 0.1155 -0.4757 -0.8720
vn -0.6507 -0.7020 -0.2895
vn -0.4401 0.6418 0.6280
vn -0.7177 0.3885 0.5779
vn -0.5487 0.2617 0.7940
vn -0.3291 0.4767 0.8151
vn -0.8968 0.2076 0.3907
vn -0.9637 0.0655 0.2590
vn -0.9129 -0.0275 0.4072
vn -0.7595 0.0986 0.6430
vn 0.1231 -0.8840 0.4511
vn 0.3265 -0.6527 0.6836
vn -0.0752 -0.7229 0.6868
vn 0.1221 -0.9800 -0.1571
vn -0.0330 -0.8669 -0.4974
vn -0.0829 -0.5428 -0.8358
vn 0.1807 -0.6673 -0.7225
vn -0.5017 -0.8203 0.2746
vn -0.2941 -0.9109 -0.2893
vn -0.8757 0.2735 0.3979
vn -0.8187 0.1045 0.5646
vn -0.9385 -0.2453 0.2430
vn -0.9205 0.2811 0.2713
vn 0.9435 -0.3238 -0.0699
vn 0.9499 -0.2253 0.2165
vn 0.1733 -0.4980 0.8497
vn -0.0002 -0.2571 0.9664
vn -0.4418 -0.8744 -0.2007
vn 0.1626 -0.9856 0.0461
vn -0.9877 -0.1549 -0.0209
vn -0.9264 -0.3640 -0.0962
vn -0.9571 -0.2883 -0.0295
vn 0.0023 -0.9898 0.1425
vn 0.4268 -0.8907 -0.1567
vn -0.0921 -0.9952 -0.0324
vn 0.0893 -0.8376 -0.5390
vn -0.9984 -0.0070 0.0559
vn -0.9214 -0.3693 0.1214
vn -0.6015 -0.7961 0.0672
vn -0.5243 -0.5958 0.6084
vn -0.7253 -0.6783 0.1179
vn -0.4226 -0.8872 0.1851
vn -0.8774 -0.4745 0.0707
vn -0.9436 -0.3233 -0.0712
vn -0.9210 -0.3509 -0.1690
vn -0.7167 -0.0536 0.6954
vn -0.7985 -0.2515 0.5469
vn -0.9137 -0.1163 0.3893
vn -0.8959 0.0947 0.4340
vn -0.9400 -0.2555 0.2259
vn -0.9894 -0.1342 0.0547
vn -0.8990 -0.3196 -0.2994
vn -0.7184 -0.6189 -0.3177
vn 0.4090 -0.6291 0.6610
vn -0.9500 0.3014 0.0818
vn 0.6971 -0.5609 0.4466
vn 0.5033 -0.8221 0.2662
vn -0.0033 -0.7435 0.6687
vn -0.9152 -0.3828 -0.1259
vn -0.9277 -0.3604 -0.0978
vn -0.9465 -0.3128 -0.0792
vn -0.8989 -0.4108 -0.1522
vn -0.9947 -0.0339 0.0970
vn 0.0168 -0.4194 -0.9076
vn -0.9148 0.2601 0.3091
vn -0.0890 0.8021 0.5905
vn -0.9868 -0.1466 -0.0687
vn -0.9841 -0.1408 -0.1078
vn -0.9750 -0.2205 -0.0282
vn -0.9820 -0.1855 0.0368
vn -0.9470 -0.3011 -0.1115
vn -0.8285 -0.4695 0.3052
vn 0.0407 -0.8592 -0.5101
vn 0.2076 -0.9780 -0.0196
vn -0.9121 -0.3860 -0.1384
vn -0.0040 -0.5299 -0.8480
vn 0.0820 -0.7864 -0.6122
vn -0.8926 -0.4006 -0.2067
vn -0.7268 -0.0514 -0.6850
vn -0.9529 -0.0374 -0.3009
vn -0.9402 -0.2968 -0.1673
vn -0.5443 0.8193 -0.1804
vn -0.9106 -0.3842 -0.1523
vn -0.9783 -0.1994 -0.0568
vn -0.2989 -0.4645 -0.8336
vn -0.5484 -0.7279 -0.4116
vn -0.4046 -0.7930 -0.4555
vn -0.1831 -0.9831 -0.0056
vn -0.6035 -0.7973 0.0142
vn -0.6920 -0.7200 0.0519
vn 0.0817 -0.5437 -0.8353
vn -0.0898 -0.9947 -0.0507
vn -0.0287 -0.9691 0.2450
vn 0.5206 -0.5989 0.6085
vn -0.6113 -0.1529 0.7765
vn -0.5939 0.1953 0.7805
vn -0.8455 -0.1097 0.5225
vn -0.7225 -0.5497 0.4192
vn 0.7104 -0.6295 -0.3146
vn 0.3112 -0.9480 -0.0668
vn -0.1098 -0.9815 -0.1568
vn -0.2108 -0.9421 -0.2609
vn -0.1793 -0.6675 -0.7227
vn -0.3829 -0.8455 -0.3722
vn -0.2655 -0.9604 0.0848
vn -0.3320 -0.8372 0.4345
vn -0.6655 -0.7384 0.1087
vn -0.5089 -0.2397 0.8268
vn -0.5751 -0.6742 0.4633
vn 0.5904 0.1956 0.7831
vn 0.5072 -0.2343 0.8293
vn 0.2131 0.2202 0.9519
vn 0.6089 -0.1435 0.7801
vn 0.5497 -0.6880 0.4738
vn 0.6103 -0.7868 0.0918
vn 0.5955 -0.8033 0.0060
vn -0.8608 -0.5089 -0.0033
vn -0.8099 -0.5461 0.2139
vn -0.2126 0.2216 0.9517
vn 0.9993 -0.0023 -0.0373
vn 0.9348 0.1817 0.3051
vn 0.5921 0.0353 0.8051
vn 0.9527 -0.1504 0.2642
vn 0.6638 -0.3499 0.6610
vn 0.8341 -0.1197 0.5385
vn 0.5992 0.0074 0.8006
vn 0.4059 -0.2113 0.8892
vn -0.8409 -0.4975 -0.2131
vn -0.3873 -0.9217 -0.0217
vn -0.6015 -0.7947 0.0816
vn 0.3662 -0.8900 -0.2716
vn -0.9140 -0.3989 0.0740
vn -0.8961 -0.4335 0.0954
vn -0.8470 -0.5295 0.0470
vn 0.0178 -0.3088 0.9510
vn -0.0070 -0.1066 0.9943
vn -0.0162 -0.3097 0.9507
vn 0.0011 -0.7398 0.6728
vn 0.1327 -0.3646 0.9217
vn 0.0859 0.0969 0.9916
vn -0.1764 -0.1215 0.9768
vn -0.3827 -0.5097 0.7706
vn -0.5971 -0.5739 -0.5604
vn -0.9048 -0.2008 -0.3755
vn -0.1168 -0.6212 -0.7749
vn -0.1678 -0.6915 -0.7026
vn -0.9432 -0.3154 -0.1045
vn -0.4040 -0.4257 -0.8097
vn -0.1641 -0.7600 -0.6288
vn -0.6410 -0.7390 -0.2074
vn -0.7990 -0.3527 -0.4871
vn -0.3593 -0.2819 0.8896
vn -0.8488 -0.5101 -0.1391
vn 0.0060 -0.1673 -0.9859
vn -0.1212 0.0322 -0.9921
vn -0.6392 -0.4361 -0.6334
vn 0.0446 -0.4804 -0.8759
vn -0.2911 -0.6681 -0.6847
vn -0.1182 -0.7020 -0.7023
vn -0.2724 -0.7432 -0.6111
vn -0.9824 -0.0289 -0.1843
vn -0.9941 0.0297 -0.1041
vn -0.8859 -0.2567 0.3863
vn -0.3950 0.2848 -0.8734
vn -0.5184 0.5064 -0.6890
vn -0.6126 0.1052 0.7833
vn 0.5862 -0.7114 0.3876
vn -0.0280 -0.7711 0.6361
vn -0.9686 -0.2446 -0.0450
vn -0.8181 -0.3849 -0.4272
vn -0.4547 -0.7823 -0.4258
vn -0.6040 0.0923 -0.7916
vn -0.3915 0.3140 -0.8649
vn -0.9963 -0.0167 -0.0844
vn -0.0003 0.1455 0.9894
vn -0.1856 0.3116 0.9319
vn -0.3690 0.1420 0.9185
vn -0.1744 -0.0247 0.9844
vn -0.9753 -0.1456 0.1661
vn -0.6001 0.0073 0.7999
vn 0.5397 -0.8241 0.1721
vn 0.4068 0.7568 -0.5116
vn -0.3013 0.3601 -0.8829
vn -0.8116 -0.5833 0.0330
vn -0.1050 0.3144 -0.9435
vn -0.1967 0.8006 -0.5660
vn -0.9778 -0.1940 -0.0797
vn -0.2831 -0.3453 0.8948
vn -0.6001 -0.7127 0.3631
vn -0.0962 -0.5061 -0.8571
vn -0.2888 -0.4993 -0.8169
vn -0.7296 -0.6011 0.3262
vn -0.5572 -0.8084 0.1897
vn -0.0776 -0.9709 -0.2264
vn -0.5891 -0.7958 -0.1402
vn 0.2652 -0.3010 0.9160
vn -0.5880 -0.6737 0.4476
vn -0.9671 0.0465 -0.2501
vn -0.8105 -0.0014 -0.5858
vn -0.5619 -0.6413 -0.5225
vn -0.9817 -0.1882 -0.0279
vn -0.8240 0.0100 -0.5665
vn -0.4336 -0.5108 -0.7424
vn 0.8290 -0.4676 0.3069
vn 0.7825 -0.3081 0.5411
vn 0.8530 -0.3915 0.3450
vn -0.7640 -0.6362 -0.1072
vn -0.3392 -0.8471 0.4091
vn 0.9823 -0.1797 -0.0535
vn 0.4932 -0.7962 0.3504
vn -0.2411 -0.9588 -0.1506
vn -0.0044 -0.6045 -0.7966
vn 0.2311 -0.9607 -0.1537
vn -0.5214 -0.8454 -0.1154
vn 0.6419 0.0593 0.7645
vn 0.6108 -0.7881 0.0766
vn 0.1893 -0.6256 -0.7568
vn -0.4920 -0.3052 -0.8153
vn -0.3660 -0.4555 -0.8115
vn 0.0020 -0.5893 -0.8079
vn -0.6757 -0.5113 -0.5311
vn -0.9952 -0.0351 0.0917
vn -0.9977 0.0683 0.0030
vn -0.9991 -0.0121 -0.0399
vn -0.9904 0.1364 -0.0247
vn -0.9880 0.1480 0.0450
vn -0.9434 0.3081 0.1228
vn -0.9539 -0.2658 -0.1391
vn -0.2754 0.8276 0.4891
vn -0.5466 0.7976 0.2551
vn -0.7207 0.5803 0.3793
vn -0.9980 0.0560 -0.0288
vn -0.0748 -0.9690 0.2354
vn 0.1052 -0.7591 -0.6424
vn 0.3535 -0.7716 -0.5289
vn -0.0550 -0.9800 -0.1912
vn 0.0040 -0.9392 -0.3434
vn -0.1151 -0.4757 -0.8720
vn 0.2489 -0.7679 -0.5903
vn -0.3490 -0.7715 0.5320
vn 0.1757 -0.0264 0.9841
vn -0.9806 0.1567 0.1181
vn -0.9828 -0.0190 -0.1837
vn 0.4846 -0.6227 -0.6144
vn -0.4164 0.0846 -0.9052
vn -0.3984 0.2069 -0.8936
vn -0.3223 0.3979 -0.8589
vn -0.3243 0.0988 -0.9408
vn -0.7250 -0.6049 -0.3293
vn 0.8487 -0.4431 -0.2887
vn -0.3845 -0.7562 0.5295
vn -0.6058 -0.2339 0.7604
vn 0.4582 -0.0209 0.8886
vn -0.2666 0.7555 -0.5985
vn -0.8265 0.0567 -0.5600
vn -0.9906 0.1250 -0.0547
vn -0.6613 0.5982 -0.4527
vn 0.4974 -0.2988 -0.8145
vn 0.3639 -0.4614 -0.8091
vn 0.8022 -0.1493 -0.5781
vn 0.3439 -0.0066 -0.9390
vn 0.4301 0.0714 -0.8999
vn 0.2097 -0.0713 -0.9752
vn 0.4591 0.0286 -0.8879
vn 0.0129 0.4645 -0.8855
vn -0.1234 0.6572 -0.7435
vn -0.2187 0.6626 -0.7164
vn -0.3770 0.4118 -0.8296
vn -0.0820 0.4364 -0.8960
vn -0.2548 -0.5583 -0.7895
vn -0.3564 -0.2660 -0.8957
vn -0.2988 -0.0500 -0.9530
vn -0.5715 -0.0963 -0.8149
vn 0.2909 0.9535 0.0788
vn 0.1166 0.9513 0.2852
vn 0.2770 0.8280 0.4876
vn 0.5453 0.7981 0.2563
vn 0.9141 0.3815 -0.1373
vn -0.7416 0.0110 -0.6708
vn -0.0467 -0.1236 -0.9912
vn 0.4154 -0.0790 -0.9062
vn 0.2669 0.0393 -0.9629
vn -0.4886 0.1416 -0.8610
vn -0.0762 -0.2548 0.9640
vn 0.5116 -0.4705 0.7189
vn -0.3385 -0.1405 -0.9304
vn 0.3848 0.0142 -0.9229
vn 0.6451 -0.7388 -0.1951
vn 0.5770 -0.8018 -0.1556
vn 0.2563 -0.7391 -0.6229
vn 0.1548 -0.7665 -0.6233
vn -0.9399 -0.0315 -0.3401
vn -0.9403 0.0252 -0.3395
vn -0.9615 0.1853 -0.2030
vn -0.0002 0.5092 0.8607
vn 0.1823 0.3120 0.9324
vn 0.3272 0.4784 0.8149
vn 0.1355 0.7052 0.6959
vn -0.9921 0.1149 -0.0510
vn 0.9570 -0.2884 -0.0315
vn 0.9263 -0.3658 -0.0906
vn 0.9875 -0.1561 -0.0210
vn -0.0009 0.8722 0.4892
vn -0.1163 0.9520 0.2833
vn -0.1351 0.7046 0.6966
vn -0.7527 -0.2841 -0.5940
vn -0.8652 -0.1389 -0.4818
vn -0.9350 0.3348 -0.1171
vn -0.8392 0.5437 0.0143
vn -0.5426 0.8278 -0.1426
vn -0.2892 0.9542 0.0770
vn 0.9434 0.3078 0.1235
vn 0.8389 0.5442 0.0142
vn 0.7205 0.5824 0.3766
vn -0.9356 -0.2469 -0.2522
vn -0.7014 0.6048 -0.3773
vn -0.0000 0.9964 0.0852
vn -0.7822 0.3604 -0.5083
vn 0.9680 0.0477 -0.2465
vn 0.8209 -0.0117 -0.5710
vn 0.8766 -0.1050 -0.4696
vn 0.9549 -0.0116 -0.2967
vn 0.5849 -0.3134 0.7481
vn 0.8388 -0.0980 0.5355
vn 0.0829 -0.2609 0.9618
vn -0.1046 0.9828 -0.1522
vn 0.0978 0.9840 -0.1493
vn 0.0053 0.9006 -0.4346
vn -0.2423 0.8818 -0.4046
vn -0.7437 0.1361 -0.6545
vn -0.7233 0.1102 -0.6817
vn -0.0853 0.7025 -0.7065
vn 0.0844 0.7026 -0.7066
vn -0.0000 0.3959 -0.9183
vn -0.3817 0.1778 -0.9070
vn -0.2983 0.4731 -0.8290
vn 0.7832 0.3605 -0.5067
vn 0.3866 0.1770 -0.9051
vn 0.2989 0.4732 -0.8287
vn 0.9879 0.1483 0.0451
vn 0.9904 0.1351 -0.0289
vn -0.3986 0.7141 -0.5755
vn -0.1349 0.0265 -0.9905
vn 0.7290 0.0120 -0.6844
vn 0.3408 -0.1424 -0.9293
vn -0.0229 -0.2987 -0.9541
vn -0.0578 0.1528 -0.9866
vn -0.4462 -0.6135 -0.6515
vn -0.6463 -0.5210 -0.5575
vn -0.2794 -0.6229 -0.7307
vn -0.1952 -0.8553 -0.4800
vn -0.6939 -0.0826 -0.7153
vn -0.9569 -0.1751 -0.2316
vn 0.9353 -0.2336 -0.2658
vn 0.7218 0.1108 -0.6832
vn 0.7456 0.1323 -0.6531
vn 0.9446 -0.0297 -0.3269
vn 0.4013 -0.1455 -0.9043
vn 0.0219 -0.0373 -0.9991
vn -0.1264 0.1237 -0.9842
vn 0.2001 -0.5685 -0.7980
vn 0.4440 -0.6103 -0.6560
vn 0.0230 -0.2952 -0.9551
vn 0.0511 0.1589 -0.9860
vn -0.0095 -0.4054 -0.9141
vn -0.4035 -0.1450 -0.9034
vn 0.1334 0.0273 -0.9907
vn 0.1252 0.1234 -0.9844
vn -0.0170 -0.0375 -0.9992
vn 0.1222 -0.0084 -0.9925
vn -0.3167 -0.4879 -0.8134
vn -0.4482 -0.3081 -0.8392
vn 0.0102 -0.9360 -0.3519
vn -0.4852 -0.6767 -0.5537
vn -0.8634 -0.2599 -0.4324
vn -0.4798 -0.4939 -0.7252
vn 0.1058 -0.1307 -0.9858
vn 0.7570 -0.2843 -0.5883
vn -0.1070 -0.1286 -0.9859
vn 0.0177 -0.1871 -0.9822
vn -0.1717 -0.2048 -0.9636
vn -0.1690 -0.6283 -0.7594
vn -0.2887 -0.2231 -0.9311
vn 0.9312 -0.0626 -0.3590
vn 0.9825 0.0879 -0.1642
vn 0.9540 -0.1187 -0.2753
vn 0.8339 -0.4158 -0.3629
vn 0.1201 -0.0050 -0.9928
vn -0.0794 -0.4758 -0.8760
vn -0.1206 0.0973 -0.9879
vn -0.6831 0.0117 0.7302
vn 0.1399 0.2514 0.9577
vn 0.0069 0.0907 -0.9959
vn -0.2838 0.1765 -0.9425
vn 0.0017 0.3098 -0.9508
vn 0.2845 0.1760 -0.9424
vn 0.3333 0.2349 -0.9131
vn -0.3888 0.4463 -0.8060
vn 0.0103 -0.8806 -0.4737
vn 0.2506 -0.9634 0.0956
vn 0.9026 -0.2861 -0.3217
vn 0.9080 -0.0067 -0.4189
vn 0.2263 -0.9675 -0.1124
vn 0.1220 0.3507 -0.9285
vn 0.0152 0.0812 -0.9966
vn 0.3928 0.4481 -0.8031
vn 0.3272 0.3956 -0.8581
vn 0.3704 0.4887 -0.7899
vn 0.2859 0.1792 -0.9414
vn 0.3341 0.1298 -0.9335
vn 0.2089 0.6143 -0.7609
vn 0.1034 0.2606 -0.9599
vn -0.2360 0.0557 -0.9701
vn -0.1653 0.4561 -0.8745
vn -0.2142 -0.0582 -0.9751
vn -0.3625 0.4960 -0.7890
vn -0.2921 0.3168 -0.9024
vn -0.1098 0.5268 -0.8428
vn -0.2029 -0.8687 -0.4519
vn 0.3740 0.4119 -0.8309
vn 0.0763 0.4321 -0.8986
vn 0.2367 0.0538 -0.9701
vn -0.1245 0.3314 -0.9352
vn 0.1156 0.0611 -0.9914
vn 0.2875 0.3020 -0.9089
vn -0.0115 0.4654 -0.8850
vn 0.0924 0.3180 -0.9436
vn -0.4518 -0.1435 -0.8805
vn -0.8393 -0.0979 0.5348
vn -0.5869 -0.3194 0.7440
vn -0.2001 -0.3050 -0.9311
vn 0.0805 0.4548 -0.8869
vn 0.0010 0.3851 -0.9229
vn 0.1491 -0.4807 -0.8641
vn -0.0052 0.0102 -0.9999
vn -0.0984 0.2649 -0.9592
vn -0.0230 0.2322 -0.9724
vn 0.4908 0.0729 -0.8682
vn 0.9261 0.0616 -0.3722
vn 0.7590 0.4967 -0.4210
vn 0.0797 -0.4747 -0.8765
vn 0.4085 0.2057 -0.8893
vn -0.0870 0.4439 -0.8918
vn 0.0052 -0.0592 -0.9982
vn -0.2151 -0.2844 -0.9343
vn 0.4810 -0.4956 -0.7232
vn 0.0016 0.0697 -0.9976
vn -0.4413 -0.1842 -0.8782
vn -0.4320 -0.4231 -0.7965
vn -0.3140 -0.6456 -0.6962
vn 0.1130 -0.3185 -0.9412
vn 0.2790 -0.0668 -0.9580
vn 0.2404 -0.3093 -0.9201
vn -0.3369 -0.0056 -0.9415
vn -0.3025 -0.7092 -0.6369
vn -0.4809 -0.4004 -0.7800
vn -0.0923 -0.3284 -0.9400
vn 0.3145 -0.6375 -0.7033
vn 0.4310 -0.4238 -0.7966
vn 0.2193 -0.2655 -0.9388
vn -0.0013 -0.2659 -0.9640
vn 0.5787 0.6276 -0.5207
vn 0.8679 -0.2474 -0.4307
vn 0.5088 0.3690 -0.7778
vn -0.0248 -0.1096 -0.9937
vn 0.4781 -0.0240 -0.8780
vn 0.6332 0.3934 -0.6666
vn 0.4801 -0.6844 -0.5488
vn -0.2873 0.1717 -0.9423
vn -0.0042 -0.3726 -0.9280
vn 0.4767 -0.4198 -0.7723
vn 0.3384 -0.2671 -0.9023
vn 0.4488 -0.1837 -0.8746
vn -0.0037 0.6642 -0.7476
vn -0.5854 0.6256 -0.5158
vn -0.0036 0.7825 -0.6227
vn -0.8016 -0.1412 -0.5810
vn -0.8358 -0.4048 -0.3709
vn -0.0564 -0.9778 -0.2017
vn -0.4844 -0.6179 -0.6193
vn -0.5135 0.3657 -0.7762
vn 0.0112 0.1479 -0.9889
vn -0.9040 -0.2813 -0.3218
vn -0.2329 -0.9644 -0.1253
vn -0.9082 -0.0053 -0.4186
vn -0.6198 0.3949 -0.6781
vn -0.2237 0.0148 -0.9745
vn 0.0030 0.1228 -0.9924
vn -0.3403 -0.4286 -0.8370
vn 0.9057 -0.1634 -0.3912
vn 0.8733 -0.1712 -0.4561
vn 0.2145 -0.0618 -0.9748
vn 0.8335 0.0541 -0.5499
vn 0.2865 -0.2210 -0.9322
vn 0.9230 -0.3317 0.1951
vn -0.0167 -0.9799 0.1989
vn -0.9249 -0.3266 0.1945
vn -0.0024 -0.7352 0.6778
vn -0.6568 -0.2394 -0.7150
vn -0.8404 -0.1367 -0.5245
vn -0.9538 -0.1193 -0.2758
vn -0.9271 -0.0763 -0.3671
vn -0.8722 -0.1730 -0.4576
vn -0.9046 -0.1691 -0.3914
vn 0.7181 -0.3001 -0.6279
vn 0.8632 -0.4375 -0.2520
vn 0.0021 0.6631 -0.7485
vn 0.4004 0.1063 -0.9102
vn 0.5633 -0.8060 0.1818
vn 0.6626 -0.2414 -0.7090
vn 0.8409 -0.1360 -0.5238
vn 0.3700 -0.4918 -0.7882
vn 0.9652 -0.2527 -0.0680
vn -0.5610 -0.0174 0.8277
vn -0.9437 -0.0445 -0.3279
vn -0.1645 -0.5718 -0.8037
vn 0.1790 -0.3157 -0.9318
vn 0.9540 -0.0697 0.2916
vn 0.9931 -0.1070 0.0476
vn 0.3643 -0.4098 -0.8362
vn -0.0020 -0.6773 -0.7357
vn -0.1386 -0.6540 0.7437
vn 0.7515 -0.6017 0.2706
vn 0.4115 -0.9037 0.1182
vn -0.9490 -0.0715 0.3070
vn 0.8215 -0.1701 -0.5443
vn 0.0069 -0.9691 0.2466
vn -0.5009 -0.8120 0.2995
vn -0.0401 -0.6106 0.7909
vn -0.8094 -0.5870 0.0149
vn -0.0018 -0.9954 -0.0957
vn -0.7700 -0.6340 -0.0718
vn -0.9966 0.0819 -0.0096
vn -0.9974 0.0399 0.0597
vn -0.9930 -0.1097 0.0434
vn 0.0020 -0.2263 0.9741
vn -0.7462 0.6493 -0.1468
vn -0.7785 0.4880 0.3946
vn 0.0035 0.7472 0.6646
vn 0.7683 -0.6358 -0.0737
vn -0.0042 -0.9276 -0.3735
vn -0.7853 0.6133 0.0847
vn 0.6782 -0.0087 0.7349
vn 0.9347 0.3356 -0.1173
vn 0.7846 0.4624 0.4131
vn -0.0000 0.9244 0.3814
vn 0.8103 -0.5858 0.0136
vn -0.1581 -0.7791 -0.6067
vn -0.7233 -0.3058 -0.6191
vn 0.9440 -0.0417 -0.3272
vn 0.7431 0.6541 -0.1412
vn 0.0620 -0.9797 -0.1907
vn 0.9454 0.1871 0.2670
vn 0.9441 -0.2360 0.2302
vn 0.8266 0.1153 0.5509
vn 0.8781 0.2737 0.3925
vn -0.0100 0.9999 0.0047
vn 0.9959 0.0903 -0.0106
vn 0.7825 0.6153 0.0950
vn 0.7180 -0.0504 0.6942
vn 0.8921 0.0976 0.4413
vn 0.9149 -0.1175 0.3861
vn -0.1234 -0.0080 -0.9923
vn -0.4342 0.0795 -0.8973
vn -0.2104 -0.0738 -0.9748
vn 0.4392 -0.2863 -0.8515
vn 0.3998 0.7125 -0.5766
vn 0.2436 0.8824 -0.4025
vn 0.5458 0.8255 -0.1434
vn 0.7071 0.6013 -0.3719
vn -0.5114 -0.0159 -0.8592
vn -0.0044 -0.4108 -0.9117
vn -0.7589 0.4961 -0.4219
vn -0.9260 0.0621 -0.3723
vn -0.4980 0.0649 -0.8648
vn 0.4996 -0.8089 0.3099
vn -0.3543 -0.7670 -0.5349
vn -0.9525 -0.1508 0.2648
vn -0.5906 0.0349 0.8062
vn -0.9338 0.1824 0.3077
vn -0.9996 -0.0054 -0.0292
vn 0.0013 -0.4245 -0.9054
vn 0.2848 -0.4974 -0.8194
vn 0.0940 -0.5074 -0.8566
vn 0.7408 -0.6362 0.2155
vn 0.8626 -0.5057 -0.0140
vn 0.9501 -0.2959 -0.0991
vn 0.9428 -0.3188 -0.0974
vn 0.9361 -0.3204 0.1451
vn 0.0961 -0.9921 -0.0809
vn 0.9708 -0.2346 0.0496
vn 0.6484 -0.7037 -0.2904
vn 0.0949 -0.7325 -0.6741
vn 0.4286 -0.8822 -0.1952
vn 0.9975 -0.0048 0.0700
vn 0.6580 -0.7488 0.0796
vn -0.4555 -0.7040 -0.5449
vn -0.2070 -0.9781 -0.0208
vn -0.5318 -0.8307 0.1647
vn -0.6912 -0.6419 -0.3320
vn 0.2813 -0.3443 0.8957
vn -0.0832 0.1051 0.9910
vn 0.3560 -0.2791 0.8918
vn 0.5992 -0.7142 0.3617
vn 0.8383 -0.5028 -0.2109
vn 0.5518 -0.7279 -0.4070
vn 0.9139 -0.3852 -0.1279
vn 0.8988 -0.4112 -0.1522
vn 0.9465 -0.3130 -0.0789
vn 0.9278 -0.3605 -0.0965
vn 0.9530 0.2912 0.0840
vn 0.9833 0.1791 0.0323
vn 0.4086 -0.7950 -0.4484
vn -0.3377 -0.4773 -0.8113
vn 0.7258 -0.6782 0.1154
vn 0.8789 -0.4730 0.0619
vn 0.4144 -0.8935 0.1729
vn 0.9209 -0.3513 -0.1689
vn -0.3885 -0.9213 0.0168
vn 0.9843 -0.1380 -0.1096
vn 0.9871 -0.1457 -0.0657
vn 0.9783 -0.1897 -0.0832
vn 0.7296 -0.6017 0.3251
vn 0.9120 -0.3873 -0.1349
vn 0.7586 0.0973 0.6443
vn 0.9125 -0.0231 0.4084
vn 0.9954 -0.0167 0.0947
vn 0.9750 -0.2203 -0.0277
vn 0.6333 -0.4453 -0.6329
vn 0.9145 -0.3256 0.2402
vn 0.0596 0.8085 0.5854
vn 0.9196 0.2613 0.2932
vn 0.9898 -0.1332 0.0511
vn 0.9401 -0.2574 0.2236
vn -0.0471 -0.7774 -0.6272
vn 0.8632 -0.5049 -0.0012
vn 0.6979 -0.7139 0.0564
vn 0.8140 -0.5418 0.2095
vn 0.8022 -0.5959 0.0369
vn 0.8007 -0.3375 -0.4949
vn 0.9819 -0.1839 0.0458
vn 0.6028 -0.5666 -0.5617
vn 0.3304 -0.4442 -0.8328
vn 0.9046 -0.2070 -0.3727
vn 0.8720 -0.2807 -0.4011
vn -0.5011 -0.7927 0.3472
vn 0.3319 -0.8434 0.4225
vn 0.1796 -0.9837 -0.0026
vn 0.9101 -0.3874 -0.1471
vn 0.7222 -0.5490 0.4207
vn 0.8443 -0.1098 0.5244
vn 0.3808 -0.9243 -0.0257
vn -0.3711 -0.8867 -0.2759
vn 0.4541 -0.8906 0.0236
vn 0.2899 -0.9079 -0.3029
vn 0.2180 -0.6825 -0.6977
vn 0.6069 -0.7308 0.3125
vn 0.3361 -0.7214 -0.6054
vn 0.4537 -0.7823 -0.4268
vn 0.7068 -0.4474 -0.5480
vn 0.7401 -0.0045 -0.6724
vn 0.8136 -0.3350 -0.4753
vn 0.1955 -0.1169 0.9737
vn 0.9938 0.0287 -0.1078
vn 0.9825 -0.0292 -0.1841
vn 0.8860 -0.2586 0.3850
vn -0.2744 -0.2961 0.9149
vn -0.0935 -0.3750 0.9223
vn 0.1129 -0.6254 -0.7721
vn 0.1781 -0.6989 -0.6927
vn 0.6040 -0.2417 0.7594
vn 0.6669 -0.7384 0.0997
vn 0.8563 -0.5151 -0.0371
vn 0.9454 -0.3079 -0.1065
vn 0.6091 -0.7245 -0.3227
vn 0.6426 -0.7214 -0.2580
vn 0.2878 -0.6730 -0.6814
vn 0.8500 -0.5055 -0.1484
vn 0.8490 -0.5267 0.0417
vn 0.6747 -0.5105 -0.5331
vn 0.7528 -0.6508 -0.0986
vn 0.8859 -0.4068 -0.2229
vn 0.3623 -0.7413 0.5650
vn 0.1367 -0.6932 -0.7077
vn 0.5616 -0.6420 -0.5220
vn -0.5069 -0.4711 0.7219
vn 0.4382 0.6407 0.6305
vn 0.6034 0.7824 -0.1542
vn 0.9773 -0.2049 -0.0536
vn 0.9490 -0.0239 -0.3144
vn 0.9403 -0.2937 -0.1719
vn 0.9754 -0.1436 0.1673
vn -0.5740 -0.7150 0.3992
vn 0.0259 -0.7718 0.6353
vn 0.9965 -0.0166 -0.0822
vn 0.0776 -0.7266 0.6827
vn -0.3243 -0.6541 0.6834
vn -0.1238 -0.8837 0.4514
vn 0.7258 -0.0487 -0.6862
vn 0.2133 0.8072 -0.5504
vn 0.5671 0.4706 -0.6760
vn 0.0103 -0.5387 -0.8425
vn 0.0757 -0.9685 0.2373
vn 0.7155 -0.6239 -0.3142
vn 0.8983 -0.3162 -0.3050
vn -0.9811 0.0904 -0.1709
vn 0.3839 -0.5097 0.7700
vn 0.5896 -0.6752 0.4433
vn -0.9833 -0.1744 -0.0514
vn 0.6053 0.1092 0.7884
vn 0.2118 -0.9423 -0.2592
vn 0.3934 0.2848 -0.8741
vn 0.4382 -0.5087 -0.7411
vn 0.3421 -0.8457 0.4096
vn 0.3593 -0.7620 0.5387
vn -0.3274 0.2423 -0.9133
vn -0.1201 -0.0040 -0.9928
vn -0.6409 0.0605 0.7652
vn 0.8962 -0.4344 0.0901
vn 0.9189 -0.3873 0.0748
vn 0.3857 -0.8459 -0.3683
vn 0.9980 0.0561 -0.0281
vn 0.9991 -0.0115 -0.0405
vn 0.9951 -0.0358 0.0924
vn 0.9977 0.0682 0.0031
vn 0.1691 -0.8669 -0.4689
vn 0.9486 -0.2878 -0.1318
vn 0.3691 0.1407 0.9187
vn 0.5500 0.2618 0.7931
vn 0.5242 -0.8438 -0.1154
vn 0.9637 0.0656 0.2586
vn -0.0082 -0.1659 -0.9861
vn -0.0457 -0.4788 -0.8767
vn 0.9918 0.1170 -0.0518
vn 0.9606 0.1898 -0.2028
vn 0.3946 -0.4079 -0.8234
vn 0.2460 0.3647 -0.8981
vn 0.3764 0.3003 -0.8764
vn 0.5993 0.0992 -0.7943
vn 0.9822 -0.0192 -0.1871
vn 0.7604 -0.5768 -0.2985
vn 0.9996 0.0179 -0.0224
vn -0.4080 0.7609 -0.5045
vn 0.9583 -0.2449 -0.1472
vn 0.9914 0.1213 0.0487
vn 0.2161 0.6641 -0.7158
vn 0.0402 -0.1336 -0.9902
vn 0.5723 -0.0953 -0.8145
vn -0.4607 -0.0191 0.8874
vn -0.9148 0.3816 -0.1326
vn -0.8493 -0.4459 -0.2827
vn -0.3923 0.0209 -0.9196
vn 0.8961 0.2092 0.3915
vn 0.9808 0.1570 0.1159
vn 0.6564 -0.5149 -0.5513
vn 0.6933 -0.0807 -0.7161
vn 0.9558 -0.1991 -0.2163
vn 0.7156 0.3883 0.5806
vn 0.2990 -0.4869 -0.8207
vn 0.2753 -0.6120 -0.7414
vn 0.1967 -0.8545 -0.4807
vn -0.0171 -0.1849 -0.9826
vn 0.1703 -0.2007 -0.9647
vn 0.1195 0.0965 -0.9881
vn 0.1777 -0.6107 -0.7716
vn 0.0519 -0.0925 -0.9944
vn 0.6457 0.6143 -0.4535
vn 0.2649 0.7560 -0.5986
vn -0.3389 0.1231 -0.9327
vn 0.1225 0.6578 -0.7432
vn -0.4549 0.0351 -0.8899
vn 0.1621 0.4563 -0.8749
vn -0.2314 0.6036 -0.7629
vn 0.1092 0.5280 -0.8422
vn 0.4514 -0.1424 -0.8809
vn 0.4155 0.0854 -0.9056
vn 0.3245 0.0983 -0.9408
vn -0.1563 -0.4718 -0.8677
vn 0.5768 -0.0235 0.8165
vn 0.3029 -0.7132 -0.6322
vn -0.3706 -0.4926 -0.7874
vn -0.1408 0.2434 0.9597
vn -0.2006 -0.2813 -0.9384
vn -0.8222 -0.1324 -0.5536
vn -0.9645 -0.2554 -0.0666
vn -0.4121 -0.9026 0.1246
vn -0.7541 -0.5914 0.2855
vn -0.8632 -0.4422 -0.2437
vn 0.9970 0.0436 0.0633
vn 0.1469 -0.6496 0.7459
vn -0.6137 -0.1668 -0.7718
vt 0.252400 0.721200
vt 0.230900 0.700200
vt 0.252400 0.687800
vt 0.273900 0.700200
vt 0.328600 0.823900
vt 0.169700 0.690600
vt 0.152300 0.702700
vt 0.132100 0.694100
vt 0.207800 0.701000
vt 0.186600 0.711600
vt 0.187100 0.699000
vt 0.164000 0.752100
vt 0.146800 0.746500
vt 0.159300 0.728100
vt 0.177100 0.732300
vt 0.294200 0.819700
vt 0.148900 0.685400
vt 0.310700 0.832500
vt 0.116800 0.707600
vt 0.138400 0.721600
vt 0.130000 0.745700
vt 0.107000 0.733000
vt 0.208700 0.689100
vt 0.074300 0.742700
vt 0.082400 0.713700
vt 0.102700 0.768300
vt 0.309100 0.897900
vt 0.323900 0.897100
vt 0.355100 0.907900
vt 0.185400 0.722200
vt 0.067200 0.785600
vt 0.045700 0.780200
vt 0.052800 0.746600
vt 0.170700 0.710200
vt 0.372800 0.914600
vt 0.385800 0.908900
vt 0.398500 0.937100
vt 0.297800 0.830800
vt 0.186300 0.682000
vt 0.294400 0.715300
vt 0.275600 0.722400
vt 0.297100 0.701000
vt 0.098700 0.702000
vt 0.088900 0.785200
vt 0.360400 0.866800
vt 0.342700 0.840000
vt 0.111300 0.691100
vt 0.377000 0.851200
vt 0.345500 0.886300
vt 0.329700 0.857700
vt 0.059800 0.720800
vt 0.064200 0.706500
vt 0.395500 0.840700
vt 0.385400 0.952800
vt 0.386500 0.962100
vt 0.083200 0.806500
vt 0.098300 0.793100
vt 0.050000 0.730400
vt 0.398100 0.959500
vt 0.082800 0.813300
vt 0.363400 0.889400
vt 0.121900 0.764400
vt 0.134600 0.759900
vt 0.047800 0.792700
vt 0.437200 0.936700
vt 0.441400 0.954500
vt 0.031700 0.793800
vt 0.374300 0.938900
vt 0.424600 0.854900
vt 0.279000 0.875100
vt 0.281200 0.888100
vt 0.265100 0.876800
vt 0.422500 0.945300
vt 0.451500 0.930100
vt 0.017000 0.798200
vt 0.008900 0.808600
vt 0.451400 0.941100
vt 0.183300 0.896500
vt 0.311300 0.747800
vt 0.327700 0.732400
vt 0.340800 0.752200
vt 0.411400 0.919200
vt 0.070900 0.809400
vt 0.263400 0.853000
vt 0.364500 0.832900
vt 0.079400 0.697800
vt 0.030800 0.773900
vt 0.414000 0.893300
vt 0.437100 0.919300
vt 0.431000 0.886300
vt 0.419400 0.874900
vt 0.041300 0.741000
vt 0.374800 0.745800
vt 0.397800 0.733200
vt 0.402100 0.768500
vt 0.123600 0.907800
vt 0.397500 0.895200
vt 0.250400 0.852300
vt 0.190200 0.731300
vt 0.193500 0.747700
vt 0.458200 0.957000
vt 0.020700 0.808700
vt 0.032100 0.808000
vt 0.452000 0.951800
vt 0.213800 0.755400
vt 0.252900 0.888900
vt 0.017400 0.784600
vt 0.228300 0.852300
vt 0.239400 0.828900
vt 0.239400 0.875400
vt 0.407800 0.855900
vt 0.395900 0.877200
vt 0.252400 0.748100
vt 0.225800 0.888900
vt 0.215700 0.829600
vt 0.275000 0.680900
vt 0.320900 0.877200
vt 0.307600 0.875400
vt 0.315700 0.855200
vt 0.380400 0.893000
vt 0.322100 0.888800
vt 0.166100 0.761600
vt 0.295200 0.887500
vt 0.013800 0.814700
vt 0.378100 0.878200
vt 0.154900 0.897100
vt 0.358000 0.746600
vt 0.137000 0.899700
vt 0.288700 0.851500
vt 0.274600 0.829200
vt 0.732700 0.978900
vt 0.960400 0.745100
vt 0.753400 0.979900
vt 0.748900 0.985900
vt 0.318300 0.711700
vt 0.317800 0.699000
vt 0.273600 0.740800
vt 0.204100 0.829200
vt 0.221600 0.818300
vt 0.257200 0.818300
vt 0.183600 0.887500
vt 0.171200 0.875400
vt 0.190100 0.851500
vt 0.199700 0.875100
vt 0.213700 0.876700
vt 0.170300 0.889000
vt 0.157800 0.877200
vt 0.462000 0.950300
vt 0.048500 0.708800
vt 0.345600 0.728200
vt 0.366400 0.721700
vt 0.331600 0.888300
vt 0.341800 0.899800
vt 0.151300 0.763300
vt 0.388000 0.707700
vt 0.352500 0.702800
vt 0.372800 0.694300
vt 0.229900 0.680800
vt 0.196100 0.717100
vt 0.197500 0.712900
vt 0.202200 0.715200
vt 0.198800 0.719900
vt 0.026700 0.951800
vt 0.495900 0.808800
vt 0.027300 0.941100
vt 0.180700 0.760500
vt 0.295500 0.896600
vt 0.229300 0.722400
vt 0.231200 0.740800
vt 0.206500 0.727500
vt 0.192400 0.718400
vt 0.191700 0.713000
vt 0.203000 0.852100
vt 0.193400 0.724600
vt 0.268300 0.897200
vt 0.291000 0.755500
vt 0.239400 0.898500
vt 0.356000 0.685500
vt 0.136000 0.840000
vt 0.114200 0.832900
vt 0.334100 0.710300
vt 0.324100 0.760600
vt 0.197500 0.888100
vt 0.826500 0.679200
vt 0.817900 0.681000
vt 0.822900 0.665700
vt 0.296200 0.689100
vt 0.184500 0.819700
vt 0.335200 0.690700
vt 0.856200 0.905800
vt 0.867600 0.904300
vt 0.808600 0.680800
vt 0.858500 0.898700
vt 0.866500 0.898200
vt 0.168000 0.832500
vt 0.150100 0.823900
vt 0.406100 0.702100
vt 0.092900 0.908900
vt 0.105900 0.914600
vt 0.080200 0.937100
vt 0.422500 0.713900
vt 0.430500 0.742900
vt 0.457000 0.792800
vt 0.080500 0.959500
vt 0.437600 0.785800
vt 0.452100 0.746700
vt 0.459200 0.780400
vt 0.310300 0.721900
vt 0.315100 0.719400
vt 0.314600 0.731400
vt 0.304200 0.722000
vt 0.440600 0.706700
vt 0.445000 0.721000
vt 0.133200 0.886300
vt 0.115300 0.889400
vt 0.118300 0.866800
vt 0.101800 0.851200
vt 0.393600 0.691300
vt 0.406600 0.793300
vt 0.027300 0.930200
vt 0.474100 0.774000
vt 0.463600 0.741200
vt 0.041600 0.919300
vt 0.083200 0.840700
vt 0.421600 0.806700
vt 0.422100 0.813500
vt 0.093300 0.952800
vt 0.104400 0.939000
vt 0.163100 0.855200
vt 0.149100 0.857700
vt 0.415900 0.785400
vt 0.855300 0.901600
vt 0.853700 0.904900
vt 0.370200 0.760100
vt 0.382700 0.764800
vt 0.041500 0.936600
vt 0.056200 0.945300
vt 0.473200 0.794000
vt 0.472700 0.808200
vt 0.434000 0.809600
vt 0.054100 0.854900
vt 0.454900 0.730500
vt 0.092200 0.962100
vt 0.020400 0.957000
vt 0.484100 0.808900
vt 0.487800 0.798300
vt 0.016600 0.950300
vt 0.064700 0.893300
vt 0.067300 0.919200
vt 0.487500 0.784800
vt 0.059300 0.874900
vt 0.081200 0.895200
vt 0.098400 0.893000
vt 0.082800 0.877200
vt 0.070900 0.855900
vt 0.425400 0.698000
vt 0.047700 0.886200
vt 0.180900 0.830800
vt 0.318600 0.682100
vt 0.100600 0.878200
vt 0.037300 0.954500
vt 0.802400 0.651200
vt 0.823700 0.651100
vt 0.147100 0.888300
vt 0.491000 0.815000
vt 0.456300 0.709000
vt 0.353500 0.763400
vt 0.884000 0.899800
vt 0.831200 0.660100
vt 0.305300 0.710200
vt 0.305200 0.715900
vt 0.298300 0.727600
vt 0.308700 0.717100
vt 0.311500 0.714400
vt 0.210400 0.897300
vt 0.973000 0.746600
vt 0.723200 0.970200
vt 0.978700 0.699100
vt 0.983100 0.753300
vt 0.884200 0.905000
vt 0.875600 0.749500
vt 0.766700 0.836400
vt 0.773000 0.829100
vt 0.786600 0.843200
vt 0.971800 0.758500
vt 0.961000 0.752000
vt 0.751200 0.973100
vt 0.877000 0.898800
vt 0.970800 0.762800
vt 0.723500 0.986000
vt 0.899100 0.871600
vt 0.783600 0.739100
vt 0.960800 0.975500
vt 0.779500 0.761000
vt 0.697700 0.894200
vt 0.690800 0.897900
vt 0.685800 0.891200
vt 0.695000 0.882100
vt 0.957100 0.753800
vt 0.957300 0.751300
vt 0.895200 0.758600
vt 0.902100 0.745500
vt 0.905400 0.975300
vt 0.798000 0.826700
vt 0.683300 0.891600
vt 0.687600 0.897300
vt 0.986600 0.742000
vt 0.678400 0.882700
vt 0.952800 0.862400
vt 0.948800 0.869400
vt 0.673800 0.880300
vt 0.864300 0.710700
vt 0.858100 0.719800
vt 0.854000 0.709600
vt 0.866400 0.698900
vt 0.863500 0.962500
vt 0.977200 0.672100
vt 0.871900 0.755500
vt 0.673600 0.886300
vt 0.675400 0.884800
vt 0.678900 0.890100
vt 0.673400 0.883100
vt 0.670600 0.879700
vt 0.670500 0.879400
vt 0.672100 0.881100
vt 0.681300 0.894000
vt 0.627700 0.845500
vt 0.614400 0.828900
vt 0.782300 0.876100
vt 0.637500 0.827700
vt 0.810000 0.723400
vt 0.801800 0.727200
vt 0.804900 0.725500
vt 0.702100 0.883300
vt 0.672300 0.883800
vt 0.672100 0.883400
vt 0.687100 0.898200
vt 0.671800 0.878900
vt 0.670100 0.878400
vt 0.671600 0.887800
vt 0.676700 0.892700
vt 0.958400 0.876200
vt 0.689100 0.898200
vt 0.802100 0.717900
vt 0.800700 0.726100
vt 0.799400 0.726700
vt 0.795900 0.722200
vt 0.671100 0.884400
vt 0.672800 0.877400
vt 0.791700 0.714700
vt 0.798400 0.717700
vt 0.960300 0.868400
vt 0.687900 0.871200
vt 0.845700 0.721600
vt 0.967900 0.663300
vt 0.947900 0.666800
vt 0.789300 0.697900
vt 0.796100 0.704000
vt 0.971600 0.872100
vt 0.801000 0.704800
vt 0.805000 0.719100
vt 0.968500 0.652300
vt 0.964500 0.861900
vt 0.818000 0.712100
vt 0.809700 0.706800
vt 0.797900 0.714300
vt 0.802400 0.693700
vt 0.668700 0.882600
vt 0.960800 0.862000
vt 0.968600 0.648000
vt 0.961400 0.648700
vt 0.965500 0.674200
vt 0.834600 0.696500
vt 0.768800 0.914500
vt 0.596900 0.892500
vt 0.780000 0.917000
vt 0.615700 0.849400
vt 0.600300 0.842600
vt 0.667400 0.879500
vt 0.958500 0.861900
vt 0.913000 0.894200
vt 0.909000 0.900700
vt 0.910700 0.894200
vt 0.625900 0.856600
vt 0.669200 0.879900
vt 0.853400 0.723100
vt 0.973200 0.650600
vt 0.809400 0.767100
vt 0.813500 0.760800
vt 0.866800 0.871300
vt 0.670600 0.881800
vt 0.956300 0.861900
vt 0.677200 0.875700
vt 0.976900 0.669200
vt 0.618300 0.860800
vt 0.527800 0.867200
vt 0.977600 0.661900
vt 0.972700 0.655900
vt 0.976300 0.653600
vt 0.536200 0.885000
vt 0.970700 0.670200
vt 0.528100 0.887500
vt 0.529600 0.890500
vt 0.523800 0.892500
vt 0.635600 0.853400
vt 0.535900 0.889600
vt 0.536100 0.887400
vt 0.520300 0.885300
vt 0.505900 0.894000
vt 0.508400 0.872100
vt 0.535300 0.886200
vt 0.625300 0.862500
vt 0.534700 0.887500
vt 0.633100 0.859200
vt 0.528300 0.904000
vt 0.630800 0.860500
vt 0.529700 0.878500
vt 0.534400 0.885800
vt 0.520900 0.813400
vt 0.532400 0.799200
vt 0.739600 0.877600
vt 0.535900 0.823600
vt 0.514200 0.823900
vt 0.738000 0.723100
vt 0.506800 0.824500
vt 0.733000 0.714200
vt 0.536100 0.882600
vt 0.740100 0.695100
vt 0.748400 0.886500
vt 0.509200 0.813100
vt 0.506800 0.822000
vt 0.601900 0.884100
vt 0.617400 0.885300
vt 0.766700 0.906300
vt 0.749700 0.727500
vt 0.750300 0.719100
vt 0.766400 0.713400
vt 0.526800 0.846700
vt 0.746900 0.727800
vt 0.754500 0.695500
vt 0.728200 0.701300
vt 0.789100 0.923100
vt 0.625400 0.879600
vt 0.778500 0.923100
vt 0.741900 0.709200
vt 0.770700 0.986500
vt 0.841000 0.940000
vt 0.837800 0.934300
vt 0.786900 0.979300
vt 0.737300 0.695600
vt 0.735200 0.701800
vt 0.742800 0.724900
vt 0.771000 0.921600
vt 0.606900 0.877600
vt 0.625200 0.909100
vt 0.796700 0.917000
vt 0.737700 0.700100
vt 0.739500 0.709000
vt 0.505700 0.822200
vt 0.512000 0.842200
vt 0.740500 0.716700
vt 0.507300 0.833300
vt 0.742500 0.715800
vt 0.743900 0.719100
vt 0.745200 0.718700
vt 0.746500 0.726800
vt 0.931700 0.972000
vt 0.815400 0.942500
vt 0.826700 0.947600
vt 0.631200 0.889300
vt 0.795200 0.904100
vt 0.796200 0.922400
vt 0.767900 0.918300
vt 0.766500 0.915200
vt 0.796400 0.970700
vt 0.825300 0.935800
vt 0.813600 0.753200
vt 0.841400 0.943300
vt 0.766300 0.979900
vt 0.811900 0.931300
vt 0.768900 0.973700
vt 0.796000 0.986500
vt 0.827700 0.952000
vt 0.811300 0.755700
vt 0.795900 0.752000
vt 0.868400 0.863300
vt 0.837200 0.941100
vt 0.723500 0.831300
vt 0.969100 0.901000
vt 0.844300 0.806100
vt 0.837500 0.793000
vt 0.621900 0.921200
vt 0.627900 0.930000
vt 0.617700 0.931100
vt 0.627100 0.969200
vt 0.622900 0.978600
vt 0.620400 0.978400
vt 0.734800 0.847900
vt 0.748400 0.833800
vt 0.754700 0.841100
vt 0.817500 0.802200
vt 0.916400 0.894700
vt 0.920400 0.901700
vt 0.814200 0.795900
vt 0.631500 0.966200
vt 0.974400 0.609500
vt 0.630200 0.941700
vt 0.957200 0.697000
vt 0.627500 0.961900
vt 0.632300 0.969000
vt 0.630400 0.971000
vt 0.610500 0.970200
vt 0.627300 0.976800
vt 0.625100 0.981000
vt 0.884500 0.632300
vt 0.620000 0.985300
vt 0.879800 0.630100
vt 0.619000 0.984300
vt 0.634700 0.964800
vt 0.634600 0.965200
vt 0.633400 0.966800
vt 0.633400 0.964500
vt 0.635000 0.963800
vt 0.632400 0.972300
vt 0.868600 0.621600
vt 0.629900 0.979300
vt 0.633600 0.969200
vt 0.633500 0.969500
vt 0.671600 0.739700
vt 0.827400 0.837400
vt 0.694700 0.740900
vt 0.681400 0.757500
vt 0.615500 0.985000
vt 0.609000 0.982100
vt 0.891200 0.625300
vt 0.892900 0.629000
vt 0.947900 0.705600
vt 0.952700 0.712600
vt 0.948700 0.716400
vt 0.617400 0.985400
vt 0.632100 0.963100
vt 0.873800 0.629200
vt 0.898200 0.623000
vt 0.603500 0.972200
vt 0.609700 0.919100
vt 0.910900 0.908500
vt 0.887700 0.625300
vt 0.890000 0.633800
vt 0.888600 0.633100
vt 0.872900 0.619100
vt 0.881000 0.614300
vt 0.884900 0.626300
vt 0.904800 0.894200
vt 0.897700 0.904400
vt 0.892000 0.622100
vt 0.894600 0.612300
vt 0.889700 0.612800
vt 0.901800 0.606700
vt 0.941800 0.720200
vt 0.949000 0.720700
vt 0.887000 0.634300
vt 0.600800 0.965500
vt 0.637000 0.967900
vt 0.927900 0.702400
vt 0.708600 0.754600
vt 0.693400 0.761200
vt 0.598100 0.944100
vt 0.945400 0.694800
vt 0.608500 0.703100
vt 0.630000 0.698000
vt 0.623100 0.713500
vt 0.701200 0.846700
vt 0.927900 0.831500
vt 0.911300 0.831600
vt 0.908500 0.894200
vt 0.869000 0.608400
vt 0.953600 0.718000
vt 0.637800 0.964500
vt 0.636100 0.965200
vt 0.634700 0.973700
vt 0.865500 0.614800
vt 0.634700 0.970100
vt 0.634900 0.967300
vt 0.863900 0.610800
vt 0.621900 0.730400
vt 0.624500 0.730100
vt 0.691100 0.772300
vt 0.625700 0.729100
vt 0.681700 0.773500
vt 0.813700 0.759400
vt 0.813800 0.760300
vt 0.630400 0.716500
vt 0.629200 0.722400
vt 0.626300 0.720900
vt 0.683500 0.768200
vt 0.950600 0.698700
vt 0.643000 0.719200
vt 0.673800 0.765400
vt 0.629500 0.729200
vt 0.627000 0.729700
vt 0.957600 0.707000
vt 0.956800 0.699900
vt 0.956200 0.714800
vt 0.676300 0.771100
vt 0.605200 0.723200
vt 0.689800 0.699900
vt 0.695400 0.694700
vt 0.698200 0.695700
vt 0.698000 0.696800
vt 0.626900 0.728100
vt 0.625100 0.728000
vt 0.617200 0.724100
vt 0.839900 0.629100
vt 0.700800 0.704000
vt 0.834800 0.635100
vt 0.702700 0.770700
vt 0.684800 0.774300
vt 0.676500 0.722800
vt 0.682900 0.958500
vt 0.823900 0.602900
vt 0.810700 0.621300
vt 0.674200 0.967400
vt 0.838700 0.603200
vt 0.690600 0.711300
vt 0.836000 0.617100
vt 0.701100 0.726200
vt 0.850100 0.610900
vt 0.843400 0.622000
vt 0.843000 0.610500
vt 0.832600 0.635600
vt 0.841500 0.604000
vt 0.833100 0.626100
vt 0.828200 0.627100
vt 0.836900 0.624000
vt 0.840700 0.608500
vt 0.835300 0.623300
vt 0.836000 0.631700
vt 0.834300 0.626400
vt 0.838200 0.616900
vt 0.832800 0.634300
vt 0.670800 0.699900
vt 0.861000 0.665200
vt 0.939600 0.763000
vt 0.928100 0.755100
vt 0.942500 0.740800
vt 0.790100 0.757800
vt 0.832800 0.973400
vt 0.814200 0.974100
vt 0.895100 0.695800
vt 0.809000 0.762000
vt 0.870500 0.878900
vt 0.634100 0.967100
vt 0.617400 0.917900
vt 0.832400 0.980100
vt 0.839000 0.973000
vt 0.671300 0.881500
vt 0.690700 0.853800
vt 0.909000 0.840900
vt 0.668300 0.857800
vt 0.907800 0.846500
vt 0.925100 0.846200
vt 0.670900 0.841100
vt 0.838300 0.970700
vt 0.783100 0.755100
vt 0.902800 0.863900
vt 0.812600 0.759700
vt 0.910200 0.718000
vt 0.864100 0.937600
vt 0.902300 0.720600
vt 0.885000 0.695900
vt 0.883500 0.701000
vt 0.884400 0.695500
vt 0.820400 0.982200
vt 0.885800 0.695300
vt 0.896000 0.704900
vt 0.630500 0.763500
vt 0.629200 0.741500
vt 0.912900 0.796300
vt 0.644600 0.748000
vt 0.892400 0.708800
vt 0.899600 0.718200
vt 0.886800 0.699900
vt 0.889900 0.718300
vt 0.839500 0.972700
vt 0.789200 0.800300
vt 0.797100 0.808200
vt 0.953300 0.831300
vt 0.768200 0.798800
vt 0.917500 0.842700
vt 0.871400 0.674200
vt 0.921600 0.822600
vt 0.562000 0.827700
vt 0.571800 0.830800
vt 0.647300 0.768400
vt 0.553900 0.842100
vt 0.985600 0.832000
vt 0.770800 0.784900
vt 0.907200 0.927600
vt 0.880900 0.649200
vt 0.767400 0.791300
vt 0.767400 0.791900
vt 0.770800 0.794800
vt 0.768700 0.791200
vt 0.771700 0.788200
vt 0.728900 0.951100
vt 0.745600 0.951200
vt 0.739200 0.960100
vt 0.548100 0.828600
vt 0.570600 0.845000
vt 0.632700 0.772500
vt 0.625600 0.771600
vt 0.624300 0.761600
vt 0.558600 0.954100
vt 0.547600 0.957500
vt 0.759200 0.758700
vt 0.568400 0.928800
vt 0.983900 0.824100
vt 0.787000 0.792400
vt 0.626000 0.775600
vt 0.744000 0.766500
vt 0.735100 0.758000
vt 0.741400 0.740300
vt 0.746200 0.755700
vt 0.549800 0.818800
vt 0.921100 0.785900
vt 0.553800 0.824100
vt 0.549600 0.810600
vt 0.549400 0.821100
vt 0.563900 0.819600
vt 0.604700 0.767500
vt 0.611600 0.742400
vt 0.572900 0.817400
vt 0.576100 0.824300
vt 0.568600 0.824800
vt 0.620100 0.772500
vt 0.570200 0.803700
vt 0.553700 0.821400
vt 0.562800 0.821900
vt 0.767800 0.790500
vt 0.861000 0.984500
vt 0.804000 0.787000
vt 0.750500 0.767100
vt 0.751700 0.743200
vt 0.577100 0.940000
vt 0.781900 0.949400
vt 0.833300 0.763600
vt 0.843100 0.758400
vt 0.831100 0.767900
vt 0.882400 0.827400
vt 0.892700 0.831300
vt 0.918900 0.651600
vt 0.864000 0.839100
vt 0.582900 0.958500
vt 0.788200 0.937100
vt 0.582700 0.952800
vt 0.572500 0.951300
vt 0.561500 0.978500
vt 0.582700 0.968700
vt 0.723100 0.739900
vt 0.573600 0.956600
vt 0.560600 0.961300
vt 0.560800 0.964600
vt 0.553700 0.961500
vt 0.581900 0.990300
vt 0.552500 0.970200
vt 0.747300 0.770900
vt 0.549000 0.975700
vt 0.930500 0.656600
vt 0.907900 0.662000
vt 0.930100 0.652600
vt 0.931500 0.650300
vt 0.937000 0.660200
vt 0.935700 0.655000
vt 0.894900 0.828500
vt 0.962000 0.924900
vt 0.900200 0.672800
vt 0.895400 0.829700
vt 0.933000 0.652800
vt 0.933400 0.654300
vt 0.883000 0.840600
vt 0.897500 0.654500
vt 0.934500 0.653600
vt 0.932400 0.651900
vt 0.933900 0.652800
vt 0.894700 0.831200
vt 0.893400 0.834000
vt 0.895300 0.831100
vt 0.895100 0.831800
vt 0.726000 0.907900
vt 0.734000 0.903500
vt 0.735200 0.924300
vt 0.949700 0.823900
vt 0.547400 0.967200
vt 0.857500 0.823600
vt 0.796800 0.801300
vt 0.830400 0.762200
vt 0.830500 0.767000
vt 0.829900 0.767200
vt 0.843600 0.743500
vt 0.854000 0.740100
vt 0.727200 0.902100
vt 0.929400 0.870100
vt 0.845600 0.740400
vt 0.725300 0.901400
vt 0.827400 0.756100
vt 0.754800 0.813400
vt 0.752200 0.796700
vt 0.742700 0.936400
vt 0.725300 0.936200
vt 0.827100 0.743900
vt 0.834300 0.746200
vt 0.732300 0.809400
vt 0.725700 0.901000
vt 0.726800 0.900700
vt 0.929300 0.627700
vt 0.939600 0.618700
vt 0.863900 0.807400
vt 0.838700 0.754700
vt 0.735100 0.940000
vt 0.726600 0.941800
vt 0.919700 0.602700
vt 0.941300 0.901800
vt 0.861000 0.785200
vt 0.875300 0.799500
vt 0.445800 0.283000
vt 0.473900 0.290100
vt 0.446800 0.316100
vt 0.421400 0.296600
vt 0.439300 0.169800
vt 0.425200 0.168600
vt 0.425200 0.161500
vt 0.435800 0.162500
vt 0.604600 0.309700
vt 0.584300 0.335500
vt 0.553300 0.316200
vt 0.578700 0.296700
vt 0.371300 0.301900
vt 0.380200 0.286200
vt 0.395600 0.309600
vt 0.376700 0.320400
vt 0.631200 0.802500
vt 0.645500 0.793800
vt 0.554700 0.873000
vt 0.634000 0.812900
vt 0.574100 0.874400
vt 0.559300 0.888600
vt 0.550700 0.886200
vt 0.827900 0.907000
vt 0.819700 0.896700
vt 0.622500 0.790300
vt 0.581100 0.889300
vt 0.561300 0.894900
vt 0.551000 0.893200
vt 0.632100 0.788600
vt 0.547100 0.892400
vt 0.526200 0.290200
vt 0.535600 0.275700
vt 0.554300 0.283000
vt 0.623100 0.804200
vt 0.614500 0.790100
vt 0.626900 0.816500
vt 0.628000 0.809000
vt 0.581500 0.906400
vt 0.607900 0.809600
vt 0.627700 0.794300
vt 0.624800 0.790000
vt 0.620500 0.812700
vt 0.549500 0.898900
vt 0.625400 0.803200
vt 0.625000 0.794200
vt 0.415700 0.335400
vt 0.506500 0.938000
vt 0.709900 0.815700
vt 0.526000 0.951900
vt 0.499900 0.367700
vt 0.477900 0.339800
vt 0.500000 0.308200
vt 0.522000 0.339800
vt 0.699100 0.796100
vt 0.692000 0.811300
vt 0.686300 0.799000
vt 0.690800 0.787700
vt 0.684200 0.788100
vt 0.687800 0.783900
vt 0.380000 0.342800
vt 0.514000 0.926100
vt 0.955600 0.797200
vt 0.466200 0.400400
vt 0.409000 0.430400
vt 0.397300 0.378000
vt 0.440600 0.361000
vt 0.502500 0.987500
vt 0.501300 0.966400
vt 0.521600 0.976300
vt 0.696300 0.926300
vt 0.974200 0.632100
vt 0.852300 0.864500
vt 0.677000 0.926900
vt 0.949300 0.784900
vt 0.501200 0.956400
vt 0.538100 0.956700
vt 0.536300 0.966900
vt 0.530700 0.960100
vt 0.523200 0.962800
vt 0.523500 0.959500
vt 0.510400 0.954400
vt 0.531000 0.969100
vt 0.511500 0.949100
vt 0.501300 0.950800
vt 0.674900 0.796900
vt 0.533500 0.974900
vt 0.682100 0.814500
vt 0.703600 0.911900
vt 0.841700 0.872000
vt 0.818300 0.868200
vt 0.817300 0.863600
vt 0.849300 0.882500
vt 0.679000 0.913500
vt 0.813400 0.873200
vt 0.812900 0.868400
vt 0.667500 0.918800
vt 0.668300 0.916200
vt 0.665900 0.913400
vt 0.814300 0.865400
vt 0.814600 0.866900
vt 0.665500 0.914700
vt 0.464500 0.275600
vt 0.479300 0.261100
vt 0.500000 0.269200
vt 0.665600 0.917400
vt 0.666200 0.918100
vt 0.813400 0.866800
vt 0.363900 0.262300
vt 0.372200 0.260200
vt 0.344600 0.393600
vt 0.349000 0.347900
vt 0.666300 0.916100
vt 0.665700 0.916100
vt 0.666000 0.916800
vt 0.424300 0.274300
vt 0.402000 0.277000
vt 0.619900 0.343100
vt 0.623400 0.320600
vt 0.488200 0.222100
vt 0.473800 0.231100
vt 0.470400 0.218800
vt 0.477100 0.210400
vt 0.111500 0.639400
vt 0.116300 0.627800
vt 0.470900 0.241000
vt 0.439900 0.269500
vt 0.448200 0.274300
vt 0.430900 0.145300
vt 0.441700 0.145900
vt 0.437000 0.150300
vt 0.381600 0.247300
vt 0.376500 0.232300
vt 0.038000 0.615900
vt 0.035500 0.640700
vt 0.405800 0.262400
vt 0.065900 0.657600
vt 0.388800 0.261200
vt 0.223600 0.507300
vt 0.251500 0.472500
vt 0.292900 0.484800
vt 0.264000 0.525100
vt 0.266900 0.433500
vt 0.282300 0.404800
vt 0.310400 0.400700
vt 0.306900 0.439600
vt 0.048100 0.578900
vt 0.041900 0.564800
vt 0.058700 0.569400
vt 0.639500 0.623300
vt 0.648700 0.632900
vt 0.647400 0.654300
vt 0.628700 0.644500
vt 0.486100 0.233200
vt 0.444600 0.167300
vt 0.325500 0.222500
vt 0.325700 0.199900
vt 0.348100 0.207200
vt 0.347300 0.227000
vt 0.641700 0.321100
vt 0.651000 0.348400
vt 0.533500 0.400400
vt 0.537900 0.461700
vt 0.022200 0.615700
vt 0.367500 0.237900
vt 0.364700 0.219400
vt 0.296000 0.336200
vt 0.324400 0.308700
vt 0.333200 0.325900
vt 0.500000 0.246600
vt 0.575900 0.274300
vt 0.551900 0.274400
vt 0.560300 0.269600
vt 0.362900 0.241000
vt 0.353700 0.223800
vt 0.487800 0.201800
vt 0.493200 0.214100
vt 0.364200 0.187600
vt 0.359000 0.203400
vt 0.343700 0.189700
vt 0.358400 0.320800
vt 0.358600 0.302200
vt 0.452500 0.191000
vt 0.463700 0.197400
vt 0.461900 0.208100
vt 0.122300 0.577000
vt 0.103900 0.593100
vt 0.453800 0.221300
vt 0.101400 0.611600
vt 0.086400 0.607200
vt 0.559300 0.361100
vt 0.347100 0.246900
vt 0.511900 0.222400
vt 0.513900 0.233300
vt 0.500000 0.224400
vt 0.310200 0.289200
vt 0.311400 0.263400
vt 0.330300 0.265500
vt 0.326200 0.286700
vt 0.328200 0.242600
vt 0.435400 0.257700
vt 0.303300 0.221900
vt 0.767200 0.629300
vt 0.361700 0.284400
vt 0.347600 0.271200
vt 0.308500 0.244000
vt 0.322100 0.174500
vt 0.468300 0.231500
vt 0.475700 0.198400
vt 0.048100 0.609500
vt 0.045700 0.599600
vt 0.343400 0.297100
vt 0.445400 0.263500
vt 0.451500 0.268800
vt 0.271600 0.256200
vt 0.266900 0.231600
vt 0.286000 0.227900
vt 0.290100 0.248600
vt 0.293100 0.210700
vt 0.298100 0.275100
vt 0.260000 0.295900
vt 0.442300 0.160900
vt 0.448400 0.163400
vt 0.461000 0.264600
vt 0.472000 0.160500
vt 0.460200 0.162500
vt 0.461800 0.147500
vt 0.049300 0.630900
vt 0.391500 0.245400
vt 0.455800 0.274100
vt 0.500100 0.210300
vt 0.506900 0.214600
vt 0.089400 0.561300
vt 0.436600 0.192700
vt 0.101600 0.574900
vt 0.084500 0.584600
vt 0.529200 0.241200
vt 0.520700 0.261200
vt 0.057300 0.599800
vt 0.065400 0.602300
vt 0.068000 0.621100
vt 0.480800 0.114800
vt 0.490200 0.121200
vt 0.478200 0.137800
vt 0.469000 0.120900
vt 0.435600 0.176400
vt 0.451600 0.177200
vt 0.585300 0.576900
vt 0.564500 0.176700
vt 0.580600 0.187400
vt 0.607400 0.584800
vt 0.548500 0.177400
vt 0.535300 0.174100
vt 0.539900 0.162600
vt 0.123700 0.604500
vt 0.450300 0.144500
vt 0.452500 0.130800
vt 0.089600 0.538900
vt 0.446800 0.560400
vt 0.440400 0.546000
vt 0.455000 0.533100
vt 0.459200 0.545400
vt 0.602500 0.378200
vt 0.655200 0.394100
vt 0.651600 0.445900
vt 0.590600 0.430600
vt 0.451600 0.157600
vt 0.477200 0.178700
vt 0.464800 0.174000
vt 0.427200 0.579700
vt 0.111500 0.553300
vt 0.448300 0.205000
vt 0.423500 0.122100
vt 0.442800 0.116100
vt 0.434000 0.135500
vt 0.508500 0.142200
vt 0.165600 0.639100
vt 0.427300 0.525300
vt 0.499900 0.132700
vt 0.056300 0.555600
vt 0.401700 0.187000
vt 0.071000 0.554300
vt 0.068200 0.568400
vt 0.442400 0.156100
vt 0.447800 0.157700
vt 0.432400 0.158700
vt 0.436100 0.156600
vt 0.448800 0.152200
vt 0.366900 0.147700
vt 0.383300 0.148900
vt 0.371900 0.161700
vt 0.348200 0.159300
vt 0.411600 0.174300
vt 0.443800 0.152600
vt 0.373700 0.133900
vt 0.377900 0.118700
vt 0.399600 0.124300
vt 0.388500 0.135200
vt 0.425300 0.152500
vt 0.398900 0.140900
vt 0.400300 0.152900
vt 0.228400 0.284100
vt 0.713900 0.607800
vt 0.248500 0.266400
vt 0.259000 0.210900
vt 0.326000 0.123000
vt 0.304200 0.196800
vt 0.757000 0.616300
vt 0.023100 0.571700
vt 0.371200 0.191400
vt 0.412400 0.106700
vt 0.432400 0.106400
vt 0.411500 0.161900
vt 0.757000 0.605200
vt 0.772200 0.598000
vt 0.714500 0.618200
vt 0.225100 0.313100
vt 0.631600 0.546300
vt 0.313200 0.539900
vt 0.340900 0.496700
vt 0.400400 0.492700
vt 0.316400 0.362500
vt 0.347900 0.445400
vt 0.032800 0.588800
vt 0.372800 0.204700
vt 0.291400 0.190400
vt 0.343700 0.143200
vt 0.776800 0.610500
vt 0.358300 0.178400
vt 0.355500 0.130500
vt 0.325900 0.132800
vt 0.088300 0.660000
vt 0.281200 0.314100
vt 0.390700 0.178800
vt 0.401500 0.170200
vt 0.061600 0.537900
vt 0.074100 0.639500
vt 0.417500 0.254700
vt 0.103900 0.651200
vt 0.470300 0.185800
vt 0.455400 0.236700
vt 0.481200 0.190100
vt 0.434900 0.610300
vt 0.419700 0.187100
vt 0.388200 0.165900
vt 0.038800 0.548300
vt 0.377800 0.178700
vt 0.384900 0.190700
vt 0.199100 0.322000
vt 0.203600 0.298900
vt 0.415800 0.142300
vt 0.405100 0.115100
vt 0.385100 0.111600
vt 0.448600 0.252900
vt 0.454000 0.244700
vt 0.092900 0.626000
vt 0.524400 0.198700
vt 0.536400 0.197600
vt 0.523100 0.210700
vt 0.257500 0.256500
vt 0.065600 0.584300
vt 0.431000 0.565000
vt 0.477200 0.151200
vt 0.495100 0.205700
vt 0.445300 0.629600
vt 0.553600 0.628400
vt 0.072700 0.600400
vt 0.432300 0.536300
vt 0.425800 0.550500
vt 0.490400 0.140000
vt 0.512500 0.202400
vt 0.162300 0.578800
vt 0.536900 0.607800
vt 0.543100 0.619800
vt 0.456500 0.617700
vt 0.260300 0.246700
vt 0.436900 0.628400
vt 0.289100 0.373300
vt 0.259800 0.379000
vt 0.259800 0.340700
vt 0.216400 0.380600
vt 0.240100 0.405200
vt 0.213000 0.425500
vt 0.296000 0.292900
vt 0.185200 0.526300
vt 0.166700 0.478500
vt 0.210100 0.470900
vt 0.225500 0.346100
vt 0.769700 0.590400
vt 0.054400 0.590900
vt 0.490300 0.572900
vt 0.484500 0.567300
vt 0.489800 0.558700
vt 0.495000 0.566300
vt 0.630800 0.681100
vt 0.594600 0.262300
vt 0.064100 0.574900
vt 0.461600 0.461800
vt 0.598800 0.492900
vt 0.260800 0.406500
vt 0.742800 0.609100
vt 0.485400 0.192800
vt 0.439600 0.617200
vt 0.208100 0.195100
vt 0.206300 0.181900
vt 0.347600 0.091000
vt 0.221800 0.202800
vt 0.457000 0.112900
vt 0.730700 0.593300
vt 0.251700 0.257800
vt 0.730100 0.615600
vt 0.743400 0.619800
vt 0.396400 0.081900
vt 0.407100 0.094400
vt 0.402100 0.098600
vt 0.383500 0.089400
vt 0.453200 0.607700
vt 0.447100 0.619700
vt 0.445100 0.606500
vt 0.448500 0.062600
vt 0.454900 0.082500
vt 0.439800 0.090400
vt 0.429500 0.069500
vt 0.355100 0.120300
vt 0.342200 0.120100
vt 0.379600 0.068600
vt 0.213700 0.161700
vt 0.204700 0.155200
vt 0.190000 0.241800
vt 0.199000 0.213400
vt 0.234000 0.223000
vt 0.240400 0.268200
vt 0.729800 0.604100
vt 0.877700 0.486000
vt 0.860100 0.531800
vt 0.814000 0.527600
vt 0.832800 0.479900
vt 0.755100 0.596100
vt 0.721000 0.623400
vt 0.221700 0.278500
vt 0.234800 0.260500
vt 0.320200 0.147100
vt 0.321300 0.156600
vt 0.752900 0.629300
vt 0.479500 0.592200
vt 0.487300 0.591000
vt 0.186900 0.585300
vt 0.470400 0.529000
vt 0.471600 0.538900
vt 0.216400 0.271200
vt 0.716300 0.594900
vt 0.729900 0.628400
vt 0.742900 0.602400
vt 0.628300 0.161800
vt 0.612000 0.166100
vt 0.599800 0.153100
vt 0.616700 0.149000
vt 0.168400 0.322800
vt 0.176500 0.328900
vt 0.163900 0.349500
vt 0.270000 0.578400
vt 0.685700 0.540500
vt 0.735100 0.526100
vt 0.781500 0.557900
vt 0.196300 0.348800
vt 0.666900 0.326400
vt 0.675700 0.309300
vt 0.704000 0.337000
vt 0.828500 0.569900
vt 0.139100 0.530300
vt 0.217500 0.556800
vt 0.185500 0.289000
vt 0.183600 0.310600
vt 0.160500 0.385900
vt 0.165300 0.428900
vt 0.117800 0.434200
vt 0.121800 0.484500
vt 0.786700 0.426700
vt 0.834400 0.430200
vt 0.789400 0.472100
vt 0.171700 0.304900
vt 0.115000 0.391600
vt 0.728700 0.579300
vt 0.367300 0.546000
vt 0.906600 0.527200
vt 0.170400 0.568500
vt 0.125200 0.354600
vt 0.801000 0.323300
vt 0.796700 0.300200
vt 0.816600 0.311900
vt 0.823600 0.330200
vt 0.503800 0.531100
vt 0.139900 0.630500
vt 0.519700 0.529100
vt 0.073900 0.473700
vt 0.092700 0.525500
vt 0.925600 0.475400
vt 0.966200 0.448700
vt 0.078800 0.422100
vt 0.136800 0.325200
vt 0.143700 0.306000
vt 0.048000 0.397700
vt 0.033400 0.447000
vt 0.951800 0.399300
vt 0.982300 0.363200
vt 0.105300 0.336200
vt 0.085200 0.359400
vt 0.874800 0.356000
vt 0.894800 0.337600
vt 0.914800 0.360900
vt 0.759700 0.406200
vt 0.783500 0.381800
vt 0.091000 0.389500
vt 0.098000 0.309600
vt 0.778600 0.279800
vt 0.783900 0.272400
vt 0.223500 0.243600
vt 0.063700 0.325500
vt 0.183300 0.264000
vt 0.156000 0.281900
vt 0.151200 0.266000
vt 0.166800 0.248800
vt 0.147600 0.291300
vt 0.156900 0.298100
vt 0.828400 0.306200
vt 0.856400 0.307200
vt 0.863300 0.326500
vt 0.831700 0.324100
vt 0.091300 0.264200
vt 0.106300 0.272500
vt 0.120100 0.294400
vt 0.810200 0.243000
vt 0.816900 0.265200
vt 0.776800 0.244900
vt 0.017700 0.361700
vt 0.936400 0.326900
vt 0.966600 0.288600
vt 0.908800 0.265400
vt 0.902100 0.310900
vt 0.880000 0.295700
vt 0.893800 0.273600
vt 0.460300 0.099000
vt 0.471300 0.109700
vt 0.446900 0.104300
vt 0.359300 0.639900
vt 0.941600 0.262200
vt 0.333400 0.623300
vt 0.353100 0.624600
vt 0.069100 0.292200
vt 0.814600 0.290200
vt 0.931000 0.293500
vt 0.033600 0.287300
vt 0.132200 0.271300
vt 0.140200 0.283000
vt 0.145300 0.252600
vt 0.421800 0.093500
vt 0.448000 0.582900
vt 0.439000 0.576400
vt 0.455700 0.571100
vt 0.437000 0.603900
vt 0.482100 0.103400
vt 0.491100 0.109100
vt 0.134000 0.287100
vt 0.171700 0.639100
vt 0.444700 0.524700
vt 0.474100 0.056800
vt 0.528400 0.075500
vt 0.500000 0.080200
vt 0.471600 0.075300
vt 0.475700 0.090800
vt 0.360400 0.072400
vt 0.240800 0.182200
vt 0.282700 0.199000
vt 0.500000 0.113800
vt 0.509600 0.121700
vt 0.432900 0.589300
vt 0.442800 0.594700
vt 0.483000 0.183900
vt 0.492400 0.095800
vt 0.500000 0.103600
vt 0.776400 0.171600
vt 0.652100 0.090900
vt 0.636500 0.095500
vt 0.421400 0.051700
vt 0.414900 0.079400
vt 0.399300 0.065900
vt 0.384000 0.038400
vt 0.376800 0.049200
vt 0.187600 0.171400
vt 0.403800 0.083600
vt 0.275300 0.203400
vt 0.411600 0.088900
vt 0.363300 0.095500
vt 0.371300 0.111900
vt 0.344600 0.107100
vt 0.720400 0.627300
vt 0.630500 0.060200
vt 0.622900 0.049200
vt 0.812300 0.172500
vt 0.507600 0.095900
vt 0.223400 0.170300
vt 0.762700 0.642000
vt 0.622000 0.118700
vt 0.628500 0.111800
vt 0.644700 0.120200
vt 0.644300 0.130400
vt 0.186200 0.191000
vt 0.369300 0.060200
vt 0.525800 0.056900
vt 0.191500 0.631500
vt 0.486300 0.531000
vt 0.245200 0.240300
vt 0.397400 0.045300
vt 0.588600 0.024900
vt 0.196500 0.148000
vt 0.237400 0.248300
vt 0.164700 0.152500
vt 0.803100 0.149200
vt 0.578200 0.029800
vt 0.250700 0.252800
vt 0.109300 0.241100
vt 0.414800 0.612800
vt 0.105400 0.215400
vt 0.508800 0.109300
vt 0.639300 0.072300
vt 0.793600 0.183200
vt 0.602300 0.045300
vt 0.411100 0.024900
vt 0.553100 0.040200
vt 0.163800 0.178000
vt 0.834900 0.153500
vt 0.365300 0.624600
vt 0.359200 0.615200
vt 0.195200 0.203000
vt 0.160200 0.203000
vt 0.147500 0.220600
vt 0.136300 0.198300
vt 0.766300 0.224200
vt 0.755200 0.241500
vt 0.551300 0.062800
vt 0.446800 0.040100
vt 0.163700 0.231300
vt 0.178400 0.213600
vt 0.863600 0.199300
vt 0.852600 0.221700
vt 0.839900 0.204100
vt 0.836100 0.179000
vt 0.615700 0.038400
vt 0.851400 0.166400
vt 0.381200 0.591400
vt 0.094000 0.230400
vt 0.385000 0.623000
vt 0.372000 0.607800
vt 0.126000 0.245400
vt 0.120500 0.216800
vt 0.120900 0.202800
vt 0.389600 0.663400
vt 0.421500 0.029800
vt 0.578400 0.051800
vt 0.129800 0.230700
vt 0.058600 0.260900
vt 0.329400 0.663800
vt 0.821700 0.214700
vt 0.801200 0.214500
vt 0.804800 0.204200
vt 0.409900 0.590000
vt 0.359100 0.595500
vt 0.336900 0.591600
vt 0.893600 0.183600
vt 0.545000 0.606500
vt 0.553000 0.603900
vt 0.514600 0.192900
vt 0.550600 0.617200
vt 0.346200 0.608000
vt 0.359000 0.568600
vt 0.872600 0.178200
vt 0.148300 0.165500
vt 0.557200 0.589300
vt 0.517000 0.184100
vt 0.547200 0.594700
vt 0.879000 0.203700
vt 0.545100 0.629600
vt 0.127200 0.177300
vt 0.502600 0.591000
vt 0.495000 0.591400
vt 0.502000 0.585300
vt 0.465200 0.576600
vt 0.456400 0.588800
vt 0.588200 0.089000
vt 0.592800 0.094500
vt 0.578000 0.093600
vt 0.158300 0.629300
vt 0.165800 0.622500
vt 0.173200 0.629600
vt 0.165700 0.633000
vt 0.528900 0.598200
vt 0.538900 0.597100
vt 0.534300 0.571200
vt 0.542000 0.583000
vt 0.533600 0.588900
vt 0.524800 0.576600
vt 0.478200 0.580700
vt 0.474900 0.564200
vt 0.494900 0.598900
vt 0.509000 0.596200
vt 0.555200 0.610200
vt 0.518900 0.190400
vt 0.461100 0.598100
vt 0.451100 0.597000
vt 0.430900 0.600100
vt 0.478000 0.169100
vt 0.241400 0.255200
vt 0.465000 0.557300
vt 0.181000 0.639100
vt 0.481000 0.596100
vt 0.179900 0.590000
vt 0.460900 0.608900
vt 0.470500 0.595700
vt 0.142100 0.588200
vt 0.477100 0.519600
vt 0.724600 0.635200
vt 0.723400 0.588200
vt 0.152300 0.634100
vt 0.513000 0.519800
vt 0.146800 0.626000
vt 0.488000 0.585300
vt 0.495000 0.579000
vt 0.171000 0.578900
vt 0.480600 0.540800
vt 0.474500 0.547100
vt 0.482600 0.552800
vt 0.179000 0.634600
vt 0.454800 0.516900
vt 0.441100 0.517400
vt 0.469300 0.590300
vt 0.495000 0.547700
vt 0.488200 0.549300
vt 0.495000 0.538900
vt 0.533600 0.617800
vt 0.169900 0.612800
vt 0.166200 0.604400
vt 0.170500 0.596300
vt 0.178600 0.605100
vt 0.180900 0.619500
vt 0.184800 0.626700
vt 0.495000 0.529100
vt 0.184100 0.597400
vt 0.189500 0.622600
vt 0.495200 0.522100
vt 0.162200 0.596100
vt 0.166500 0.586500
vt 0.183500 0.612000
vt 0.548900 0.517400
vt 0.839400 0.387200
vt 0.556600 0.514100
vt 0.142200 0.621700
vt 0.189300 0.615900
vt 0.162200 0.612600
vt 0.142800 0.615200
vt 0.499600 0.573000
vt 0.511700 0.580700
vt 0.153000 0.589500
vt 0.148600 0.596700
vt 0.500300 0.558700
vt 0.653400 0.227200
vt 0.652600 0.207200
vt 0.675100 0.199800
vt 0.675400 0.222700
vt 0.186300 0.604500
vt 0.153800 0.604700
vt 0.148700 0.611400
vt 0.547600 0.191300
vt 0.574500 0.600500
vt 0.538200 0.208300
vt 0.191000 0.589000
vt 0.146000 0.603800
vt 0.539600 0.099300
vt 0.544900 0.082700
vt 0.560100 0.090600
vt 0.553000 0.104500
vt 0.909000 0.391000
vt 0.921000 0.423700
vt 0.882000 0.435700
vt 0.884900 0.393000
vt 0.879500 0.217700
vt 0.870300 0.231800
vt 0.308200 0.590500
vt 0.303400 0.613400
vt 0.890800 0.242200
vt 0.501800 0.549300
vt 0.505400 0.567400
vt 0.530800 0.545500
vt 0.535000 0.533200
vt 0.549700 0.546100
vt 0.543200 0.560500
vt 0.564700 0.257800
vt 0.551500 0.253100
vt 0.622600 0.662900
vt 0.598300 0.277100
vt 0.526300 0.231300
vt 0.531800 0.231700
vt 0.628900 0.302200
vt 0.620000 0.286400
vt 0.544300 0.274200
vt 0.628200 0.260300
vt 0.611500 0.261200
vt 0.618900 0.247300
vt 0.633100 0.238100
vt 0.637700 0.241200
vt 0.641000 0.220500
vt 0.658800 0.639300
vt 0.651100 0.623000
vt 0.664000 0.612300
vt 0.624200 0.232400
vt 0.609600 0.179000
vt 0.635100 0.561400
vt 0.588600 0.174600
vt 0.598700 0.170400
vt 0.548500 0.157800
vt 0.551700 0.163600
vt 0.690100 0.290000
vt 0.674000 0.287200
vt 0.670100 0.265900
vt 0.688900 0.264100
vt 0.653500 0.247100
vt 0.636500 0.262500
vt 0.539100 0.264700
vt 0.661200 0.664200
vt 0.636200 0.187700
vt 0.656700 0.189800
vt 0.641500 0.203500
vt 0.641500 0.302500
vt 0.674600 0.639200
vt 0.635900 0.219500
vt 0.652800 0.271500
vt 0.638600 0.284700
vt 0.718900 0.315100
vt 0.529700 0.186000
vt 0.656800 0.297500
vt 0.692600 0.440300
vt 0.689300 0.401400
vt 0.672300 0.242900
vt 0.692000 0.244700
vt 0.585300 0.662700
vt 0.529800 0.219000
vt 0.235500 0.631900
vt 0.697600 0.222700
vt 0.573100 0.627900
vt 0.551700 0.205200
vt 0.592900 0.616600
vt 0.548600 0.268900
vt 0.549700 0.144700
vt 0.538300 0.147700
vt 0.547400 0.131000
vt 0.642000 0.178400
vt 0.651900 0.159200
vt 0.224600 0.613500
vt 0.557700 0.156200
vt 0.557800 0.161100
vt 0.552300 0.157900
vt 0.580500 0.651200
vt 0.564200 0.550500
vt 0.521600 0.138300
vt 0.528100 0.160600
vt 0.702200 0.276000
vt 0.612300 0.608100
vt 0.595200 0.598400
vt 0.563700 0.193100
vt 0.522800 0.178900
vt 0.562800 0.579700
vt 0.560800 0.170000
vt 0.555500 0.167500
vt 0.564300 0.162700
vt 0.575000 0.168900
vt 0.574900 0.161800
vt 0.588600 0.162100
vt 0.600300 0.124400
vt 0.614700 0.111700
vt 0.567400 0.106600
vt 0.607200 0.562400
vt 0.598600 0.187300
vt 0.625700 0.577800
vt 0.287200 0.606400
vt 0.771900 0.285500
vt 0.287300 0.616900
vt 0.615500 0.191000
vt 0.640500 0.579100
vt 0.567700 0.158900
vt 0.564000 0.156800
vt 0.751700 0.267600
vt 0.271500 0.615400
vt 0.760200 0.270000
vt 0.530800 0.121300
vt 0.558300 0.146100
vt 0.551300 0.152400
vt 0.563100 0.150500
vt 0.569100 0.145500
vt 0.574800 0.152700
vt 0.556200 0.152800
vt 0.565900 0.135700
vt 0.740100 0.247900
vt 0.743000 0.257700
vt 0.728800 0.257400
vt 0.281200 0.622500
vt 0.601100 0.141000
vt 0.584200 0.142500
vt 0.518400 0.539000
vt 0.775600 0.508400
vt 0.708100 0.213100
vt 0.740100 0.297000
vt 0.714700 0.229400
vt 0.608900 0.245300
vt 0.710300 0.249600
vt 0.683500 0.363200
vt 0.673600 0.595100
vt 0.629200 0.191600
vt 0.775000 0.314400
vt 0.638000 0.592900
vt 0.654900 0.588200
vt 0.648700 0.602400
vt 0.733600 0.232900
vt 0.673900 0.132500
vt 0.724300 0.204900
vt 0.554800 0.263600
vt 0.608400 0.683400
vt 0.642400 0.614300
vt 0.610400 0.630600
vt 0.595500 0.635000
vt 0.546400 0.221500
vt 0.582800 0.254700
vt 0.551000 0.576400
vt 0.628600 0.591900
vt 0.657900 0.571700
vt 0.627700 0.204900
vt 0.622500 0.178900
vt 0.559000 0.565000
vt 0.522000 0.169100
vt 0.592800 0.674600
vt 0.677900 0.174000
vt 0.244800 0.618000
vt 0.695500 0.195100
vt 0.631400 0.625800
vt 0.673800 0.122700
vt 0.741200 0.212200
vt 0.603900 0.649400
vt 0.546200 0.244900
vt 0.544700 0.236900
vt 0.631200 0.607800
vt 0.632700 0.598400
vt 0.524200 0.091000
vt 0.517800 0.103600
vt 0.523000 0.151200
vt 0.557800 0.536300
vt 0.562700 0.525300
vt 0.557100 0.116300
vt 0.576400 0.122300
vt 0.505400 0.206600
vt 0.519000 0.115200
vt 0.774500 0.347300
vt 0.740200 0.341800
vt 0.710800 0.374200
vt 0.740000 0.380000
vt 0.282000 0.626400
vt 0.704200 0.293800
vt 0.658300 0.497200
vt 0.706500 0.485600
vt 0.624100 0.623900
vt 0.717500 0.405700
vt 0.626200 0.133900
vt 0.611500 0.135300
vt 0.803700 0.350100
vt 0.836200 0.350800
vt 0.633100 0.147700
vt 0.656200 0.143000
vt 0.228300 0.600600
vt 0.244000 0.606800
vt 0.678700 0.156200
vt 0.258400 0.609800
vt 0.542800 0.113200
vt 0.608000 0.104800
vt 0.241000 0.644000
vt 0.587400 0.106800
vt 0.597800 0.098800
vt 0.795000 0.156500
vt 0.786000 0.163000
vt 0.620100 0.068600
vt 0.765200 0.261700
vt 0.271100 0.603800
vt 0.258600 0.620500
vt 0.245200 0.597600
vt 0.709100 0.191900
vt 0.249800 0.630700
vt 0.272700 0.628100
vt 0.257900 0.603100
vt 0.749100 0.259200
vt 0.269400 0.593100
vt 0.732700 0.434400
vt 0.739000 0.407400
vt 0.844100 0.283100
vt 0.852500 0.292600
vt 0.843200 0.299300
vt 0.747900 0.473500
vt 0.528500 0.110000
vt 0.849000 0.267200
vt 0.833400 0.249900
vt 0.867900 0.272500
vt 0.860000 0.284200
vt 0.866200 0.288400
vt 0.854900 0.253800
vt 0.874100 0.246500
vt 0.616300 0.089500
vt 0.603400 0.081900
vt 0.894600 0.216400
vt 0.749700 0.253700
vt 0.585000 0.079600
vt 0.657600 0.119800
vt 0.570300 0.069700
vt 0.716200 0.200900
vt 0.596000 0.083700
vt 0.600500 0.065900
vt 0.655200 0.106900
vt 0.813700 0.192100
vt 0.791900 0.196300
vt 0.778300 0.204100
vt 0.762900 0.249100
vt 0.150200 0.638600
vt 0.679700 0.146600
vt 0.759100 0.183600
vt 0.836400 0.232500
vt 0.278400 0.634500
vt 0.906000 0.231400
vt 0.106200 0.182800
vt 0.559200 0.600100
vt 0.545400 0.524800
vt 0.433500 0.514100
vt 0.146200 0.584600
vt 0.519500 0.595800
vt 0.529100 0.609000
vt 0.520700 0.590400
vt 0.525000 0.557400
vt 0.159400 0.638900
vt 0.507400 0.552800
vt 0.515500 0.547200
vt 0.515100 0.564300
vt 0.151000 0.619000
vt 0.283800 0.593700
vt 0.286400 0.637200
vt 0.758600 0.256400
vt 0.509400 0.540900
vt 0.535200 0.516900
vt 0.511700 0.587800
vt 0.230400 0.592900
s 1
usemtl 12140_Skull_v3
f 2/1/1 1/2/2 75/3/3 111/4/4
f 71/5/5 6/6/6 9/7/7 11/8/8
f 85/9/9 97/10/10 7/11/11
f 4/12/12 5/13/13 10/14/14 84/15/15
f 73/16/16 6/6/6 71/17/5 72/18/17
f 13/19/18 12/20/19 14/21/20 15/22/21
f 78/23/22 7/11/11 6/6/6 73/16/16
f 18/24/23 17/25/24 15/22/21 16/26/25
f 109/27/26 110/28/27 4/12/12
f 23/29/28 16/26/25 15/22/21 14/21/20
f 97/10/10 95/30/29 84/15/15
f 22/31/30 31/32/31 20/33/32
f 97/10/10 84/15/15 10/14/14 8/34/33
f 25/35/34 38/36/35 26/37/36
f 74/38/37 73/39/16 72/18/17
f 195/40/38 112/41/39 111/4/4 192/42/40
f 65/43/41 13/19/18 15/22/21 17/25/24
f 21/44/42 18/24/23 16/26/25
f 7/11/11 97/10/10 8/34/33
f 64/45/43 70/46/44 69/47/45 68/48/46
f 70/46/44 64/45/43 99/49/47 53/50/48
f 19/51/49 59/52/50 17/25/24 18/24/23
f 65/43/41 17/25/24 59/52/50 67/53/51
f 30/54/52 29/55/53 28/56/54 24/57/55
f 22/31/30 21/44/42 28/56/54
f 19/51/49 18/24/23 20/33/32 57/58/56
f 30/54/52 27/59/57 28/56/54 29/60/53
f 43/61/58 25/35/34 23/62/28 100/63/59
f 37/64/60 41/65/61 35/66/62 33/67/63
f 24/68/55 21/44/42 16/26/25
f 19/51/49 57/58/56 60/69/64 59/52/50
f 43/61/58 38/36/35 25/35/34
f 48/70/65 102/71/66 47/72/67
f 24/57/55 25/35/34 26/37/36 30/54/52
f 18/24/23 22/31/30 20/33/32
f 33/67/63 31/32/31 37/73/60
f 36/74/68 34/75/69 82/76/70 39/77/71
f 25/35/34 24/68/55 16/26/25 23/62/28
f 31/32/31 22/31/30 37/73/60
f 214/78/72 201/79/73 191/80/74 114/81/75
f 21/44/42 22/31/30 18/24/23
f 100/63/59 99/49/47 43/61/58
f 42/82/76 41/65/61 37/64/60 26/37/36
f 37/73/60 22/31/30 27/83/57 26/37/36
f 47/72/67 46/84/77 48/70/65
f 69/85/45 65/43/41 67/86/51 68/48/46
f 31/32/31 33/67/63 32/87/78
f 26/37/36 27/83/57 30/54/52
f 42/82/76 62/88/79 40/89/80 41/65/61
f 58/90/81 57/58/56 20/33/32 32/87/78
f 31/32/31 32/87/78 20/33/32
f 62/88/79 61/91/82 58/92/81 40/89/80
f 38/36/35 42/82/76 26/37/36
f 36/74/68 32/87/78 33/67/63 34/75/69
f 123/93/83 124/94/84 125/95/85 132/96/86
f 54/97/87 62/88/79 42/82/76
f 44/98/88 46/84/77 47/72/67
f 84/15/15 92/99/89 93/100/90
f 83/101/91 81/102/92 35/103/62 80/104/93
f 102/71/66 107/105/94 101/106/95 47/72/67
f 41/65/61 40/89/80 36/107/68 39/77/71
f 39/77/71 80/104/93 35/103/62 41/65/61
f 153/108/96 77/109/97 44/98/88 45/110/98
f 68/48/46 67/86/51 66/111/99 63/112/100
f 106/113/101 208/114/102 45/110/98 101/106/95
f 27/59/57 22/31/30 28/56/54
f 153/108/96 185/115/103 183/116/104 77/109/97
f 52/117/105 50/118/106 51/119/107
f 43/61/58 55/120/108 38/36/35
f 104/121/109 109/122/26 103/123/110 50/118/106
f 82/76/70 83/124/91 80/104/93
f 43/61/58 64/45/43 56/125/111
f 215/126/112 114/81/75 113/127/113 207/128/114
f 55/120/108 43/61/58 56/125/111
f 49/129/115 48/70/65 46/84/77 79/130/116
f 28/56/54 21/44/42 24/68/55
f 45/110/98 44/98/88 47/72/67 101/106/95
f 50/118/106 49/129/115 74/38/37 51/119/107
f 52/117/105 51/119/107 53/50/48
f 243/131/117 233/132/118 234/133/119 242/134/120
f 103/123/110 102/71/66 48/70/65
f 204/135/121 192/42/40 116/136/122
f 112/41/39 198/137/123 2/1/1
f 39/77/71 82/76/70 80/104/93
f 61/91/82 60/69/64 57/58/56 58/92/81
f 185/115/103 186/138/124 183/139/104
f 85/9/9 78/23/22 1/2/2
f 56/125/111 63/112/100 54/97/87
f 76/140/125 75/3/3 1/2/2 78/23/22
f 210/141/126 158/142/127 157/143/128 156/144/129
f 208/114/102 154/145/130 153/108/96 45/110/98
f 158/142/127 211/146/131 160/147/132
f 68/48/46 56/125/111 64/45/43
f 83/101/91 82/148/70 34/75/69 81/102/92
f 61/91/82 66/111/99 60/149/64
f 55/120/108 56/125/111 54/97/87
f 61/91/82 62/88/79 63/112/100 66/111/99
f 38/36/35 54/97/87 42/82/76
f 55/120/108 54/97/87 38/36/35
f 64/45/43 43/61/58 99/49/47
f 123/93/83 113/127/113 119/150/133 121/151/134
f 62/88/79 54/97/87 63/112/100
f 51/119/107 72/18/17 53/50/48
f 53/50/48 72/18/17 71/17/5 70/46/44
f 65/43/41 69/85/45 11/8/8 13/19/18
f 105/152/135 99/49/47 100/153/59 110/154/27
f 210/141/126 211/146/131 158/142/127
f 40/89/80 58/90/81 32/87/78 36/107/68
f 77/109/97 183/139/104 75/3/3 76/140/125
f 9/7/7 8/34/33 10/14/14 12/20/19
f 122/155/136 121/151/134 118/156/137 120/157/138
f 77/109/97 76/158/125 44/98/88
f 86/159/139 87/160/140 88/161/141 91/162/142
f 187/163/143 189/164/144 148/165/145
f 102/71/66 103/123/110 108/166/146
f 52/117/105 53/50/48 99/49/47 105/152/135
f 48/70/65 49/129/115 50/118/106 103/123/110
f 73/16/16 79/130/116 76/140/125 78/23/22
f 109/27/26 4/12/12 108/167/146
f 85/9/9 1/2/2 3/168/147
f 81/102/92 34/75/69 33/67/63 35/66/62
f 102/71/66 108/167/146 93/100/90 107/105/94
f 56/125/111 68/48/46 63/112/100
f 3/168/147 90/169/148 89/170/149
f 86/159/139 96/171/150 98/172/151 87/160/140
f 100/153/59 23/29/28 14/21/20 5/13/13
f 93/100/90 92/99/89 89/170/149
f 67/53/51 59/52/50 60/149/64 66/111/99
f 104/121/109 110/154/27 109/122/26
f 85/9/9 88/161/141 87/160/140 98/172/151
f 110/154/27 104/121/109 105/152/135
f 155/173/152 157/143/128 186/138/124
f 98/172/151 97/10/10 85/9/9
f 97/10/10 98/172/151 95/30/29
f 96/171/150 94/174/153 95/30/29 98/172/151
f 107/175/94 93/100/90 89/170/149 90/169/148
f 94/174/153 91/162/142 88/161/141 89/170/149
f 84/15/15 95/30/29 92/99/89
f 213/176/154 208/114/102 106/177/101 198/137/123
f 86/159/139 91/162/142 94/174/153 96/171/150
f 108/166/146 103/123/110 109/122/26
f 52/117/105 104/121/109 50/118/106
f 179/178/155 178/179/156 177/180/157 120/157/138
f 74/38/37 72/18/17 51/119/107
f 90/169/148 3/168/147 2/1/1
f 121/151/134 119/150/133 117/181/158 118/156/137
f 214/182/72 210/141/126 209/183/159
f 222/184/160 220/185/161 219/186/162
f 124/94/84 123/93/83 121/151/134 122/155/136
f 94/174/153 92/99/89 95/30/29
f 111/4/4 75/3/3 183/139/104 184/187/163
f 184/187/163 181/188/164 115/189/165 116/136/122
f 231/190/166 230/191/167 217/192/168
f 226/193/169 225/194/170 230/191/167
f 119/150/133 113/127/113 114/81/75 191/80/74
f 117/181/158 116/136/122 115/189/165 118/156/137
f 181/188/164 180/195/171 179/196/155 115/189/165
f 122/155/136 120/157/138 177/180/157 173/197/172
f 147/198/173 134/199/174 136/200/175
f 117/181/158 119/150/133 191/80/74 204/135/121
f 173/197/172 126/201/176 124/94/84 122/155/136
f 127/202/177 125/95/85 124/94/84 126/201/176
f 146/203/178 136/200/175 135/204/179 131/205/180
f 209/183/159 156/144/129 154/145/130
f 129/206/181 140/207/182 131/205/180
f 202/208/183 203/209/184 200/210/185 199/211/186
f 127/202/177 126/201/176 167/212/187 128/213/188
f 206/214/189 152/215/190 172/216/191
f 178/179/156 172/216/191 176/217/192 177/218/157
f 133/219/193 134/199/174 132/96/86 125/95/85
f 145/220/194 141/221/195 166/222/196 149/223/197
f 175/224/198 167/212/187 126/201/176 173/197/172
f 137/225/199 138/226/200 139/227/201 133/228/193
f 180/195/171 159/229/202 161/230/203
f 131/205/180 130/231/204 127/202/177
f 227/232/205 228/233/206 220/185/161
f 152/215/190 207/234/114 132/235/86 134/199/174
f 127/202/177 130/231/204 125/95/85
f 139/227/201 136/200/175 134/199/174 133/219/193
f 206/214/189 207/234/114 152/215/190
f 150/236/207 146/237/178 142/238/208 144/239/209
f 135/240/179 136/200/175 139/227/201
f 167/212/187 168/241/210 165/242/211 128/213/188
f 129/206/181 131/205/180 127/202/177
f 138/243/200 137/225/199 135/240/179 139/227/201
f 130/231/204 133/228/193 125/95/85
f 146/237/178 140/207/182 142/238/208
f 140/207/182 129/206/181 141/221/195
f 190/244/212 188/245/213 143/246/214 189/247/144
f 160/147/132 159/229/202 158/142/127
f 137/225/199 130/231/204 131/205/180
f 170/248/215 151/249/216 150/236/207 149/223/197
f 131/205/180 135/204/179 137/225/199
f 151/249/216 147/198/173 136/200/175
f 200/210/185 191/80/74 201/79/73
f 189/247/144 143/246/214 145/250/194 148/165/145
f 142/238/208 140/207/182 141/221/195
f 156/144/129 155/173/152 154/145/130
f 133/228/193 130/231/204 137/225/199
f 148/165/145 145/250/194 149/223/197 150/236/207
f 142/238/208 141/221/195 145/220/194 143/246/214
f 150/236/207 144/239/209 187/163/143 148/165/145
f 149/223/197 166/222/196 169/251/217 170/248/215
f 151/249/216 162/252/218 147/198/173
f 162/252/218 151/249/216 170/248/215
f 209/183/159 210/141/126 156/144/129
f 213/176/154 209/183/159 154/145/130 208/114/102
f 147/198/173 163/253/219 152/215/190
f 176/217/192 171/254/220 174/255/221 175/256/198
f 141/221/195 129/206/181 165/242/211 166/257/196
f 206/214/189 172/216/191 178/179/156 161/230/203
f 155/173/152 185/115/103 153/108/96 154/145/130
f 157/143/128 182/258/222 181/259/164 186/138/124
f 140/207/182 146/237/178 131/205/180
f 176/217/192 164/260/223 171/254/220
f 190/244/212 187/163/143 144/261/209 188/245/213
f 152/215/190 163/253/219 164/260/223
f 151/249/216 136/200/175 146/203/178 150/236/207
f 159/229/202 182/258/222 157/143/128 158/142/127
f 216/262/224 218/263/225 219/186/162
f 105/152/135 104/121/109 52/117/105
f 212/264/226 206/214/189 161/230/203 160/147/132
f 157/143/128 155/173/152 156/144/129
f 220/185/161 217/192/168 219/186/162
f 187/163/143 190/265/212 189/164/144
f 165/242/211 168/266/210 169/251/217 166/257/196
f 180/195/171 182/258/222 159/229/202
f 142/238/208 143/246/214 188/245/213 144/261/209
f 161/230/203 159/229/202 160/147/132
f 215/267/112 212/264/226 160/147/132 211/146/131
f 186/138/124 181/188/164 184/187/163 183/139/104
f 162/252/218 171/254/220 164/260/223
f 163/253/219 162/252/218 164/260/223
f 192/42/40 111/4/4 184/187/163
f 171/254/220 162/252/218 170/248/215
f 177/218/157 176/217/192 175/224/198 173/197/172
f 174/255/221 169/251/217 168/266/210
f 164/260/223 176/217/192 172/216/191
f 174/255/221 171/254/220 170/248/215 169/251/217
f 164/260/223 172/216/191 152/215/190
f 163/253/219 147/198/173 162/252/218
f 161/230/203 178/179/156 179/178/155 180/195/171
f 155/173/152 186/138/124 185/115/103
f 165/242/211 129/206/181 127/202/177 128/213/188
f 223/268/227 221/269/228 218/263/225
f 182/258/222 180/195/171 181/188/164
f 221/269/228 219/186/162 218/263/225
f 147/198/173 152/215/190 134/199/174
f 117/181/158 204/135/121 116/136/122
f 73/39/16 74/38/37 49/129/115 79/130/116
f 192/42/40 196/270/229 195/40/38
f 194/271/230 199/211/186 195/40/38 196/270/229
f 196/270/229 192/42/40 204/135/121
f 200/210/185 197/272/231 199/211/186
f 197/272/231 200/210/185 201/79/73
f 215/267/112 211/146/131 214/78/72 114/81/75
f 193/273/232 194/271/230 196/270/229 205/274/233
f 195/40/38 197/272/231 112/41/39
f 132/235/86 207/128/114 113/127/113 123/93/83
f 214/182/72 209/183/159 213/275/154 201/79/73
f 197/272/231 195/40/38 199/211/186
f 205/274/233 196/270/229 204/135/121 203/209/184
f 198/137/123 197/272/231 201/79/73 213/275/154
f 235/276/234 232/277/235 526/278/236 236/279/237
f 211/146/131 210/141/126 214/182/72
f 118/156/137 115/189/165 179/196/155 120/157/138
f 205/274/233 203/209/184 202/208/183 193/273/232
f 203/209/184 204/135/121 191/80/74 200/210/185
f 198/137/123 112/41/39 197/272/231
f 167/212/187 175/256/198 174/255/221 168/241/210
f 212/264/226 215/126/112 207/128/114 206/214/189
f 192/42/40 184/187/163 116/136/122
f 229/280/238 216/262/224 230/191/167
f 202/208/183 199/211/186 194/271/230 193/273/232
f 217/192/168 220/185/161 228/233/206 231/190/166
f 245/281/239 251/282/240 249/283/241 250/284/242
f 239/285/243 237/286/244 235/276/234 236/279/237
f 239/285/243 236/279/237 526/278/236
f 217/192/168 230/191/167 216/262/224 219/186/162
f 237/286/244 234/133/119 233/287/118 235/276/234
f 230/191/167 225/194/170 224/288/245
f 243/131/117 242/134/120 240/289/246 241/290/247
f 543/291/248 540/292/249 644/293/250 544/294/251
f 222/184/160 227/232/205 220/185/161
f 231/190/166 226/193/169 230/191/167
f 224/288/245 221/269/228 223/268/227
f 224/288/245 225/194/170 221/269/228
f 233/132/118 243/131/117 232/277/235 235/276/234
f 276/295/252 273/296/253 271/297/254 272/298/255
f 238/299/256 242/134/120 234/300/119
f 226/193/169 227/232/205 222/184/160
f 224/288/245 223/268/227 229/280/238
f 228/233/206 227/232/205 231/190/166
f 246/301/257 244/302/258 527/303/259 248/304/260
f 230/191/167 224/288/245 229/280/238
f 267/305/261 271/297/254 268/306/262
f 243/131/117 241/290/247 526/278/236 232/307/235
f 245/281/239 250/284/242 244/302/258 246/301/257
f 526/278/236 241/290/247 240/289/246 239/285/243
f 238/299/256 239/285/243 240/289/246 242/134/120
f 266/308/263 265/309/264 270/310/265
f 238/299/256 237/286/244 239/285/243
f 256/311/266 265/309/264 266/308/263
f 250/284/242 248/304/260 527/303/259 244/302/258
f 267/305/261 266/308/263 271/297/254
f 305/312/267 306/313/268 303/314/269
f 304/315/270 530/316/271 307/317/272
f 249/283/241 251/282/240 247/318/273
f 245/281/239 247/318/273 251/282/240
f 261/319/274 260/320/275 262/321/276
f 250/284/242 249/283/241 246/301/257 248/304/260
f 260/320/275 258/322/277 256/311/266
f 520/323/278 253/324/279 257/325/280
f 262/321/276 267/305/261 263/326/281
f 325/327/282 323/328/283 531/329/284 328/330/285
f 292/331/286 263/326/281 264/332/287 289/333/288
f 275/334/289 276/295/252 272/298/255
f 259/335/290 521/336/291 257/325/280
f 267/305/261 268/306/262 264/337/287 263/326/281
f 252/338/292 253/324/279 254/339/293
f 261/319/274 258/322/277 260/320/275
f 295/340/294 261/319/274 296/341/295
f 274/342/296 275/334/289 272/298/255
f 271/297/254 273/296/253 269/343/297 268/306/262
f 285/344/298 288/345/299 269/346/297 282/347/300
f 258/322/277 259/335/290 257/325/280
f 257/325/280 252/338/292 256/311/266 258/322/277
f 261/319/274 259/335/290 258/322/277
f 263/326/281 296/341/295 261/319/274 262/321/276
f 262/321/276 260/320/275 266/308/263
f 295/340/294 299/348/301 261/319/274
f 256/311/266 252/338/292 255/349/302
f 271/297/254 266/308/263 270/310/265 272/298/255
f 276/295/252 278/350/303 281/351/304
f 528/352/305 270/353/265 265/309/264
f 301/354/306 315/355/307 300/356/308 303/314/269
f 266/308/263 260/320/275 256/311/266
f 277/357/309 275/334/289 274/342/296
f 281/351/304 282/347/300 276/295/252
f 269/343/297 264/337/287 268/306/262
f 279/358/310 277/357/309 283/359/311 284/360/312
f 287/361/313 288/345/299 285/344/298
f 316/362/314 315/355/307 301/354/306
f 278/350/303 275/334/289 277/357/309 279/358/310
f 290/363/315 291/364/316 286/365/317
f 280/366/318 281/351/304 278/350/303
f 528/352/305 283/367/311 277/357/309
f 275/334/289 278/350/303 276/295/252
f 292/331/286 289/333/288 287/361/313
f 269/343/297 273/296/253 276/295/252 282/347/300
f 294/368/319 291/364/316 290/363/315
f 303/314/269 300/356/308 530/316/271 304/315/270
f 286/365/317 283/359/311 528/352/305 290/363/315
f 292/331/286 287/361/313 286/365/317 291/364/316
f 279/358/310 280/366/318 278/350/303
f 293/369/320 290/363/315 528/352/305
f 285/344/298 281/351/304 280/366/318
f 306/313/268 302/370/321 301/371/306 303/314/269
f 314/372/322 300/373/308 315/355/307
f 285/344/298 280/366/318 284/360/312
f 264/332/287 269/346/297 288/345/299
f 383/374/323 369/375/324 382/376/325
f 321/377/326 317/378/327 531/329/284 323/328/283
f 304/315/270 305/312/267 303/314/269
f 279/358/310 284/360/312 280/366/318
f 286/365/317 284/360/312 283/359/311
f 295/340/294 291/364/316 294/368/319
f 264/332/287 288/345/299 289/333/288
f 295/340/294 296/341/295 291/364/316
f 294/368/319 299/348/301 295/340/294
f 292/331/286 296/341/295 263/326/281
f 291/364/316 296/341/295 292/331/286
f 293/379/320 294/368/319 290/363/315
f 293/369/320 528/352/305 254/380/293
f 407/381/328 535/382/329 405/383/330
f 325/327/282 324/384/331 321/377/326 323/328/283
f 254/339/293 297/385/332 293/369/320
f 302/386/321 306/313/268 311/387/333
f 545/388/334 549/389/335 542/390/336
f 253/324/279 520/323/278 298/391/337
f 297/385/332 294/368/319 293/379/320
f 259/335/290 299/348/301 298/391/337
f 298/391/337 299/348/301 294/368/319 297/385/332
f 314/372/322 307/317/272 530/316/271
f 262/321/276 266/308/263 267/305/261
f 256/311/266 255/392/302 265/393/264
f 272/298/255 270/310/265 528/352/305 274/342/296
f 308/394/338 305/312/267 304/315/270
f 318/395/339 340/396/340 317/378/327 321/377/326
f 309/397/341 305/312/267 308/394/338
f 316/362/314 313/398/342 315/355/307
f 311/387/333 306/313/268 310/399/343
f 322/400/344 318/395/339 321/377/326 324/384/331
f 315/355/307 313/398/342 309/397/341 312/401/345
f 312/401/345 308/394/338 307/317/272
f 309/397/341 310/399/343 305/312/267
f 300/356/308 314/372/322 530/316/271
f 311/387/333 316/362/314 302/386/321
f 335/402/346 332/403/347 331/404/348
f 307/317/272 308/394/338 304/315/270
f 314/372/322 312/401/345 307/317/272
f 302/370/321 316/362/314 301/354/306
f 329/405/349 327/406/350 326/407/351
f 313/398/342 310/399/343 309/397/341
f 309/397/341 308/394/338 312/401/345
f 315/355/307 312/401/345 314/372/322
f 336/408/352 334/409/353 531/329/284 338/410/354
f 313/398/342 316/362/314 311/387/333
f 320/411/355 319/412/356 322/400/344
f 329/405/349 326/407/351 324/384/331 325/327/282
f 332/403/347 333/413/357 327/414/350
f 324/384/331 326/407/351 320/411/355 322/400/344
f 330/415/358 329/405/349 325/327/282 328/330/285
f 331/404/348 332/403/347 330/415/358
f 327/406/350 320/411/355 326/416/351
f 332/403/347 335/402/346 333/413/357
f 340/396/340 338/410/354 531/329/284 317/378/327
f 339/417/359 337/418/360 335/402/346 336/408/352
f 336/408/352 335/402/346 331/404/348 334/409/353
f 333/413/357 320/411/355 327/406/350
f 531/329/284 334/409/353 331/404/348 330/415/358
f 344/419/361 341/420/362 532/421/363 346/422/364
f 335/402/346 337/418/360 320/411/355 333/413/357
f 347/423/365 350/424/366 351/425/367
f 340/396/340 339/417/359 336/408/352 338/410/354
f 350/424/366 347/423/365 349/426/368
f 339/417/359 319/427/356 320/411/355 337/418/360
f 360/428/369 522/429/370 532/421/363
f 342/430/371 344/419/361 347/423/365 345/431/372
f 372/432/373 371/433/374 369/434/324
f 342/430/371 367/435/375 365/436/376 366/437/377
f 348/438/378 346/422/364 532/421/363
f 345/431/372 343/439/379 367/435/375 342/430/371
f 366/437/377 364/440/380 532/421/363 341/420/362
f 348/441/378 349/426/368 346/422/364
f 342/430/371 366/437/377 341/420/362 344/419/361
f 376/442/381 373/443/382 377/444/383
f 340/396/340 318/395/339 319/427/356 339/417/359
f 360/428/369 364/440/380 361/445/384
f 366/437/377 365/436/376 361/445/384 364/440/380
f 394/446/385 386/447/386 385/448/387 395/449/388
f 355/450/389 352/451/390 348/438/378
f 354/452/391 351/425/367 350/424/366
f 378/453/392 377/444/383 374/454/393
f 368/455/394 381/456/395 382/376/325
f 356/457/396 357/458/397 352/451/390
f 347/423/365 351/425/367 343/459/379 345/431/372
f 352/451/390 349/460/368 348/441/378
f 353/461/398 350/462/366 349/426/368
f 358/463/399 359/464/400 353/461/398
f 365/436/376 362/465/401 361/445/384
f 357/458/397 358/463/399 353/461/398
f 348/438/378 532/421/363 522/429/370 355/450/389
f 361/445/384 356/457/396 360/428/369
f 365/436/376 367/435/375 343/439/379 363/466/402
f 360/428/369 355/450/389 522/429/370
f 353/461/398 349/460/368 352/451/390 357/458/397
f 358/463/399 357/458/397 361/445/384
f 533/467/403 388/468/404 391/469/405
f 356/457/396 352/451/390 355/450/389
f 357/458/397 356/457/396 361/445/384
f 354/452/391 359/464/400 362/465/401 363/466/402
f 359/464/400 358/463/399 362/465/401
f 371/433/374 370/470/406 368/471/394
f 351/425/367 354/452/391 343/439/379
f 381/456/395 368/455/394 370/470/406 375/472/407
f 370/470/406 373/443/382 375/472/407
f 379/473/408 372/432/373 380/474/409
f 388/468/404 533/467/403 384/475/410 387/476/411
f 373/443/382 371/433/374 374/454/393 377/444/383
f 373/443/382 370/470/406 371/433/374
f 374/454/393 371/433/374 372/432/373
f 369/434/324 383/374/323 380/474/409 372/432/373
f 542/390/336 541/477/412 543/291/248 545/388/334
f 394/446/385 390/478/413 386/479/386
f 387/476/411 384/480/410 395/449/388 385/481/387
f 395/449/388 393/482/414 392/483/415 394/446/385
f 382/376/325 378/453/392 383/374/323
f 376/442/381 377/444/383 382/376/325
f 381/456/395 375/472/407 376/442/381
f 378/453/392 374/454/393 379/473/408
f 552/484/416 551/485/417 541/486/412
f 376/442/381 375/472/407 373/443/382
f 382/376/325 377/444/383 378/453/392
f 383/374/323 379/473/408 380/474/409
f 391/469/405 388/468/404 387/476/411 389/487/418
f 400/488/419 534/489/420 396/490/421 398/491/422
f 378/453/392 379/473/408 383/374/323
f 458/492/423 457/493/424 455/494/425
f 374/454/393 372/432/373 379/473/408
f 381/456/395 376/442/381 382/376/325
f 418/495/426 419/496/427 423/497/428
f 533/467/403 391/469/405 392/483/415 393/482/414
f 402/498/429 401/499/430 403/500/431 397/501/432
f 390/478/413 394/446/385 392/483/415 391/469/405
f 417/502/433 418/495/426 422/503/434
f 399/504/435 401/499/430 398/491/422 397/501/432
f 391/469/405 389/487/418 390/478/413
f 417/502/433 408/505/436 418/495/426
f 537/506/437 456/507/438 459/508/439
f 422/503/434 535/382/329 417/509/433
f 396/490/421 534/489/420 400/488/419 402/498/429
f 398/491/422 396/490/421 402/498/429 397/501/432
f 384/480/410 533/467/403 393/482/414 395/449/388
f 399/504/435 397/501/432 403/500/431
f 402/498/429 400/488/419 398/491/422 401/499/430
f 410/510/440 412/511/441 408/505/436
f 422/503/434 418/495/426 423/497/428 424/512/442
f 414/513/443 415/514/444 419/496/427
f 441/515/445 416/516/446 415/514/444 444/517/447
f 423/497/428 419/496/427 420/518/448
f 406/519/449 523/520/450 409/521/451
f 403/500/431 401/499/430 399/504/435
f 418/495/426 414/513/443 419/496/427
f 419/496/427 415/514/444 416/516/446 420/518/448
f 406/519/449 404/522/452 405/523/330
f 413/524/453 447/525/454 448/526/455
f 412/511/441 410/510/440 413/524/453
f 524/527/456 411/528/457 409/521/451
f 480/529/458 538/530/459 475/531/460 477/532/461
f 412/511/441 413/524/453 414/513/443
f 425/533/462 428/534/463 424/512/442 423/497/428
f 433/535/464 428/534/463 434/536/465
f 412/511/441 414/513/443 418/495/426
f 409/521/451 410/510/440 408/505/436 404/522/452
f 467/537/466 465/538/467 468/539/468
f 423/497/428 420/518/448 421/540/469 425/533/462
f 407/541/328 404/522/452 408/505/436
f 412/511/441 418/495/426 408/505/436
f 415/514/444 414/513/443 413/524/453 448/542/455
f 411/528/457 410/510/440 409/521/451
f 410/510/440 411/528/457 413/524/453
f 416/516/446 421/540/469 420/518/448
f 428/534/463 430/543/470 427/544/471
f 427/544/471 424/512/442 428/534/463
f 468/539/468 453/545/472 467/537/466
f 424/512/442 427/544/471 426/546/473
f 437/547/474 434/536/465 421/548/469 440/549/475
f 443/550/476 438/551/477 439/552/478 444/517/447
f 441/515/445 439/552/478 440/549/475
f 438/551/477 442/553/479 535/382/329 435/554/480
f 432/555/481 430/543/470 433/535/464
f 432/555/481 431/556/482 430/543/470
f 436/557/483 435/554/480 429/558/484 431/556/482
f 429/558/484 427/544/471 430/543/470 431/556/482
f 430/543/470 428/534/463 433/535/464
f 425/533/462 421/548/469 434/536/465 428/534/463
f 458/492/423 455/494/425 453/559/472 454/560/485
f 444/517/447 448/526/455 443/550/476
f 416/561/446 441/515/445 440/549/475
f 426/562/473 429/558/484 535/382/329
f 432/555/481 437/547/474 436/557/483
f 437/547/474 433/535/464 434/536/465
f 448/542/455 444/517/447 415/514/444
f 432/555/481 433/535/464 437/547/474
f 439/552/478 438/551/477 436/557/483 437/547/474
f 446/563/486 442/553/479 443/550/476
f 456/507/438 537/506/437 452/564/487 455/494/425
f 475/531/460 538/530/459 469/565/488 473/566/489
f 435/554/480 436/557/483 438/551/477
f 452/567/487 466/568/490 467/537/466
f 440/549/475 439/552/478 437/547/474
f 436/557/483 431/556/482 432/555/481
f 490/569/491 538/530/459 486/570/492 488/571/493
f 662/572/494 574/573/495 578/574/496
f 445/575/497 442/576/479 446/563/486
f 463/577/498 458/492/423 454/560/485
f 535/382/329 445/575/497 405/383/330
f 445/575/497 535/382/329 442/553/479
f 445/578/497 449/579/499 405/383/330
f 455/494/425 457/493/424 456/507/438
f 443/550/476 447/580/454 446/581/486
f 441/515/445 444/517/447 439/552/478
f 459/508/439 466/568/490 537/506/437
f 413/524/453 411/528/457 451/582/500
f 523/520/450 406/519/449 450/583/501
f 449/579/499 445/584/497 446/563/486
f 451/582/500 446/581/486 447/580/454
f 440/549/475 421/548/469 416/561/446
f 406/519/449 405/523/330 449/579/499
f 471/585/502 474/586/503 470/587/504
f 471/585/502 472/588/505 474/589/503
f 411/528/457 450/583/501 451/582/500
f 451/582/500 447/580/454 413/524/453
f 553/590/506 541/477/412 542/591/336
f 450/583/501 449/579/499 446/563/486 451/582/500
f 407/541/328 408/505/436 417/502/433
f 483/592/507 484/593/508 487/594/509
f 474/586/503 476/595/510 473/566/489 470/587/504
f 466/568/490 464/596/511 467/537/466
f 484/593/508 482/597/512 481/598/513 479/599/514
f 481/598/513 477/532/461 476/595/510 478/600/515
f 466/568/490 452/567/487 537/506/437
f 461/601/516 460/602/517 457/493/424
f 459/508/439 460/602/517 464/596/511
f 462/603/518 465/538/467 461/601/516
f 468/539/468 463/577/498 454/560/485
f 461/601/516 457/493/424 462/603/518
f 464/596/511 461/601/516 465/538/467 467/537/466
f 465/538/467 463/577/498 468/539/468
f 465/538/467 462/603/518 463/577/498
f 478/600/515 479/604/514 481/598/513
f 473/566/489 469/565/488 492/605/519 470/587/504
f 455/494/425 452/567/487 467/537/466 453/559/472
f 463/577/498 462/603/518 458/492/423
f 494/606/520 519/607/521 495/608/522 497/609/523
f 460/602/517 456/507/438 457/493/424
f 464/596/511 460/602/517 461/601/516
f 479/599/514 485/610/524 484/593/508
f 538/530/459 480/529/458 482/597/512
f 474/586/503 472/588/505 478/600/515 476/595/510
f 482/597/512 480/529/458 477/532/461 481/598/513
f 483/592/507 482/597/512 484/593/508
f 472/588/505 479/604/514 478/600/515
f 488/571/493 486/570/492 483/592/507 487/594/509
f 469/565/488 538/530/459 490/569/491 492/605/519
f 485/610/524 472/588/505 489/611/525 487/594/509
f 491/612/526 488/571/493 487/594/509 489/611/525
f 538/530/459 482/597/512 483/592/507 486/570/492
f 479/599/514 472/588/505 485/610/524
f 502/613/527 499/614/528 503/615/529
f 492/616/519 490/569/491 488/571/493 491/612/526
f 489/611/525 472/588/505 471/617/502 491/612/526
f 493/618/530 539/619/531 516/620/532 518/621/533
f 525/622/534 512/623/535 539/619/531
f 497/609/523 499/614/528 496/624/536 494/606/520
f 512/623/535 513/625/537 516/620/532
f 498/626/538 500/627/539 539/619/531
f 500/627/539 498/626/538 501/628/540
f 499/614/528 502/613/527 501/628/540
f 504/629/541 500/627/539 501/628/540
f 497/609/523 495/630/522 503/615/529 499/614/528
f 552/484/416 541/486/412 553/590/506
f 500/627/539 504/629/541 507/631/542
f 513/625/537 514/632/543 517/633/544
f 505/634/545 501/628/540 502/613/527
f 512/623/535 508/635/546 513/625/537
f 513/625/537 510/636/547 514/632/543
f 505/634/545 502/613/527 506/637/548 511/638/549
f 510/636/547 509/639/550 505/634/545
f 506/637/548 495/630/522 515/640/551
f 513/625/537 509/639/550 510/636/547
f 511/638/549 506/637/548 515/640/551 514/632/543
f 514/632/543 515/640/551 517/633/544
f 504/629/541 501/628/540 505/634/545 509/639/550
f 508/635/546 504/629/541 509/639/550
f 501/628/540 498/626/538 496/624/536 499/614/528
f 510/636/547 505/634/545 511/638/549
f 512/623/535 507/631/542 508/635/546
f 525/622/534 507/631/542 512/623/535
f 518/641/533 516/620/532 513/625/537 517/633/544
f 525/622/534 539/619/531 500/627/539 507/631/542
f 508/635/546 509/639/550 513/625/537
f 506/637/548 503/615/529 495/630/522
f 229/280/238 223/268/227 218/263/225 216/262/224
f 515/640/551 495/630/522 519/607/521 517/633/544
f 586/642/552 585/643/553 583/644/554 584/645/555
f 510/636/547 511/638/549 514/632/543
f 547/646/556 545/388/334 543/291/248 544/294/251
f 555/647/557 554/648/558 559/649/559
f 548/650/560 549/389/335 545/651/334
f 528/352/305 255/392/302 254/380/293
f 255/349/302 252/338/292 254/380/293
f 541/486/412 551/485/417 540/292/249 543/291/248
f 512/623/535 516/620/532 539/619/531
f 405/523/330 404/522/452 407/381/328
f 225/194/170 222/184/160 219/186/162 221/269/228
f 226/193/169 222/184/160 225/194/170
f 231/190/166 227/232/205 226/193/169
f 247/318/273 245/281/239 246/301/257 249/283/241
f 237/286/244 238/299/256 234/133/119
f 257/325/280 253/324/279 252/338/292
f 281/351/304 285/344/298 282/347/300
f 277/357/309 274/342/296 528/352/305
f 286/365/317 287/361/313 285/344/298 284/360/312
f 287/361/313 289/333/288 288/345/299
f 319/412/356 318/395/339 322/400/344
f 253/324/279 297/385/332 254/339/293
f 259/335/290 261/319/274 299/348/301
f 429/558/484 426/546/473 427/544/471
f 253/324/279 298/391/337 297/385/332
f 332/403/347 327/414/350 329/405/349 330/415/358
f 311/387/333 310/399/343 313/398/342
f 310/399/343 306/313/268 305/312/267
f 330/415/358 328/330/285 531/329/284
f 363/466/402 343/439/379 354/452/391
f 362/465/401 358/463/399 361/445/384
f 354/452/391 350/462/366 353/461/398 359/464/400
f 356/457/396 355/450/389 360/428/369
f 349/426/368 347/423/365 344/419/361 346/422/364
f 362/465/401 365/436/376 363/466/402
f 364/440/380 360/428/369 532/421/363
f 389/487/418 387/476/411 385/481/387 386/447/386
f 386/479/386 390/478/413 389/487/418
f 371/433/374 368/455/394 382/376/325 369/434/324
f 404/522/452 406/519/449 409/521/451
f 536/652/561 524/527/456 409/521/451 523/520/450
f 424/512/442 426/546/473 535/382/329 422/503/434
f 438/551/477 443/550/476 442/553/479
f 435/554/480 535/382/329 429/558/484
f 448/526/455 447/525/454 443/550/476
f 462/603/518 457/493/424 458/492/423
f 450/583/501 406/519/449 449/579/499
f 536/652/561 523/520/450 450/583/501 524/527/456
f 459/508/439 464/596/511 466/568/490
f 459/508/439 456/507/438 460/602/517
f 453/559/472 468/539/468 454/653/485
f 491/612/526 471/617/502 470/587/504 492/616/519
f 484/593/508 485/610/524 487/594/509
f 498/626/538 539/619/531 493/618/530 496/624/536
f 518/641/533 517/633/544 519/607/521 494/606/520
f 506/637/548 502/613/527 503/615/529
f 508/635/546 507/631/542 504/629/541
f 571/654/562 555/647/557 556/655/563
f 496/624/536 493/618/530 518/621/533 494/606/520
f 265/309/264 255/392/302 528/352/305
f 529/656/564 520/323/278 257/325/280 521/336/291
f 521/336/291 259/335/290 298/391/337
f 521/336/291 298/391/337 520/323/278 529/656/564
f 417/502/433 535/382/329 407/381/328
f 411/528/457 524/527/456 450/583/501
f 477/532/461 475/531/460 473/566/489 476/595/510
f 580/657/565 577/658/566 579/659/567
f 579/659/567 576/660/568 573/661/569 572/662/570
f 559/649/559 558/663/571 555/647/557
f 551/485/417 546/664/572 644/293/250 540/665/249
f 553/590/506 550/666/573 552/484/416
f 550/666/573 549/389/335 548/650/560
f 546/664/572 547/646/556 544/294/251
f 551/485/417 552/484/416 548/650/560 547/646/556
f 561/667/574 645/668/575 563/669/576
f 550/666/573 542/591/336 549/389/335
f 567/670/577 569/671/578 557/672/579
f 570/673/580 554/648/558 555/647/557 571/654/562
f 560/674/581 558/663/571 559/649/559
f 552/484/416 550/666/573 548/650/560
f 570/673/580 563/669/576 645/668/575
f 572/662/570 573/661/569 574/573/495
f 553/590/506 542/591/336 550/666/573
f 561/667/574 562/675/582 559/649/559
f 559/649/559 554/648/558 645/668/575 561/667/574
f 547/646/556 548/650/560 545/651/334
f 588/676/583 587/677/584 647/678/585 589/679/586
f 565/680/587 562/675/582 564/681/588
f 662/572/494 578/574/496 580/657/565
f 562/675/582 566/682/589 560/674/581
f 564/681/588 562/675/582 561/667/574
f 565/680/587 566/682/589 562/675/582
f 571/654/562 568/683/590 570/673/580
f 560/674/581 557/684/579 558/663/571
f 554/648/558 570/673/580 645/668/575
f 670/685/591 667/686/592 666/687/593 668/688/594
f 570/673/580 568/683/590 563/669/576
f 579/659/567 572/662/570 580/657/565
f 558/663/571 556/655/563 555/647/557
f 569/671/578 566/682/589 565/680/587
f 576/660/568 575/689/595 573/661/569
f 568/683/590 564/681/588 563/669/576
f 565/680/587 564/681/588 568/683/590
f 557/672/579 560/674/581 567/670/577
f 571/654/562 556/655/563 557/672/579 569/671/578
f 567/670/577 566/682/589 569/671/578
f 586/642/552 582/690/596 585/643/553
f 571/654/562 569/671/578 565/680/587 568/683/590
f 662/691/494 580/657/565 572/662/570 574/573/495
f 575/689/595 578/574/496 574/573/495
f 593/692/597 658/693/598 590/694/599 591/695/600
f 665/696/601 668/688/594 666/687/593 664/697/602
f 586/642/552 584/645/555 646/698/603 581/699/604
f 577/658/566 578/574/496 575/689/595
f 668/688/594 665/700/601 672/701/605
f 577/658/566 576/660/568 579/659/567
f 583/644/554 581/699/604 646/698/603 584/645/555
f 671/702/606 673/703/607 675/704/608
f 701/705/609 697/706/610 785/707/611
f 592/708/612 591/695/600 647/678/585
f 590/709/599 657/710/613 588/676/583 589/679/586
f 592/708/612 593/692/597 591/695/600
f 590/709/599 589/679/586 647/678/585 591/695/600
f 656/711/614 604/712/615 587/677/584 588/676/583
f 611/713/616 652/714/617 608/715/618 609/716/619
f 675/704/608 664/717/602 674/718/620
f 588/676/583 657/710/613 661/719/621 656/711/614
f 590/694/599 658/693/598 661/719/621 657/710/613
f 650/720/622 622/721/623 605/722/624 606/723/625
f 599/724/626 642/725/627 647/678/585
f 594/726/628 593/692/597 592/708/612
f 601/727/629 599/724/626 647/678/585
f 596/728/630 594/726/628 592/708/612
f 599/724/626 601/727/629 600/729/631
f 602/730/632 601/727/629 647/678/585 603/731/633
f 600/729/631 659/732/634 661/733/621 595/734/635
f 604/712/615 660/735/636 602/736/632 603/731/633
f 597/737/637 594/726/628 596/728/630
f 598/738/638 595/734/635 593/692/597 594/726/628
f 600/729/631 597/737/637 599/724/626
f 604/712/615 603/731/633 647/678/585 587/677/584
f 594/726/628 597/737/637 598/738/638
f 675/704/608 676/739/639 664/717/602
f 602/736/632 660/735/636 661/733/621 659/732/634
f 667/686/592 767/740/640 663/741/641 666/687/593
f 608/715/618 651/742/642 606/723/625 607/743/643
f 610/744/644 609/716/619 648/745/645
f 608/715/618 607/743/643 648/745/645 609/716/619
f 689/746/646 685/747/647 683/748/648
f 640/749/649 639/750/650 634/751/651 638/752/652
f 617/753/653 643/754/654 648/745/645
f 614/755/655 612/756/656 610/744/644
f 620/757/657 619/758/658 648/745/645 621/759/659
f 615/760/660 612/756/656 614/755/655
f 612/756/656 611/713/616 610/744/644
f 615/760/660 616/761/661 612/756/656
f 618/762/662 615/760/660 617/753/653
f 615/760/660 614/755/655 617/753/653
f 616/761/661 613/763/663 611/713/616 612/756/656
f 622/721/623 621/764/659 648/745/645 605/722/624
f 620/757/657 653/765/664 618/762/662 619/758/658
f 622/721/623 650/720/622 655/766/665 654/767/666
f 627/768/667 626/769/668 631/770/669
f 639/750/650 635/771/670 634/751/651
f 624/772/671 627/768/667 625/773/672
f 627/768/667 624/772/671 626/769/668
f 624/772/671 641/774/673 639/750/650 640/749/649
f 640/749/649 638/752/652 649/775/674 623/776/675
f 641/774/673 624/772/671 625/777/672
f 632/778/676 628/779/677 631/770/669
f 634/780/651 630/781/678 649/775/674 638/752/652
f 606/723/625 651/742/642 655/766/665 650/720/622
f 617/753/653 619/758/658 618/762/662
f 628/779/677 629/782/679 625/773/672
f 641/774/673 625/777/672 639/750/650
f 631/770/669 628/779/677 627/768/667
f 635/771/670 633/783/680 631/770/669
f 551/485/417 547/646/556 546/664/572
f 633/783/680 632/778/676 631/770/669
f 636/784/681 632/778/676 633/783/680
f 639/750/650 637/785/682 635/771/670
f 632/778/676 629/782/679 628/779/677
f 637/785/682 636/784/681 635/786/670
f 636/784/681 633/783/680 635/786/670
f 625/777/672 629/787/679 637/785/682
f 637/785/682 639/750/650 625/777/672
f 577/658/566 575/689/595 576/660/568
f 632/778/676 636/784/681 629/782/679
f 637/785/682 629/787/679 636/788/681
f 678/789/683 682/790/684 677/791/685
f 634/780/651 635/771/670 631/770/669
f 665/696/601 664/697/602 676/739/639
f 634/780/651 631/770/669 626/769/668 630/781/678
f 671/702/606 668/688/594 672/701/605
f 580/657/565 578/574/496 577/658/566
f 575/689/595 574/573/495 573/661/569
f 559/649/559 562/675/582 560/674/581
f 563/669/576 564/681/588 561/667/574
f 567/670/577 560/674/581 566/682/589
f 557/684/579 556/655/563 558/663/571
f 666/687/593 663/792/641 674/718/620 664/697/602
f 582/690/596 586/642/552 581/699/604 583/644/554
f 593/692/597 595/734/635 661/733/621 658/693/598
f 597/737/637 596/728/630 599/724/626
f 604/712/615 656/711/614 661/719/621 660/735/636
f 610/744/644 611/713/616 609/716/619
f 619/758/658 617/753/653 648/745/645
f 613/763/663 616/761/661 618/762/662
f 611/713/616 613/763/663 655/793/665 652/714/617
f 622/721/623 654/767/666 620/757/657 621/764/659
f 616/761/661 615/760/660 618/762/662
f 618/762/662 653/765/664 655/793/665 613/763/663
f 620/757/657 654/767/666 655/793/665 653/765/664
f 624/772/671 640/749/649 623/794/675 626/769/668
f 628/779/677 625/773/672 627/768/667
f 608/715/618 652/714/617 655/766/665 651/742/642
f 626/769/668 623/794/675 649/775/674 630/781/678
f 546/664/572 544/294/251 644/293/250
f 617/753/653 614/755/655 643/754/654
f 610/744/644 648/745/645 643/754/654 614/755/655
f 595/734/635 598/738/638 600/729/631
f 600/729/631 598/738/638 597/737/637
f 602/730/632 659/732/634 600/729/631 601/727/629
f 606/723/625 605/722/624 648/745/645 607/743/643
f 599/724/626 596/728/630 642/725/627
f 592/708/612 647/678/585 642/725/627 596/728/630
f 583/644/554 585/643/553 582/690/596
f 668/688/594 671/702/606 670/685/591
f 670/685/591 671/702/606 675/704/608 674/718/620
f 669/795/686 667/686/592 670/685/591
f 692/796/687 690/797/688 680/798/689
f 687/799/690 684/800/691 685/747/647
f 678/789/683 681/801/692 682/790/684
f 768/802/693 684/800/691 686/803/694
f 672/701/605 665/700/601 673/703/607
f 679/804/695 678/789/683 694/805/696
f 702/806/697 695/807/698 696/808/699 699/809/700
f 678/789/683 677/791/685 693/810/701 694/805/696
f 693/810/701 691/811/702 694/805/696
f 682/790/684 681/801/692 683/748/648
f 673/703/607 665/700/601 676/739/639
f 697/706/610 696/808/699 695/807/698
f 682/790/684 685/747/647 684/800/691
f 684/800/691 768/802/693 677/791/685 682/790/684
f 663/792/641 767/740/640 669/795/686 674/718/620
f 675/704/608 673/703/607 676/739/639
f 686/803/694 693/810/701 768/802/693
f 701/705/609 785/707/611 703/812/703
f 680/813/689 683/814/648 681/801/692
f 705/815/704 709/816/705 708/817/706
f 688/818/707 685/747/647 689/746/646
f 690/797/688 689/746/646 683/748/648
f 695/807/698 702/806/697 703/812/703
f 686/803/694 684/800/691 687/799/690
f 685/747/647 682/790/684 683/748/648
f 683/748/648 680/798/689 690/797/688
f 693/810/701 677/791/685 768/802/693
f 686/803/694 691/811/702 693/810/701
f 696/808/699 698/819/708 699/809/700
f 686/803/694 687/799/690 691/811/702
f 692/796/687 689/746/646 690/797/688
f 691/811/702 688/818/707 692/796/687 694/805/696
f 694/805/696 692/796/687 680/813/689 679/804/695
f 785/707/611 697/706/610 695/807/698 703/812/703
f 702/806/697 700/820/709 703/812/703
f 688/818/707 687/799/690 685/747/647
f 704/821/710 769/822/711 707/823/712 709/816/705
f 698/819/708 697/706/610 701/705/609
f 705/815/704 708/817/706 706/824/713
f 812/825/714 787/826/715 789/827/716 790/828/717
f 700/820/709 701/705/609 703/812/703
f 700/820/709 698/819/708 701/705/609
f 700/820/709 699/809/700 698/819/708
f 702/806/697 699/809/700 700/820/709
f 827/829/718 835/830/719 833/831/720 832/832/721
f 707/823/712 706/824/713 708/817/706 709/816/705
f 1237/833/722 1238/834/723 1234/835/724 1235/836/725
f 707/823/712 769/822/711 704/821/710 706/824/713
f 810/837/726 806/838/727 792/839/728 807/840/729
f 716/841/730 714/842/731 713/843/732 781/844/733
f 713/843/732 712/845/734 711/846/735 780/847/736
f 714/842/731 770/848/737 712/845/734 713/843/732
f 765/849/738 722/850/739 770/848/737
f 711/846/735 710/851/740 727/852/741 779/853/742
f 714/842/731 715/854/743 770/848/737
f 779/853/742 784/855/744 780/847/736 711/846/735
f 1233/856/745 1258/857/746 1256/858/747
f 722/850/739 723/859/748 724/860/749
f 716/841/730 781/844/733 784/861/744 718/862/750
f 722/850/739 724/860/749 770/848/737
f 780/847/736 784/861/744 781/844/733 713/843/732
f 726/863/751 770/848/737 724/860/749 725/864/752
f 715/854/743 717/865/753 719/866/754
f 717/865/753 715/854/743 716/841/730
f 718/862/750 784/861/744 782/867/755 723/859/748
f 727/852/741 726/863/751 725/864/752 783/868/756
f 721/869/757 718/862/750 723/859/748
f 722/850/739 720/870/758 723/859/748
f 717/865/753 716/841/730 718/862/750 721/869/757
f 720/870/758 719/866/754 717/865/753
f 790/828/717 789/827/716 793/871/759 792/839/728
f 710/851/740 770/848/737 726/863/751 727/852/741
f 765/849/738 719/866/754 722/850/739
f 722/850/739 719/866/754 720/870/758
f 725/864/752 724/860/749 723/859/748 782/867/755
f 720/870/758 721/869/757 723/859/748
f 733/872/760 732/873/761 734/874/762
f 782/867/755 784/855/744 783/868/756 725/864/752
f 727/852/741 783/868/756 784/855/744 779/853/742
f 795/875/763 794/876/764 786/877/765 1239/878/766
f 731/879/767 730/880/768 729/881/769 774/882/770
f 773/883/771 778/884/772 774/882/770 729/881/769
f 797/885/773 807/840/729 792/839/728 793/871/759
f 732/886/761 771/887/774 730/880/768 731/879/767
f 913/888/775 941/889/776 912/890/777 796/891/778
f 744/892/779 771/887/774 742/893/780 743/894/781
f 761/895/782 772/896/783 753/897/784 757/898/785
f 766/899/786 740/900/787 771/887/774
f 734/874/762 775/901/788 778/902/772 736/903/789
f 740/900/787 741/904/790 742/893/780
f 740/900/787 742/893/780 771/887/774
f 739/905/791 736/903/789 741/904/790
f 740/900/787 738/906/792 741/904/790
f 736/903/789 778/902/772 776/907/793 741/904/790
f 733/872/760 735/908/794 737/909/795
f 735/908/794 733/872/760 734/874/762
f 745/910/796 744/892/779 743/894/781 777/911/797
f 738/906/792 739/905/791 741/904/790
f 738/906/792 735/908/794 739/905/791
f 740/900/787 737/909/795 738/906/792
f 738/906/792 737/909/795 735/908/794
f 728/912/798 771/887/774 744/892/779 745/910/796
f 753/897/784 772/896/783 746/913/799 749/914/800
f 743/894/781 742/893/780 741/904/790 776/907/793
f 776/907/793 778/902/772 777/911/797 743/894/781
f 749/914/800 750/915/801 754/916/802
f 746/917/799 772/896/783 761/895/782 763/918/803
f 750/915/801 749/914/800 747/919/804
f 745/910/796 777/911/797 778/884/772 773/883/771
f 748/920/805 750/915/801 747/919/804
f 757/898/785 758/921/806 762/922/807
f 762/922/807 764/923/808 747/919/804 763/918/803
f 667/686/592 669/795/686 767/740/640
f 774/882/770 778/884/772 775/901/788 731/879/767
f 755/924/809 754/916/802 751/925/810
f 750/915/801 751/925/810 754/916/802
f 762/922/807 748/926/805 764/923/808
f 813/927/811 814/928/812 788/929/813 787/826/715
f 754/916/802 755/930/809 756/931/814
f 748/920/805 752/932/815 751/925/810
f 752/932/815 755/924/809 751/925/810
f 809/933/816 805/934/817 806/838/727
f 912/890/777 940/935/818 910/936/819 797/885/773
f 760/937/820 752/938/815 748/926/805
f 758/921/806 756/931/814 759/939/821
f 755/930/809 759/939/821 756/931/814
f 1239/878/766 786/877/765 1233/856/745 1234/835/724
f 759/939/821 760/937/820 758/921/806
f 760/937/820 748/926/805 762/922/807
f 758/921/806 760/937/820 762/922/807
f 755/930/809 752/938/815 759/939/821
f 759/939/821 752/938/815 760/937/820
f 799/940/822 812/825/714 790/828/717 791/941/823
f 812/825/714 813/927/811 787/826/715
f 754/916/802 758/921/806 757/898/785
f 1241/942/824 1238/834/723 1237/833/722 1251/943/825
f 749/914/800 746/917/799 763/918/803 747/919/804
f 757/898/785 753/897/784 749/914/800 754/916/802
f 754/916/802 756/931/814 758/921/806
f 673/703/607 671/702/606 672/701/605
f 698/819/708 696/808/699 697/706/610
f 689/746/646 692/796/687 688/818/707
f 691/811/702 687/799/690 688/818/707
f 681/801/692 678/789/683 679/804/695
f 819/944/826 823/945/827 821/946/828 822/947/829
f 706/824/713 704/821/710 709/816/705 705/815/704
f 715/854/743 714/842/731 716/841/730
f 720/870/758 717/865/753 721/869/757
f 787/826/715 788/929/813 786/877/765
f 732/886/761 733/872/760 771/887/774
f 748/920/805 747/919/804 764/923/808
f 735/908/794 734/874/762 736/903/789 739/905/791
f 729/881/769 728/912/798 745/910/796 773/883/771
f 669/795/686 670/685/591 674/718/620
f 680/813/689 681/801/692 679/804/695
f 751/925/810 750/915/801 748/920/805
f 766/899/786 737/909/795 740/900/787
f 766/899/786 771/887/774 733/872/760 737/909/795
f 763/918/803 761/895/782 757/898/785 762/922/807
f 730/880/768 771/887/774 728/912/798 729/881/769
f 734/874/762 732/886/761 731/879/767 775/901/788
f 793/871/759 789/827/716 794/876/764 796/891/778
f 765/849/738 770/848/737 715/854/743 719/866/754
f 712/845/734 770/848/737 710/851/740 711/846/735
f 886/948/830 887/949/831 868/950/832
f 787/826/715 786/877/765 794/876/764 789/827/716
f 866/951/833 815/952/834 812/825/714 799/940/822
f 946/953/835 839/954/836 844/955/837
f 864/956/838 881/957/839 915/958/840 882/959/841
f 799/940/822 865/960/842 883/961/843 866/951/833
f 806/838/727 805/934/817 798/962/844 791/941/823
f 912/890/777 797/885/773 793/871/759 796/891/778
f 983/963/845 978/964/846 982/965/847 984/966/848
f 997/967/849 996/968/850 973/969/851 977/970/852
f 791/941/823 790/828/717 792/839/728 806/838/727
f 931/971/853 916/972/854 935/973/855
f 1374/974/856 1367/975/857 1358/976/858 1368/977/859
f 868/950/832 823/945/827 818/978/860
f 827/829/718 832/832/721 828/979/861
f 854/980/862 847/981/863 800/982/864 808/983/865
f 1255/984/866 1351/985/867 1241/942/824 1251/943/825
f 1354/986/868 970/987/869 913/888/775 795/875/763
f 881/988/839 864/956/838 803/989/870 863/990/871
f 904/991/872 903/992/873 859/993/874
f 868/950/832 818/978/860 817/994/875 814/928/812
f 1243/995/876 1256/858/747 1259/996/877 1308/997/878
f 803/989/870 804/998/879 802/999/880
f 898/1000/881 896/1001/882 819/944/826 822/947/829
f 805/934/817 804/998/879 803/989/870
f 848/1002/883 801/1003/884 800/982/864 846/1004/885
f 913/888/775 796/891/778 794/876/764 795/875/763
f 808/983/865 802/999/880 804/998/879
f 807/840/729 797/885/773 910/936/819 811/1005/886
f 882/959/841 865/960/842 798/962/844 864/956/838
f 864/956/838 798/962/844 805/934/817 803/989/870
f 791/941/823 798/962/844 865/960/842 799/940/822
f 851/1006/887 810/837/726 807/840/729 811/1005/886
f 802/999/880 800/982/864 801/1003/884
f 872/1007/888 871/1008/889 870/1009/890 889/1010/891
f 921/1011/892 888/1012/893 920/1013/894 928/1014/895
f 1354/986/868 795/875/763 1239/878/766 1240/1015/896
f 809/933/816 853/1016/897 808/983/865 804/998/879
f 1262/1017/898 1261/1018/899 820/1019/900
f 863/990/871 803/989/870 802/999/880 801/1003/884
f 905/1020/901 901/1021/902 861/1022/903 902/1023/904
f 808/983/865 853/1016/897 856/1024/905 854/980/862
f 884/1025/906 866/951/833 883/961/843
f 847/981/863 854/980/862 855/1026/907 1167/1027/908
f 809/933/816 852/1028/909 857/1029/910 853/1016/897
f 861/1022/903 901/1021/902 860/1030/911 856/1024/905
f 810/837/726 852/1028/909 809/933/816 806/838/727
f 949/1031/912 846/1004/885 847/981/863
f 823/945/827 869/1032/913 821/946/828
f 800/982/864 802/999/880 808/983/865
f 871/1008/889 1143/1033/914 822/947/829
f 926/1034/915 915/958/840 932/1035/916
f 858/1036/917 857/1029/910 852/1028/909 851/1006/887
f 815/952/834 866/951/833 879/1037/918 878/1038/919
f 907/1039/920 1055/1040/921 900/1041/922 899/1042/923
f 899/1042/923 900/1041/922 855/1026/907 860/1030/911
f 858/1036/917 851/1006/887 811/1005/886 859/993/874
f 1169/1043/924 855/1026/907 900/1041/922
f 899/1042/923 906/1044/925 849/1045/926 907/1039/920
f 841/1046/927 836/1047/928 828/979/861 832/832/721
f 846/1004/885 800/982/864 847/981/863
f 813/927/811 867/1048/929 814/928/812
f 895/1049/930 824/1050/931 830/1051/932
f 917/1052/933 882/1053/841 915/958/840 926/1034/915
f 816/1054/934 815/952/834 878/1038/919
f 897/1055/935 1338/1056/936 820/1019/900 896/1001/882
f 923/1057/937 890/1058/938 922/1059/939 929/1060/940
f 816/1054/934 813/927/811 812/825/714
f 865/960/842 882/1053/841 917/1052/933 883/961/843
f 816/1054/934 878/1038/919 867/1048/929
f 886/948/830 868/950/832 814/928/812 867/1048/929
f 921/1011/892 889/1010/891 870/1009/890 888/1012/893
f 817/994/875 1261/1018/899 1310/1061/941 1257/1062/942
f 819/944/826 820/1019/900 818/978/860
f 933/1063/943 939/1064/944 927/1065/945
f 1038/1066/946 1034/1067/947 894/1068/948 1033/1069/949
f 868/950/832 869/1032/913 823/945/827
f 873/1070/950 827/829/718 826/1071/951
f 1332/1072/952 1315/1073/953 1333/1074/954 1364/1075/955
f 817/994/875 818/978/860 820/1019/900 1261/1018/899
f 1267/1076/956 1268/1077/957 1266/1078/958
f 888/1079/893 870/1009/890 821/946/828 869/1032/913
f 830/1051/932 831/1080/959 829/1081/960
f 923/1057/937 891/1082/961 873/1070/950 890/1058/938
f 1172/1083/962 1137/1084/963 1175/1085/964 1179/1086/965
f 1262/1017/898 820/1019/900 1338/1056/936
f 1353/1087/966 1381/1088/967 1412/1089/968 1382/1090/969
f 871/1008/889 822/947/829 821/946/828 870/1009/890
f 836/1047/928 837/1091/970 824/1050/931
f 1149/1092/971 825/1093/972 895/1049/930 1150/1094/973
f 922/1059/939 890/1095/938 872/1007/888 889/1096/891
f 951/1097/974 1032/1098/975 829/1081/960 950/1099/976
f 1554/1100/977 1141/1101/978 1133/1102/979 1134/1103/980
f 925/1104/981 892/1105/982 924/1106/983 930/1107/984
f 836/1047/928 824/1050/931 826/1071/951 828/979/861
f 845/1108/985 842/1109/986 836/1047/928 841/1046/927
f 834/1110/987 840/1111/988 832/832/721
f 834/1110/987 832/832/721 833/831/720
f 845/1108/985 841/1046/927 832/832/721 840/1111/988
f 894/1068/948 830/1051/932 829/1081/960 1033/1069/949
f 837/1091/970 838/1112/989 831/1080/959
f 961/1113/990 954/1114/991 948/1115/992 958/1116/993
f 891/1082/961 874/1117/994 835/830/719 873/1070/950
f 837/1091/970 842/1109/986 838/1112/989
f 839/954/836 838/1112/989 843/1118/995 844/955/837
f 845/1108/985 840/1111/988 844/955/837 843/1118/995
f 960/1119/996 1051/1120/997 957/1121/998 959/1122/999
f 833/831/720 942/1123/1000 834/1110/987
f 840/1111/988 834/1110/987 942/1123/1000 844/955/837
f 953/1124/1001 947/1125/1002 954/1114/991
f 946/953/835 950/1099/976 831/1080/959 839/954/836
f 966/1126/1003 965/1127/1004 850/1128/1005
f 1056/1129/1006 1058/1130/1007 900/1041/922 1055/1040/921
f 1167/1131/908 962/1132/1008 949/1031/912 847/981/863
f 880/1133/1009 863/990/871 801/1003/884 862/1134/1010
f 1032/1098/975 951/1097/974 1030/1135/1011 1036/1136/1012
f 833/831/720 943/1137/1013 942/1123/1000
f 967/1138/1014 1053/1139/1015 958/1116/993 949/1031/912
f 857/1029/910 861/1022/903 856/1024/905 853/1016/897
f 953/1124/1001 959/1122/999 957/1121/998
f 851/1006/887 852/1028/909 810/837/726
f 966/1126/1003 850/1140/1005 849/1045/926 976/1141/1016
f 981/1142/1017 985/1143/1018 980/1144/1019 971/1145/1020
f 816/1054/934 812/825/714 815/952/834
f 1169/1043/924 1167/1027/908 855/1026/907
f 910/936/819 911/1146/1021 859/993/874 811/1005/886
f 859/993/874 903/992/873 858/1036/917
f 973/969/851 911/1146/1021 910/936/819 940/935/818
f 977/970/852 973/969/851 940/935/818 972/1147/1022
f 933/1063/943 927/1065/945 917/1052/933 926/1034/915
f 906/1044/925 899/1042/923 860/1030/911 901/1021/902
f 914/1148/1023 881/988/839 863/990/871 880/1149/1009
f 1053/1139/1015 1168/1150/1024 1054/1151/1025
f 971/1145/1020 941/889/776 913/888/775 970/987/869
f 949/1152/912 958/1116/993 948/1115/992 945/1153/1026
f 903/992/873 902/1023/904 858/1036/917
f 1051/1120/997 960/1119/996 1052/1154/1027
f 1058/1130/1007 1170/1155/1028 1169/1043/924
f 801/1003/884 848/1002/883 862/1134/1010
f 884/1156/906 879/1037/918 866/951/833
f 906/1044/925 908/1157/1029 849/1045/926
f 876/1158/1030 875/1159/1031 874/1117/994 892/1160/982
f 918/1161/1032 884/1025/906 883/1162/843
f 883/1162/843 917/1052/933 927/1065/945 918/1161/1032
f 885/1163/1033 886/948/830 867/1048/929
f 871/1008/889 872/1007/888 826/1071/951 1148/1164/1034
f 932/1035/916 915/958/840 881/957/839 914/1148/1023
f 889/1096/891 921/1011/892 929/1060/940 922/1059/939
f 825/1093/972 826/1071/951 824/1050/931
f 920/1013/894 888/1079/893 869/1032/913 887/1165/831
f 1144/1166/1035 1145/1167/1036 898/1000/881 1143/1033/914
f 873/1070/950 826/1071/951 872/1007/888 890/1095/938
f 891/1168/961 923/1057/937 930/1107/984 924/1106/983
f 943/1137/1013 875/1159/1031 944/1169/1037 947/1125/1002
f 924/1106/983 892/1160/982 874/1117/994 891/1168/961
f 1143/1033/914 871/1008/889 1148/1164/1034
f 893/1170/1038 862/1134/1010 877/1171/1039 876/1158/1030
f 875/1159/1031 943/1137/1013 835/830/719 874/1117/994
f 877/1171/1039 944/1169/1037 875/1159/1031 876/1158/1030
f 925/1104/981 893/1170/1038 876/1158/1030 892/1105/982
f 943/1137/1013 833/831/720 835/830/719
f 944/1169/1037 877/1171/1039 945/1153/1026 948/1115/992
f 916/972/854 880/1133/1009 862/1134/1010 893/1172/1038
f 1007/1173/1040 1006/1174/1041 966/1126/1003 976/1141/1016
f 885/1163/1033 867/1048/929 878/1038/919 879/1037/918
f 877/1171/1039 848/1002/883 945/1153/1026
f 947/1125/1002 953/1124/1001 952/1175/1042
f 867/1048/929 813/927/811 816/1054/934
f 956/1176/1043 957/1121/998 955/1177/1044
f 884/1156/906 885/1178/1033 879/1037/918
f 946/953/835 942/1123/1000 952/1175/1042
f 916/972/854 931/971/853 914/1148/1023 880/1149/1009
f 887/1165/831 886/1179/830 919/1180/1045
f 1562/1181/1046 1313/1182/1047 1264/1183/1048
f 1161/1184/1049 907/1039/920 849/1045/926 850/1140/1005
f 868/950/832 887/949/831 869/1032/913
f 827/829/718 828/979/861 826/1071/951
f 842/1109/986 837/1091/970 836/1047/928
f 885/1178/1033 884/1025/906 918/1161/1032
f 939/1064/944 933/1063/943 936/1185/1050
f 919/1180/1045 885/1178/1033 918/1161/1032 927/1065/945
f 862/1134/1010 848/1002/883 877/1171/1039
f 1136/1186/1051 1150/1094/973 895/1049/930 1132/1187/1052
f 1143/1033/914 898/1000/881 822/947/829
f 897/1055/935 1131/1188/1053 1230/1189/1054 1552/1190/1055
f 980/1144/1019 972/1147/1022 941/889/776 971/1145/1020
f 934/1191/1056 928/1014/895 919/1180/1045 927/1065/945
f 1135/1192/1057 1132/1193/1052 894/1068/948 1133/1194/979
f 1552/1190/1055 1339/1195/1058 1338/1056/936 897/1055/935
f 919/1180/1045 886/1179/830 885/1178/1033
f 820/1019/900 819/944/826 896/1001/882
f 946/953/835 844/955/837 942/1123/1000
f 1603/1196/1059 1601/1197/1060 1559/1198/1061 1183/1199/1062
f 837/1091/970 831/1080/959 830/1051/932 824/1050/931
f 1161/1184/1049 1158/1200/1063 907/1039/920
f 897/1055/935 896/1001/882 898/1000/881 1131/1201/1053
f 1132/1193/1052 895/1049/930 830/1051/932 894/1068/948
f 974/1202/1064 904/991/872 859/993/874 911/1146/1021
f 905/1020/901 906/1044/925 901/1021/902
f 907/1039/920 1158/1200/1063 1055/1040/921
f 999/1203/1065 975/1204/1066 904/991/872 974/1202/1064
f 1003/1205/1067 1001/1206/1068 1002/1207/1069
f 908/1157/1029 905/1020/901 903/992/873 904/991/872
f 905/1020/901 909/1208/1070 906/1044/925
f 903/992/873 905/1020/901 902/1023/904
f 987/1209/1071 988/1210/1072 979/1211/1073 983/963/845
f 909/1208/1070 908/1157/1029 906/1044/925
f 976/1141/1016 849/1045/926 975/1204/1066 1000/1212/1074
f 975/1204/1066 908/1157/1029 904/991/872
f 856/1024/905 860/1030/911 855/1026/907 854/980/862
f 1170/1155/1028 1168/1213/1024 1167/1131/908 1169/1043/924
f 937/1214/1075 932/1035/916 914/1148/1023 931/971/853
f 908/1157/1029 909/1208/1070 905/1020/901
f 1216/1215/1076 1210/1216/1077 1190/1217/1078 1217/1218/1079
f 980/1144/1019 982/965/847 977/970/852 972/1147/1022
f 1308/997/878 1325/1219/1080 1307/1220/1081 1243/995/876
f 817/994/875 788/929/813 814/928/812
f 935/973/855 938/1221/1082 936/1185/1050
f 939/1064/944 934/1191/1056 927/1065/945
f 937/1214/1075 931/971/853 935/973/855 936/1185/1050
f 946/953/835 952/1175/1042 950/1099/976
f 887/1165/831 919/1180/1045 928/1014/895 920/1013/894
f 934/1191/1056 929/1060/940 921/1011/892 928/1014/895
f 936/1185/1050 938/1221/1082 930/1107/984
f 971/1145/1020 970/1222/869 1411/1223/1083 981/1142/1017
f 933/1063/943 937/1214/1075 936/1185/1050
f 998/1224/1084 999/1203/1065 974/1202/1064 996/968/850
f 932/1035/916 933/1063/943 926/1034/915
f 938/1221/1082 935/973/855 930/1107/984
f 937/1214/1075 933/1063/943 932/1035/916
f 936/1185/1050 930/1107/984 923/1057/937 929/1060/940
f 930/1107/984 935/973/855 925/1104/981
f 996/968/850 974/1202/1064 911/1146/1021 973/969/851
f 978/964/846 983/963/845 979/1211/1073
f 956/1176/1043 951/1097/974 957/1121/998
f 947/1125/1002 952/1175/1042 942/1123/1000 943/1137/1013
f 963/1225/1085 967/1138/1014 949/1031/912 962/1132/1008
f 1051/1120/997 955/1177/1044 957/1121/998
f 831/1080/959 950/1099/976 829/1081/960
f 1145/1226/1036 1138/1227/1086 1131/1201/1053 898/1000/881
f 959/1122/999 953/1124/1001 954/1114/991
f 846/1004/885 949/1152/912 945/1153/1026
f 953/1124/1001 957/1121/998 952/1175/1042
f 1088/1228/1087 1086/1229/1088 1062/1230/1089 1085/1231/1090
f 1033/1069/949 829/1081/960 1032/1098/975 1037/1232/1091
f 1165/1233/1092 1171/1234/1093 964/1235/1094 1164/1236/1095
f 1050/1237/1096 1035/1238/1097 1031/1239/1098 1065/1240/1099
f 916/972/854 893/1172/1038 925/1104/981 935/973/855
f 805/934/817 809/933/816 804/998/879
f 1030/1135/1011 956/1176/1043 1031/1239/1098
f 1182/1241/1100 1139/1242/1101 1138/1227/1086 1147/1243/1102
f 961/1113/990 960/1119/996 959/1122/999 954/1114/991
f 1079/1244/1103 1075/1245/1104 1045/1246/1105 1074/1247/1106
f 1054/1151/1025 1052/1154/1027 960/1119/996 961/1113/990
f 956/1176/1043 955/1177/1044 1065/1240/1099 1031/1239/1098
f 1059/1248/1107 1052/1154/1027 1060/1249/1108
f 1067/1250/1109 1068/1251/1110 1070/1252/1111
f 1093/1253/1112 1119/1254/1113 1085/1231/1090 1057/1255/1114
f 1164/1236/1095 964/1235/1094 963/1225/1085 962/1132/1008
f 965/1256/1004 968/1257/1115 963/1225/1085 964/1235/1094
f 1430/1258/1116 1428/1259/1117 1426/1260/1118 1427/1261/1119
f 850/1128/1005 965/1256/1004 964/1235/1094
f 952/1175/1042 957/1121/998 951/1097/974 950/1099/976
f 1167/1131/908 1166/1262/1120 1164/1236/1095 962/1132/1008
f 1171/1263/1093 1161/1184/1049 850/1140/1005
f 968/1257/1115 965/1127/1004 969/1264/1121 1155/1265/1122
f 1168/1266/1024 1053/1267/1015 1166/1268/1120
f 1211/1269/1123 1226/1270/1124 1212/1271/1125
f 1178/1272/1126 1194/1273/1127 1179/1086/965 1175/1085/964
f 1018/1274/1128 1155/1275/1122 969/1264/1121
f 968/1257/1115 1155/1265/1122 1165/1276/1092 1163/1277/1129
f 1389/1278/1130 1385/1279/1131 1388/1280/1132 1395/1281/1133
f 1020/1282/1134 1019/1283/1135 1008/1284/1136
f 1228/1285/1137 1424/1286/1138 1423/1287/1139 1425/1288/1140
f 1019/1283/1135 1007/1173/1040 1005/1289/1141 1008/1284/1136
f 1301/1290/1142 1344/1291/1143 1345/1292/1144
f 948/1115/992 954/1114/991 947/1125/1002 944/1169/1037
f 849/1045/926 908/1157/1029 975/1204/1066
f 1003/1205/1067 1000/1212/1074 975/1204/1066 999/1203/1065
f 997/967/849 977/970/852 982/965/847 978/964/846
f 990/1293/1145 989/1294/1146 987/1209/1071 986/1295/1147
f 1005/1289/1141 1007/1173/1040 976/1141/1016 1000/1212/1074
f 997/967/849 1001/1206/1068 998/1224/1084
f 1025/1296/1148 1018/1274/1128 1006/1174/1041 1017/1297/1149
f 985/1143/1018 984/966/848 982/965/847 980/1144/1019
f 1002/1207/1069 1001/1206/1068 997/967/849
f 1008/1284/1136 1005/1289/1141 1003/1205/1067 1004/1298/1150
f 983/963/845 984/966/848 986/1295/1147 987/1209/1071
f 979/1211/1073 988/1210/1072 991/1299/1151 1002/1207/1069
f 986/1295/1147 1228/1285/1137 1425/1288/1140 990/1293/1145
f 994/1300/1152 991/1299/1151 988/1210/1072 992/1301/1153
f 978/964/846 979/1211/1073 1002/1207/1069 997/967/849
f 1439/1302/1154 1429/1303/1155 1427/1261/1119 1418/1304/1156
f 1024/1305/1157 1025/1296/1148 1017/1297/1149
f 991/1299/1151 994/1300/1152 1009/1306/1158 1004/1298/1150
f 992/1301/1153 988/1210/1072 987/1209/1071 989/1294/1146
f 1228/1307/1137 985/1143/1018 981/1308/1017 1424/1286/1138
f 1004/1298/1150 1003/1205/1067 1002/1207/1069 991/1299/1151
f 1001/1206/1068 999/1203/1065 998/1224/1084
f 1428/1259/1117 993/1309/1159 989/1294/1146 990/1310/1145
f 1013/1311/1160 1008/1284/1136 1004/1298/1150 1009/1306/1158
f 1444/1312/1161 1443/1313/1162 1452/1314/1163 1454/1315/1164
f 1614/1316/1165 1597/1317/1166 1596/1318/1167
f 995/1319/1168 992/1301/1153 989/1294/1146 993/1309/1159
f 995/1319/1168 993/1320/1159 1432/1321/1169 1011/1322/1170
f 1010/1323/1171 994/1300/1152 992/1301/1153 995/1319/1168
f 1020/1282/1134 1023/1324/1172 1027/1325/1173 1024/1305/1157
f 1015/1326/1174 1011/1327/1170 1451/1328/1175 1016/1329/1176
f 1022/1330/1177 1013/1311/1160 1014/1331/1178
f 1449/1332/1179 1457/1333/1180 1450/1334/1181
f 986/1295/1147 984/966/848 985/1143/1018 1228/1307/1137
f 1439/1302/1154 1438/1335/1182 1440/1336/1183
f 999/1203/1065 1001/1206/1068 1003/1205/1067
f 1019/1283/1135 1017/1297/1149 1006/1174/1041 1007/1173/1040
f 1013/1311/1160 1022/1330/1177 1023/1324/1172
f 1005/1289/1141 1000/1212/1074 1003/1205/1067
f 1012/1337/1184 1009/1306/1158 994/1300/1152 1010/1323/1171
f 1006/1174/1041 969/1264/1121 966/1126/1003
f 1015/1326/1174 1010/1323/1171 995/1319/1168 1011/1322/1170
f 1020/1282/1134 1017/1297/1149 1019/1283/1135
f 1022/1330/1177 1026/1338/1185 1023/1324/1172
f 1410/1339/1186 1453/1340/1187 1443/1313/1162
f 1014/1331/1178 1013/1311/1160 1009/1306/1158 1012/1337/1184
f 1156/1341/1188 1155/1275/1122 1018/1274/1128
f 1016/1329/1176 1021/1342/1189 1014/1331/1178 1015/1326/1174
f 1029/1343/1190 1092/1344/1191 1097/1345/1192 1094/1346/1193
f 1023/1324/1172 1020/1282/1134 1008/1284/1136 1013/1311/1160
f 1015/1326/1174 1014/1331/1178 1012/1337/1184 1010/1323/1171
f 1091/1347/1194 1092/1344/1191 1028/1348/1195
f 1459/1349/1196 1462/1350/1197 1458/1351/1198 1455/1352/1199
f 1105/1353/1200 1104/1354/1201 1090/1355/1202 1026/1338/1185
f 1022/1330/1177 1014/1331/1178 1021/1342/1189
f 1522/1356/1203 1464/1357/1204 1575/1358/1205
f 997/967/849 998/1224/1084 996/968/850
f 1021/1342/1189 1016/1359/1176 1456/1360/1206 1102/1361/1207
f 1532/1362/1208 1461/1363/1209 1519/1364/1210 1531/1365/1211
f 1046/1366/1212 1042/1367/1213 1037/1232/1091 1041/1368/1214
f 1042/1367/1213 1038/1066/946 1033/1069/949 1037/1232/1091
f 1110/1369/1215 1535/1370/1216 1537/1371/1217 1540/1372/1218
f 1156/1341/1188 1018/1274/1128 1025/1296/1148 1029/1343/1190
f 1024/1305/1157 1017/1297/1149 1020/1282/1134
f 1103/1373/1219 1026/1338/1185 1022/1330/1177 1021/1342/1189
f 1018/1274/1128 969/1264/1121 1006/1174/1041
f 1102/1361/1207 1103/1373/1219 1021/1342/1189
f 1460/1374/1220 1453/1340/1187 1575/1358/1205 1464/1357/1204
f 1530/1375/1221 1102/1376/1207 1456/1360/1206
f 1452/1314/1163 1459/1349/1196 1455/1352/1199
f 1101/1377/1222 1097/1345/1192 1092/1344/1191 1100/1378/1223
f 1098/1379/1224 1094/1346/1193 1097/1345/1192
f 1025/1296/1148 1024/1305/1157 1028/1348/1195
f 1025/1296/1148 1028/1348/1195 1092/1344/1191 1029/1343/1190
f 1093/1253/1112 1156/1341/1188 1029/1343/1190
f 1090/1355/1202 1027/1325/1173 1023/1324/1172 1026/1338/1185
f 1054/1151/1025 961/1113/990 958/1116/993 1053/1139/1015
f 951/1097/974 956/1176/1043 1030/1135/1011
f 1134/1103/980 1133/1102/979 894/1068/948 1034/1067/947
f 1040/1380/1225 1036/1136/1012 1030/1135/1011 1035/1238/1097
f 1173/1381/1226 1153/1382/1227 1172/1083/962 1180/1383/1228
f 1147/1243/1102 1138/1227/1086 1145/1226/1036 1146/1384/1229
f 1047/1385/1230 1043/1386/1231 1038/1066/946 1042/1367/1213
f 1099/1387/1232 1091/1347/1194 1027/1325/1173 1090/1355/1202
f 1141/1101/978 1142/1388/1233 1140/1389/1234
f 1031/1239/1098 1035/1238/1097 1030/1135/1011
f 1045/1246/1105 1041/1368/1214 1036/1136/1012 1040/1380/1225
f 1080/1390/1235 1511/1391/1236 1084/1392/1237 1078/1393/1238
f 1042/1367/1213 1046/1366/1212 1076/1394/1239 1047/1385/1230
f 1086/1229/1088 1066/1395/1240 1062/1396/1089
f 845/1108/985 843/1118/995 838/1112/989 842/1109/986
f 1170/1397/1028 1060/1249/1108 1052/1154/1027 1054/1151/1025
f 1229/1398/1241 1469/1399/1242 1134/1103/980 1034/1067/947
f 1152/1400/1243 1154/1401/1244 1146/1384/1229 1151/1402/1245
f 1043/1386/1231 1047/1385/1230 1077/1403/1246 1048/1404/1247
f 1500/1405/1248 1496/1406/1249 1498/1407/1250
f 1082/1408/1251 1074/1247/1106 1044/1409/1252 1069/1410/1253
f 1072/1411/1254 1070/1412/1111 1087/1413/1255
f 1074/1247/1106 1045/1246/1105 1040/1380/1225 1044/1409/1252
f 1050/1237/1096 1049/1414/1256 1035/1238/1097
f 1058/1415/1007 1060/1249/1108 1170/1397/1028
f 1041/1368/1214 1045/1246/1105 1075/1245/1104 1046/1366/1212
f 1039/1416/1257 1044/1409/1252 1040/1380/1225
f 1049/1414/1256 1039/1416/1257 1035/1238/1097
f 1064/1417/1258 1063/1418/1259 1059/1248/1107 1061/1419/1260
f 1077/1403/1246 1047/1385/1230 1076/1394/1239 1084/1392/1237
f 1161/1184/1049 1162/1420/1261 1158/1200/1063
f 1069/1410/1253 1044/1409/1252 1049/1414/1256 1050/1237/1096
f 1046/1366/1212 1075/1245/1104 1078/1393/1238 1076/1394/1239
f 1502/1421/1262 1504/1422/1263 1516/1423/1264
f 1048/1404/1247 1077/1403/1246 1084/1392/1237 1510/1424/1265
f 1060/1249/1108 1061/1419/1260 1059/1248/1107
f 1062/1396/1089 1066/1425/1240 1064/1417/1258
f 1039/1416/1257 1049/1414/1256 1044/1409/1252
f 1168/1426/1024 1170/1397/1028 1054/1151/1025
f 1067/1250/1109 1069/1410/1253 1050/1237/1096 1065/1240/1099
f 1051/1120/997 1052/1154/1027 1059/1248/1107 1063/1418/1259
f 1485/1427/1266 1497/1428/1267 1493/1429/1268 1486/1430/1269
f 1089/1431/1270 1087/1413/1255 1068/1432/1110 1086/1229/1088
f 1078/1393/1238 1075/1245/1104 1079/1244/1103 1080/1433/1235
f 955/1177/1044 1063/1418/1259 1064/1417/1258 1065/1240/1099
f 1178/1272/1126 1177/1434/1271 1196/1435/1272
f 1158/1200/1063 1157/1436/1273 1055/1040/921
f 967/1138/1014 963/1225/1085 968/1257/1115 1163/1277/1129
f 967/1138/1014 1163/1277/1129 1166/1268/1120 1053/1267/1015
f 1169/1043/924 900/1041/922 1058/1130/1007
f 1071/1437/1274 1069/1410/1253 1067/1250/1109 1070/1252/1111
f 965/1127/1004 966/1126/1003 969/1264/1121
f 1157/1436/1273 1156/1341/1188 1057/1255/1114
f 1066/1425/1240 1067/1250/1109 1065/1240/1099 1064/1417/1258
f 1060/1249/1108 1058/1415/1007 1061/1419/1260
f 955/1177/1044 1051/1120/997 1063/1418/1259
f 1057/1255/1114 1056/1129/1006 1055/1040/921 1157/1436/1273
f 1073/1438/1275 1071/1437/1274 1072/1439/1254
f 1160/1440/1276 1156/1341/1188 1157/1436/1273
f 1068/1251/1110 1067/1250/1109 1066/1425/1240
f 1061/1419/1260 1058/1415/1007 1056/1129/1006 1062/1230/1089
f 1073/1438/1275 1072/1411/1254 1095/1441/1277 1506/1442/1278
f 1061/1419/1260 1062/1396/1089 1064/1417/1258
f 1071/1437/1274 1073/1438/1275 1083/1443/1279
f 1162/1444/1261 1171/1234/1093 1165/1233/1092
f 1066/1395/1240 1086/1229/1088 1068/1432/1110
f 1107/1445/1280 1109/1446/1281 1113/1447/1282
f 1087/1413/1255 1070/1412/1111 1068/1432/1110
f 1070/1252/1111 1072/1439/1254 1071/1437/1274
f 1094/1346/1193 1093/1253/1112 1029/1343/1190
f 1069/1410/1253 1071/1437/1274 1083/1443/1279 1082/1408/1251
f 1478/1448/1283 1229/1398/1241 1043/1386/1231 1048/1404/1247
f 1092/1344/1191 1091/1347/1194 1100/1378/1223
f 1496/1406/1249 1500/1449/1248 1515/1450/1284
f 1505/1451/1285 1073/1452/1275 1506/1442/1278
f 1081/1453/1286 1079/1244/1103 1074/1247/1106 1082/1408/1251
f 1091/1347/1194 1028/1348/1195 1027/1325/1173
f 1072/1411/1254 1087/1413/1255 1096/1454/1287 1095/1455/1277
f 1103/1373/1219 1105/1353/1200 1026/1338/1185
f 1115/1456/1288 1110/1369/1215 1540/1372/1218 1116/1457/1289
f 1120/1458/1290 1089/1431/1270 1086/1229/1088 1088/1228/1087
f 1078/1393/1238 1084/1392/1237 1076/1394/1239
f 1096/1454/1287 1123/1459/1291 1124/1460/1292 1125/1461/1293
f 1057/1255/1114 1156/1341/1188 1093/1253/1112
f 1522/1356/1203 1575/1358/1205 1491/1462/1294
f 1575/1358/1205 1576/1463/1295 1491/1462/1294
f 1512/1464/1296 1080/1433/1235 1079/1244/1103 1081/1465/1286
f 1094/1346/1193 1122/1466/1297 1093/1253/1112
f 1122/1466/1297 1121/1467/1298 1119/1254/1113 1093/1253/1112
f 1548/1468/1299 1547/1469/1300 1546/1470/1301 1524/1471/1302
f 1516/1423/1264 1504/1422/1263 1506/1472/1278
f 1127/1473/1303 1095/1455/1277 1096/1454/1287
f 1119/1254/1113 1121/1467/1298 1120/1458/1290
f 1121/1467/1298 1123/1459/1291 1089/1431/1270 1120/1458/1290
f 1124/1460/1292 1123/1459/1291 1121/1467/1298 1122/1466/1297
f 1112/1474/1304 1109/1475/1281 1111/1476/1305 1117/1477/1306
f 1107/1445/1280 1106/1478/1307 1101/1377/1222 1104/1354/1201
f 1106/1478/1307 1098/1379/1224 1101/1377/1222
f 1101/1377/1222 1098/1379/1224 1097/1345/1192
f 1130/1479/1308 1129/1480/1309 1125/1461/1293
f 1105/1353/1200 1103/1373/1219 1108/1481/1310
f 1535/1370/1216 1110/1369/1215 1108/1481/1310 1102/1376/1207
f 1104/1354/1201 1101/1377/1222 1099/1387/1232 1090/1355/1202
f 1028/1348/1195 1024/1305/1157 1027/1325/1173
f 1082/1408/1251 1083/1482/1279 1513/1483/1311 1081/1453/1286
f 1105/1353/1200 1107/1445/1280 1104/1354/1201
f 1128/1484/1312 1124/1460/1292 1122/1466/1297 1098/1379/1224
f 1115/1456/1288 1111/1476/1305 1108/1485/1310 1110/1369/1215
f 1101/1377/1222 1100/1378/1223 1099/1387/1232
f 1530/1375/1221 1535/1486/1216 1102/1376/1207
f 1112/1474/1304 1113/1447/1282 1109/1475/1281
f 1108/1481/1310 1103/1373/1219 1102/1361/1207
f 1109/1446/1281 1107/1445/1280 1105/1353/1200
f 1544/1487/1313 1542/1488/1314 1543/1489/1315
f 1041/1368/1214 1037/1232/1091 1032/1098/975 1036/1136/1012
f 1039/1416/1257 1040/1380/1225 1035/1238/1097
f 1109/1446/1281 1105/1353/1200 1108/1485/1310 1111/1476/1305
f 1130/1479/1308 1128/1484/1312 1107/1445/1280 1113/1490/1282
f 1118/1491/1316 1538/1492/1317 1114/1493/1318 1112/1474/1304
f 1566/1494/1319 1565/1495/1320 1564/1496/1321 1558/1497/1322
f 1117/1477/1306 1111/1476/1305 1115/1456/1288 1116/1457/1289
f 1135/1192/1057 1133/1194/979 1141/1101/978 1140/1389/1234
f 1117/1477/1306 1116/1457/1289 1541/1498/1323 1118/1491/1316
f 1129/1480/1309 1113/1490/1282 1112/1474/1304 1114/1499/1318
f 1126/1500/1324 1127/1501/1303 1125/1461/1293
f 1538/1492/1317 1118/1491/1316 1541/1498/1323
f 1098/1379/1224 1106/1478/1307 1128/1484/1312
f 1571/1502/1325 1570/1503/1326 1565/1495/1320 1573/1504/1327
f 1100/1378/1223 1091/1347/1194 1099/1387/1232
f 1122/1466/1297 1094/1346/1193 1098/1379/1224
f 1125/1461/1293 1127/1473/1303 1096/1454/1287
f 1130/1479/1308 1125/1461/1293 1124/1460/1292 1128/1484/1312
f 1114/1499/1318 1550/1505/1328 1126/1500/1324 1129/1480/1309
f 1126/1500/1324 1125/1461/1293 1129/1480/1309
f 1175/1085/964 1137/1084/963 1135/1192/1057 1140/1389/1234
f 1139/1242/1101 1230/1506/1054 1131/1188/1053 1138/1227/1086
f 1128/1484/1312 1106/1478/1307 1107/1445/1280
f 1173/1381/1226 1154/1401/1244 1152/1400/1243 1153/1382/1227
f 1118/1491/1316 1112/1474/1304 1117/1477/1306
f 1548/1468/1299 1126/1507/1324 1550/1505/1328
f 1137/1084/963 1136/1186/1051 1132/1187/1052 1135/1192/1057
f 1632/1508/1329 1232/1509/1330 1633/1510/1331
f 972/1147/1022 940/935/818 912/890/777 941/889/776
f 1180/1383/1228 1191/1511/1332 1181/1512/1333 1173/1381/1226
f 1475/1513/1334 1470/1514/1335 1474/1515/1336
f 1622/1516/1337 1231/1517/1338 1205/1518/1339 1215/1519/1340
f 1151/1402/1245 1146/1384/1229 1145/1167/1036 1144/1166/1035
f 1566/1494/1319 1601/1197/1060 1602/1520/1341 1593/1521/1342
f 1599/1522/1343 1592/1523/1344 1600/1524/1345 1609/1525/1346
f 1210/1216/1077 1192/1526/1347 1191/1511/1332 1187/1527/1348
f 1225/1528/1349 1632/1508/1329 1627/1529/1350
f 1562/1181/1046 1339/1195/1058 1564/1530/1321 1563/1531/1351
f 1184/1532/1352 1182/1241/1100 1147/1243/1102 1174/1533/1353
f 1559/1198/1061 1230/1506/1054 1139/1242/1101 1183/1199/1062
f 1144/1166/1035 1148/1164/1034 1149/1092/971 1151/1534/1245
f 1152/1400/1243 1150/1535/973 1136/1186/1051 1153/1382/1227
f 1174/1533/1353 1154/1401/1244 1173/1381/1226 1181/1512/1333
f 1144/1166/1035 1143/1033/914 1148/1164/1034
f 1085/1231/1090 1062/1230/1089 1056/1129/1006 1057/1255/1114
f 831/1080/959 838/1112/989 839/954/836
f 1171/1234/1093 850/1128/1005 964/1235/1094
f 1159/1536/1354 1165/1276/1092 1155/1265/1122
f 1186/1537/1355 1180/1383/1228 1172/1083/962 1179/1086/965
f 1152/1400/1243 1151/1534/1245 1149/1092/971 1150/1535/973
f 846/1004/885 945/1153/1026 848/1002/883
f 1162/1444/1261 1165/1233/1092 1159/1536/1354
f 825/1093/972 824/1050/931 895/1049/930
f 1158/1200/1063 1162/1420/1261 1157/1436/1273
f 1149/1092/971 1148/1164/1034 825/1093/972
f 1142/1388/1233 1176/1538/1356 1140/1389/1234
f 1172/1083/962 1153/1382/1227 1136/1186/1051 1137/1084/963
f 1212/1539/1125 1199/1540/1357 1185/1541/1358 1198/1542/1359
f 1226/1270/1124 1225/1543/1349 1212/1271/1125
f 1166/1268/1120 1163/1277/1129 1165/1276/1092 1164/1236/1095
f 1177/1544/1271 1178/1272/1126 1176/1538/1356
f 1160/1440/1276 1159/1545/1354 1155/1265/1122 1156/1341/1188
f 1034/1067/947 1038/1066/946 1043/1386/1231 1229/1398/1241
f 1159/1546/1354 1160/1440/1276 1157/1436/1273 1162/1444/1261
f 1191/1511/1332 1180/1383/1228 1186/1537/1355 1187/1527/1348
f 1624/1547/1360 1597/1548/1166 1623/1549/1361
f 858/1036/917 902/1023/904 861/1022/903 857/1029/910
f 1162/1444/1261 1161/1184/1049 1171/1263/1093
f 1633/1510/1331 1232/1509/1330 1227/1550/1362 1224/1551/1363
f 1185/1552/1358 1182/1241/1100 1184/1532/1352 1198/1542/1359
f 1194/1273/1127 1195/1553/1364 1193/1554/1365
f 1193/1554/1365 1188/1555/1366 1187/1527/1348 1186/1537/1355
f 1206/1556/1367 1176/1557/1356 1142/1558/1233
f 1190/1217/1078 1210/1216/1077 1187/1527/1348 1188/1555/1366
f 89/170/149 88/161/141 85/9/9 3/168/147
f 1211/1269/1123 1197/1559/1368 1192/1526/1347 1227/1550/1362
f 1184/1532/1352 1174/1533/1353 1181/1512/1333 1197/1559/1368
f 1197/1559/1368 1181/1512/1333 1191/1511/1332 1192/1526/1347
f 1209/1560/1369 1189/1561/1370 1208/1562/1371
f 1185/1552/1358 1183/1563/1062 1139/1242/1101 1182/1241/1100
f 1189/1561/1370 1190/1217/1078 1188/1555/1366
f 1256/858/747 1235/836/725 1234/835/724 1233/856/745
f 1227/1550/1362 1192/1526/1347 1216/1215/1076 1224/1551/1363
f 1202/1564/1372 1214/1565/1373 1200/1566/1374 1201/1567/1375
f 1231/1517/1338 1202/1564/1372 1203/1568/1376 1205/1518/1339
f 1204/1569/1377 1205/1518/1339 1203/1568/1376
f 1614/1316/1165 1207/1570/1378 1597/1548/1166
f 1210/1216/1077 1216/1215/1076 1192/1526/1347
f 1225/1543/1349 1220/1571/1379 1199/1540/1357 1212/1539/1125
f 1207/1570/1378 1208/1562/1371 1196/1435/1272
f 1207/1570/1378 1196/1435/1272 1177/1434/1271
f 1218/1572/1380 1223/1573/1381 1207/1570/1378 1177/1434/1271
f 1618/1574/1382 1213/1575/1383 1200/1566/1374 1214/1565/1373
f 1197/1559/1368 1198/1542/1359 1184/1532/1352
f 1189/1561/1370 1195/1553/1364 1196/1435/1272 1208/1562/1371
f 1178/1272/1126 1196/1435/1272 1195/1553/1364 1194/1273/1127
f 1211/1269/1123 1212/1271/1125 1198/1542/1359
f 1202/1564/1372 1201/1567/1375 1219/1576/1384 1203/1568/1376
f 1201/1567/1375 1200/1566/1374 1199/1540/1357 1220/1571/1379
f 1561/1577/1385 1624/1547/1360 1622/1516/1337 1215/1519/1340
f 1441/1578/1386 1429/1303/1155 1439/1302/1154 1440/1336/1183
f 1142/1558/1233 1141/1579/978 1215/1519/1340
f 1629/1580/1387 1223/1573/1381 1218/1572/1380 1221/1581/1388
f 1231/1517/1338 1620/1582/1389 1214/1565/1373 1202/1564/1372
f 1204/1569/1377 1177/1434/1271 1206/1556/1367
f 1232/1509/1330 1226/1270/1124 1227/1550/1362
f 1221/1583/1388 1218/1572/1380 1203/1568/1376 1219/1576/1384
f 1211/1269/1123 1198/1542/1359 1197/1559/1368
f 1633/1510/1331 1224/1551/1363 1628/1584/1390 1610/1585/1391
f 1193/1554/1365 1195/1553/1364 1189/1561/1370 1188/1555/1366
f 1226/1270/1124 1211/1269/1123 1227/1550/1362
f 1225/1528/1349 1627/1529/1350 1617/1586/1392 1631/1587/1393
f 1607/1588/1394 1217/1218/1079 1190/1217/1078 1209/1560/1369
f 1252/1589/1395 1244/1590/1396 1289/1591/1397 1296/1592/1398
f 1215/1519/1340 1205/1518/1339 1206/1556/1367 1142/1558/1233
f 1218/1572/1380 1204/1569/1377 1203/1568/1376
f 1222/1593/1399 1631/1587/1393 1619/1594/1400 1630/1595/1401
f 1189/1561/1370 1209/1560/1369 1190/1217/1078
f 1234/835/724 1238/834/723 1240/1015/896 1239/878/766
f 1222/1593/1399 1630/1595/1401 1221/1583/1388 1219/1576/1384
f 198/137/123 106/177/101 90/169/148 2/1/1
f 1204/1569/1377 1218/1572/1380 1177/1434/1271
f 1206/1556/1367 1205/1518/1339 1204/1569/1377
f 1314/1596/1402 1331/1597/1403 1312/1598/1404 1313/1182/1047
f 1177/1544/1271 1176/1557/1356 1206/1556/1367
f 1226/1270/1124 1232/1509/1330 1225/1599/1349
f 1200/1566/1374 1213/1575/1383 1185/1541/1358 1199/1540/1357
f 1222/1600/1399 1220/1571/1379 1225/1528/1349 1631/1587/1393
f 788/929/813 1233/856/745 786/877/765
f 1219/1576/1384 1201/1567/1375 1220/1571/1379 1222/1600/1399
f 1628/1584/1390 1224/1551/1363 1216/1215/1076 1217/1218/1079
f 14/21/20 12/20/19 10/14/14 5/13/13
f 1233/856/745 788/929/813 1257/1062/942 1258/857/746
f 827/829/718 873/1070/950 835/830/719
f 819/944/826 818/978/860 823/945/827
f 929/1060/940 934/1191/1056 939/1064/944 936/1185/1050
f 1481/1601/1405 1508/1602/1406 1480/1603/1407 1476/1604/1408
f 1448/1605/1409 1447/1606/1410 1431/1607/1411 1446/1608/1412
f 1551/1609/1413 1549/1610/1414 1547/1469/1300 1548/1468/1299
f 1539/1611/1415 1536/1612/1416 1534/1613/1417
f 1209/1560/1369 1608/1614/1418 1607/1588/1394
f 1610/1585/1391 1628/1584/1390 1625/1615/1419
f 1147/1243/1102 1146/1384/1229 1154/1401/1244 1174/1533/1353
f 1598/1616/1420 1594/1617/1421 1557/1618/1422 1591/1619/1423
f 1193/1554/1365 1186/1537/1355 1179/1086/965 1194/1273/1127
f 1623/1549/1361 1597/1548/1166 1629/1580/1387
f 1620/1582/1389 1619/1594/1400 1618/1574/1382 1214/1565/1373
f 112/41/39 2/1/1 111/4/4
f 1326/1620/1424 1327/1621/1425 1359/1622/1426
f 1256/858/747 1243/995/876 1236/1623/1427 1235/836/725
f 8/34/33 9/7/7 6/6/6 7/11/11
f 825/1093/972 1148/1164/1034 826/1071/951
f 1265/1624/1428 1311/1625/1429 1310/1061/941
f 1254/1626/1430 1251/943/825 1237/833/722 1250/1627/1431
f 1256/858/747 1258/857/746 1260/1628/1432
f 1249/1629/1433 1250/1627/1431 1236/1623/1427 1242/1630/1434
f 1306/1631/1435 1248/1632/1436 1249/1629/1433 1242/1630/1434
f 1235/836/725 1236/1623/1427 1250/1627/1431 1237/833/722
f 1247/1633/1437 1248/1632/1436 1245/1634/1438
f 1356/1635/1439 1373/1636/1440 1355/1637/1441 1323/1638/1442
f 1318/1639/1443 1334/1640/1444 1316/1641/1445 1317/1642/1446
f 1266/1078/958 1279/1643/1447 1278/1644/1448
f 1346/1645/1449 1343/1646/1450 1303/1647/1451 1342/1648/1452
f 1247/1633/1437 1252/1589/1395 1295/1649/1453 1253/1650/1454
f 1240/1015/896 1353/1087/966 1382/1090/969 1354/986/868
f 1258/857/746 1257/1062/942 1309/1651/1455
f 1307/1220/1081 1324/1652/1456 1306/1631/1435 1242/1630/1434
f 1290/1653/1457 1288/1654/1458 1244/1590/1396 1246/1655/1459
f 1242/1630/1434 1236/1623/1427 1243/995/876 1307/1220/1081
f 1293/1656/1460 1255/984/866 1251/943/825 1254/1626/1430
f 1306/1631/1435 1323/1657/1442 1305/1658/1461 1248/1632/1436
f 1295/1649/1453 1299/1659/1462 1294/1660/1463 1253/1650/1454
f 1349/1661/1464 1345/1292/1144 1344/1291/1143 1346/1645/1449
f 1253/1650/1454 1249/1629/1433 1247/1633/1437
f 1254/1626/1430 1294/1660/1463 1293/1656/1460
f 1245/1634/1438 1244/1590/1396 1252/1589/1395 1247/1633/1437
f 1567/1662/1465 1267/1076/956 1314/1596/1402 1313/1182/1047
f 1344/1291/1143 1301/1290/1142 1300/1663/1466
f 1250/1627/1431 1253/1650/1454 1294/1660/1463 1254/1626/1430
f 1417/1664/1467 1412/1089/968 1381/1088/967 1413/1665/1468
f 1298/1666/1469 1302/1667/1470 1342/1648/1452 1303/1647/1451
f 1328/1668/1471 1327/1621/1425 1309/1651/1455
f 1265/1624/1428 1263/1669/1472 1311/1625/1429
f 1247/1633/1437 1249/1629/1433 1248/1632/1436
f 1250/1627/1431 1249/1629/1433 1253/1650/1454
f 1294/1660/1463 1299/1659/1462 1300/1663/1466 1293/1656/1460
f 1300/1663/1466 1301/1290/1142 1255/984/866 1293/1656/1460
f 1586/1670/1473 1297/1671/1474 1296/1592/1398 1289/1591/1397
f 1330/1672/1475 1312/1598/1404 1331/1673/1403 1362/1674/1476
f 1259/996/877 1260/1628/1432 1320/1675/1477
f 1272/1676/1478 1273/1677/1479 1271/1678/1480
f 1386/1679/1481 1389/1278/1130 1399/1680/1482 1390/1681/1483
f 1244/1590/1396 1288/1654/1458 1289/1591/1397
f 1339/1195/1058 1264/1183/1048 1262/1017/898 1338/1056/936
f 1328/1668/1471 1309/1651/1455 1257/1062/942 1310/1061/941
f 1265/1624/1428 1261/1018/899 1262/1017/898
f 1287/1682/1484 1283/1683/1485 1278/1644/1448 1284/1684/1486
f 1329/1685/1487 1310/1061/941 1311/1625/1429
f 1259/996/877 1256/858/747 1260/1628/1432
f 1240/1015/896 1238/834/723 1241/942/824 1353/1087/966
f 1553/1686/1488 1336/1687/1489 1273/1677/1479 1337/1688/1490
f 1265/1624/1428 1310/1061/941 1261/1018/899
f 1260/1628/1432 1309/1651/1455 1320/1675/1477
f 1347/1689/1491 1346/1645/1449 1342/1648/1452
f 1370/1690/1492 1362/1674/1476 1331/1673/1403 1363/1691/1493
f 1364/1075/955 1370/1690/1492 1363/1691/1493 1332/1692/952
f 1568/1693/1494 1569/1694/1495 1337/1688/1490 1268/1077/957
f 1167/1131/908 1168/1266/1024 1166/1262/1120
f 1339/1195/1058 1562/1181/1046 1264/1183/1048
f 1262/1017/898 1264/1183/1048 1263/1669/1472 1265/1624/1428
f 1270/1695/1496 1269/1696/1497 1274/1697/1498
f 1277/1698/1499 1276/1699/1500 1384/1700/1501
f 1397/1701/1502 1396/1702/1503 1485/1427/1266
f 1474/1515/1336 1471/1703/1504 1476/1604/1408 1480/1603/1407
f 1333/1704/954 1316/1641/1445 1334/1705/1444 1365/1706/1505
f 1267/1076/956 1266/1078/958 1278/1644/1448 1269/1696/1497
f 1406/1707/1506 1407/1708/1507 1292/1709/1508
f 1335/1710/1509 1366/1711/1510 1334/1640/1444 1318/1639/1443
f 1275/1712/1511 1274/1697/1498 1282/1713/1512
f 1279/1643/1447 1266/1078/958 1273/1677/1479 1272/1676/1478
f 1292/1714/1508 1405/1715/1513 1406/1716/1506
f 1275/1712/1511 1276/1699/1500 1274/1697/1498
f 1336/1687/1489 1468/1717/1514 1271/1678/1480 1273/1677/1479
f 1272/1676/1478 1281/1718/1515 1280/1719/1516
f 1316/1641/1445 1333/1704/954 1315/1073/953 1277/1698/1499
f 1279/1643/1447 1280/1719/1516 1284/1684/1486
f 1272/1676/1478 1280/1719/1516 1279/1643/1447
f 1286/1720/1517 1387/1721/1518 1383/1722/1519
f 1286/1720/1517 1285/1723/1520 1280/1719/1516 1281/1718/1515
f 1287/1682/1484 1284/1684/1486 1280/1719/1516 1285/1723/1520
f 1277/1698/1499 1270/1695/1496 1274/1697/1498 1276/1699/1500
f 1391/1724/1521 1387/1721/1518 1281/1718/1515 1272/1676/1478
f 1383/1722/1519 1276/1699/1500 1275/1712/1511
f 1390/1681/1483 1288/1654/1458 1386/1679/1481
f 1577/1725/1522 1580/1726/1523 1348/1727/1524
f 1590/1728/1525 1292/1714/1508 1580/1726/1523
f 1394/1729/1526 1393/1730/1527 1397/1701/1502
f 1594/1617/1421 1598/1616/1420 1612/1731/1528 1596/1318/1167
f 1295/1649/1453 1298/1666/1469 1303/1647/1451 1299/1659/1462
f 1387/1721/1518 1286/1720/1517 1281/1718/1515
f 1427/1261/1119 1426/1260/1118 1422/1732/1529 1418/1304/1156
f 1586/1670/1473 1588/1733/1530 1297/1671/1474
f 1292/1709/1508 1291/1734/1531 1348/1727/1524 1580/1726/1523
f 1297/1671/1474 1588/1733/1530 1341/1735/1532
f 1245/1634/1438 1305/1658/1461 1246/1655/1459
f 1313/1182/1047 1312/1598/1404 1263/1669/1472 1264/1183/1048
f 1296/1592/1398 1297/1671/1474 1302/1667/1470 1298/1666/1469
f 1358/976/858 1367/975/857 1356/1635/1439 1324/1736/1456
f 1302/1667/1470 1297/1671/1474 1341/1735/1532 1340/1737/1533
f 1283/1683/1485 1274/1697/1498 1269/1696/1497 1278/1644/1448
f 1299/1659/1462 1303/1647/1451 1343/1646/1450 1300/1663/1466
f 1351/985/867 1352/1738/1534 1413/1665/1468 1381/1088/967
f 1322/1739/1535 1305/1658/1461 1323/1638/1442 1355/1637/1441
f 1305/1658/1461 1245/1634/1438 1248/1632/1436
f 1255/984/866 1301/1290/1142 1352/1738/1534 1351/985/867
f 1266/1078/958 1337/1688/1490 1273/1677/1479
f 1347/1689/1491 1342/1648/1452 1302/1667/1470 1340/1737/1533
f 1304/1740/1536 1290/1653/1457 1246/1655/1459
f 1407/1708/1507 1416/1741/1537 1291/1734/1531 1292/1709/1508
f 1376/1742/1538 1357/1743/1539 1372/1744/1540
f 1291/1734/1531 1349/1661/1464 1347/1689/1491
f 1489/1745/1541 1348/1727/1524 1340/1737/1533 1341/1735/1532
f 990/1310/1145 1425/1288/1140 1426/1260/1118 1428/1259/1117
f 1588/1733/1530 1589/1746/1542 1492/1747/1543
f 1344/1291/1143 1300/1663/1466 1343/1646/1450
f 1321/1748/1544 1326/1749/1424 1308/997/878
f 1372/1744/1540 1355/1637/1441 1373/1636/1440 1378/1750/1545
f 1326/1749/1424 1325/1219/1080 1308/997/878
f 1354/986/868 1382/1090/969 1411/1223/1083 970/1222/869
f 1362/1674/1476 1369/1751/1546 1361/1752/1547 1330/1753/1475
f 1426/1260/1118 1425/1288/1140 1423/1287/1139 1422/1732/1529
f 1619/1594/1400 1631/1587/1393 1617/1586/1392 1618/1574/1382
f 1321/1748/1544 1308/997/878 1259/996/877 1320/1675/1477
f 1310/1061/941 1329/1685/1487 1328/1668/1471
f 1330/1753/1475 1361/1752/1547 1329/1685/1487 1311/1625/1429
f 1340/1737/1533 1348/1727/1524 1291/1734/1531 1347/1689/1491
f 1296/1592/1398 1298/1666/1469 1295/1649/1453 1252/1589/1395
f 1287/1682/1484 1282/1713/1512 1274/1697/1498 1283/1683/1485
f 1368/977/859 1358/976/858 1325/1754/1080 1359/1622/1426
f 788/929/813 817/994/875 1257/1062/942
f 1567/1662/1465 1268/1077/957 1267/1076/956
f 1270/1695/1496 1315/1073/953 1267/1076/956
f 1270/1695/1496 1267/1076/956 1269/1696/1497
f 1592/1523/1344 1572/1755/1548 1571/1502/1325 1573/1504/1327
f 1562/1181/1046 1567/1662/1465 1313/1182/1047
f 1315/1073/953 1270/1695/1496 1277/1698/1499
f 1366/1711/1510 1371/1756/1549 1365/1706/1505 1334/1705/1444
f 1335/1757/1509 1304/1740/1536 1322/1758/1535 1357/1743/1539
f 1319/1759/1550 1318/1639/1443 1317/1642/1446 1385/1279/1131
f 1357/1743/1539 1376/1742/1538 1366/1711/1510 1335/1710/1509
f 1317/1642/1446 1316/1641/1445 1277/1698/1499 1384/1700/1501
f 1272/1676/1478 1271/1678/1480 1391/1724/1521
f 1335/1757/1509 1318/1639/1443 1319/1759/1550 1304/1740/1536
f 1388/1280/1132 1385/1279/1131 1317/1642/1446 1384/1700/1501
f 1556/1760/1551 1553/1686/1488 1337/1688/1490 1569/1761/1495
f 1386/1679/1481 1290/1653/1457 1319/1759/1550
f 1327/1762/1425 1326/1620/1424 1321/1748/1544
f 1289/1591/1397 1390/1763/1483 1403/1764/1552 1586/1765/1473
f 1321/1748/1544 1320/1675/1477 1309/1651/1455 1327/1762/1425
f 1368/977/859 1380/1766/1553 1374/974/856
f 1319/1759/1550 1290/1653/1457 1304/1740/1536
f 1393/1730/1527 1394/1729/1526 1388/1280/1132
f 1489/1745/1541 1341/1735/1532 1492/1767/1543 1490/1768/1554
f 1372/1744/1540 1357/1743/1539 1322/1758/1535 1355/1637/1441
f 1360/1769/1555 1328/1770/1471 1329/1771/1487
f 1376/1742/1538 1372/1744/1540 1378/1750/1545 1377/1772/1556
f 1369/1751/1546 1360/1769/1555 1329/1771/1487 1361/1752/1547
f 1371/1756/1549 1379/1773/1557 1377/1772/1556
f 1359/1622/1426 1327/1621/1425 1360/1769/1555 1368/977/859
f 1377/1772/1556 1370/1690/1492 1364/1075/955 1371/1756/1549
f 1315/1073/953 1332/1072/952 1314/1596/1402 1267/1076/956
f 1366/1711/1510 1376/1742/1538 1371/1756/1549
f 1279/1643/1447 1284/1684/1486 1278/1644/1448
f 1510/1424/1265 1084/1392/1237 1509/1774/1558 1482/1775/1559
f 1336/1687/1489 1553/1776/1488 1555/1777/1560 1554/1778/977
f 1489/1745/1541 1577/1725/1522 1348/1727/1524
f 1389/1278/1130 1386/1679/1481 1319/1759/1550 1385/1279/1131
f 1371/1756/1549 1364/1075/955 1333/1074/954 1365/1706/1505
f 1391/1724/1521 1271/1678/1480 1467/1779/1561 1392/1780/1562
f 1287/1682/1484 1285/1723/1520 1286/1720/1517 1282/1713/1512
f 1339/1195/1058 1552/1781/1055 1558/1497/1322 1564/1530/1321
f 1469/1399/1242 1473/1782/1563 1468/1717/1514 1336/1687/1489
f 1416/1741/1537 1437/1783/1564 1415/1784/1565 1291/1734/1531
f 1593/1521/1342 1573/1504/1327 1565/1495/1320 1566/1494/1319
f 1301/1290/1142 1345/1292/1144 1414/1785/1566 1352/1738/1534
f 1415/1784/1565 1436/1786/1567 1414/1785/1566 1345/1292/1144
f 1580/1726/1523 1581/1787/1568 1590/1728/1525
f 1444/1312/1161 1416/1741/1537 1407/1708/1507 1443/1313/1162
f 1350/1788/1569 1346/1645/1449 1347/1689/1491
f 1343/1646/1450 1346/1645/1449 1344/1291/1143
f 1349/1661/1464 1350/1788/1569 1347/1689/1491
f 1420/1789/1570 1421/1790/1571 1423/1287/1139 1424/1286/1138
f 1393/1730/1527 1388/1280/1132 1384/1700/1501 1383/1722/1519
f 1460/1374/1220 1452/1314/1163 1443/1313/1162 1453/1340/1187
f 1346/1645/1449 1350/1788/1569 1349/1661/1464
f 1367/975/857 1373/1636/1440 1356/1635/1439
f 1438/1335/1182 1436/1786/1567 1440/1336/1183
f 1375/1791/1572 1368/977/859 1360/1769/1555 1369/1751/1546
f 1328/1770/1471 1360/1769/1555 1327/1621/1425
f 1380/1766/1553 1368/977/859 1375/1791/1572
f 1377/1772/1556 1374/974/856 1380/1766/1553
f 1413/1665/1468 1352/1738/1534 1414/1785/1566 1433/1792/1573
f 1367/975/857 1374/974/856 1373/1636/1440
f 1379/1773/1557 1371/1756/1549 1376/1742/1538
f 1394/1729/1526 1395/1281/1133 1388/1280/1132
f 1369/1751/1546 1362/1674/1476 1370/1690/1492 1375/1791/1572
f 1370/1690/1492 1377/1772/1556 1380/1766/1553 1375/1791/1572
f 1379/1773/1557 1376/1742/1538 1377/1772/1556
f 1374/974/856 1377/1772/1556 1378/1750/1545
f 1374/974/856 1378/1750/1545 1373/1636/1440
f 1401/1793/1574 1400/1794/1575 1397/1701/1502 1485/1427/1266
f 1420/1789/1570 1411/1223/1083 1382/1090/969 1412/1089/968
f 1384/1700/1501 1276/1699/1500 1383/1722/1519
f 1441/1578/1386 1440/1336/1183 1442/1795/1576 1445/1796/1577
f 1326/1620/1424 1359/1622/1426 1325/1754/1080
f 1402/1797/1578 1399/1680/1482 1389/1278/1130 1395/1281/1133
f 1387/1721/1518 1393/1730/1527 1383/1722/1519
f 1488/1798/1579 1402/1797/1578 1401/1793/1574 1486/1430/1269
f 1260/1628/1432 1258/857/746 1309/1651/1455
f 1488/1798/1579 1487/1799/1580 1399/1680/1482 1402/1797/1578
f 1408/1800/1581 1390/1763/1483 1399/1680/1482 1487/1801/1580
f 1404/1802/1582 1403/1764/1552 1390/1763/1483 1408/1800/1581
f 1290/1653/1457 1386/1679/1481 1288/1654/1458
f 1393/1730/1527 1387/1721/1518 1391/1724/1521
f 1468/1717/1514 1472/1803/1583 1467/1779/1561 1271/1678/1480
f 1398/1804/1584 1396/1702/1503 1397/1701/1502
f 1325/1754/1080 1358/976/858 1324/1652/1456 1307/1220/1081
f 1488/1798/1579 1587/1805/1585 1487/1799/1580
f 1286/1720/1517 1383/1722/1519 1275/1712/1511 1282/1713/1512
f 1465/1806/1586 1466/1807/1587 1398/1804/1584
f 1467/1779/1561 1471/1703/1504 1465/1806/1586 1392/1780/1562
f 1402/1797/1578 1395/1281/1133 1400/1794/1575 1401/1793/1574
f 1504/1808/1263 1502/1809/1262 1501/1810/1588
f 1392/1780/1562 1465/1806/1586 1398/1804/1584 1397/1701/1502
f 1574/1811/1589 1410/1339/1186 1406/1716/1506 1409/1812/1590
f 1395/1281/1133 1394/1729/1526 1400/1794/1575
f 1391/1724/1521 1392/1780/1562 1397/1701/1502 1393/1730/1527
f 1403/1764/1552 1404/1802/1582 1405/1715/1513 1583/1813/1591
f 1406/1716/1506 1405/1715/1513 1404/1802/1582 1409/1812/1590
f 1410/1339/1186 1407/1708/1507 1406/1707/1506
f 1585/1814/1592 1586/1765/1473 1403/1764/1552 1583/1813/1591
f 1394/1729/1526 1397/1701/1502 1400/1794/1575
f 1587/1815/1585 1585/1816/1592 1487/1801/1580
f 1574/1811/1589 1453/1340/1187 1410/1339/1186
f 1584/1817/1593 1574/1811/1589 1409/1812/1590 1582/1818/1594
f 1583/1813/1591 1405/1715/1513 1590/1819/1525 1584/1820/1593
f 1417/1664/1467 1413/1665/1468 1433/1792/1573 1434/1821/1595
f 1424/1286/1138 981/1308/1017 1411/1223/1083 1420/1789/1570
f 1421/1790/1571 1420/1789/1570 1412/1089/968 1417/1664/1467
f 1349/1661/1464 1415/1784/1565 1345/1292/1144
f 1436/1786/1567 1435/1822/1596 1433/1792/1573 1414/1785/1566
f 1442/1795/1576 1444/1312/1161 1454/1315/1164 1445/1796/1577
f 1521/1823/1597 1520/1824/1598 1463/1825/1599
f 1415/1784/1565 1349/1661/1464 1291/1734/1531
f 1444/1312/1161 1442/1795/1576 1437/1783/1564 1416/1741/1537
f 1437/1783/1564 1440/1336/1183 1436/1786/1567 1415/1784/1565
f 1442/1795/1576 1440/1336/1183 1437/1783/1564
f 1421/1790/1571 1417/1664/1467 1434/1821/1595 1419/1826/1600
f 1423/1287/1139 1421/1790/1571 1419/1826/1600 1422/1732/1529
f 1418/1304/1156 1422/1732/1529 1419/1826/1600
f 1439/1302/1154 1418/1304/1156 1419/1826/1600 1434/1821/1595
f 1438/1335/1182 1435/1822/1596 1436/1786/1567
f 1482/1775/1559 1509/1774/1558 1481/1601/1405 1477/1827/1601
f 1447/1606/1410 1432/1321/1169 1430/1258/1116 1431/1607/1411
f 1441/1578/1386 1445/1796/1577 1449/1332/1179 1446/1608/1412
f 1457/1333/1180 1456/1360/1206 1450/1334/1181
f 1431/1607/1411 1430/1258/1116 1427/1261/1119 1429/1303/1155
f 1432/1321/1169 993/1320/1159 1428/1259/1117 1430/1258/1116
f 1446/1608/1412 1431/1607/1411 1429/1303/1155 1441/1578/1386
f 1435/1822/1596 1434/1821/1595 1433/1792/1573
f 1434/1821/1595 1438/1335/1182 1439/1302/1154
f 1526/1828/1602 1521/1823/1597 1464/1357/1204 1523/1829/1603
f 1445/1796/1577 1454/1315/1164 1455/1352/1199
f 1438/1335/1182 1434/1821/1595 1435/1822/1596
f 1455/1352/1199 1454/1315/1164 1452/1314/1163
f 1407/1708/1507 1410/1339/1186 1443/1313/1162
f 1451/1328/1175 1011/1327/1170 1432/1321/1169 1447/1606/1410
f 1529/1830/1604 1528/1831/1605 1521/1823/1597 1526/1828/1602
f 1448/1605/1409 1450/1334/1181 1451/1328/1175 1447/1606/1410
f 1450/1334/1181 1448/1605/1409 1446/1608/1412 1449/1332/1179
f 1451/1328/1175 1450/1334/1181 1456/1360/1206 1016/1359/1176
f 1449/1332/1179 1445/1796/1577 1455/1352/1199 1458/1351/1198
f 1530/1375/1221 1456/1360/1206 1457/1333/1180 1461/1363/1209
f 1477/1827/1601 1472/1803/1583 1468/1717/1514 1473/1782/1563
f 1476/1604/1408 1472/1803/1583 1477/1827/1601 1481/1601/1405
f 1519/1364/1210 1462/1350/1197 1520/1824/1598 1527/1832/1606
f 1459/1349/1196 1452/1314/1163 1460/1374/1220
f 1525/1833/1607 1529/1830/1604 1526/1828/1602
f 1458/1351/1198 1457/1333/1180 1449/1332/1179
f 1529/1830/1604 1525/1833/1607 1533/1834/1608
f 1530/1375/1221 1532/1362/1208 1535/1486/1216
f 1463/1825/1599 1462/1350/1197 1459/1349/1196
f 1461/1363/1209 1458/1351/1198 1462/1350/1197 1519/1364/1210
f 1499/1835/1609 1466/1807/1587 1470/1514/1335 1484/1836/1610
f 1476/1604/1408 1471/1703/1504 1467/1779/1561 1472/1803/1583
f 1551/1609/1413 1550/1505/1328 1539/1837/1415
f 1463/1825/1599 1459/1349/1196 1460/1374/1220
f 1581/1838/1568 1584/1820/1593 1590/1819/1525
f 1464/1357/1204 1521/1823/1597 1463/1825/1599 1460/1374/1220
f 1461/1363/1209 1457/1333/1180 1458/1351/1198
f 1474/1515/1336 1470/1514/1335 1465/1806/1586 1471/1703/1504
f 1479/1839/1611 1475/1513/1334 1474/1515/1336
f 1134/1103/980 1469/1399/1242 1336/1687/1489 1554/1778/977
f 1534/1613/1417 1536/1612/1416 1532/1362/1208
f 1531/1365/1211 1519/1364/1210 1527/1832/1606 1529/1830/1604
f 1528/1831/1605 1529/1830/1604 1527/1832/1606
f 1478/1448/1283 1473/1782/1563 1469/1399/1242 1229/1398/1241
f 1477/1827/1601 1473/1782/1563 1478/1448/1283 1482/1775/1559
f 1493/1429/1268 1494/1840/1612 1486/1430/1269
f 1479/1839/1611 1474/1515/1336 1480/1603/1407 1507/1841/1613
f 1488/1798/1579 1486/1430/1269 1494/1840/1612 1589/1842/1542
f 1492/1747/1543 1589/1842/1542 1494/1840/1612
f 1081/1465/1286 1513/1483/1311 1507/1841/1613 1512/1464/1296
f 1567/1662/1465 1562/1181/1046 1563/1531/1351
f 1466/1807/1587 1465/1806/1586 1470/1514/1335
f 1289/1591/1397 1288/1654/1458 1390/1681/1483
f 1048/1404/1247 1510/1424/1265 1482/1775/1559 1478/1448/1283
f 1304/1740/1536 1246/1655/1459 1305/1658/1461 1322/1739/1535
f 1475/1513/1334 1483/1843/1614 1470/1514/1335
f 1511/1391/1236 1508/1602/1406 1481/1601/1405 1509/1774/1558
f 1499/1835/1609 1398/1804/1584 1466/1807/1587
f 1483/1843/1614 1475/1513/1334 1479/1839/1611
f 1483/1843/1614 1479/1839/1611 1503/1844/1615 1484/1836/1610
f 1512/1464/1296 1507/1841/1613 1480/1603/1407 1508/1602/1406
f 1501/1810/1588 1499/1835/1609 1484/1836/1610 1503/1844/1615
f 1483/1843/1614 1484/1836/1610 1470/1514/1335
f 1503/1844/1615 1479/1839/1611 1507/1841/1613 1513/1483/1311
f 1494/1840/1612 1495/1845/1616 1492/1747/1543
f 1495/1845/1616 1494/1840/1612 1493/1429/1268
f 1515/1450/1284 1502/1421/1262 1516/1423/1264 1518/1846/1617
f 1499/1835/1609 1498/1407/1250 1497/1428/1267 1396/1702/1503
f 1577/1725/1522 1581/1838/1568 1580/1726/1523
f 1576/1463/1295 1489/1745/1541 1490/1768/1554 1491/1462/1294
f 1582/1818/1594 1409/1812/1590 1404/1802/1582 1408/1800/1581
f 1517/1847/1618 1514/1848/1619 1496/1406/1249 1515/1450/1284
f 1491/1462/1294 1514/1848/1619 1542/1488/1314 1522/1356/1203
f 1487/1801/1580 1585/1816/1592 1582/1818/1594 1408/1800/1581
f 1577/1725/1522 1489/1745/1541 1576/1463/1295
f 1588/1733/1530 1492/1767/1543 1341/1735/1532
f 1576/1463/1295 1575/1358/1205 1579/1849/1620
f 1597/1317/1166 1595/1850/1621 1596/1318/1167
f 1498/1407/1250 1495/1845/1616 1493/1429/1268 1497/1428/1267
f 1518/1846/1617 1516/1423/1264 1524/1471/1302 1546/1470/1301
f 1398/1804/1584 1499/1835/1609 1396/1702/1503
f 1586/1670/1473 1587/1851/1585 1589/1746/1542 1588/1733/1530
f 1491/1462/1294 1490/1768/1554 1496/1406/1249 1514/1848/1619
f 1486/1430/1269 1401/1793/1574 1485/1427/1266
f 1502/1809/1262 1500/1405/1248 1501/1810/1588
f 1495/1845/1616 1496/1852/1249 1490/1768/1554 1492/1747/1543
f 1498/1407/1250 1496/1852/1249 1495/1845/1616
f 1505/1451/1285 1504/1808/1263 1501/1810/1588 1503/1844/1615
f 1497/1428/1267 1485/1427/1266 1396/1702/1503
f 1550/1505/1328 1551/1609/1413 1548/1468/1299
f 1545/1853/1622 1523/1829/1603 1522/1356/1203
f 1084/1392/1237 1511/1391/1236 1509/1774/1558
f 1505/1451/1285 1506/1442/1278 1504/1808/1263
f 1513/1483/1311 1083/1482/1279 1505/1451/1285 1503/1844/1615
f 1584/1817/1593 1578/1854/1623 1574/1811/1589
f 1083/1482/1279 1073/1452/1275 1505/1451/1285
f 1525/1833/1607 1545/1853/1622 1547/1469/1300 1549/1610/1414
f 1522/1356/1203 1542/1488/1314 1544/1487/1313 1545/1853/1622
f 1525/1833/1607 1523/1829/1603 1545/1853/1622
f 1463/1825/1599 1520/1824/1598 1462/1350/1197
f 1095/1441/1277 1524/1471/1302 1516/1423/1264 1506/1472/1278
f 1543/1489/1315 1542/1488/1314 1514/1848/1619 1517/1847/1618
f 1080/1390/1235 1512/1464/1296 1508/1602/1406 1511/1391/1236
f 1127/1473/1303 1524/1471/1302 1095/1441/1277
f 1528/1831/1605 1520/1824/1598 1521/1823/1597
f 1500/1449/1248 1502/1421/1262 1515/1450/1284
f 1123/1459/1291 1096/1454/1287 1087/1413/1255 1089/1431/1270
f 1543/1489/1315 1518/1846/1617 1546/1470/1301 1544/1487/1313
f 1532/1362/1208 1530/1375/1221 1461/1363/1209
f 1546/1470/1301 1547/1469/1300 1545/1853/1622 1544/1487/1313
f 1534/1613/1417 1531/1365/1211 1529/1830/1604 1533/1834/1608
f 1599/1522/1343 1591/1619/1423 1572/1755/1548 1592/1523/1344
f 1524/1471/1302 1127/1501/1303 1548/1468/1299
f 1541/1498/1323 1116/1457/1289 1540/1372/1218 1537/1371/1217
f 1534/1613/1417 1532/1362/1208 1531/1365/1211
f 1537/1371/1217 1536/1855/1416 1538/1492/1317 1541/1498/1323
f 1536/1855/1416 1539/1837/1415 1538/1492/1317
f 1528/1831/1605 1527/1832/1606 1520/1824/1598
f 1537/1371/1217 1535/1486/1216 1532/1362/1208 1536/1855/1416
f 1534/1613/1417 1549/1610/1414 1551/1609/1413 1539/1611/1415
f 1543/1489/1315 1517/1847/1618 1515/1450/1284 1518/1846/1617
f 1538/1492/1317 1539/1837/1415 1550/1505/1328 1114/1856/1318
f 1088/1228/1087 1085/1231/1090 1119/1254/1113 1120/1458/1290
f 1129/1480/1309 1130/1479/1308 1113/1490/1282
f 1549/1610/1414 1533/1834/1608 1525/1833/1607
f 1534/1613/1417 1533/1834/1608 1549/1610/1414
f 1525/1833/1607 1526/1828/1602 1523/1829/1603
f 1126/1507/1324 1548/1468/1299 1127/1501/1303
f 1559/1198/1061 1558/1497/1322 1552/1781/1055 1230/1189/1054
f 1570/1857/1326 1563/1531/1351 1564/1496/1321 1565/1495/1320
f 1560/1858/1624 1141/1859/978 1554/1100/977 1555/1777/1560
f 1555/1777/1560 1553/1776/1488 1556/1760/1551 1557/1618/1422
f 1585/1814/1592 1587/1851/1585 1586/1765/1473
f 1594/1617/1421 1560/1858/1624 1555/1777/1560 1557/1618/1422
f 1617/1586/1392 1627/1860/1350 1615/1861/1625 1603/1862/1059
f 1616/1863/1626 1600/1524/1345 1593/1521/1342 1602/1520/1341
f 1178/1272/1126 1175/1085/964 1140/1389/1234 1176/1538/1356
f 1604/1864/1627 1598/1616/1420 1591/1619/1423 1599/1522/1343
f 1571/1502/1325 1572/1755/1548 1556/1760/1551 1569/1761/1495
f 1595/1850/1621 1561/1865/1385 1560/1858/1624
f 1561/1865/1385 1141/1859/978 1560/1858/1624
f 1606/1866/1628 1611/1867/1629 1604/1864/1627 1605/1868/1630
f 1569/1694/1495 1568/1693/1494 1570/1503/1326 1571/1502/1325
f 1607/1588/1394 1608/1614/1418 1606/1866/1628
f 1570/1857/1326 1568/1693/1494 1567/1662/1465 1563/1531/1351
f 1598/1616/1420 1604/1864/1627 1611/1867/1629 1612/1731/1528
f 1331/1597/1403 1314/1596/1402 1332/1692/952 1363/1691/1493
f 1600/1524/1345 1592/1523/1344 1573/1504/1327 1593/1521/1342
f 1292/1714/1508 1590/1819/1525 1405/1715/1513
f 1560/1858/1624 1594/1617/1421 1596/1318/1167 1595/1850/1621
f 1604/1864/1627 1599/1522/1343 1609/1525/1346 1605/1868/1630
f 1337/1688/1490 1266/1078/958 1268/1077/957
f 1567/1662/1465 1568/1693/1494 1268/1077/957
f 1231/1517/1338 1622/1516/1337 1621/1869/1631 1620/1582/1389
f 1608/1614/1418 1209/1560/1369 1208/1562/1371
f 1581/1838/1568 1577/1725/1522 1576/1463/1295
f 1585/1814/1592 1583/1813/1591 1584/1817/1593 1582/1818/1594
f 1574/1870/1589 1575/1358/1205 1453/1340/1187
f 1575/1358/1205 1574/1870/1589 1578/1854/1623 1579/1871/1620
f 1581/1838/1568 1576/1463/1295 1579/1849/1620 1578/1872/1623
f 1498/1407/1250 1499/1835/1609 1501/1810/1588 1500/1405/1248
f 1464/1357/1204 1522/1356/1203 1523/1829/1603
f 1324/1736/1456 1356/1635/1439 1323/1657/1442 1306/1631/1435
f 1141/1579/978 1561/1577/1385 1215/1519/1340
f 1557/1618/1422 1556/1760/1551 1572/1755/1548 1591/1619/1423
f 1596/1318/1167 1612/1731/1528 1613/1873/1632 1614/1316/1165
f 1615/1861/1625 1616/1863/1626 1602/1520/1341
f 1615/1861/1625 1602/1520/1341 1601/1197/1060 1603/1196/1059
f 1611/1867/1629 1613/1873/1632 1612/1731/1528
f 1561/1577/1385 1595/1874/1621 1624/1547/1360
f 1621/1869/1631 1630/1595/1401 1619/1594/1400 1620/1582/1389
f 1605/1868/1630 1609/1525/1346 1610/1585/1391 1625/1615/1419
f 1603/1862/1059 1183/1563/1062 1185/1541/1358 1213/1575/1383
f 1584/1817/1593 1581/1838/1568 1578/1872/1623
f 1208/1562/1371 1207/1570/1378 1614/1316/1165
f 1606/1866/1628 1605/1868/1630 1625/1615/1419 1607/1588/1394
f 1624/1547/1360 1595/1874/1621 1597/1317/1166
f 1600/1524/1345 1616/1863/1626 1610/1585/1391 1609/1525/1346
f 1607/1588/1394 1625/1615/1419 1628/1584/1390 1217/1218/1079
f 1626/1875/1633 1610/1585/1391 1616/1863/1626
f 1632/1508/1329 1626/1875/1633 1615/1861/1625 1627/1860/1350
f 2/1/1 3/168/147 1/2/2
f 1632/1508/1329 1633/1510/1331 1626/1875/1633
f 1614/1316/1165 1613/1873/1632 1608/1614/1418 1208/1562/1371
f 1626/1875/1633 1633/1510/1331 1610/1585/1391
f 1618/1574/1382 1617/1586/1392 1603/1862/1059 1213/1575/1383
f 1207/1570/1378 1223/1573/1381 1629/1580/1387 1597/1548/1166
f 1622/1516/1337 1623/1549/1361 1621/1869/1631
f 1626/1875/1633 1616/1863/1626 1615/1861/1625
f 4/12/12 84/15/15 93/100/90 108/167/146
f 1622/1516/1337 1624/1547/1360 1623/1549/1361
f 1221/1581/1388 1630/1595/1401 1621/1869/1631 1629/1580/1387
f 46/84/77 44/98/88 76/158/125 79/130/116
f 107/175/94 90/169/148 106/113/101 101/106/95
f 1606/1866/1628 1608/1614/1418 1613/1873/1632 1611/1867/1629
f 1225/1599/1349 1232/1509/1330 1632/1508/1329
f 11/8/8 69/47/45 70/46/44 71/5/5
f 1623/1549/1361 1629/1580/1387 1621/1869/1631
f 110/28/27 100/153/59 5/13/13 4/12/12
f 85/9/9 7/11/11 78/23/22
f 12/20/19 13/19/18 11/8/8 9/7/7
f 1330/1672/1475 1311/1625/1429 1263/1669/1472 1312/1598/1404
f 1558/1497/1322 1559/1198/1061 1601/1197/1060 1566/1494/1319
f 1587/1876/1585 1488/1798/1579 1589/1842/1542
f 1245/1634/1438 1246/1655/1459 1244/1590/1396
f 1241/942/824 1351/985/867 1381/1088/967 1353/1087/966
f 92/99/89 94/174/153 89/170/149
