# Blender 5.1.1
# www.blender.org
mtllib skull-med.mtl
o 12140_Skull_v3_L2
v -1.645800 -14.795900 1.097601
v -0.000100 -15.232700 0.998401
v 0.000000 -14.888300 2.629101
v -1.642500 -14.497800 2.767101
v -4.629300 -10.729700 4.041201
v -4.236400 -10.686800 4.893101
v -4.529600 -9.608300 4.973301
v -4.952100 -9.685300 4.551901
v -4.772200 -11.349800 0.566001
v -4.113800 -12.504500 0.443601
v -4.269200 -12.653100 1.118401
v -4.915400 -11.535100 1.287901
v -4.904000 -11.603300 1.997601
v -4.487200 -12.398200 1.675401
v -5.280600 -9.924300 0.756101
v -5.401400 -10.231100 1.489301
v -5.301100 -10.442600 2.455601
v -4.723100 -11.739600 2.720701
v -5.082100 -10.771200 3.337701
v -5.702000 -8.632000 0.969401
v -5.777300 -8.954900 1.700501
v -5.384600 -9.702600 4.070401
v -5.605800 -9.271300 2.931801
v -6.104300 -7.275000 1.370801
v -6.150000 -7.619400 2.038200
v -5.255300 -8.782900 5.104801
v -5.655100 -8.753000 4.744300
v -5.905600 -8.119000 3.437801
v -5.948000 -7.901599 5.532001
v -6.227700 -7.074800 3.991400
v -6.446300 -6.499100 2.489400
v -6.277200 -7.112299 6.613501
v -6.598300 -6.001800 4.598401
v -6.845600 -5.120600 2.821600
v -7.164200 -4.072700 3.190300
v -6.809000 -4.848199 5.043900
v -6.809100 -3.494400 4.588100
v -7.102200 -3.511500 3.609700
v -6.782200 -4.171400 5.965900
v -6.727600 -3.338200 5.623100
v -6.618700 -6.405799 8.009901
v -7.022000 -4.929100 8.318500
v -5.378600 -7.755700 5.779000
v -5.635500 -7.094500 6.925200
v -5.951000 -6.764100 8.389501
v -5.007800 -7.406000 5.532701
v -5.377400 -6.620299 6.669600
v -5.759500 -6.307799 8.345300
v -6.256700 -5.714299 9.816500
v -6.074700 -5.151299 8.565100
v -6.779900 -4.679599 9.127100
v -6.722700 -5.530699 9.902700
v -6.950900 -5.787499 9.750200
v -6.712400 -6.367999 9.670701
v -6.649800 -5.926599 10.127300
v -6.476300 -6.294899 10.073900
v -6.220400 -6.609399 9.714601
v -5.988500 -6.259699 9.668000
v -7.044200 -3.287399 8.192200
v -7.043100 -2.135299 7.982800
v -6.752400 -2.748699 5.514900
v -7.494000 -2.522499 9.355000
v -7.200100 -1.842599 9.163200
v -7.393800 -1.635499 10.031800
v -7.691600 -2.202599 10.179000
v -7.088200 -2.435499 10.155300
v -7.052200 -2.817099 9.525700
v -6.819400 -1.642699 9.129200
v -6.941000 -1.497599 9.987300
v -6.889800 -3.581199 9.024600
v -5.463800 -5.598300 6.427600
v -6.697800 -1.876699 7.956100
v -6.493900 -1.754999 9.934600
v -6.449700 -1.906299 9.136600
v -6.231400 -2.154999 7.956800
v -6.451400 -2.224599 9.971700
v -6.342700 -2.497099 9.180000
v -5.920600 -2.764499 7.883600
v -6.305800 -3.666999 8.664900
v -5.841800 -3.933800 7.476400
v -4.644300 -6.810200 4.856201
v -0.816900 -13.669200 2.353901
v -0.764700 -13.416300 3.969601
v 0.000000 -13.601000 3.911701
v 0.000000 -13.798300 2.326701
v -1.710500 -13.301600 2.449201
v -1.494200 -12.902000 4.096201
v -2.488100 -12.799400 2.447001
v -2.167100 -12.224400 4.019301
v -3.122500 -12.056700 2.431301
v -2.623900 -11.324900 3.950601
v -3.602200 -11.155300 2.560601
v -2.962100 -10.366100 4.037801
v -3.928000 -10.186000 2.681601
v -3.225200 -9.406600 4.134901
v -4.119400 -9.153700 2.758501
v -3.514300 -8.485000 4.268600
v -5.472700 -4.545599 5.570001
v -5.036300 -5.690700 5.265501
v -4.887000 -5.673399 4.168900
v -6.802300 -2.929500 4.461800
v -6.564700 -2.460999 5.489600
v -7.081000 -3.087800 3.290500
v -7.106200 -3.670000 2.468300
v -6.671200 -2.713800 2.989400
v -6.605200 -2.610300 4.348700
v -6.049100 -2.710099 5.529800
v -6.031100 -2.843700 4.301300
v -6.101600 -2.836600 3.069600
v -5.669300 -3.346900 5.627601
v -5.693400 -3.484700 4.263700
v -5.483000 -4.479899 4.226501
v -4.457700 -6.856200 3.224200
v -6.362800 -6.204400 1.832600
v -6.740700 -4.837300 2.151800
v -6.631100 -3.419600 2.174900
v -5.881000 -3.508100 2.683900
v -5.718500 -4.633600 2.550400
v -6.372300 -4.699900 1.932900
v -5.428700 -5.857200 2.265301
v -6.023600 -5.997900 1.616701
v -5.729000 -7.047900 1.123201
v -5.133800 -7.041100 1.768000
v -5.335300 -8.418300 0.712901
v -4.835000 -8.425700 1.436401
v -4.253900 -8.094500 2.879401
v -4.915100 -9.735700 0.507701
v -4.500400 -9.724400 1.172501
v -4.428000 -11.077700 0.332701
v -4.152100 -10.816600 1.014401
v -3.747800 -12.181600 0.218101
v -3.701900 -11.712100 0.895801
v 0.000000 -14.537500 0.070901
v 0.000000 -15.035100 0.201701
v -1.667700 -14.673600 0.254401
v -1.502900 -14.182700 0.090701
v 0.000000 -14.153200 0.713501
v -0.951600 -14.028100 0.746101
v -3.040800 -13.730200 0.369201
v -2.810200 -13.374300 0.176601
v -2.595200 -13.149000 0.777701
v -1.839300 -13.678800 0.790201
v -3.234200 -12.458800 0.789201
v -6.460300 -1.709099 10.611600
v -6.494200 -2.084099 10.718900
v -7.562800 -2.027199 10.745600
v -7.103200 -2.217399 10.786000
v -6.911700 -1.514899 10.755000
v -7.364500 -1.601699 10.787100
v -6.962500 -1.845499 11.019900
v -4.320700 -11.856900 3.593501
v -3.933700 -11.762400 4.847601
v -3.169900 -13.819700 1.225601
v -3.477500 -12.951800 2.378701
v -3.618500 -13.178200 2.140901
v -3.479800 -13.264000 2.346301
v -2.879900 -13.825900 2.277101
v -3.367300 -13.426800 2.297901
v -3.564800 -13.337300 1.931901
v -3.037200 -13.597300 3.211001
v -1.522000 -14.644200 4.141601
v -2.725200 -13.824900 4.534801
v -3.452900 -13.180000 2.627001
v -3.391700 -13.304400 2.785201
v -3.793000 -12.669000 3.503101
v -3.455300 -12.704800 4.708701
v -3.629400 -12.931000 2.766201
v -3.719000 -12.894700 2.989301
v -4.108400 -12.447100 2.831701
v -3.712800 -12.770000 2.502101
v -3.897600 -12.685400 2.596501
v -4.249100 -12.645900 2.074901
v -3.742600 -12.875600 2.207901
v -3.908600 -12.871400 2.153701
v -4.262300 -7.988200 4.527400
v -4.784000 -8.536800 5.112401
v -4.145000 -8.587400 4.986500
v -0.000100 -14.853300 3.919101
v 0.000000 -14.053800 4.749501
v -0.982300 -13.815800 4.722801
v -1.791400 -13.169600 4.912901
v -2.368600 -12.261000 4.877301
v -2.656300 -11.254200 4.910801
v -3.024700 -10.328800 4.991101
v -3.338800 -9.337900 4.922400
v -3.528700 -8.606300 4.976501
v 0.000000 -14.604100 4.579301
v -1.263400 -14.306700 4.681501
v -2.237200 -13.534400 4.976301
v -2.880100 -12.487300 5.057301
v -3.244500 -11.489900 5.121501
v -3.610300 -10.511700 5.139601
v -3.915500 -9.466000 4.996100
v 1.645700 -14.795500 1.097601
v 1.642300 -14.497300 2.767001
v 4.630100 -10.730200 4.041701
v 4.952700 -9.685900 4.552701
v 4.529700 -9.608300 4.973601
v 4.236500 -10.686900 4.893401
v 4.769400 -11.348800 0.569001
v 4.915100 -11.535000 1.288001
v 4.268500 -12.652600 1.118601
v 4.113500 -12.504400 0.444001
v 4.904100 -11.603400 1.997601
v 4.488000 -12.398800 1.675501
v 5.280500 -9.924200 0.756101
v 5.400800 -10.230900 1.489501
v 5.300600 -10.442500 2.455601
v 5.080200 -10.770300 3.337101
v 4.723100 -11.739600 2.720701
v 5.701800 -8.631900 0.969701
v 5.776800 -8.954700 1.700601
v 5.384100 -9.702300 4.070201
v 5.605500 -9.271200 2.931801
v 6.103900 -7.275000 1.371201
v 6.150000 -7.619400 2.038200
v 5.654600 -8.752600 4.743900
v 5.255600 -8.782900 5.105000
v 5.905200 -8.118800 3.437801
v 6.227400 -7.074699 3.991400
v 5.959400 -7.912499 5.538701
v 6.446400 -6.499100 2.489400
v 6.597900 -6.001699 4.598401
v 6.276800 -7.111499 6.613201
v 6.845600 -5.120600 2.821600
v 7.164000 -4.072700 3.190300
v 6.808500 -4.848100 5.043900
v 6.808700 -3.494400 4.588100
v 7.102200 -3.511500 3.609700
v 6.727100 -3.338200 5.623100
v 6.781900 -4.171400 5.965900
v 6.618500 -6.405700 8.009901
v 7.021900 -4.929100 8.318500
v 5.381700 -7.748300 5.770101
v 5.638200 -7.088799 6.921300
v 5.951000 -6.763700 8.389400
v 5.378500 -6.619800 6.669001
v 5.012000 -7.404600 5.528501
v 5.759100 -6.308000 8.345500
v 6.256700 -5.714299 9.816600
v 6.723100 -5.530299 9.903800
v 6.780400 -4.679100 9.128700
v 6.075000 -5.151400 8.564900
v 6.951700 -5.787599 9.750900
v 6.713300 -6.368999 9.671401
v 6.649800 -5.926499 10.126900
v 6.476200 -6.295099 10.073900
v 6.220500 -6.610299 9.715201
v 5.989500 -6.259299 9.667100
v 7.045000 -3.287499 8.192400
v 7.043900 -2.134899 7.982700
v 6.753000 -2.748100 5.514800
v 7.200400 -1.842199 9.163100
v 7.494700 -2.522599 9.355000
v 7.393600 -1.635599 10.031600
v 7.694800 -2.203699 10.180200
v 7.088600 -2.434499 10.154600
v 7.052200 -2.816999 9.525600
v 6.819700 -1.643999 9.129400
v 6.941200 -1.498099 9.987300
v 6.890600 -3.581499 9.025600
v 5.463500 -5.598199 6.427701
v 6.697800 -1.877299 7.956200
v 6.451700 -1.907699 9.136400
v 6.497100 -1.756799 9.934000
v 6.232600 -2.156099 7.956900
v 6.454800 -2.223099 9.969900
v 6.346400 -2.496499 9.178100
v 5.922100 -2.764899 7.883300
v 6.306300 -3.666899 8.664400
v 5.841700 -3.933700 7.476400
v 4.646400 -6.810599 4.855700
v 0.817100 -13.669800 2.354001
v 0.764700 -13.416300 3.969601
v 1.710500 -13.301500 2.449201
v 1.494400 -12.902200 4.096101
v 2.487700 -12.799000 2.446801
v 2.167300 -12.224600 4.019301
v 3.122400 -12.056700 2.431301
v 2.622900 -11.324400 3.950501
v 3.602200 -11.155200 2.560601
v 2.961600 -10.365900 4.037801
v 3.928100 -10.186000 2.681601
v 3.225200 -9.406600 4.134901
v 4.119800 -9.153900 2.758601
v 3.513800 -8.484700 4.268600
v 5.473200 -4.545700 5.570001
v 5.036900 -5.690800 5.265400
v 4.888000 -5.673699 4.168900
v 6.802400 -2.929400 4.461800
v 6.564900 -2.460700 5.489500
v 7.080500 -3.088000 3.290600
v 7.108400 -3.669300 2.466900
v 6.671000 -2.713900 2.989500
v 6.605200 -2.610500 4.348700
v 6.049200 -2.710099 5.529800
v 6.031200 -2.843800 4.301300
v 6.101300 -2.835500 3.069300
v 5.669300 -3.346900 5.627601
v 5.693500 -3.484800 4.263700
v 5.483600 -4.480199 4.226601
v 4.458500 -6.856500 3.224300
v 6.363700 -6.204500 1.831900
v 6.740500 -4.837400 2.152101
v 6.631500 -3.418600 2.173100
v 5.882000 -3.509000 2.684700
v 5.718800 -4.633800 2.550700
v 6.372400 -4.700400 1.934800
v 5.428900 -5.857300 2.265501
v 6.023700 -5.998400 1.618300
v 5.728800 -7.048200 1.124400
v 5.133400 -7.040800 1.767601
v 5.335300 -8.418400 0.713301
v 4.834600 -8.425500 1.436101
v 4.254600 -8.094800 2.879501
v 4.914400 -9.735100 0.504701
v 4.499800 -9.724100 1.171801
v 4.427900 -11.077800 0.334401
v 4.151700 -10.816400 1.014101
v 3.747900 -12.181800 0.219201
v 3.701600 -11.711800 0.895601
v 1.503000 -14.182900 0.091701
v 1.667200 -14.672300 0.256201
v 0.951500 -14.027900 0.746001
v 2.810400 -13.374700 0.178201
v 3.040800 -13.730200 0.369301
v 1.839100 -13.678400 0.790001
v 2.595300 -13.149000 0.777801
v 3.233700 -12.458500 0.788901
v 6.493000 -2.084099 10.720000
v 6.460200 -1.709199 10.611800
v 7.566400 -2.028499 10.748500
v 7.103700 -2.217499 10.786500
v 6.911600 -1.514599 10.755300
v 7.364200 -1.601899 10.787100
v 6.962300 -1.845499 11.022300
v 4.320600 -11.856800 3.593401
v 3.933700 -11.762400 4.847601
v 3.172000 -13.822100 1.225601
v 3.473100 -12.948500 2.377501
v 3.477900 -13.263000 2.345801
v 3.621100 -13.180100 2.142101
v 2.880100 -13.826100 2.277201
v 3.367500 -13.427000 2.298001
v 3.567300 -13.339700 1.932801
v 3.038000 -13.598200 3.211201
v 2.726500 -13.826800 4.536301
v 1.521900 -14.643500 4.141401
v 3.455400 -13.181400 2.627201
v 3.390900 -13.303700 2.785101
v 3.793200 -12.669200 3.503201
v 3.457300 -12.706400 4.711001
v 3.627700 -12.929600 2.766201
v 3.718700 -12.894400 2.989301
v 4.109700 -12.448200 2.832101
v 3.709700 -12.766700 2.501401
v 3.898700 -12.686700 2.596901
v 4.251300 -12.647800 2.075401
v 3.744100 -12.877400 2.208801
v 3.912200 -12.875600 2.155301
v 4.267600 -7.990699 4.524701
v 4.783800 -8.536800 5.113700
v 4.146000 -8.588100 4.984500
v 0.982500 -13.816100 4.722601
v 1.789800 -13.168500 4.915701
v 2.368700 -12.261000 4.877001
v 2.661300 -11.256100 4.906201
v 3.026000 -10.329300 4.989801
v 3.342300 -9.339500 4.919100
v 3.528800 -8.606400 4.976400
v 1.263800 -14.309800 4.687001
v 2.237400 -13.534600 4.976301
v 2.880200 -12.487400 5.056901
v 3.244600 -11.490000 5.122101
v 3.610600 -10.511700 5.137701
v 3.915400 -9.465900 4.996500
v 1.073900 -14.586999 7.261701
v 1.296400 -14.954199 6.488001
v 1.049800 -15.186200 5.772501
v 0.624000 -15.250500 5.753501
v 0.388900 -15.192399 7.582601
v 0.356100 -15.487700 6.774201
v 0.546400 -15.354900 5.840101
v -0.013000 -15.159599 7.093001
v 0.100900 -15.328300 6.021201
v 0.115900 -14.507599 7.275901
v 0.104400 -14.727099 6.941601
v 0.090200 -14.974899 6.396801
v 0.149900 -15.161300 5.978201
v 0.330500 -15.227400 5.817401
v 0.533800 -15.255700 5.752801
v 0.405800 -14.445099 7.287401
v 0.432500 -14.872099 6.444901
v 0.567600 -15.148400 5.854801
v 1.479400 -14.609199 7.423201
v 1.437700 -14.855299 6.966301
v 1.377700 -14.893600 6.040401
v 1.630700 -14.695700 5.813601
v 1.289000 -14.390599 7.243201
v 1.205900 -14.588399 6.718901
v 1.267900 -14.756200 6.084901
v 1.457100 -14.234599 7.217301
v 1.440100 -14.399899 6.632401
v 1.577400 -14.623100 5.996801
v 1.671400 -14.648100 5.800401
v 1.735500 -14.612700 5.798901
v 1.742800 -14.090899 7.194301
v 1.758000 -14.231899 6.623001
v 1.858100 -14.453600 5.982601
v 1.926200 -14.011599 7.137001
v 1.961500 -14.095199 6.573301
v 1.993500 -14.365100 5.942601
v 2.044700 -14.235600 7.289601
v 2.179900 -14.388599 6.761801
v 2.002000 -14.522700 5.941701
v 1.715200 -14.657800 5.801001
v 1.870900 -14.502599 7.474901
v 1.983400 -14.782499 6.961901
v 1.764700 -14.764400 5.972901
v 1.931300 -13.630699 7.369001
v 1.969100 -13.764199 6.800701
v 2.213600 -14.033800 5.923601
v 2.429800 -13.938500 5.615701
v 2.235400 -13.129199 7.330801
v 2.363700 -13.173499 6.835101
v 2.470000 -13.548000 5.975401
v 2.460000 -13.866100 5.622401
v 2.910000 -13.403199 7.264401
v 2.959200 -13.457699 6.753601
v 2.748600 -13.664500 5.933901
v 2.505000 -13.878300 5.621801
v 2.474200 -14.064399 7.289101
v 2.457500 -14.278399 6.777601
v 2.464600 -14.214200 5.905501
v 2.462600 -13.958000 5.616301
v 2.648400 -13.035399 7.213801
v 2.708100 -13.055699 7.211601
v 2.721500 -13.022699 7.243701
v 2.599000 -12.980499 7.249601
v 2.558300 -13.069299 7.142901
v 2.647300 -13.108499 7.134501
v 2.604000 -13.154199 7.033101
v 2.664200 -13.175699 7.024401
v 2.529200 -13.166899 6.908201
v 2.644300 -13.217699 6.883201
v 2.508400 -13.210099 6.526801
v 2.645300 -13.182000 6.285501
v 2.889800 -12.896199 6.378101
v 2.421700 -12.881399 7.280101
v 2.363600 -13.036399 6.943701
v 2.471300 -13.068100 6.218601
v 2.859200 -12.855899 6.365001
v 2.930500 -12.804399 6.372601
v 2.364100 -12.420599 7.368901
v 2.252400 -12.514499 6.843101
v 2.484400 -12.844400 6.143701
v 2.881100 -12.809799 6.363901
v 2.659600 -12.245299 7.243001
v 2.640200 -12.235499 6.805201
v 2.866300 -12.523100 6.314201
v 2.952400 -12.729999 6.384001
v 2.987800 -12.697499 6.390401
v 3.000300 -12.302499 7.172501
v 3.001400 -12.292799 6.848501
v 2.996400 -12.401599 6.338701
v 3.310700 -12.429799 7.133201
v 3.240800 -12.469499 6.401701
v 3.571100 -12.599299 6.856301
v 3.470000 -12.685700 6.239401
v 3.304900 -12.669400 6.057401
v 3.131900 -12.652500 6.296201
v 3.607200 -12.774799 7.392401
v 3.683300 -12.848499 6.835901
v 3.272100 -12.960200 5.837301
v 2.976200 -12.790499 6.328201
v 3.403700 -13.105899 7.470001
v 3.459700 -13.338699 6.897401
v 3.019500 -13.292400 5.973801
v 2.925400 -12.856399 6.344001
v 2.883600 -13.052499 6.329301
v 3.030500 -13.150299 7.293501
v 2.962500 -13.330099 6.859901
v 2.808600 -13.270500 6.300901
v 2.843100 -13.067799 7.247501
v 2.809600 -13.166199 7.129101
v 2.763500 -13.260299 6.863601
v 2.692400 -13.297799 6.511501
v 2.767700 -13.075999 7.210501
v 2.719200 -13.132599 7.129801
v 2.724800 -13.196199 7.016801
v 3.548100 -11.499799 6.946701
v 3.600400 -11.410099 6.508101
v 3.462900 -11.732300 6.092201
v 3.381100 -12.025200 6.033701
v 3.966500 -12.083099 7.069501
v 4.070600 -12.231000 6.164201
v 3.623200 -12.112400 5.853901
v 3.527400 -12.345499 6.973801
v 3.474000 -12.480199 6.397001
v 3.414200 -12.272500 6.031401
v 3.019100 -12.213199 7.018101
v 2.968300 -12.255599 6.891901
v 2.996700 -12.361599 6.523501
v 3.124200 -12.362100 6.130601
v 3.245000 -12.216100 6.082201
v 2.686000 -12.062999 7.013401
v 2.982700 -12.211600 6.128401
v 2.831800 -11.775199 7.173301
v 2.672700 -11.859799 6.510501
v 3.179200 -11.983300 6.033901
v 3.220200 -11.141299 6.975001
v 3.318800 -11.303900 6.240301
v 3.560300 -11.099300 5.997701
v 3.733500 -10.795800 6.068701
v 3.820100 -10.615600 6.060101
v 2.770000 -10.831699 7.065601
v 3.031400 -10.978300 6.110301
v 3.536300 -10.873200 5.868801
v 3.764500 -10.672700 6.051101
v 2.644500 -10.468299 7.077701
v 3.001900 -10.605600 6.040401
v 3.557500 -10.640300 5.884901
v 3.776500 -10.611700 6.046101
v 2.822600 -10.062199 6.970001
v 3.148800 -10.161700 5.988001
v 3.625400 -10.315900 5.960801
v 3.792400 -10.545400 6.049701
v 3.820100 -10.434600 6.049201
v 3.327600 -9.680599 7.015301
v 3.440600 -9.728100 6.167001
v 3.744900 -10.143300 6.000301
v 3.771300 -9.661699 7.039401
v 3.869200 -9.817700 6.286501
v 3.876400 -10.137700 6.048601
v 4.363400 -10.145700 7.160101
v 4.428300 -10.274700 6.157701
v 4.159500 -10.387900 5.929501
v 3.865800 -10.550200 6.054501
v 4.423800 -10.393999 7.240101
v 4.491100 -10.514500 6.239501
v 4.263400 -10.614300 5.940001
v 3.878800 -10.602200 6.058201
v 4.446700 -10.719699 7.391401
v 4.487600 -10.823199 6.342301
v 4.235500 -10.800800 5.971901
v 3.869000 -10.645800 6.063401
v 4.161400 -11.435099 7.125601
v 4.208700 -11.358300 6.310701
v 3.959100 -11.154400 5.969601
v 3.826900 -10.704100 6.067301
v 3.566700 -11.369699 6.919701
v 3.594000 -11.434200 6.286401
v 3.624700 -11.181500 6.037701
v 3.036100 -9.000999 7.436700
v 2.981400 -9.174399 6.713000
v 3.267700 -9.123000 6.001801
v 3.591300 -8.834300 6.138501
v 3.649000 -8.748400 6.128500
v 2.843800 -8.535399 7.331601
v 2.821300 -8.681899 6.451500
v 3.264700 -8.805900 5.888501
v 3.605500 -8.721400 6.119700
v 3.220800 -8.059299 7.173601
v 3.133500 -8.161899 6.518401
v 3.425300 -8.352200 6.054201
v 3.630300 -8.614100 6.122200
v 4.290500 -8.070299 6.813001
v 4.231800 -8.157500 6.135500
v 3.948100 -8.355500 5.975501
v 3.687300 -8.629600 6.118600
v 4.502300 -8.320299 6.695500
v 4.259400 -8.504400 5.858700
v 3.848900 -8.584300 6.052900
v 4.627600 -8.430999 6.979701
v 4.558500 -8.448599 6.762801
v 4.454400 -8.511500 6.288401
v 4.293400 -8.634800 5.884901
v 4.109400 -8.696900 5.860701
v 4.652200 -8.565999 6.999200
v 4.480900 -8.647400 6.250101
v 4.117400 -8.788000 5.846500
v 3.705500 -8.748000 6.115100
v 4.658900 -9.259699 7.046900
v 4.465600 -9.223999 6.404601
v 3.963900 -9.133700 5.834701
v 3.678700 -8.826800 6.126801
v 3.832100 -9.500299 7.118901
v 3.696000 -9.568399 6.658101
v 3.529900 -9.416200 6.129800
v 3.616400 -8.897500 6.157701
v -1.063400 -14.593299 7.396601
v -1.289800 -14.957099 6.623101
v -1.057600 -15.185800 5.902801
v -0.629400 -15.249300 5.898701
v -0.385400 -15.192399 7.717801
v -0.352700 -15.487700 6.909401
v -0.554000 -15.343100 6.006201
v 0.016500 -15.159599 7.228201
v -0.124200 -15.328300 6.176501
v -0.112600 -14.507599 7.411101
v -0.101000 -14.727099 7.076801
v -0.086800 -14.974899 6.532001
v -0.182500 -15.160100 6.145601
v -0.370200 -15.222800 5.980501
v -0.548000 -15.246600 5.909601
v -0.402400 -14.445099 7.422601
v -0.429100 -14.872099 6.580101
v -0.579500 -15.156000 5.998001
v -1.463600 -14.620199 7.422701
v -1.424100 -14.864299 6.966001
v -1.386200 -14.885600 6.053201
v -1.605500 -14.706200 5.825801
v -1.276300 -14.398699 7.242901
v -1.197100 -14.593199 6.718701
v -1.273600 -14.753200 6.086501
v -1.444000 -14.243199 7.217001
v -1.430900 -14.405099 6.632201
v -1.568600 -14.613300 6.012501
v -1.666700 -14.648900 5.805201
v -1.744000 -14.602100 5.802401
v -1.729900 -14.099299 7.193901
v -1.748600 -14.237199 6.622801
v -1.851200 -14.453400 5.985701
v -1.914700 -14.018899 7.136801
v -1.954000 -14.098899 6.573201
v -1.990800 -14.364700 5.941901
v -2.030100 -14.245599 7.289201
v -2.168600 -14.395700 6.761601
v -1.997900 -14.523200 5.943201
v -1.718500 -14.651500 5.802101
v -1.853800 -14.514699 7.474501
v -1.967700 -14.793299 6.961501
v -1.761900 -14.764200 5.993201
v -1.925100 -13.633099 7.368901
v -1.963100 -13.766500 6.800601
v -2.208200 -14.050800 5.911001
v -2.426400 -13.938700 5.614801
v -2.232000 -13.129199 7.330801
v -2.360400 -13.173499 6.835101
v -2.466600 -13.548600 5.977001
v -2.456800 -13.866100 5.623501
v -2.906600 -13.403199 7.264401
v -2.955800 -13.457699 6.753601
v -2.743700 -13.666800 5.936601
v -2.501100 -13.878500 5.623401
v -2.465500 -14.069199 7.289001
v -2.449200 -14.282699 6.777401
v -2.461400 -14.219100 5.901101
v -2.459000 -13.958200 5.615801
v -2.645000 -13.035399 7.213801
v -2.718000 -13.022699 7.243701
v -2.704600 -13.055699 7.211601
v -2.595600 -12.980499 7.249601
v -2.555000 -13.069299 7.142901
v -2.643900 -13.108499 7.134501
v -2.600600 -13.154199 7.033101
v -2.660800 -13.175699 7.024401
v -2.525700 -13.166899 6.908201
v -2.640900 -13.217699 6.883201
v -2.504800 -13.210799 6.526501
v -2.641300 -13.182300 6.283901
v -2.869700 -12.924299 6.362201
v -2.418300 -12.881399 7.280101
v -2.360200 -13.036399 6.943701
v -2.466800 -13.068400 6.216301
v -2.843200 -12.864199 6.350901
v -2.918900 -12.809699 6.350201
v -2.360600 -12.420599 7.368901
v -2.249000 -12.514499 6.843101
v -2.482000 -12.843300 6.145901
v -2.870800 -12.811499 6.350101
v -2.656300 -12.245299 7.243001
v -2.636700 -12.235499 6.805201
v -2.838100 -12.523099 6.327901
v -2.945400 -12.726099 6.373301
v -2.990900 -12.673100 6.378701
v -2.996900 -12.302499 7.172501
v -2.998400 -12.293999 6.847101
v -3.002600 -12.421299 6.358801
v -3.307300 -12.429799 7.133201
v -3.233400 -12.473299 6.425201
v -3.567600 -12.599299 6.856301
v -3.460800 -12.685000 6.253701
v -3.294400 -12.676700 6.071901
v -3.121800 -12.677900 6.252901
v -3.603800 -12.774799 7.392401
v -3.679800 -12.848499 6.835901
v -3.268700 -12.960500 5.836601
v -2.970000 -12.799100 6.302901
v -3.400300 -13.105899 7.470001
v -3.456300 -13.338699 6.897401
v -3.015700 -13.293300 5.972001
v -2.918700 -12.866399 6.321201
v -2.881900 -13.057799 6.318701
v -3.027100 -13.150299 7.293501
v -2.959100 -13.330099 6.859901
v -2.804500 -13.271400 6.299401
v -2.839700 -13.067799 7.247501
v -2.806200 -13.166199 7.129101
v -2.760100 -13.260299 6.863701
v -2.687800 -13.298299 6.510701
v -2.764300 -13.075999 7.210501
v -2.715800 -13.132599 7.129801
v -2.721400 -13.196199 7.016801
v -3.544800 -11.499799 7.074801
v -3.597000 -11.410099 6.636201
v -3.459900 -11.734500 6.218201
v -3.378200 -12.025900 6.161601
v -3.963200 -12.083099 7.197601
v -4.067100 -12.231000 6.292301
v -3.619300 -12.110900 5.985101
v -3.524000 -12.345499 7.101901
v -3.475900 -12.474499 6.527401
v -3.410600 -12.272000 6.155201
v -3.015700 -12.213199 7.146201
v -2.965500 -12.255599 7.019601
v -3.018600 -12.342499 6.652001
v -3.134400 -12.344600 6.279001
v -3.245400 -12.217500 6.207301
v -2.682500 -12.062999 7.141501
v -2.980200 -12.199500 6.272701
v -2.828400 -11.775199 7.301401
v -2.669300 -11.859799 6.638601
v -3.173500 -11.980600 6.164601
v -3.216800 -11.141299 6.975001
v -3.315400 -11.303900 6.240301
v -3.556800 -11.097800 5.996201
v -3.722600 -10.813900 6.060201
v -3.815700 -10.623000 6.050401
v -2.766600 -10.831699 7.065601
v -3.028000 -10.978300 6.110301
v -3.528000 -10.872200 5.872201
v -3.759300 -10.678600 6.038401
v -2.641100 -10.468299 7.077701
v -2.998600 -10.605600 6.040401
v -3.539500 -10.634900 5.879601
v -3.769400 -10.618300 6.033501
v -2.819100 -10.062199 6.970001
v -3.145500 -10.161700 5.988001
v -3.614100 -10.332400 5.938001
v -3.785200 -10.553700 6.040501
v -3.813800 -10.427400 6.045801
v -3.324200 -9.680599 7.015301
v -3.437100 -9.728100 6.167001
v -3.734900 -10.145500 5.995901
v -3.767900 -9.661699 7.039401
v -3.865800 -9.817700 6.286501
v -3.878400 -10.145400 6.041501
v -4.360000 -10.145700 7.160101
v -4.446300 -10.285800 6.105901
v -4.193200 -10.397600 5.913301
v -3.867100 -10.560800 6.043401
v -4.420400 -10.393999 7.240101
v -4.504700 -10.511900 6.212001
v -4.314500 -10.625900 5.925201
v -3.885300 -10.611300 6.044901
v -4.443400 -10.719699 7.391401
v -4.484200 -10.823199 6.342301
v -4.254300 -10.801700 5.966501
v -3.872500 -10.655000 6.050301
v -4.158000 -11.435099 7.125501
v -4.205200 -11.358300 6.310701
v -3.955600 -11.152600 5.970201
v -3.824300 -10.710800 6.056401
v -3.563300 -11.369699 6.919701
v -3.590700 -11.434200 6.286401
v -3.622000 -11.180900 6.037501
v -3.030300 -9.000999 7.436700
v -2.975600 -9.174399 6.713000
v -3.257500 -9.125100 6.004800
v -3.573500 -8.838300 6.132401
v -3.632600 -8.758900 6.123701
v -2.838000 -8.535399 7.331601
v -2.815300 -8.681899 6.451500
v -3.247800 -8.804100 5.893500
v -3.581700 -8.736000 6.112900
v -3.215000 -8.059299 7.173601
v -3.126900 -8.162099 6.518500
v -3.414400 -8.362600 6.053200
v -3.611100 -8.636400 6.120400
v -4.284600 -8.070299 6.813001
v -4.224200 -8.158000 6.135701
v -3.937500 -8.361400 5.969601
v -3.671700 -8.647500 6.116500
v -4.496500 -8.320299 6.695500
v -4.265600 -8.525000 5.806500
v -3.842100 -8.594600 6.042400
v -4.621800 -8.430999 6.979701
v -4.552800 -8.448599 6.762801
v -4.450800 -8.509800 6.289401
v -4.282700 -8.644000 5.852100
v -4.108100 -8.708700 5.840600
v -4.646400 -8.565999 6.999200
v -4.477400 -8.642900 6.245000
v -4.116800 -8.791600 5.829101
v -3.695300 -8.757300 6.105900
v -4.653200 -9.259699 7.046900
v -4.459800 -9.223999 6.404601
v -3.953800 -9.134800 5.836700
v -3.664200 -8.833300 6.120300
v -3.826200 -9.500299 7.118901
v -3.690200 -9.568399 6.658101
v -3.522200 -9.416800 6.130100
v -3.600700 -8.899600 6.153400
v 2.704400 -13.065399 7.198101
v 2.667400 -13.166799 7.040101
v 4.515300 -8.467699 7.033000
v -2.701000 -13.065399 7.198101
v -2.664000 -13.166799 7.040101
v -4.509500 -8.467699 7.033000
v 0.529700 -14.692399 7.412501
v 1.683900 -14.280899 7.313701
v 2.384100 -13.547299 7.344901
v 2.938500 -12.725799 7.309301
v 2.684700 -13.118099 7.125101
v 3.397500 -11.936499 7.105301
v 3.586800 -10.533899 7.125801
v 3.853700 -8.687099 7.146600
v -0.524400 -14.693899 7.547601
v -1.670000 -14.290199 7.313301
v -2.378700 -13.548999 7.344901
v -2.935100 -12.725799 7.309301
v -2.681300 -13.118099 7.125101
v -3.394100 -11.936499 7.233401
v -3.583400 -10.533899 7.125801
v -3.847900 -8.687099 7.146600
v 0.209500 -14.650000 4.445201
v 0.042800 -14.852700 4.715301
v 0.099500 -15.075100 6.128401
v 0.376200 -15.073100 6.203501
v 0.468800 -15.070600 6.193901
v 0.645500 -14.735400 4.206601
v 0.506000 -14.884600 4.531101
v 0.540000 -15.135600 5.955701
v 0.556000 -15.073700 6.188301
v 0.736700 -14.376300 4.573701
v 0.796100 -14.671100 4.819001
v 0.837300 -15.002600 6.017101
v 0.525800 -14.190500 4.794601
v 0.568000 -14.426800 5.136001
v 0.577400 -14.990100 5.977601
v 0.497400 -15.062500 6.190701
v 0.441100 -15.021000 6.157901
v 0.206000 -14.312200 4.872001
v 0.216600 -14.549400 5.334201
v 0.216200 -14.939400 6.097301
v 0.424300 -15.059600 6.199601
v 1.487400 -13.485300 5.025401
v 1.669600 -13.882300 5.912901
v 1.677400 -14.098900 6.224001
v 1.671900 -14.129800 6.215601
v 1.578400 -14.128800 6.143801
v 1.270700 -14.029600 4.692901
v 1.431300 -14.303100 5.773801
v 1.631800 -14.179200 6.192701
v 1.789100 -14.418500 4.383501
v 1.745100 -14.460800 5.470801
v 2.073600 -14.208000 4.599801
v 2.085200 -14.200900 4.795201
v 2.004600 -14.287700 5.469201
v 1.790100 -14.215700 6.010101
v 1.675900 -14.156200 6.196401
v 2.099000 -13.853900 5.188001
v 1.877000 -14.069400 6.060101
v 1.911100 -13.516700 5.252601
v 1.979700 -13.764300 5.839801
v 1.720900 -14.086400 6.215101
v 2.714500 -13.313600 4.947601
v 2.497500 -13.076000 6.083001
v 2.057200 -12.905400 4.647701
v 1.993000 -12.728500 5.437901
v 1.898000 -13.259700 4.798001
v 2.111000 -13.663400 4.603501
v 2.023400 -13.661300 4.872001
v 1.941800 -13.607500 5.353401
v 1.917300 -13.420500 5.680301
v 2.401400 -13.759100 4.763601
v 2.094000 -13.707500 5.734901
v 3.065900 -11.890900 4.926701
v 2.940900 -11.820400 5.702801
v 2.877800 -11.970000 6.143201
v 2.431400 -12.077800 4.904701
v 2.321500 -11.959600 5.640501
v 2.510600 -12.076000 6.095101
v 2.616400 -12.641500 4.991401
v 2.484900 -12.707800 5.662701
v 2.492100 -12.612000 6.024401
v 3.163900 -12.477400 5.064001
v 3.235600 -12.746900 5.934301
v 2.838300 -12.567800 6.277801
v 3.977300 -11.078400 4.985701
v 3.815000 -11.103600 6.062201
v 4.015500 -10.883600 5.022901
v 3.806500 -10.835500 6.104301
v 3.868600 -10.539000 5.025701
v 3.651900 -10.458500 5.927501
v 3.515200 -10.273900 5.026801
v 3.387600 -10.143500 5.650701
v 3.047500 -10.205600 5.024201
v 2.862500 -10.069900 5.640701
v 2.719300 -10.716800 4.939601
v 2.561800 -10.584600 5.622201
v 2.592700 -10.849700 5.210601
v 2.700900 -10.743000 5.982401
v 2.628300 -11.005300 5.025901
v 2.572200 -10.982000 5.213501
v 2.486200 -10.931900 5.713601
v 2.642400 -11.101800 5.049901
v 2.482400 -11.087200 5.791801
v 2.804700 -11.402600 5.052901
v 2.532200 -11.454600 5.802201
v 3.182000 -11.779600 4.961701
v 2.943300 -11.813800 5.859901
v 3.650900 -11.789800 5.003301
v 3.508800 -11.686800 6.081501
v 3.893100 -11.249900 4.950201
v 3.760000 -11.259600 6.040101
v 3.203200 -8.762700 4.456400
v 2.986800 -8.604300 5.238400
v 3.104200 -9.003400 4.555901
v 2.941300 -8.907000 5.224200
v 3.093000 -9.217400 4.607100
v 2.914000 -9.295600 5.301401
v 3.208900 -9.531700 4.571101
v 3.014700 -9.658500 5.393901
v 3.555500 -9.921600 4.426001
v 3.379900 -9.979800 5.463601
v 4.104100 -10.060200 4.440801
v 3.882800 -9.810800 5.636301
v 4.264100 -9.756500 4.915401
v 3.697300 -9.374100 5.982201
v 4.387100 -9.542900 4.495501
v 4.345100 -9.493800 4.955501
v 4.069400 -9.356300 5.705201
v 4.422300 -9.306400 4.551600
v 4.104400 -9.144800 5.742701
v 4.418700 -8.866800 4.598900
v 4.172400 -8.738500 5.679700
v 4.201900 -8.499800 4.530301
v 3.990100 -8.280500 5.580300
v 3.763000 -8.260600 4.486900
v 3.560000 -8.055400 5.471100
v 3.335000 -8.470400 4.461501
v 3.089300 -8.269500 5.302500
v 0.936000 -14.681500 4.272601
v 0.868000 -14.959300 5.063701
v 1.023300 -14.938100 6.148801
v 1.170100 -14.874600 6.211001
v 1.224800 -14.850200 6.189601
v 1.404300 -14.667600 3.998501
v 1.389000 -14.837500 4.668801
v 1.328100 -14.928400 5.961201
v 1.319100 -14.847900 6.137201
v 1.287100 -14.809000 6.167101
v 1.489300 -14.403800 4.266801
v 1.617000 -14.700800 5.160601
v 1.475000 -14.760000 6.038801
v 1.351600 -14.781700 6.144101
v 1.373300 -14.736700 6.119901
v 1.312600 -14.226900 4.525101
v 1.514900 -14.648600 5.399501
v 1.377000 -14.694500 6.046101
v 1.313000 -14.777800 6.152101
v 1.273100 -14.785200 6.147801
v 1.076100 -14.174100 4.621401
v 1.236300 -14.584700 5.425201
v 1.233600 -14.759600 6.041301
v 0.820200 -14.381500 4.835601
v 0.935200 -14.772800 5.539301
v 1.043300 -14.860800 6.186901
v 1.144900 -14.853900 6.211701
v 2.708800 -11.010300 4.994401
v 4.318100 -9.508900 4.453801
v 0.467400 -14.445000 4.555601
v 1.670500 -13.845800 4.785901
v 2.331300 -13.370100 4.696401
v 2.806400 -12.259500 4.918401
v 3.395100 -11.034600 4.970901
v 3.705200 -9.108300 4.482501
v 1.167900 -14.407100 4.388401
v 3.263300 -8.801300 5.589601
v 3.232300 -8.939700 5.619101
v 3.230600 -9.161100 5.696701
v 3.278400 -9.395200 5.731501
v 3.438100 -9.561100 5.645401
v 3.556900 -9.390400 5.834001
v 3.627000 -9.071500 5.863700
v 3.677200 -8.807200 5.831800
v 3.644400 -8.594900 5.720000
v 3.492300 -8.539000 5.730700
v 3.325200 -8.655900 5.668301
v 3.439900 -9.003400 5.726901
v 3.339600 -11.033700 5.967701
v 3.371800 -10.873300 6.035501
v 3.356000 -10.594700 6.022001
v 3.251600 -10.408900 5.896501
v 3.003000 -10.468300 5.994401
v 2.916200 -10.726800 5.908401
v 2.912300 -10.991100 6.066501
v 2.848800 -11.270200 6.016501
v 3.012000 -11.429900 6.004401
v 3.142700 -11.263000 6.150701
v 3.292900 -11.104500 6.000801
v 3.123900 -10.919000 6.003001
v 1.992000 -13.140100 5.863501
v -0.209500 -14.650000 4.445201
v -0.042800 -14.852700 4.715301
v -0.099500 -15.075100 6.128401
v -0.376200 -15.073100 6.203501
v -0.468800 -15.070600 6.193901
v -0.645500 -14.735400 4.206601
v -0.506000 -14.884600 4.531101
v -0.540000 -15.135600 5.955701
v -0.556000 -15.073700 6.188301
v -0.736700 -14.376300 4.573701
v -0.796100 -14.671100 4.819001
v -0.837300 -15.002600 6.017101
v -0.525800 -14.190500 4.794601
v -0.568000 -14.426800 5.136001
v -0.577400 -14.990100 5.977601
v -0.497400 -15.062500 6.190701
v -0.441100 -15.021000 6.157901
v -0.206000 -14.312200 4.872001
v -0.216600 -14.549400 5.334201
v -0.216200 -14.939400 6.097301
v -0.424300 -15.059600 6.199601
v -1.487400 -13.485300 5.025401
v -1.669600 -13.882300 5.912901
v -1.677400 -14.098900 6.224001
v -1.671900 -14.129800 6.215601
v -1.578400 -14.128800 6.143801
v -1.270700 -14.029600 4.692901
v -1.431300 -14.303100 5.773801
v -1.631800 -14.179200 6.192701
v -1.789100 -14.418500 4.383501
v -1.745100 -14.460800 5.470801
v -2.073600 -14.208000 4.599801
v -2.085200 -14.200900 4.795201
v -2.004600 -14.287700 5.469201
v -1.790100 -14.215700 6.010101
v -1.675900 -14.156200 6.196401
v -2.099000 -13.853900 5.188001
v -1.877000 -14.069400 6.060101
v -1.911100 -13.516700 5.252601
v -1.979700 -13.764300 5.839801
v -1.720900 -14.086400 6.215101
v -2.714300 -13.313500 4.947601
v -2.497500 -13.076000 6.083001
v -2.057200 -12.905400 4.647701
v -1.993000 -12.728500 5.437901
v -1.898000 -13.259700 4.798001
v -2.111000 -13.663400 4.603501
v -2.023400 -13.661300 4.872001
v -1.941800 -13.607500 5.353401
v -1.917300 -13.420500 5.680301
v -2.401400 -13.759100 4.763601
v -2.094000 -13.707500 5.734901
v -3.061600 -11.888700 4.926701
v -2.940900 -11.820400 5.702801
v -2.877800 -11.970000 6.143201
v -2.431400 -12.077800 4.904701
v -2.321500 -11.959600 5.640501
v -2.510600 -12.076000 6.095101
v -2.609800 -12.638100 4.991401
v -2.484900 -12.707800 5.662701
v -2.492100 -12.612000 6.024401
v -3.137800 -12.464100 5.064001
v -3.235500 -12.746900 5.934301
v -2.838300 -12.567800 6.277801
v -3.972200 -11.225900 4.985701
v -3.815000 -11.103600 6.062201
v -3.994500 -10.944500 5.022901
v -3.806500 -10.835500 6.104301
v -3.868200 -10.539000 5.025701
v -3.651900 -10.458500 5.927501
v -3.515200 -10.273900 5.026801
v -3.387600 -10.143500 5.650701
v -3.047500 -10.205600 5.024201
v -2.862500 -10.069900 5.640701
v -2.719300 -10.716800 4.939601
v -2.561800 -10.584600 5.622201
v -2.592700 -10.849700 5.210601
v -2.700900 -10.743000 5.982401
v -2.628300 -11.005300 5.025901
v -2.572200 -10.982000 5.213501
v -2.486200 -10.931900 5.713601
v -2.642400 -11.101800 5.049901
v -2.482400 -11.087200 5.791801
v -2.804700 -11.402600 5.052901
v -2.532200 -11.454600 5.802201
v -3.184300 -11.782800 4.961701
v -2.943300 -11.813800 5.859901
v -3.688300 -11.895400 5.003301
v -3.508800 -11.686800 6.081501
v -3.916000 -11.449900 4.950201
v -3.760000 -11.259600 6.040101
v -3.203200 -8.762700 4.374500
v -2.986800 -8.604300 5.156500
v -3.104200 -9.003400 4.474000
v -2.941300 -8.907000 5.142301
v -3.093000 -9.217400 4.525200
v -2.914000 -9.295600 5.219501
v -3.208900 -9.531700 4.489201
v -3.014700 -9.658500 5.312001
v -3.555500 -9.921600 4.344101
v -3.379900 -9.979800 5.381701
v -4.104100 -10.060200 4.358901
v -3.882800 -9.810800 5.554401
v -4.264100 -9.756500 4.833501
v -3.697300 -9.374100 5.900301
v -4.387100 -9.542900 4.413601
v -4.345100 -9.493800 4.873601
v -4.069400 -9.356300 5.623301
v -4.422300 -9.306400 4.469700
v -4.104400 -9.144800 5.660800
v -4.418700 -8.866800 4.517001
v -4.172400 -8.738500 5.597800
v -4.201900 -8.499800 4.448400
v -3.990100 -8.280500 5.498401
v -3.763000 -8.260600 4.405001
v -3.560000 -8.055400 5.389201
v -3.335000 -8.470400 4.379601
v -3.089300 -8.269500 5.220601
v -0.936000 -14.681500 4.272601
v -0.868000 -14.959300 5.063701
v -1.023300 -14.938100 6.148801
v -1.170100 -14.874600 6.211001
v -1.224800 -14.850200 6.189601
v -1.404300 -14.667600 3.998501
v -1.389000 -14.837500 4.668801
v -1.328100 -14.928400 5.961201
v -1.319100 -14.847900 6.137201
v -1.287100 -14.809000 6.167101
v -1.489300 -14.403800 4.266801
v -1.617000 -14.700800 5.160601
v -1.475000 -14.760000 6.038801
v -1.351600 -14.781700 6.144101
v -1.373300 -14.736700 6.119901
v -1.312600 -14.226900 4.525101
v -1.514900 -14.648600 5.399501
v -1.377000 -14.694500 6.046101
v -1.313000 -14.777800 6.152101
v -1.273100 -14.785200 6.147801
v -1.076100 -14.174100 4.621401
v -1.236300 -14.584700 5.425201
v -1.233600 -14.759600 6.041301
v -0.820200 -14.381500 4.835601
v -0.935200 -14.772800 5.539301
v -1.043300 -14.860800 6.186901
v -1.144900 -14.853900 6.211701
v -2.708800 -11.010300 4.994401
v -4.318100 -9.508900 4.371901
v -0.467400 -14.445000 4.555601
v -1.670500 -13.845800 4.785901
v -2.331300 -13.370100 4.696401
v -2.794500 -12.253500 4.918401
v -3.393600 -11.048200 4.970901
v -3.705200 -9.108300 4.400600
v -1.167900 -14.407100 4.388401
v -3.263300 -8.801300 5.507700
v -3.232300 -8.939700 5.537200
v -3.230600 -9.161100 5.614800
v -3.278400 -9.395200 5.649601
v -3.438100 -9.561100 5.563501
v -3.556900 -9.390400 5.752100
v -3.627000 -9.071500 5.781800
v -3.677200 -8.807200 5.749900
v -3.644400 -8.594900 5.638101
v -3.492300 -8.539000 5.648800
v -3.325200 -8.655900 5.586401
v -3.439900 -9.003400 5.645000
v -3.339600 -11.033700 5.967701
v -3.371800 -10.873300 6.035501
v -3.356000 -10.594700 6.022001
v -3.251600 -10.408900 5.896501
v -3.003000 -10.468300 5.994401
v -2.916200 -10.726800 5.908401
v -2.912300 -10.991100 6.066501
v -2.848800 -11.270200 6.016501
v -3.012000 -11.429900 6.004401
v -3.142700 -11.263000 6.150701
v -3.292900 -11.104500 6.000801
v -3.123900 -10.919000 6.003001
v -1.992000 -13.140100 5.863501
v -0.002600 -12.638898 20.819601
v -1.805300 -12.316898 20.964399
v -2.014900 -12.750698 19.488201
v -0.002600 -13.255699 18.209202
v -4.092400 -11.488798 20.990999
v -3.994800 -11.921598 19.717199
v -5.596600 -11.186298 19.239599
v -5.871900 -10.580498 20.505400
v -6.743900 -10.110600 18.597300
v -6.678200 -10.998899 17.561600
v -5.524900 -11.880599 18.266199
v -7.125500 -9.483598 19.827900
v -7.669100 -8.445698 20.942301
v -6.223100 -9.623199 21.958500
v -4.229400 -10.636698 22.558701
v -1.765100 -11.444098 22.706800
v -0.002600 -11.639998 22.703300
v -0.002600 -10.451898 24.076799
v -1.825700 -10.289098 24.048401
v -4.391500 -9.520098 23.793699
v -6.511800 -8.476498 23.036501
v -8.090200 -7.248098 21.659000
v -6.598600 -11.477199 16.978100
v -7.468800 -10.120699 16.913799
v -7.353100 -10.625299 16.270399
v -5.455600 -12.259899 17.654400
v -8.223300 -8.807199 12.690201
v -7.839500 -9.408299 12.551901
v -7.821400 -9.346399 13.608901
v -8.013400 -8.939399 13.756301
v -7.665900 -9.390199 14.741901
v -7.865400 -9.093699 14.890301
v -7.809100 -9.417199 16.177601
v -7.565000 -9.930499 15.598101
v -7.667200 -8.768398 19.326700
v -7.427100 -9.276299 17.971800
v -8.064400 -7.944899 20.134300
v -8.456400 -6.846999 20.493700
v -7.989200 -8.495099 13.849801
v -8.303400 -8.099799 12.944201
v -7.860400 -8.734099 14.914801
v -7.761000 -8.759899 16.227699
v -7.460700 -8.511299 17.818399
v -7.699100 -8.140099 18.834000
v -8.031300 -7.535499 19.351500
v -8.427700 -6.628698 19.587299
v -4.022300 -12.521699 18.635401
v -4.266300 -12.816299 18.038202
v -2.646300 -12.888499 18.408302
v -1.509600 -13.230199 17.558401
v -3.700600 -12.901299 18.068401
v -3.591800 -12.700099 18.278902
v -3.232300 -12.705499 18.185902
v -3.480600 -12.641599 18.060001
v -0.002500 -13.691099 15.988101
v -0.002500 -13.309499 16.709002
v -1.019500 -13.204399 16.503302
v -0.830200 -13.410299 15.808201
v -0.722000 -13.888099 15.183601
v -0.002500 -14.177699 15.476001
v -1.401200 -12.784899 14.720101
v -1.680400 -12.883299 14.020501
v -1.303400 -13.551299 14.319301
v -1.199100 -13.288299 14.958201
v -1.382300 -12.804299 15.552101
v -2.502500 -13.554399 11.066401
v -2.181300 -13.651399 11.875101
v -2.997100 -13.188699 12.190201
v -3.035300 -13.269399 11.535301
v -3.845200 -13.075499 11.683101
v -3.450600 -13.158799 11.482701
v -2.894700 -13.076899 8.710601
v -2.378100 -13.826899 8.894001
v -2.461000 -13.620099 9.929301
v -2.872000 -12.951199 9.828101
v -3.813200 -12.763199 11.102701
v -4.431300 -12.369799 11.017801
v -3.864600 -12.467599 10.905101
v -4.623600 -12.520599 11.506601
v -3.463800 -13.035099 11.216101
v -3.153100 -13.158899 11.222701
v -2.946100 -13.165799 10.801901
v -2.962400 -12.913299 10.473501
v -3.088400 -12.580899 10.397901
v -3.134600 -12.451199 10.070601
v -3.627900 -12.203199 10.720201
v -3.538700 -12.377499 10.930901
v -3.531300 -12.643899 11.080501
v -3.322400 -12.791899 11.199100
v -3.094200 -12.902699 11.171901
v -3.007400 -12.929699 10.934701
v -3.010700 -12.795999 10.725701
v -3.084100 -12.599199 10.637401
v -3.335200 -12.216299 10.499201
v -3.213800 -12.347299 10.717701
v -3.148200 -12.541699 11.000101
v -8.458600 -8.587099 11.542901
v -8.715700 -7.547599 12.091601
v -7.700400 -9.668199 11.585101
v -9.466200 -1.639899 13.687600
v -9.442200 -1.038599 12.110000
v -9.192800 -2.720099 11.579300
v -8.923300 -3.033799 12.486300
v -7.931500 -7.259999 18.495800
v -7.676600 -7.781699 18.294399
v -7.482700 -8.053899 17.521000
v -7.288700 -8.355699 16.162800
v -7.177000 -8.439299 14.870801
v -7.315300 -8.218599 13.720501
v -7.611600 -7.805699 12.808001
v -7.948500 -7.354199 11.893401
v -7.694100 -6.747699 12.174501
v -7.644000 -7.083099 13.133501
v -7.556000 -7.499499 14.059901
v -7.507100 -7.701599 15.166001
v -7.526400 -7.643098 16.332899
v -7.698800 -7.406798 17.537100
v -8.364000 -6.392999 18.726000
v -8.145300 -6.441499 17.678801
v -9.053000 -4.728899 18.907101
v -9.044200 -4.768098 19.840000
v -7.715600 -6.288499 13.547900
v -7.810700 -5.943399 12.689700
v -7.667500 -6.596599 14.456101
v -7.687700 -6.776199 15.449601
v -7.837000 -6.676498 16.518000
v -7.283000 -9.820999 11.892401
v -7.482200 -9.493699 12.571001
v -7.500600 -9.409699 13.585201
v -7.399600 -9.418199 14.694901
v -7.208000 -9.954700 15.400601
v -6.975900 -10.582199 15.873301
v -6.330500 -11.349499 16.559200
v -5.310400 -12.033399 17.165199
v -4.203100 -12.615499 17.557301
v -2.741300 -12.745999 17.618702
v -2.127600 -12.773699 17.022902
v -1.661900 -12.617499 16.191999
v -1.536300 -12.420599 15.542701
v -1.407000 -12.434399 14.663801
v -1.791700 -12.530599 13.936601
v -2.303600 -12.584099 13.376001
v -2.025200 -13.008899 13.399101
v -2.675400 -12.618599 12.929201
v -2.336700 -13.042799 12.856801
v -3.272400 -12.746799 12.471901
v -4.004000 -12.708799 12.158001
v -4.600100 -12.246899 11.806701
v -5.291000 -11.769899 11.653001
v -5.431500 -12.075299 11.390901
v -5.996400 -11.576299 11.315201
v -5.814700 -11.288399 11.594901
v -6.578300 -10.971499 11.248901
v -6.392200 -10.764399 11.530501
v -7.130700 -10.364199 11.279501
v -6.873600 -10.272399 11.573201
v -3.657900 -12.771899 17.706001
v -3.145000 -12.665599 17.808702
v -3.402900 -12.606399 17.797501
v -3.636600 -12.258099 17.439199
v -3.247700 -12.232799 17.515699
v -7.129800 -8.951199 12.426901
v -7.223100 -8.863099 13.474501
v -7.121100 -8.932799 14.677001
v -6.848100 -9.364199 15.338401
v -6.601000 -9.831800 15.794600
v -6.069000 -10.398199 16.279400
v -5.210300 -10.948799 16.748899
v -4.092600 -11.567499 17.170200
v -3.035500 -11.675200 17.070999
v -2.330400 -11.528999 16.554199
v -1.947000 -11.450999 15.939101
v -1.805200 -11.504399 15.388601
v -1.755100 -11.572299 14.595701
v -1.800600 -11.631799 13.824701
v -1.943500 -11.693099 13.111501
v -2.264400 -11.780999 12.470101
v -2.838600 -11.837799 11.984501
v -3.452000 -11.695699 11.603001
v -4.118100 -11.377099 11.348801
v -4.819000 -10.890099 11.188101
v -5.374900 -10.592499 11.234001
v -5.913800 -10.203399 11.248801
v -6.451700 -9.786599 11.395401
v -6.880300 -9.339199 11.764301
v -1.875600 -14.078499 10.019201
v -1.589800 -14.349999 9.127001
v -1.906800 -14.063599 10.843601
v -0.841700 -14.243399 14.558001
v -0.500200 -14.547899 14.837201
v -0.002600 -14.702299 15.009201
v -0.517500 -14.910099 14.534201
v -0.002800 -14.990599 14.691601
v -0.980300 -14.635399 13.965001
v -8.069600 -5.184099 13.110500
v -7.982600 -4.929799 12.393400
v -7.739900 -5.745299 11.970900
v -7.991700 -5.882899 15.627900
v -7.943800 -5.725799 14.677400
v -7.979800 -5.520999 13.932700
v -8.259300 -5.750399 16.465099
v -8.919300 -4.849898 17.573900
v -9.676500 -1.911899 19.084600
v -9.704700 -1.840399 17.751301
v -8.714200 -4.722599 15.932800
v -8.566400 -4.570699 14.700800
v -8.434900 -4.010699 12.616000
v -8.600600 -4.110599 13.547100
v -9.604900 -1.947999 15.797100
v -9.083600 -3.754099 15.464800
v -8.956800 -4.877499 20.843300
v -9.575900 -1.958798 20.214300
v -8.493200 -5.346798 22.354099
v -6.839200 -6.607098 24.147800
v -4.491000 -7.674198 25.200399
v -1.801300 -8.355098 25.602400
v -0.002600 -8.430598 25.667801
v -6.322400 -8.432499 12.363501
v -6.528300 -8.090299 13.265201
v -6.569600 -7.870299 14.418701
v -6.337000 -8.190199 15.135501
v -6.005600 -8.794999 11.786001
v -6.067800 -8.595399 15.531601
v -5.637900 -9.049599 15.826801
v -4.903000 -9.571799 16.098101
v -4.212500 -9.978499 16.315500
v -3.425800 -10.053899 16.250999
v -2.663400 -9.929699 15.887401
v -2.094000 -9.856999 15.462301
v -1.773400 -9.939199 15.094001
v -1.689700 -9.987000 14.471301
v -1.876000 -10.097699 13.783401
v -2.092200 -10.205799 13.161801
v -2.366100 -10.358599 12.602601
v -2.707600 -10.308899 12.102901
v -3.133400 -10.205799 11.599101
v -3.695300 -10.096699 11.170801
v -4.306200 -9.759599 11.043401
v -4.740900 -9.521799 11.068201
v -5.207300 -9.323699 11.178201
v -5.642700 -9.101899 11.409701
v -5.464600 -7.855999 14.776001
v -4.077200 -8.724399 15.449201
v -2.379600 -8.797699 14.716201
v -2.638200 -8.899199 12.926201
v -4.078400 -8.866399 11.733801
v -5.405400 -8.057199 12.483201
v -5.556100 -7.849099 13.244501
v -5.586000 -7.701999 14.041401
v -4.953100 -8.141199 15.181001
v -4.594800 -7.755299 14.049301
v -3.086100 -8.687699 15.167101
v -2.382000 -8.705899 13.840501
v -3.285200 -8.004099 14.142401
v -3.301400 -8.815799 12.254201
v -4.731500 -8.525699 11.779201
v -5.199800 -8.199799 12.032701
v -3.961100 -8.112999 12.828601
v -4.695000 -7.991899 12.764901
v -4.830500 -7.820199 13.361201
v -4.231200 -8.436099 12.157501
v -3.908900 -7.850099 14.261001
v -3.473600 -7.993199 13.478301
v -9.289000 -2.050398 21.522499
v -8.557100 -2.401098 23.142900
v -6.890800 -3.472798 25.179199
v -4.509600 -4.503998 26.570801
v -1.792700 -5.112598 27.040400
v -4.086200 -11.938399 10.558801
v -5.273900 -11.919999 10.896201
v -5.908700 -11.488400 10.777201
v -6.553800 -10.907199 10.678501
v -7.255300 -10.189899 10.611601
v -7.944400 -9.354299 10.879001
v -3.558600 -11.883799 10.114601
v -4.838500 -11.513999 10.440501
v -5.508300 -11.018799 10.321201
v -6.370300 -10.695799 10.127301
v -7.338300 -10.164299 9.911101
v -8.431500 -8.978799 10.036001
v -9.194000 -6.693599 11.436601
v -9.242600 -7.184499 10.684001
v -3.476700 -12.222499 8.517701
v -3.440700 -11.970499 9.313001
v -3.908600 -11.228099 8.402901
v -3.931100 -11.093599 9.139301
v -4.285200 -11.201899 9.924501
v -5.150000 -10.501699 9.728601
v -6.346100 -10.512799 9.423701
v -4.709300 -8.814199 8.741301
v -4.416500 -8.801699 8.118401
v -4.292300 -9.928499 8.236101
v -4.565100 -9.953699 8.938701
v -7.340500 -10.054399 9.330001
v -8.558000 -8.768799 9.499801
v -5.331800 -9.493899 9.063701
v -5.523100 -9.998699 9.222201
v -6.253200 -10.038499 9.018901
v -6.212900 -9.345199 8.761600
v -7.250100 -9.658999 8.938001
v -7.109300 -8.842299 8.761901
v -8.338300 -8.413899 9.220101
v -9.234500 -6.926999 10.113601
v -9.441800 -5.722999 10.688000
v -9.374600 -5.705399 11.198400
v -9.549300 -4.663999 10.687900
v -9.416400 -4.735799 11.083900
v -9.635500 -3.664499 10.759400
v -9.403200 -3.792199 11.184700
v -9.605800 -2.503599 10.990500
v -9.505800 -0.809699 11.214000
v -9.361100 -5.670699 10.421200
v -9.436100 -4.621099 10.478100
v -9.463200 -3.643299 10.513000
v -9.390300 -2.475199 10.585400
v -9.243700 -0.790599 10.622800
v -0.002600 -5.139398 27.145201
v -0.002600 -1.021198 27.574699
v -1.797700 -1.088598 27.434000
v -4.223400 -0.667998 26.844101
v -6.608300 -0.123198 25.451099
v -8.365400 0.148302 23.651501
v -9.306000 0.277902 22.018499
v -9.741400 0.342102 20.612900
v -9.892200 0.384601 19.445700
v -9.907200 0.456501 17.926500
v -9.819300 0.610701 16.048100
v -9.739400 0.784301 14.132200
v -9.693900 1.046201 12.564800
v -8.185800 2.354702 23.753500
v -9.157800 2.398302 22.189600
v -8.743800 7.491702 20.958799
v -7.649800 7.489302 22.757500
v -6.940400 9.293901 22.065901
v -7.541900 9.940202 20.399401
v -6.411100 2.560202 25.333300
v -4.066300 2.437602 26.555500
v -1.854300 2.298702 27.243700
v -0.002600 2.465002 27.400999
v -8.007000 4.840202 23.419100
v -6.225400 5.126002 24.894699
v -5.956500 7.762602 23.987200
v -5.360200 10.087702 22.572399
v -4.076800 5.282802 25.914600
v -3.971400 8.029802 24.783501
v -3.456400 10.579202 23.021099
v -2.055400 5.377702 26.500200
v -1.952300 8.234102 25.307899
v -1.621400 10.822802 23.356100
v -5.415200 11.475202 20.780001
v -3.384700 12.088302 21.067301
v -1.494900 12.343602 21.267401
v -6.070200 12.250701 18.187201
v -8.236000 10.328401 17.859600
v -3.730500 13.193701 18.570498
v -1.685100 13.388201 18.701797
v -0.002600 12.431702 21.249701
v -0.002600 13.403801 18.676998
v -6.290600 12.572601 15.619799
v -8.306700 10.599701 15.401399
v -3.802500 13.629701 15.947199
v -1.721300 13.887101 16.115498
v -0.002600 13.867401 16.212898
v -6.097800 12.660701 12.977399
v -7.826000 11.009501 12.671299
v -3.732700 13.518701 13.259199
v -1.620200 13.837101 13.219299
v -0.002600 13.894101 13.311699
v -9.625200 2.386602 20.834200
v -9.095600 4.797601 21.589701
v -9.804200 2.429502 19.679399
v -9.486200 3.808302 20.762800
v -9.635000 3.873101 19.758400
v -9.820900 2.540901 18.162701
v -9.693300 2.784601 16.257700
v -9.644900 2.837301 14.370900
v -9.505200 5.097901 18.516600
v -9.150600 7.788702 18.104799
v -9.111400 7.950501 15.438999
v -9.390900 5.196001 15.741500
v -9.507500 4.158801 14.425700
v -8.757800 8.515501 12.606999
v -9.646800 1.214501 11.481100
v -9.632700 2.958701 12.768400
v -9.494900 4.560201 12.772400
v -9.260100 6.260101 12.803500
v -9.335000 1.343201 10.657300
v -9.538400 2.891701 11.513000
v -9.305800 2.898501 10.716000
v -9.410600 4.528001 11.307400
v -9.136100 6.218001 10.782300
v -8.417300 8.740901 10.384799
v -7.150300 10.862301 10.272799
v -5.750700 12.141401 10.563899
v -3.959500 12.753501 10.610799
v -1.706600 13.032901 10.650999
v -0.002600 13.178401 10.667399
v -6.551400 10.080201 8.593699
v -5.593400 11.290901 9.140699
v -7.938400 8.234601 8.764099
v -5.283400 9.576801 7.525899
v -4.431200 11.395101 8.729999
v -2.144900 11.703401 8.678199
v -2.650900 9.611201 7.263299
v -0.002600 11.963101 8.647599
v -0.002600 9.877201 7.233699
v -8.697400 1.391901 10.381300
v -8.775200 2.951601 10.307400
v -8.666700 -0.870799 10.271300
v -9.160200 4.364501 10.546700
v -8.793400 6.098701 9.251200
v -8.859600 4.308801 9.778300
v -0.002600 7.488700 6.833600
v -3.077300 7.531800 6.830200
v -6.474300 7.561000 7.256299
v -8.163400 5.727701 8.002000
v -8.477500 4.220201 8.682300
v -8.491700 2.981801 9.285700
v -8.016400 1.605201 9.856800
v -7.642500 -0.487799 10.398400
v -5.210800 5.838601 6.967500
v -7.149100 5.092700 7.147099
v -8.094300 4.031701 7.453499
v -8.164500 2.948401 7.975000
v -7.824700 1.726201 8.585700
v -7.049500 0.162501 9.394500
v -4.506000 -10.111799 7.488501
v -4.723600 -8.985199 7.274001
v -4.080100 -11.464899 7.681001
v -3.642300 -12.480099 7.759001
v -3.112300 -13.368199 7.827801
v -2.419400 -14.239100 7.902101
v -1.619800 -14.704799 8.003501
v -0.710100 -14.713799 8.973601
v -0.821700 -15.132399 8.018501
v -4.538400 -10.192299 7.011201
v -4.673300 -9.062199 6.795401
v -4.140400 -11.569199 7.213201
v -3.727300 -12.560099 7.301601
v -3.215700 -13.488599 7.356001
v -2.402000 -14.338699 7.438001
v -1.620000 -14.811099 7.502601
v -0.821000 -15.146699 7.506101
v -4.147400 -9.106099 6.555100
v -3.995800 -10.148899 6.730901
v -3.739500 -11.504199 6.949301
v -3.470200 -12.445899 7.049501
v -3.046000 -13.349799 7.019301
v -2.265100 -14.196299 7.116601
v -1.488700 -14.573799 7.242501
v -0.728200 -14.823899 7.270801
v -3.322800 -8.961499 6.570601
v -3.205800 -9.971299 6.747001
v -3.080600 -11.234599 6.917101
v -2.880300 -12.153299 6.980501
v -2.550300 -12.946699 6.990101
v -1.926700 -13.735699 7.031101
v -1.318100 -14.176999 7.161401
v -0.635200 -14.417499 7.214901
v -0.002600 -14.907599 7.224801
v -0.002600 -14.499999 7.206701
v -4.005000 -8.213199 6.608901
v -3.506400 -7.959099 6.766301
v -4.335800 -7.992599 6.757801
v -4.400400 -7.915699 7.158801
v -3.963500 -7.663499 7.030400
v -5.291900 -8.803499 9.015801
v -6.069900 -8.625699 8.762001
v -6.786900 -8.108899 8.895301
v -8.910000 -6.756699 9.979501
v -7.860400 -7.902400 9.206501
v -7.196100 -7.423100 9.447001
v -7.379200 -5.596899 11.138500
v -7.524600 -4.776799 11.585100
v -6.651000 -5.424499 10.723800
v -7.017200 -4.460799 11.069200
v -6.207700 -3.718399 11.123200
v -5.593800 -5.101199 10.786900
v -6.243300 -6.138799 10.377500
v -7.193900 -6.376999 10.401401
v -6.229800 -7.690000 9.149401
v -5.826500 -8.157199 8.927101
v -6.601600 -7.040299 9.678301
v -5.824800 -6.745199 9.923701
v -4.903800 -6.244299 10.025300
v -5.214600 -8.222999 9.102201
v -5.502100 -7.424799 9.410601
v -4.672400 -8.056099 8.768901
v -4.736600 -7.201000 9.362001
v -4.206500 -7.699699 8.129501
v -3.573700 -7.411200 7.824800
v -3.989500 -6.919000 8.851801
v -3.729100 -6.059899 9.402000
v -3.157600 -6.968699 8.646401
v -2.906700 -6.079299 9.129000
v -2.796400 -7.719100 7.674500
v -2.445500 -6.856299 8.318101
v -2.248100 -5.965000 8.781800
v -1.604700 -7.137499 8.523601
v -1.488800 -6.106500 8.971000
v -0.002600 -6.129200 8.829900
v -0.002600 -7.209599 8.491601
v -1.601000 -7.881400 8.009801
v -2.448200 -8.708699 7.449400
v -2.375800 -9.648999 7.372601
v -2.295000 -10.789699 7.385101
v -2.151500 -11.702099 7.497401
v -1.956600 -12.483099 7.510501
v -1.484100 -13.155999 7.556901
v -0.945400 -13.635699 7.610101
v -0.531000 -13.951399 7.556401
v -0.002600 -13.890299 7.647401
v -0.937200 -12.601999 7.914601
v -1.119900 -12.058199 7.992401
v -1.256900 -11.305099 8.034801
v -1.376000 -10.409599 7.996601
v -0.002600 -10.349099 8.390100
v -0.002600 -11.254799 8.336801
v -1.454400 -9.436299 7.932401
v -0.002600 -9.456499 8.278201
v -1.460700 -8.577999 7.858301
v -0.002600 -7.872900 8.126501
v -0.002600 -8.576599 8.080701
v -0.002600 -12.940799 7.938601
v -0.002600 -12.042499 8.223701
v -5.309500 -2.974399 10.837500
v -4.842600 -4.254599 10.542200
v -4.200900 -4.781999 10.106900
v -3.362800 -4.694299 9.770100
v -2.735400 -4.492199 9.524900
v -2.072400 -4.445000 9.357300
v -1.338900 -4.453700 9.234800
v -3.948700 -4.028499 10.250500
v -3.399500 -3.689099 9.986900
v -4.329900 -3.600299 10.505600
v -2.951000 -3.327699 9.605100
v -2.076100 -3.167599 9.442400
v -6.206100 4.095901 6.952400
v -7.487800 3.578701 6.883900
v -7.840800 2.720100 7.099700
v -7.721300 1.672501 7.431000
v -6.871600 0.507501 8.083000
v -5.794400 -0.812999 10.095800
v -5.606900 -0.135399 8.644100
v -0.002600 -4.457500 9.063100
v -1.383600 -3.147699 9.002200
v -6.427700 0.970701 7.408500
v -5.207300 0.594401 7.438500
v -6.810700 3.025501 6.751900
v -5.787200 3.104001 6.975300
v -6.892300 1.745400 6.907200
v -6.987300 2.440100 6.771500
v -5.813200 2.134100 6.984900
v -0.002600 5.597701 7.045800
v -2.599800 5.365901 6.906600
v -4.523600 4.293100 6.989500
v -4.302100 3.253901 7.018099
v -3.010900 3.274000 6.974699
v -4.125600 2.131800 7.056900
v -3.856600 1.131601 7.146100
v -2.838500 1.602801 7.115600
v -1.287700 4.024601 8.091700
v -0.002400 4.513300 8.147100
v -2.187800 2.865001 8.198100
v -2.255900 1.719801 8.355900
v -0.919500 3.934601 10.756300
v -0.002500 4.254201 10.812700
v -1.837400 2.807901 10.609600
v -2.011500 1.741501 10.462600
v -1.431700 0.691801 10.329200
v -1.288100 0.266901 8.870500
v -1.874500 0.732401 8.353500
v -0.002400 -0.030399 9.346300
v -0.002600 0.512801 10.350900
v -0.002500 3.640301 12.208000
v -0.642500 3.586801 12.035100
v -1.006200 2.787801 11.802300
v -0.002600 2.800701 12.002500
v -1.088500 1.995001 11.454300
v -0.878000 1.302501 11.120500
v -0.002600 1.183001 11.072900
v -0.002600 2.030501 11.609800
v -4.486100 -2.651799 10.302000
v -3.771100 -3.023399 10.157300
v -4.056100 -2.581999 10.019300
v -4.431600 -1.254899 9.917500
v -3.363200 -2.349899 9.416600
v -3.817700 -1.792799 9.545000
v -4.276700 -0.328599 8.992000
v -2.591400 -1.749899 8.797800
v -3.324000 -0.873299 8.910800
v -4.066800 0.030801 7.956000
v -2.107000 -1.538999 8.198800
v -3.052500 -0.471899 8.176700
v -1.488300 -1.265899 7.952300
v -0.002500 -1.358599 8.707100
v -0.002600 -2.905899 8.760600
v -3.114000 0.313301 7.162200
v -2.536200 -0.377099 7.265100
v -2.280500 0.666401 7.188800
v -0.002500 -0.535999 8.806000
v -1.357700 -0.314099 8.114900
v -1.930100 0.144301 7.423100
v -0.479200 -14.986300 14.340001
v -0.869800 -14.827999 13.836201
v -1.663000 -14.099199 10.812201
v -1.598300 -14.081299 10.081301
v -1.327300 -14.186299 9.509801
v -0.695300 -14.220099 9.270701
v -0.002600 -14.953699 9.090401
v -0.002600 -14.273799 9.475501
v -1.302300 -13.779499 9.366801
v -0.742500 -13.724699 9.061501
v -1.547600 -13.760099 10.011101
v -1.656300 -13.798999 10.797201
v -1.710800 -13.064999 9.713601
v -1.800500 -13.217299 10.655201
v -0.380600 -14.640699 14.174701
v -0.716900 -14.524699 13.739101
v -0.673000 -14.039099 13.599201
v -0.361800 -14.168299 13.922601
v -1.392800 -13.071899 8.976801
v -0.857000 -13.081899 8.841501
v -0.002600 -13.704899 9.272501
v -0.334200 -13.266799 9.091801
v -1.459100 -13.789699 13.560801
v -1.140700 -14.345999 13.392901
v -1.334400 -14.390599 13.082501
v -1.077500 -14.532299 13.324100
v -1.212100 -14.587699 12.976001
v -0.920600 -14.342399 13.267101
v -1.058100 -14.293199 12.939501
v -0.886900 -13.866899 13.218401
v -1.119700 -13.747599 12.931401
v -1.846100 -13.779199 12.701801
v -1.472600 -14.409499 12.693501
v -1.762500 -14.212999 11.576301
v -1.614200 -14.353899 12.217001
v -1.562000 -14.283299 11.481801
v -1.288900 -14.542599 12.630101
v -1.437500 -14.488699 12.081501
v -1.165800 -14.255699 12.586201
v -1.507800 -13.957199 11.497001
v -1.328100 -14.142599 12.057201
v -1.663900 -13.394699 11.490701
v -1.312100 -13.646199 12.570201
v -1.485200 -13.561199 12.067401
v -8.868500 -2.559899 10.431700
v -9.182700 -3.658199 10.493900
v -7.190200 -2.273199 10.937800
v -7.541900 -3.481999 11.143500
v -8.081500 -3.904199 11.806600
v -8.513800 -2.984399 10.897500
v -7.922500 -2.874899 10.900500
v -8.071700 -3.177799 11.112400
v -8.568600 -3.417499 11.867700
v -8.426100 -3.387399 11.412800
v -9.220900 -4.621099 10.508200
v -9.128400 -5.629399 10.396700
v -9.129900 -4.742099 11.121700
v -9.036100 -3.883099 11.218300
v -9.009300 -4.642699 10.783900
v -8.842100 -3.604999 10.880100
v -8.996400 -5.627399 11.235000
v -8.889600 -5.639799 10.724700
v -8.590300 -6.551599 11.277601
v -8.414800 -6.675599 10.289501
v -7.691300 -6.570099 11.337201
v -7.593600 -6.871799 10.366201
v -8.793000 -3.276699 11.513200
v -1.819000 -12.234900 9.582601
v -1.746500 -12.521599 10.588601
v -1.762600 -12.706899 11.423801
v -1.568300 -12.917699 11.987301
v -1.260000 -13.120099 12.443601
v -1.146400 -13.190699 12.817401
v -0.930500 -12.222699 8.732701
v -1.495700 -12.144399 8.815301
v -0.366600 -12.553499 8.904601
v -0.369600 -11.613899 9.263700
v -0.923900 -11.262499 8.845901
v -1.502100 -11.289499 8.866601
v -1.836700 -11.445099 9.584501
v -1.620900 -11.816999 10.548701
v -1.697300 -11.972399 11.337101
v -1.489400 -12.294299 11.863701
v -1.127300 -12.603099 12.318101
v -0.945800 -13.255199 13.137201
v -0.697500 -13.421599 13.401901
v -0.330300 -13.619299 13.589301
v -0.002600 -13.671799 13.639201
v -0.002600 -14.199299 14.019801
v -1.028500 -12.640099 12.679401
v -0.919200 -12.644499 13.017201
v -0.701800 -12.767900 13.218801
v -0.313500 -13.088899 13.273901
v -1.565100 -10.879699 10.513301
v -1.659300 -11.010699 11.276501
v -1.351400 -9.916899 10.467901
v -1.359600 -10.151199 11.234301
v -0.872900 -9.302999 10.445001
v -0.894200 -9.429599 11.206601
v -0.356200 -9.449899 10.334401
v -0.379300 -9.508899 11.160001
v -1.202600 -10.568299 11.789301
v -1.393400 -11.447999 11.790301
v -0.983100 -10.858799 12.394801
v -1.091500 -11.830999 12.300401
v -1.655900 -10.680699 9.706001
v -1.339800 -10.032699 9.828801
v -1.336800 -10.582899 9.184501
v -1.188700 -10.155499 9.461901
v -0.853700 -10.515699 9.152901
v -0.789300 -9.929399 9.445601
v -0.363200 -10.679299 9.477401
v -0.311700 -9.991899 9.717801
v -0.978800 -11.901899 12.649101
v -0.748100 -12.097799 12.956201
v -0.377600 -12.245499 13.044701
v -0.256800 -12.294099 12.550701
v -0.197400 -13.008599 12.711401
v -0.253100 -12.287899 11.982100
v -0.174000 -12.965399 12.038101
v -0.250600 -12.293599 11.411801
v -0.160000 -12.935799 11.446601
v -0.253600 -12.261799 10.851901
v -0.143100 -12.876099 10.873801
v -0.251900 -12.192099 10.286001
v -0.161900 -12.906599 10.263401
v -0.254200 -12.022599 9.697501
v -0.181200 -12.928399 9.679701
v -0.249200 -12.046599 9.345701
v -0.186500 -12.612999 9.196301
v -0.001300 -10.911399 9.734901
v -0.004600 -10.335499 10.083901
v -0.003200 -10.031599 10.541301
v -0.839400 -9.518399 9.885401
v -0.833300 -9.681799 11.809201
v -0.728300 -10.001399 12.233701
v -0.813600 -11.331100 12.718301
v -0.623100 -11.579999 12.887801
v -0.384500 -11.772299 12.868401
v -0.002500 -13.312699 13.247701
v -0.002700 -13.219799 12.732100
v -0.002500 -13.194299 12.039001
v -0.002500 -13.154499 11.425701
v -0.196500 -13.136199 9.402601
v -0.002700 -13.466099 9.605700
v -0.003000 -13.386599 9.867701
v -0.405500 -9.771399 11.733500
v -0.380200 -10.019699 12.234101
v -0.002800 -9.878899 11.155201
v -0.002700 -10.008599 11.696901
v -0.138900 -11.361199 9.709501
v -0.269900 -11.831999 10.375801
v -0.270100 -11.628899 9.951301
v -0.233400 -11.982899 11.403001
v -0.243400 -11.955499 10.846001
v -0.261800 -11.883499 12.497801
v -0.222200 -11.955299 12.007901
v -0.003800 -11.884999 10.855901
v -0.002900 -11.792099 10.376501
v -0.003700 -11.885899 12.082301
v -0.007000 -11.905599 11.441701
v -0.003000 -11.562999 9.967601
v 0.000100 -11.336499 9.732100
v -0.002600 -10.115299 12.206001
v -0.002600 -10.354999 12.605601
v -0.450800 -10.383699 12.615101
v -0.265000 -11.565799 12.935001
v -0.002800 -11.675299 12.736501
v -0.375300 -11.298699 13.002101
v -0.426600 -10.848299 12.861701
v -0.002600 5.457202 26.673800
v -0.002600 8.309302 25.436800
v -0.002600 10.906301 23.430599
v -0.002600 -15.185099 7.998001
v -0.002700 -15.186299 7.482501
v -0.002600 -14.942599 14.494001
v -0.002700 -14.643600 14.322901
v -0.002900 -13.206100 10.288601
v -0.002500 -13.064599 10.849501
v -0.002600 -10.769699 12.902301
v -0.002600 -11.265999 13.078601
v 2.010000 -12.752098 19.488602
v 1.800300 -12.318198 20.964899
v 4.088000 -11.490398 20.991699
v 3.990300 -11.923198 19.717800
v 5.593100 -11.188398 19.240499
v 5.868400 -10.582499 20.506300
v 6.741400 -10.112599 18.598200
v 5.521300 -11.882799 18.267099
v 6.675900 -11.001399 17.562500
v 7.123100 -9.485698 19.828600
v 7.667000 -8.447798 20.943300
v 6.219700 -9.625098 21.959700
v 4.225000 -10.638098 22.559601
v 1.760000 -11.444698 22.707199
v 1.820600 -10.289498 24.048800
v 4.387100 -9.521198 23.794901
v 6.508500 -8.478098 23.038099
v 8.088300 -7.249699 21.660299
v 6.595500 -11.479999 16.977699
v 7.351100 -10.628599 16.269199
v 7.467500 -10.122799 16.914301
v 5.451300 -12.261699 17.654400
v 8.222100 -8.808499 12.691201
v 8.012400 -8.940499 13.757001
v 7.818100 -9.349099 13.609101
v 7.836000 -9.410799 12.552501
v 7.862600 -9.094199 14.890401
v 7.662600 -9.392299 14.741501
v 7.808100 -9.418299 16.177799
v 7.562000 -9.932599 15.597201
v 7.665800 -8.770098 19.326700
v 7.425800 -9.277599 17.972200
v 8.063400 -7.946799 20.134399
v 8.455400 -6.848598 20.494101
v 7.988200 -8.493599 13.851101
v 8.300900 -8.098999 12.945501
v 7.858000 -8.733099 14.915201
v 7.760100 -8.759099 16.227800
v 7.460300 -8.511599 17.818199
v 7.698200 -8.141299 18.833500
v 8.030100 -7.536999 19.350901
v 8.426600 -6.630098 19.587000
v 4.017300 -12.522399 18.635599
v 4.261300 -12.817299 18.038202
v 1.504600 -13.230899 17.558302
v 2.641500 -12.890299 18.408302
v 3.586600 -12.698699 18.278702
v 3.695800 -12.898999 18.068502
v 3.227000 -12.705699 18.185802
v 3.475600 -12.640299 18.060303
v 0.826800 -13.413099 15.809101
v 1.015300 -13.206999 16.503502
v 0.718900 -13.890399 15.185301
v 1.399900 -12.786799 14.721101
v 1.197400 -13.290399 14.959301
v 1.301600 -13.553099 14.320801
v 1.678300 -12.884699 14.021901
v 1.380700 -12.806799 15.552401
v 2.498800 -13.556399 11.066401
v 3.031000 -13.270899 11.535101
v 2.992500 -13.189599 12.190601
v 2.177900 -13.653799 11.875601
v 3.445700 -13.159499 11.482601
v 3.840800 -13.076999 11.683301
v 2.892700 -13.079299 8.711201
v 2.865200 -12.950699 9.828201
v 2.458200 -13.622899 9.929501
v 2.375400 -13.829700 8.894701
v 3.808200 -12.764099 11.102001
v 3.859800 -12.468799 10.903801
v 4.426400 -12.370599 11.017101
v 4.621200 -12.524699 11.507201
v 3.458500 -13.034899 11.216401
v 3.148900 -13.160199 11.221901
v 2.943700 -13.167599 10.801201
v 2.957900 -12.913999 10.473401
v 3.080900 -12.580299 10.397801
v 3.124100 -12.448399 10.070601
v 3.532600 -12.375299 10.933201
v 3.622200 -12.201899 10.721401
v 3.525600 -12.642299 11.082701
v 3.316600 -12.790899 11.200701
v 3.091200 -12.904199 11.169701
v 3.006500 -12.931699 10.932601
v 3.007900 -12.797099 10.724901
v 3.079700 -12.600199 10.636600
v 3.328900 -12.215199 10.498701
v 3.209400 -12.348899 10.716101
v 3.145200 -12.543599 10.998001
v 8.457000 -8.588699 11.543900
v 8.711100 -7.547799 12.091901
v 7.697200 -9.670899 11.586201
v 9.465700 -1.641099 13.687400
v 8.921900 -3.035799 12.486200
v 9.192600 -2.722499 11.581100
v 9.441700 -1.039199 12.110100
v 7.930300 -7.261399 18.495199
v 7.675600 -7.782799 18.293800
v 7.482100 -8.054399 17.520500
v 7.288400 -8.355199 16.162600
v 7.175400 -8.438399 14.871101
v 7.319400 -8.215399 13.723001
v 7.612900 -7.802899 12.811201
v 7.939900 -7.356899 11.890301
v 7.693600 -6.746799 12.175301
v 7.646800 -7.082699 13.134901
v 7.555900 -7.499799 14.060301
v 7.506500 -7.702199 15.166001
v 7.525500 -7.643999 16.332500
v 7.697800 -7.408099 17.536501
v 8.362700 -6.394498 18.725500
v 8.144000 -6.442998 17.678200
v 9.052000 -4.730198 18.906799
v 9.043400 -4.769299 19.840200
v 7.715900 -6.289599 13.547900
v 7.811300 -5.943999 12.689300
v 7.667100 -6.597799 14.455901
v 7.687000 -6.777599 15.449201
v 7.836000 -6.677999 16.517500
v 7.477500 -9.492999 12.570701
v 7.278200 -9.826699 11.897101
v 7.496300 -9.407199 13.585201
v 7.395300 -9.414599 14.696201
v 7.203000 -9.952699 15.402301
v 6.970800 -10.581399 15.874301
v 6.325200 -11.348299 16.560600
v 5.305000 -12.032299 17.166300
v 4.197800 -12.615599 17.557301
v 2.124100 -12.775799 17.021702
v 2.736900 -12.747799 17.617601
v 1.659900 -12.620099 16.191099
v 1.535400 -12.422400 15.542401
v 1.408100 -12.436099 14.664801
v 1.790600 -12.531199 13.938201
v 2.301300 -12.584199 13.377901
v 2.023100 -13.010399 13.400901
v 2.674300 -12.619099 12.932901
v 2.338900 -13.047899 12.862201
v 3.269500 -12.747299 12.474801
v 3.999700 -12.709199 12.159501
v 4.595400 -12.247099 11.807801
v 5.287000 -11.770799 11.657201
v 5.427700 -12.077199 11.391601
v 5.993200 -11.578699 11.316301
v 5.809900 -11.288899 11.596801
v 6.574900 -10.973499 11.250001
v 6.387900 -10.765899 11.534901
v 7.128000 -10.367199 11.281001
v 6.869200 -10.275299 11.577801
v 3.652900 -12.770000 17.707201
v 3.140000 -12.668299 17.807201
v 3.398300 -12.602799 17.799101
v 3.242500 -12.234199 17.514400
v 3.631400 -12.256999 17.440500
v 7.221400 -8.858899 13.474101
v 7.126800 -8.948099 12.425301
v 7.118800 -8.929499 14.678401
v 6.844300 -9.362399 15.340401
v 6.597000 -9.829700 15.797701
v 6.064000 -10.397199 16.281000
v 5.205100 -10.948299 16.749701
v 4.087400 -11.567499 17.170300
v 3.030800 -11.676199 17.069700
v 2.327200 -11.530699 16.552000
v 1.945400 -11.452799 15.937001
v 1.804400 -11.505599 15.387601
v 1.754300 -11.572999 14.596001
v 1.799100 -11.631999 13.825701
v 1.938800 -11.693099 13.111901
v 2.261900 -11.780699 12.472301
v 2.834900 -11.837599 11.986401
v 3.447000 -11.695599 11.603401
v 4.112700 -11.377199 11.348001
v 4.813700 -10.890199 11.187401
v 5.369700 -10.592499 11.233500
v 5.908700 -10.203199 11.247501
v 6.447000 -9.785799 11.393501
v 6.876400 -9.337199 11.761801
v 1.870900 -14.080099 10.019501
v 1.585000 -14.351099 9.127501
v 1.902300 -14.065699 10.843601
v 0.839100 -14.245199 14.559501
v 0.496600 -14.549799 14.838901
v 0.512700 -14.910399 14.534401
v 0.978900 -14.639199 13.966301
v 8.069000 -5.185599 13.109800
v 7.741300 -5.744699 11.968700
v 7.982400 -4.930899 12.391500
v 7.990500 -5.884499 15.627400
v 7.942500 -5.727299 14.677000
v 7.978800 -5.522399 13.932400
v 8.257800 -5.751899 16.464600
v 8.918100 -4.851298 17.573400
v 9.704100 -1.841199 17.751101
v 9.675800 -1.912599 19.084700
v 8.712800 -4.724099 15.932300
v 8.565100 -4.572199 14.700400
v 8.599400 -4.111999 13.546600
v 8.433400 -4.012399 12.614900
v 9.604100 -1.948999 15.796800
v 9.082400 -3.755499 15.464300
v 8.955900 -4.878599 20.844200
v 9.575200 -1.959498 20.215000
v 8.491700 -5.347898 22.355900
v 6.836100 -6.608198 24.149799
v 4.486500 -7.674998 25.201900
v 1.796200 -8.355298 25.602800
v 6.524300 -8.088299 13.264901
v 6.317700 -8.431499 12.363001
v 6.565600 -7.868499 14.419101
v 6.332800 -8.188399 15.136901
v 6.000700 -8.794099 11.785201
v 6.062800 -8.594999 15.532201
v 5.632700 -9.049699 15.826801
v 4.897700 -9.571899 16.097900
v 4.207300 -9.978599 16.315201
v 3.420800 -10.054399 16.250299
v 2.659100 -9.930799 15.886001
v 2.092500 -9.859299 15.459601
v 1.771500 -9.940499 15.093001
v 1.690800 -9.989100 14.471001
v 1.874500 -10.098799 13.784301
v 2.090600 -10.206599 13.163601
v 2.363700 -10.359099 12.604701
v 2.705200 -10.309499 12.105501
v 3.130200 -10.206299 11.601901
v 3.691000 -10.096999 11.172801
v 4.301100 -9.759799 11.044201
v 4.735700 -9.521799 11.068201
v 5.202200 -9.323299 11.177201
v 5.637700 -9.101399 11.408601
v 5.459400 -7.856099 14.775901
v 4.072000 -8.724999 15.448601
v 2.378000 -8.800599 14.714801
v 2.635200 -8.900699 12.927601
v 4.073700 -8.867299 11.735301
v 5.550300 -7.852199 13.245101
v 5.400300 -8.056699 12.482901
v 5.580700 -7.702099 14.041401
v 4.947900 -8.141399 15.180901
v 4.589500 -7.755499 14.049201
v 3.082100 -8.689699 15.165501
v 2.379200 -8.707799 13.840901
v 3.280900 -8.005699 14.142101
v 3.297400 -8.816999 12.255601
v 4.726400 -8.526599 11.780101
v 5.194500 -8.201599 12.033801
v 3.956200 -8.113899 12.829101
v 4.689800 -7.992399 12.765100
v 4.825200 -7.820199 13.361201
v 4.226500 -8.437499 12.158801
v 3.903900 -7.850899 14.260801
v 3.469200 -7.994799 13.478601
v 9.288000 -2.050998 21.523899
v 8.555300 -2.401698 23.145100
v 6.887700 -3.473298 25.181601
v 4.505000 -4.504298 26.572300
v 1.787500 -5.112698 27.040701
v 4.081400 -11.939099 10.558101
v 5.269700 -11.921799 10.895101
v 5.904600 -11.490199 10.776401
v 6.550300 -10.909499 10.678001
v 7.252800 -10.192599 10.611601
v 7.941400 -9.356099 10.879201
v 3.551700 -11.882299 10.115101
v 4.833800 -11.515199 10.439401
v 5.503700 -11.020399 10.319901
v 6.365800 -10.697199 10.126601
v 7.335500 -10.167099 9.910301
v 8.429900 -8.981199 10.035401
v 9.242000 -7.185699 10.684301
v 9.192900 -6.692499 11.440601
v 3.475100 -12.224399 8.518301
v 3.436700 -11.971699 9.312601
v 3.907300 -11.229799 8.403201
v 3.928700 -11.095499 9.138401
v 4.281000 -11.203300 9.923501
v 5.144900 -10.501699 9.728601
v 6.341400 -10.514299 9.422401
v 4.706200 -8.814199 8.739301
v 4.562100 -9.954999 8.936601
v 4.291900 -9.929699 8.235601
v 4.415900 -8.801299 8.117201
v 7.336400 -10.055799 9.328801
v 8.557100 -8.770700 9.496901
v 5.326600 -9.493599 9.064601
v 5.517800 -9.997299 9.224501
v 6.247900 -10.037699 9.020401
v 6.207600 -9.344899 8.763501
v 7.245600 -9.659699 8.936201
v 7.104100 -8.842199 8.761501
v 8.334800 -8.414099 9.216801
v 9.232300 -6.927399 10.111001
v 9.441800 -5.723399 10.687800
v 9.371800 -5.705299 11.200800
v 9.547400 -4.664199 10.687900
v 9.413000 -4.735999 11.085600
v 9.634800 -3.664699 10.759200
v 9.399200 -3.792399 11.185400
v 9.605500 -2.503899 10.990000
v 9.505200 -0.809899 11.213000
v 9.359200 -5.670599 10.418300
v 9.430700 -4.621099 10.478400
v 9.459300 -3.643299 10.511200
v 9.386900 -2.475199 10.583400
v 9.241100 -0.790699 10.620400
v 1.792600 -1.088598 27.434601
v 4.218700 -0.668098 26.845699
v 6.604900 -0.123198 25.453300
v 8.363300 0.148302 23.653799
v 9.304900 0.277802 22.020201
v 9.740700 0.342002 20.613899
v 9.891700 0.384401 19.446100
v 9.906700 0.456401 17.926500
v 9.818800 0.610501 16.047899
v 9.738800 0.784101 14.132000
v 9.693500 1.046001 12.564500
v 9.156400 2.398602 22.191401
v 8.183300 2.355102 23.755800
v 8.742100 7.493301 20.960300
v 7.539000 9.942101 20.400700
v 6.937100 9.295502 22.067499
v 7.646800 7.490602 22.759501
v 6.407400 2.560502 25.335400
v 4.062000 2.437902 26.557800
v 1.849200 2.298802 27.244600
v 8.004400 4.841102 23.421301
v 6.221500 5.126602 24.896700
v 5.952400 7.763602 23.988899
v 5.356000 10.088902 22.573700
v 4.072200 5.283302 25.916100
v 3.966700 8.030602 24.784901
v 3.451500 10.580202 23.021999
v 2.050300 5.377902 26.500999
v 1.947200 8.234402 25.308500
v 1.616200 10.823202 23.356501
v 5.410900 11.476702 20.780899
v 3.379700 12.089202 21.067801
v 1.489700 12.344002 21.267700
v 6.066300 12.252701 18.187799
v 8.233900 10.330501 17.860399
v 3.725500 13.194701 18.570799
v 1.679900 13.388401 18.701899
v 6.286800 12.574601 15.619899
v 8.304800 10.602001 15.401499
v 3.797700 13.630801 15.947299
v 1.716100 13.887101 16.115498
v 6.093700 12.662501 12.977099
v 7.823800 11.011801 12.670699
v 3.728200 13.521101 13.258799
v 1.614700 13.835201 13.219599
v 9.624400 2.386902 20.835300
v 9.094400 4.798401 21.591200
v 9.803600 2.429801 19.679899
v 9.634400 3.873701 19.759001
v 9.485400 3.808902 20.763800
v 9.820300 2.541201 18.162800
v 9.692700 2.785001 16.257601
v 9.644400 2.837601 14.370700
v 9.504600 5.098701 18.517000
v 9.149800 7.790202 18.105400
v 9.110800 7.951901 15.438999
v 9.390300 5.196801 15.741400
v 9.507000 4.159301 14.425600
v 8.756800 8.517001 12.606399
v 9.650700 1.214701 11.479000
v 9.632200 2.958901 12.768100
v 9.494300 4.560701 12.772100
v 9.259400 6.261001 12.803100
v 9.342400 1.343301 10.646100
v 9.543900 2.892301 11.511000
v 9.314300 2.899401 10.704600
v 9.410200 4.528401 11.306400
v 9.135400 6.218801 10.781100
v 8.415600 8.742401 10.383599
v 7.147100 10.864001 10.271799
v 5.746100 12.142401 10.563399
v 3.954400 12.754001 10.610499
v 1.701300 13.033001 10.650999
v 6.547500 10.081501 8.592199
v 5.588900 11.292301 9.139499
v 7.935800 8.235801 8.762099
v 5.278500 9.577401 7.524899
v 4.426100 11.395601 8.729499
v 2.139600 11.703401 8.678199
v 2.645700 9.611201 7.263199
v 8.698300 1.391201 10.364700
v 8.786400 2.950001 10.295500
v 8.662000 -0.870899 10.269500
v 9.159600 4.364701 10.544600
v 8.791900 6.099401 9.249300
v 8.859400 4.308501 9.776000
v 3.072100 7.531800 6.830299
v 6.469800 7.561501 7.254700
v 8.160800 5.728200 7.999499
v 8.476600 4.220100 8.679900
v 8.499500 2.978101 9.281800
v 8.024400 1.600101 9.848000
v 7.637700 -0.488099 10.397900
v 7.144400 5.092900 7.146100
v 5.205600 5.838601 6.967299
v 8.092000 4.031800 7.450900
v 8.163800 2.947301 7.972600
v 7.825100 1.723601 8.583200
v 7.045700 0.161001 9.392800
v 4.505200 -10.112700 7.488301
v 4.723100 -8.984699 7.273201
v 4.079500 -11.466599 7.681201
v 3.640300 -12.481799 7.759401
v 3.111900 -13.371899 7.828601
v 2.415800 -14.240899 7.902401
v 1.615300 -14.706299 8.003601
v 0.705200 -14.715199 8.974501
v 0.816800 -15.133199 8.018501
v 4.536400 -10.193099 7.009201
v 4.670100 -9.061999 6.793701
v 4.137500 -11.570099 7.212101
v 3.727000 -12.562699 7.300201
v 3.214400 -13.491799 7.354801
v 2.397100 -14.339299 7.437801
v 1.617100 -14.815999 7.500701
v 0.816700 -15.149799 7.504701
v 3.990600 -10.148899 6.730801
v 4.142400 -9.105999 6.554501
v 3.734500 -11.504399 6.948701
v 3.464300 -12.445599 7.049801
v 3.042800 -13.351799 7.014701
v 2.260600 -14.197499 7.114701
v 1.483000 -14.572699 7.244401
v 0.723000 -14.823899 7.270701
v 3.200900 -9.971299 6.748401
v 3.318000 -8.961699 6.572001
v 3.075600 -11.234499 6.917701
v 2.875500 -12.153199 6.982301
v 2.545300 -12.946799 6.990801
v 1.921800 -13.735699 7.033201
v 1.313100 -14.177099 7.164101
v 0.630000 -14.417599 7.216201
v 3.501000 -7.958700 6.765700
v 4.000000 -8.212899 6.607901
v 4.331700 -7.991600 6.756401
v 4.398400 -7.913400 7.157500
v 3.958300 -7.663499 7.030400
v 5.286500 -8.803599 9.017201
v 6.064600 -8.625899 8.763301
v 6.781700 -8.108899 8.895301
v 8.905400 -6.755799 9.976701
v 7.855100 -7.902599 9.206701
v 7.191000 -7.422500 9.446101
v 7.377500 -5.595899 11.135300
v 7.523100 -4.777399 11.581900
v 6.646100 -5.424399 10.723200
v 5.588800 -5.100999 10.786000
v 6.202300 -3.718299 11.123900
v 7.012700 -4.460799 11.067700
v 6.237800 -6.139099 10.378100
v 7.191200 -6.373999 10.398101
v 6.224600 -7.689799 9.149001
v 5.821200 -8.157599 8.928301
v 6.596300 -7.040399 9.678401
v 5.819700 -6.744899 9.923301
v 4.899200 -6.243399 10.023500
v 5.209400 -8.223099 9.102601
v 5.496600 -7.425300 9.411601
v 4.668900 -8.054999 8.766501
v 4.732600 -7.199600 9.359701
v 4.202900 -7.698500 8.128501
v 3.569200 -7.409200 7.823400
v 3.984700 -6.918499 8.851101
v 3.724300 -6.059500 9.401100
v 3.152400 -6.968500 8.646101
v 2.902000 -6.078499 9.127300
v 2.792000 -7.721099 7.677600
v 2.440400 -6.854599 8.315501
v 2.243200 -5.964099 8.779700
v 1.599600 -7.138700 8.526101
v 1.483400 -6.107100 8.972900
v 1.596100 -7.882199 8.012101
v 2.444100 -8.709199 7.451900
v 2.371800 -9.648999 7.375101
v 2.291000 -10.789699 7.387801
v 2.147300 -11.702299 7.499901
v 1.952500 -12.483499 7.513301
v 1.479400 -13.156399 7.558701
v 0.940300 -13.635999 7.611101
v 0.525800 -13.951099 7.555801
v 0.932200 -12.602399 7.915901
v 1.115100 -12.058499 7.993901
v 1.252200 -11.305299 8.036501
v 1.371500 -10.409599 7.998901
v 1.449700 -9.436299 7.934200
v 1.455700 -8.578099 7.859200
v 4.838200 -4.254399 10.540100
v 5.305000 -2.974799 10.835300
v 4.196600 -4.781499 10.104800
v 3.358100 -4.693899 9.768800
v 2.730700 -4.491899 9.523400
v 2.067300 -4.444900 9.356700
v 1.333700 -4.453700 9.233900
v 3.395700 -3.689099 9.984100
v 3.943500 -4.028499 10.250300
v 4.322100 -3.600099 10.511200
v 2.946100 -3.327699 9.604500
v 2.072700 -3.168899 9.437300
v 7.482800 3.578701 6.883399
v 6.200700 4.095901 6.953000
v 7.837800 2.719501 7.097200
v 7.718300 1.670901 7.429000
v 6.867400 0.506001 8.081600
v 5.789100 -0.812799 10.096100
v 5.601600 -0.134999 8.644400
v 1.379700 -3.149199 8.996800
v 5.202000 0.594301 7.438400
v 6.422400 0.970701 7.408500
v 6.805400 3.025501 6.752100
v 5.781900 3.104001 6.976600
v 6.887100 1.745201 6.907000
v 6.982100 2.440001 6.771100
v 5.807900 2.134300 6.985700
v 2.594600 5.366001 6.906600
v 4.518300 4.293100 6.988999
v 4.296700 3.253901 7.015699
v 3.006100 3.274101 6.975500
v 4.120200 2.131701 7.055900
v 3.851300 1.131401 7.145000
v 2.833900 1.602701 7.116700
v 1.285500 4.028601 8.095600
v 2.186200 2.866201 8.200900
v 2.254700 1.719101 8.358600
v 0.916200 3.936701 10.757900
v 1.836000 2.809001 10.612100
v 2.009800 1.740401 10.464900
v 1.427700 0.690601 10.330300
v 1.872600 0.730601 8.356000
v 1.285400 0.263701 8.873300
v 0.638200 3.587601 12.036500
v 1.001800 2.787901 11.803400
v 1.083800 1.994601 11.455000
v 0.873100 1.301901 11.121200
v 4.480800 -2.651799 10.302000
v 3.764900 -3.022999 10.159000
v 4.050700 -2.581999 10.019600
v 4.427400 -1.256199 9.915400
v 3.359500 -2.350799 9.414000
v 3.814000 -1.794099 9.542500
v 4.273700 -0.333299 8.987500
v 2.588100 -1.751699 8.794300
v 3.319700 -0.874299 8.909400
v 4.061600 0.030501 7.955700
v 2.102300 -1.539799 8.197600
v 3.048500 -0.474299 8.173700
v 1.483200 -1.265499 7.954500
v 3.108800 0.312401 7.160000
v 2.531100 -0.377999 7.263500
v 2.276900 0.666101 7.191100
v 1.354600 -0.315499 8.118800
v 1.927900 0.143701 7.427200
v 0.473600 -14.995499 14.336501
v 0.864500 -14.835599 13.833501
v 1.660200 -14.096499 10.812301
v 1.594000 -14.080599 10.080901
v 1.324200 -14.183899 9.506201
v 0.690200 -14.219199 9.267601
v 1.299500 -13.779599 9.364301
v 0.737400 -13.724899 9.060801
v 1.546300 -13.759899 10.009701
v 1.656000 -13.798399 10.797201
v 1.799900 -13.217799 10.655101
v 1.709800 -13.065699 9.712201
v 0.374400 -14.642699 14.172601
v 0.711400 -14.525099 13.738701
v 0.357000 -14.167799 13.923501
v 0.670100 -14.037999 13.601801
v 1.389300 -13.072499 8.974901
v 0.851900 -13.081899 8.841701
v 0.329500 -13.266799 9.093101
v 1.456900 -13.791699 13.562101
v 1.138800 -14.350299 13.393601
v 1.332100 -14.394300 13.083601
v 1.072400 -14.545699 13.321401
v 1.206600 -14.589899 12.975701
v 0.917800 -14.340799 13.268801
v 1.056100 -14.291699 12.941101
v 0.886700 -13.865699 13.222001
v 1.118600 -13.747099 12.933601
v 1.843700 -13.781799 12.702901
v 1.469400 -14.412199 12.694001
v 1.758900 -14.216499 11.576301
v 1.611200 -14.357399 12.217201
v 1.559000 -14.280299 11.482701
v 1.284500 -14.541199 12.630501
v 1.434000 -14.485999 12.082501
v 1.164600 -14.254299 12.587701
v 1.507200 -13.956399 11.498001
v 1.327000 -14.141599 12.058501
v 1.663300 -13.395000 11.491601
v 1.311100 -13.645999 12.572001
v 1.484900 -13.561299 12.069101
v 8.863400 -2.559799 10.432000
v 9.178100 -3.657999 10.495200
v 7.184700 -2.272299 10.940500
v 7.536800 -3.481999 11.143700
v 8.078700 -3.906399 11.804600
v 8.509800 -2.982599 10.900400
v 7.917300 -2.874499 10.901200
v 8.067300 -3.173199 11.118900
v 8.566900 -3.421599 11.867000
v 8.421600 -3.389199 11.412200
v 9.217000 -4.621199 10.510900
v 9.122900 -5.629099 10.395800
v 9.031800 -3.880999 11.215600
v 9.126200 -4.741999 11.119700
v 8.839700 -3.602799 10.881800
v 9.009200 -4.642599 10.784900
v 8.992500 -5.628299 11.233200
v 8.886700 -5.640799 10.725100
v 8.571400 -6.584199 11.267501
v 8.408700 -6.673199 10.287601
v 7.676400 -6.592999 11.330901
v 7.588300 -6.871699 10.366101
v 8.789500 -3.278499 11.514200
v 1.746100 -12.521599 10.588701
v 1.818600 -12.235099 9.581101
v 1.567000 -12.917399 11.988901
v 1.761900 -12.706800 11.424701
v 1.144900 -13.190199 12.819501
v 1.258300 -13.119699 12.445401
v 1.491900 -12.144499 8.813701
v 0.925300 -12.222699 8.733201
v 0.358800 -12.553399 8.901301
v 0.919200 -11.262999 8.847901
v 0.370800 -11.614399 9.268701
v 1.836100 -11.444299 9.583201
v 1.498400 -11.288999 8.865101
v 1.696500 -11.971799 11.338101
v 1.620300 -11.816399 10.548801
v 1.125400 -12.602499 12.320001
v 1.488000 -12.293699 11.865501
v 0.693500 -13.420899 13.403801
v 0.943200 -13.254599 13.139400
v 0.325000 -13.619799 13.588601
v 0.916400 -12.643699 13.019601
v 1.027700 -12.639199 12.682101
v 0.308700 -13.089799 13.272801
v 0.697300 -12.767200 13.220501
v 1.658300 -11.009699 11.277501
v 1.564500 -10.878399 10.513401
v 1.358100 -10.148999 11.235501
v 1.349900 -9.914299 10.467901
v 0.889900 -9.427899 11.207201
v 0.867200 -9.304999 10.445301
v 0.370200 -9.487299 11.164501
v 0.351800 -9.453199 10.335201
v 1.391200 -11.447299 11.791800
v 1.200600 -10.566599 11.791401
v 1.090100 -11.830199 12.302901
v 0.979600 -10.858099 12.396301
v 1.337200 -10.030299 9.827501
v 1.654400 -10.679199 9.704901
v 1.184600 -10.154199 9.460501
v 1.333200 -10.581699 9.182701
v 0.784200 -9.928799 9.444801
v 0.848900 -10.515999 9.153701
v 0.306900 -9.991699 9.717601
v 0.361400 -10.681199 9.482100
v 0.743500 -12.097299 12.957801
v 0.977500 -11.900899 12.652201
v 0.374000 -12.246199 13.042401
v 0.193500 -13.009299 12.710901
v 0.254700 -12.294499 12.549601
v 0.171000 -12.966699 12.037801
v 0.251500 -12.287899 11.981801
v 0.156600 -12.936699 11.446501
v 0.248600 -12.293599 11.411801
v 0.139500 -12.876999 10.873801
v 0.251100 -12.261899 10.852001
v 0.157500 -12.906599 10.263501
v 0.250600 -12.192099 10.286301
v 0.179400 -12.929299 9.680501
v 0.253700 -12.022599 9.698601
v 0.185800 -12.613599 9.198101
v 0.250000 -12.047199 9.347701
v 0.834300 -9.518099 9.885301
v 0.828000 -9.681799 11.809001
v 0.720500 -10.005499 12.229901
v 0.618400 -11.579899 12.890100
v 0.810000 -11.330599 12.720201
v 0.378800 -11.772699 12.869101
v 0.193700 -13.136799 9.403901
v 0.373500 -10.027799 12.227301
v 0.398800 -9.754899 11.740701
v 0.136300 -11.361099 9.708701
v 0.264200 -11.629199 9.951401
v 0.256300 -11.838999 10.373101
v 0.235200 -11.957899 10.845601
v 0.225200 -11.983799 11.403001
v 0.216300 -11.955499 12.008101
v 0.247200 -11.889799 12.504301
v 0.443300 -10.387699 12.609701
v 0.258900 -11.568399 12.942201
v 0.370400 -11.299099 13.006101
v 0.420700 -10.848999 12.860001
vn 0.0005 -0.9959 0.0907
vn -0.3883 -0.9185 0.0752
vn -0.3892 -0.9212 0.0036
vn 0.0002 -1.0000 -0.0086
vn 0.2199 0.2282 -0.9485
vn -0.6520 -0.4262 -0.6271
vn -0.7414 -0.2724 -0.6133
vn 0.1713 0.2033 -0.9640
vn -0.6365 -0.7710 -0.0199
vn -0.7938 -0.5912 -0.1427
vn -0.5368 -0.5857 -0.6072
vn -0.3016 -0.2382 0.9232
vn -0.6082 -0.4877 0.6263
vn -0.7830 -0.4141 0.4641
vn -0.6130 -0.2301 0.7558
vn -0.7243 -0.6673 0.1733
vn -0.8272 -0.5615 0.0226
vn -0.9616 -0.2627 -0.0798
vn -0.8161 -0.1195 -0.5654
vn -0.7892 -0.1797 -0.5873
vn -0.9484 -0.2963 -0.1129
vn -0.9432 -0.3252 0.0680
vn -0.9547 -0.2895 0.0682
vn -0.9055 -0.3948 -0.1557
vn -0.9672 -0.2439 -0.0708
vn -0.8430 -0.0362 -0.5366
vn 0.1765 0.1931 -0.9652
vn -0.8193 -0.4859 0.3043
vn -0.8617 -0.4217 0.2823
vn -0.8371 -0.4958 0.2312
vn 0.0074 0.0213 0.9997
vn 0.2137 0.3793 0.9003
vn 0.3079 -0.1164 0.9443
vn 0.2835 -0.6379 0.7161
vn -0.7190 -0.6022 0.3470
vn -0.7947 -0.4913 0.3564
vn -0.2447 -0.5268 0.8140
vn -0.9027 -0.4275 0.0482
vn -0.9977 -0.0411 -0.0547
vn -0.9996 -0.0012 -0.0277
vn -0.9877 0.0490 0.1485
vn -0.9898 -0.1394 0.0286
vn 0.1224 0.2420 -0.9625
vn -0.8402 -0.4307 0.3295
vn 0.8522 0.3791 -0.3606
vn 0.8626 0.2940 -0.4116
vn -0.9655 -0.2471 -0.0819
vn -0.9543 -0.2955 0.0444
vn -0.9515 -0.3074 0.0116
vn 0.5705 -0.8099 0.1364
vn 0.3878 -0.9189 0.0720
vn 0.3896 -0.9210 0.0024
vn 0.6311 -0.7754 -0.0205
vn 0.0499 0.3445 -0.9375
vn 0.4231 -0.7771 0.4660
vn -0.7165 -0.6658 0.2081
vn -0.9591 -0.2830 -0.0040
vn 0.2255 0.9129 -0.3402
vn 0.0025 0.9405 -0.3398
vn -0.0019 0.3186 -0.9479
vn 0.0872 0.3100 -0.9467
vn -0.9633 -0.2459 -0.1080
vn 0.8916 -0.0831 0.4451
vn 0.2685 -0.8657 0.4225
vn 0.3563 -0.9006 0.2491
vn 0.9705 -0.0758 0.2289
vn -0.7457 -0.6346 0.2033
vn -0.8117 -0.5825 0.0442
vn -0.9974 -0.0626 0.0361
vn -0.9511 -0.0572 0.3036
vn -0.2360 0.6260 0.7432
vn -0.3258 0.4265 0.8438
vn -0.8064 -0.0874 -0.5848
vn -0.8426 -0.0431 -0.5369
vn 0.9462 0.1697 0.2755
vn 0.9529 0.1549 0.2607
vn 0.9313 -0.0899 0.3529
vn 0.8150 -0.1288 0.5650
vn -0.9959 -0.0898 -0.0069
vn -0.9953 -0.0897 -0.0379
vn 0.8106 0.5855 0.0098
vn 0.7531 0.6577 -0.0184
vn -0.0572 0.9736 -0.2208
vn 0.0509 0.9787 -0.1990
vn 0.7745 0.4044 -0.4865
vn 0.0393 0.3310 -0.9428
vn 0.0467 0.2054 -0.9776
vn 0.8261 0.2979 -0.4783
vn -0.8678 0.1648 -0.4688
vn 0.6973 0.7106 -0.0938
vn -0.2082 0.9641 -0.1648
vn 0.8083 -0.0640 0.5853
vn -0.3558 -0.4056 0.8420
vn 0.8887 0.2423 0.3891
vn 0.3189 -0.9111 0.2613
vn 0.0117 -0.9810 0.1937
vn -0.9088 0.4121 -0.0651
vn -0.9812 0.0827 0.1746
vn -0.9479 0.3088 -0.0785
vn -0.9340 0.3489 0.0775
vn 0.2846 0.9369 -0.2028
vn -0.0018 0.9830 -0.1837
vn -0.9479 -0.2991 0.1098
vn -0.6700 0.7275 -0.1475
vn -0.7402 0.6002 -0.3029
vn -0.9616 -0.2709 -0.0441
vn -0.8692 0.4311 -0.2424
vn 0.1931 0.8733 0.4472
vn 0.8023 0.5156 0.3007
vn 0.8327 0.5527 -0.0332
vn 0.0663 0.9907 -0.1186
vn 0.7131 0.4042 0.5728
vn -0.2212 0.0265 0.9749
vn -0.0336 -0.4319 0.9013
vn -0.0014 0.9837 0.1799
vn 0.3875 0.9072 0.1641
vn 0.2779 0.3189 0.9061
vn -0.0013 0.3334 0.9428
vn 0.9012 -0.1485 0.4071
vn 0.8631 -0.4512 0.2267
vn 0.6259 0.3175 0.7124
vn 0.4622 0.3101 0.8308
vn 0.6372 0.7629 0.1094
vn 0.8254 0.5588 -0.0808
vn -0.1521 -0.8274 0.5406
vn 0.9527 0.3035 0.0134
vn 0.9625 0.2138 0.1672
vn -0.2804 0.3224 0.9041
vn -0.3880 0.9071 0.1633
vn -0.0908 -0.7531 0.6516
vn -0.0318 -0.9389 0.3428
vn 0.7508 -0.3815 0.5392
vn -0.8295 -0.2511 0.4989
vn -0.5589 0.6235 0.5467
vn 0.4300 0.8361 -0.3405
vn 0.4968 0.8327 -0.2446
vn -0.2747 0.9601 -0.0518
vn -0.2143 0.8976 -0.3853
vn 0.9716 0.0648 0.2277
vn 0.9727 0.2005 0.1164
vn 0.6741 0.6802 -0.2881
vn 0.7905 0.5248 -0.3157
vn 0.8826 0.4108 -0.2285
vn 0.9378 0.2627 0.2269
vn 0.0967 0.0420 0.9944
vn -0.2768 0.9410 -0.1947
vn 0.9267 0.3284 -0.1829
vn 0.9290 0.3654 -0.0578
vn 0.7550 0.2572 0.6032
vn 0.7068 0.2515 0.6612
vn -0.0383 0.0106 0.9992
vn -0.0266 -0.0758 0.9968
vn 0.9526 0.2899 -0.0928
vn 0.8452 0.4085 0.3445
vn 0.8407 0.4068 -0.3574
vn 0.9068 0.3437 -0.2440
vn -0.9073 0.3438 -0.2423
vn -0.8404 0.4075 -0.3574
vn -0.7894 0.5225 -0.3223
vn -0.8785 0.4263 -0.2155
vn 0.6223 0.7181 -0.3116
vn -0.3098 0.8531 0.4199
vn -0.5055 0.7828 0.3629
vn -0.1589 0.5195 0.8396
vn 0.7496 0.5822 -0.3149
vn -0.2273 0.2230 -0.9479
vn -0.1697 0.2006 -0.9649
vn 0.7418 -0.2725 -0.6127
vn 0.6521 -0.4251 -0.6278
vn 0.8099 0.4892 -0.3237
vn 0.7101 0.2159 0.6702
vn 0.9303 0.2915 -0.2228
vn -0.3437 -0.6990 -0.6271
vn 0.8413 0.5381 -0.0514
vn 0.8803 0.3062 -0.3623
vn 0.8916 0.3471 -0.2908
vn 0.8696 0.2980 -0.3936
vn 0.6744 0.7340 -0.0802
vn 0.6038 0.7391 -0.2987
vn -0.6743 0.6800 -0.2881
vn -0.7951 0.6010 -0.0814
vn 0.7697 0.3795 -0.5133
vn 0.8303 0.2981 -0.4709
vn 0.1634 0.2547 -0.9531
vn -0.4630 0.3108 0.8301
vn -0.6249 0.3191 0.7125
vn -0.6389 0.7615 0.1095
vn 0.9451 0.3191 -0.0705
vn -0.0938 0.4628 -0.8815
vn 0.7882 0.3856 -0.4796
vn -0.0956 -0.1336 0.9864
vn 0.0021 -0.7687 -0.6396
vn 0.3460 -0.7064 -0.6176
vn -0.3232 -0.9090 0.2633
vn -0.0001 -0.6472 0.7623
vn -0.1055 -0.5590 0.8224
vn -0.7464 -0.6640 0.0448
vn -0.7607 -0.6456 0.0677
vn -0.6626 -0.7430 0.0937
vn -0.7932 -0.5816 0.1804
vn -0.0195 0.0006 0.9998
vn 0.0287 0.0038 0.9996
vn 0.5973 -0.2228 0.7704
vn 0.3096 -0.2115 0.9270
vn 0.9033 -0.4260 0.0509
vn 0.8351 -0.5500 0.0096
vn 0.7912 -0.5934 -0.1480
vn 0.9064 -0.3917 -0.1585
vn -0.6949 -0.5063 0.5107
vn -0.9007 -0.3576 0.2465
vn -0.8425 -0.4819 0.2407
vn -0.2275 0.9123 -0.3406
vn -0.4377 0.8405 -0.3195
vn -0.0873 0.3332 -0.9388
vn -0.5866 -0.7962 0.1480
vn -0.4837 -0.8720 0.0749
vn -0.7334 -0.6430 -0.2206
vn -0.6637 -0.3407 0.6659
vn -0.7148 -0.6805 0.1612
vn -0.6664 -0.7101 0.2272
vn -0.5721 -0.8089 0.1356
vn -0.6544 -0.4883 0.5774
vn -0.4478 -0.7253 0.5228
vn -0.7431 -0.6307 0.2238
vn -0.5614 -0.7637 0.3187
vn 0.5893 0.4297 0.6842
vn -0.9073 -0.4157 -0.0630
vn -0.1241 -0.3230 0.9382
vn -0.5786 -0.6909 0.4335
vn 0.0882 -0.1376 0.9866
vn 0.1234 -0.3228 0.9384
vn 0.5364 -0.5851 -0.6083
vn -0.3108 -0.0890 0.9463
vn 0.6016 -0.4778 0.6401
vn 0.2412 -0.5386 0.8073
vn 0.1069 -0.5609 0.8210
vn -0.7238 -0.5451 -0.4230
vn 0.0500 -0.9068 -0.4186
vn -0.1401 -0.9744 0.1756
vn 0.7942 -0.4119 0.4467
vn 0.8628 -0.4183 0.2838
vn 0.8430 -0.4330 0.3192
vn 0.6598 -0.3367 0.6718
vn 0.8239 -0.4761 0.3075
vn -0.6334 0.5121 -0.5802
vn -0.8288 0.4511 -0.3309
vn -0.0606 0.9032 -0.4249
vn 0.8425 -0.0360 -0.5375
vn 0.9672 -0.2441 -0.0708
vn 0.9607 -0.2647 -0.0831
vn 0.8162 -0.1187 -0.5655
vn 0.5735 -0.6956 0.4328
vn 0.6694 -0.4633 0.5807
vn 0.9540 -0.2967 0.0429
vn 0.9541 -0.2919 0.0666
vn 0.7258 -0.6663 0.1712
vn 0.8356 -0.4978 0.2321
vn 0.9483 -0.2963 -0.1136
vn 0.7899 -0.1814 -0.5858
vn 0.9432 -0.3252 0.0681
vn 0.7969 -0.4932 0.3487
vn -0.1748 0.1913 -0.9658
vn -0.1213 0.2425 -0.9625
vn -0.0505 0.3438 -0.9377
vn 0.5587 -0.7544 0.3447
vn 0.6801 -0.6929 0.2393
vn -0.8897 -0.0722 0.4507
vn -0.7086 0.3982 0.5825
vn -0.8911 0.2526 0.3769
vn -0.9688 -0.0846 0.2328
vn 0.9977 -0.0416 -0.0542
vn 0.9901 -0.1375 0.0270
vn 0.9877 0.0486 0.1486
vn 0.9996 -0.0019 -0.0277
vn 0.9655 -0.2472 -0.0816
vn 0.9518 -0.3066 0.0105
vn 0.7462 -0.6642 0.0447
vn 0.7935 -0.5813 0.1801
vn 0.6632 -0.7427 0.0926
vn 0.7613 -0.6449 0.0672
vn 0.9633 -0.2460 -0.1077
vn 0.9594 -0.2819 -0.0029
vn -0.2903 -0.6317 0.7188
vn 0.7138 -0.6068 0.3497
vn 0.7118 -0.6693 0.2128
vn -0.8160 -0.1310 0.5630
vn 0.8109 -0.5851 0.0124
vn 0.9975 -0.0621 0.0327
vn 0.3252 0.4280 0.8433
vn 0.2393 0.6218 0.7457
vn 0.9486 -0.0592 0.3110
vn -0.9529 0.1480 0.2646
vn -0.9319 -0.1113 0.3452
vn -0.2513 -0.8665 0.4314
vn -0.3247 -0.9096 0.2592
vn 0.7453 -0.6347 0.2042
vn -0.8613 0.2999 -0.4101
vn -0.8287 0.2923 -0.4772
vn 0.9954 -0.0956 -0.0062
vn 0.9810 0.0954 0.1689
vn -0.0556 0.9523 0.3000
vn 0.8050 0.4712 0.3605
vn 0.9618 0.0891 -0.2588
vn -0.4298 -0.7760 0.4617
vn 0.9953 -0.0898 -0.0367
vn 0.9034 0.4251 -0.0559
vn 0.9334 0.3508 0.0759
vn -0.8713 0.3134 -0.3777
vn -0.8971 0.3477 -0.2727
vn 0.3676 -0.3984 0.8403
vn -0.8087 -0.0623 0.5848
vn 0.8055 -0.0894 -0.5859
vn 0.8678 0.1644 -0.4690
vn 0.9478 0.3088 -0.0795
vn -0.9462 0.1687 0.2760
vn 0.7675 -0.2564 0.5875
vn 0.0946 -0.7524 0.6519
vn 0.0090 -0.9395 0.3424
vn 0.9541 -0.2777 0.1124
vn -0.0485 0.9792 -0.1973
vn -0.0630 0.9924 -0.1062
vn 0.6704 0.7269 -0.1493
vn 0.7475 0.5850 -0.3146
vn 0.9617 -0.2705 -0.0451
vn 0.2148 0.0301 0.9762
vn 0.0380 -0.4299 0.9021
vn -0.7482 -0.3796 0.5441
vn -0.8639 -0.4503 0.2255
vn -0.9724 0.0639 0.2245
vn -0.8982 -0.1335 0.4188
vn -0.9668 0.2000 0.1590
vn 0.1480 -0.8273 0.5419
vn -0.5442 0.7923 -0.2760
vn -0.5065 0.7749 -0.3783
vn -0.9150 0.0559 -0.3996
vn -0.9940 0.0997 -0.0459
vn 0.2211 0.9582 -0.1814
vn 0.0553 0.9740 -0.2199
vn 0.8685 0.4319 -0.2433
vn -0.7538 0.6568 -0.0174
vn -0.8130 0.5822 0.0102
vn -0.8036 0.5157 0.2972
vn -0.1943 0.8749 0.4436
vn -0.8351 0.5489 -0.0346
vn -0.6188 0.7210 -0.3120
vn -0.1610 0.2490 -0.9550
vn 0.5589 0.6201 0.5506
vn -0.6977 0.7103 -0.0936
vn -0.9735 0.2067 0.0980
vn -0.4892 0.8360 -0.2485
vn -0.9376 0.2657 0.2243
vn -0.9528 0.3034 0.0137
vn 0.2158 0.8980 -0.3834
vn 0.2752 0.9600 -0.0519
vn -0.9498 0.2990 -0.0915
vn -0.9454 0.3183 -0.0696
vn -0.0429 0.3278 -0.9438
vn -0.0471 0.2045 -0.9777
vn 0.8419 -0.0461 -0.5376
vn -0.8541 0.4063 0.3247
vn -0.8269 0.2943 -0.4792
vn -0.7816 0.3948 -0.4830
vn -0.9324 0.3567 -0.0590
vn -0.9324 0.2871 -0.2193
vn -0.8738 0.3016 -0.3814
vn -0.8421 0.5347 -0.0699
vn -0.7525 0.2533 0.6079
vn -0.7493 0.5821 -0.3158
vn -0.7062 0.2540 0.6609
vn -0.8112 0.4864 -0.3246
vn -0.7103 0.2128 0.6709
vn -0.8522 0.3786 -0.3612
vn -0.5897 0.4252 0.6867
vn -0.9249 0.3304 -0.1881
vn -0.6754 0.7331 -0.0803
vn -0.6135 0.7330 -0.2938
vn 0.0988 0.4808 -0.8712
vn -0.7672 0.4202 -0.4845
vn -0.7703 0.3793 -0.5126
vn -0.1064 0.0488 0.9931
vn -0.6283 0.7258 0.2800
vn -0.9214 -0.3037 0.2424
vn -0.0400 -0.4565 0.8888
vn 0.7129 -0.6817 0.1643
vn 0.7066 -0.4842 0.5159
vn 0.9019 -0.3480 0.2560
vn 0.9094 -0.4104 -0.0674
vn 0.7342 -0.6404 -0.2257
vn 0.0139 -0.0726 0.9973
vn 0.8435 -0.4786 0.2439
vn 0.7431 -0.6301 0.2255
vn 0.4309 -0.7258 0.5362
vn 0.4661 -0.8809 0.0829
vn 0.5797 -0.8006 0.1517
vn -0.2195 0.3804 0.8984
vn 0.6918 -0.0417 -0.7208
vn -0.0193 -0.0162 -0.9997
vn 0.9480 0.3032 -0.0964
vn 0.8317 0.2802 -0.4794
vn -0.2643 0.8227 -0.5032
vn -0.2202 0.9412 -0.2560
vn 0.3536 -0.1877 0.9164
vn -0.3932 -0.3710 0.8413
vn -0.3692 -0.8870 0.2774
vn 0.5981 -0.7709 0.2189
vn -0.0399 0.8279 -0.5594
vn -0.8483 0.2983 0.4376
vn -0.7187 0.6190 -0.3168
vn 0.1116 -0.9886 0.1010
vn 0.1737 -0.9145 -0.3654
vn -0.3388 0.3697 -0.8652
vn -0.1585 -0.0579 -0.9857
vn -0.2389 0.0828 -0.9675
vn 0.0546 0.3749 0.9255
vn -0.3729 0.1200 -0.9201
vn -0.4169 -0.8235 -0.3848
vn 0.1929 0.9475 0.2551
vn 0.7123 0.3460 0.6107
vn 0.4737 -0.8203 -0.3205
vn -0.0382 0.4516 -0.8914
vn 0.3109 -0.3673 -0.8766
vn -0.5117 0.8113 -0.2829
vn -0.0518 0.8403 0.5396
vn -0.2625 0.9331 -0.2459
vn -0.9123 0.3833 -0.1440
vn -0.5801 0.3765 0.7223
vn 0.8304 -0.1900 -0.5238
vn 0.3185 0.7299 -0.6049
vn -0.9857 -0.1277 -0.1102
vn -0.7913 -0.0374 0.6103
vn -0.3087 0.8028 0.5102
vn -0.5502 0.7670 -0.3300
vn 0.1069 -0.0119 0.9942
vn 0.9999 -0.0110 -0.0003
vn 0.2262 0.9372 -0.2654
vn 0.1530 -0.7363 0.6591
vn 0.7896 0.2807 0.5457
vn -0.8953 -0.2421 -0.3740
vn -0.4028 -0.7528 0.5207
vn -0.5637 -0.3913 0.7274
vn -0.8443 -0.5108 0.1619
vn 0.7277 -0.1668 0.6653
vn 0.2673 0.8361 0.4791
vn 0.0869 -0.0171 0.9961
vn 0.1332 -0.7829 0.6077
vn -0.1783 -0.6617 0.7282
vn 0.5516 0.1265 -0.8244
vn -0.3071 0.5115 -0.8025
vn -0.3253 -0.9214 0.2128
vn -0.4785 -0.8471 0.2310
vn -0.6437 -0.7589 -0.0983
vn 0.2057 -0.4975 -0.8427
vn -0.5794 -0.0271 -0.8146
vn -0.3596 -0.8381 0.4102
vn -0.2182 -0.7686 0.6013
vn -0.2113 -0.6874 0.6948
vn -0.1993 -0.7958 0.5718
vn -0.4792 -0.4792 -0.7353
vn -0.1400 -0.5566 -0.8189
vn -0.4101 -0.0024 -0.9120
vn 0.3580 -0.1481 -0.9219
vn 0.3625 -0.1660 -0.9171
vn -0.8463 0.1217 0.5185
vn -0.7090 0.0212 -0.7049
vn -0.6835 -0.4753 -0.5541
vn -0.6964 -0.4317 0.5733
vn -0.3668 -0.7079 -0.6036
vn -0.2572 0.1495 -0.9547
vn -0.4962 0.2924 -0.8175
vn 0.0651 0.4171 -0.9065
vn -0.2539 -0.8825 0.3958
vn -0.2434 -0.8187 0.5202
vn -0.2312 -0.6877 0.6882
vn -0.1363 -0.4325 0.8913
vn -0.3013 -0.9187 0.2553
vn -0.2721 -0.9584 -0.0857
vn 0.2499 -0.0304 -0.9678
vn -0.3086 0.2625 -0.9143
vn 0.0025 0.6783 -0.7348
vn 0.1060 -0.0790 -0.9912
vn -0.2951 0.0760 -0.9525
vn -0.2209 -0.8959 0.3854
vn -0.1366 -0.4951 0.8580
vn 0.0234 0.6882 -0.7252
vn 0.2400 0.9629 -0.1230
vn 0.4313 0.8647 -0.2573
vn 0.0553 0.6614 -0.7480
vn -0.0186 0.1160 0.9931
vn 0.3052 0.9167 -0.2580
vn 0.8704 -0.2992 -0.3911
vn 0.4409 0.7941 0.4183
vn 0.3003 0.7738 0.5577
vn 0.7344 0.6775 -0.0399
vn 0.6777 0.2260 0.6997
vn 0.9971 -0.0106 -0.0753
vn 0.2741 -0.4496 0.8501
vn 0.4907 -0.8678 0.0782
vn -0.2698 0.1571 -0.9500
vn 0.8263 0.4159 -0.3799
vn -0.1899 -0.5584 -0.8075
vn -0.7334 0.1408 -0.6650
vn -0.2831 -0.8128 0.5092
vn -0.1572 -0.9697 0.1870
vn -0.2752 -0.6163 0.7379
vn -0.7756 0.3503 -0.5251
vn -0.6649 0.4546 -0.5926
vn 0.2315 0.0370 -0.9721
vn -0.2921 -0.4194 0.8596
vn 0.1237 -0.9901 -0.0663
vn -0.1371 -0.5700 -0.8101
vn -0.4693 0.4234 0.7750
vn -0.8962 0.3262 -0.3008
vn 0.1373 -0.4938 0.8587
vn 0.0186 0.1160 0.9931
vn 0.1352 -0.4328 0.8913
vn -0.2873 -0.8099 0.5113
vn -0.3747 -0.6723 0.6385
vn -0.4802 -0.7989 -0.3623
vn -0.1893 -0.9337 -0.3039
vn -0.2583 -0.7019 0.6638
vn -0.2175 -0.1322 -0.9671
vn -0.3164 0.2585 -0.9127
vn 0.7305 0.5439 -0.4129
vn -0.0336 -0.1247 -0.9916
vn -0.2466 0.7107 -0.6588
vn -0.3211 -0.7712 0.5497
vn 0.0637 -0.7955 0.6026
vn -0.4247 -0.3315 0.8425
vn -0.7694 -0.6382 -0.0260
vn -0.0938 -0.9916 -0.0892
vn -0.3359 -0.8899 0.3087
vn -0.5229 -0.8524 0.0015
vn -0.6568 -0.3002 -0.6917
vn -0.3423 -0.7219 -0.6015
vn -0.8162 -0.3462 0.4625
vn 0.1600 -0.0275 -0.9867
vn 0.4552 -0.0386 -0.8895
vn 0.5201 -0.1391 -0.8427
vn 0.1757 -0.2858 -0.9421
vn -0.7361 0.5382 0.4104
vn -0.1411 -0.0047 0.9900
vn -0.3243 0.7747 0.5428
vn 0.1575 0.1121 -0.9811
vn 0.3713 -0.0254 -0.9282
vn 0.1314 -0.0873 -0.9875
vn 0.3519 -0.0912 -0.9316
vn 0.1209 -0.4436 -0.8880
vn -0.0270 -0.5247 -0.8509
vn 0.2330 0.8090 0.5396
vn -0.5188 0.3955 -0.7579
vn -0.1806 0.8238 -0.5373
vn 0.5613 -0.0742 0.8242
vn 0.6325 0.3457 0.6932
vn 0.2574 0.2631 -0.9298
vn 0.0889 -0.0467 -0.9949
vn 0.3918 0.8304 -0.3962
vn 0.2315 0.3924 -0.8902
vn 0.9433 0.0608 -0.3264
vn 0.3688 -0.1093 -0.9231
vn 0.1523 0.1932 -0.9693
vn 0.7462 0.4854 -0.4556
vn 0.2915 -0.7619 0.5783
vn -0.1647 -0.0927 -0.9820
vn 0.5808 0.5451 0.6046
vn 0.9481 -0.2413 -0.2068
vn 0.3936 -0.2140 -0.8940
vn -0.1351 -0.0347 -0.9902
vn -0.1774 -0.1201 -0.9768
vn -0.7159 0.2436 0.6543
vn 0.2215 0.1493 0.9637
vn 0.1651 -0.3867 -0.9073
vn -0.0709 0.0453 -0.9965
vn 0.5508 -0.7707 -0.3204
vn -0.1685 -0.0472 -0.9846
vn -0.9455 0.1032 -0.3089
vn -0.5204 0.7971 -0.3062
vn -0.2346 0.4656 -0.8533
vn 0.8624 0.0793 0.5000
vn 0.1440 0.2521 0.9569
vn -0.2692 0.7800 0.5650
vn -0.3273 -0.7548 -0.5684
vn -0.2900 -0.5608 -0.7755
vn 0.3620 -0.1934 -0.9119
vn -0.0913 0.0305 -0.9954
vn 0.3592 -0.0668 -0.9309
vn 0.1233 -0.1297 -0.9839
vn 0.8443 0.3135 0.4346
vn 0.9938 0.0946 -0.0588
vn 0.5425 0.7938 -0.2749
vn 0.5057 0.7824 0.3635
vn 0.3516 0.8793 0.3214
vn -0.0866 -0.1014 -0.9911
vn 0.7167 0.6195 -0.3202
vn 0.9150 -0.3339 0.2263
vn 0.8272 0.4185 -0.3750
vn -0.2379 0.4353 -0.8683
vn -0.2191 -0.1233 -0.9679
vn 0.7215 -0.5003 0.4787
vn 0.7196 -0.5932 -0.3608
vn 0.9002 0.0066 -0.4355
vn 0.3115 0.8521 0.4205
vn 0.1578 0.5177 0.8408
vn 0.7831 0.4395 0.4401
vn 0.8316 0.5217 -0.1904
vn -0.4300 -0.0069 -0.9028
vn 0.5993 0.5424 -0.5888
vn 0.7352 -0.5351 -0.4161
vn 0.3809 0.8177 -0.4315
vn 0.9290 0.2438 -0.2785
vn 0.8907 0.3117 -0.3311
vn 0.0426 -0.3542 -0.9342
vn -0.4715 0.0688 -0.8792
vn -0.3785 0.0126 -0.9255
vn 0.1318 -0.0682 -0.9889
vn 0.4095 0.2883 -0.8655
vn 0.6929 -0.2079 -0.6904
vn -0.2742 0.1153 -0.9547
vn 0.3878 -0.3677 0.8452
vn -0.8013 0.4584 0.3844
vn 0.0440 -0.4850 0.8734
vn -0.0576 0.3747 0.9254
vn 0.6289 0.7253 0.2799
vn -0.9633 0.0826 -0.2554
vn 0.0517 0.9524 0.3003
vn 0.0650 0.9035 -0.4236
vn 0.1344 -0.9727 0.1894
vn -0.0414 -0.9185 -0.3932
vn 0.0680 -0.0826 -0.9943
vn -0.6864 0.0004 -0.7272
vn 0.2096 -0.1173 -0.9707
vn 0.9235 0.0334 -0.3822
vn 0.3871 -0.8451 -0.3687
vn 0.5105 0.8130 -0.2799
vn 0.3689 -0.8948 0.2514
vn -0.5850 -0.7816 0.2166
vn -0.4713 -0.8290 -0.3009
vn 0.3693 0.3671 -0.8537
vn 0.5100 0.7663 -0.3907
vn 0.0869 0.8273 -0.5549
vn 0.4006 0.1180 -0.9086
vn 0.2910 0.0872 -0.9527
vn -0.1940 0.9461 0.2593
vn -0.3522 -0.1906 0.9163
vn -0.7063 0.3354 0.6234
vn -0.2678 0.8396 0.4726
vn -0.7319 -0.1659 0.6609
vn -0.0869 -0.0171 0.9961
vn -0.9485 0.3028 -0.0934
vn -0.8368 0.2794 -0.4708
vn -0.1911 -0.9104 -0.3668
vn -0.1119 -0.9885 0.1022
vn 0.8874 -0.2568 -0.3829
vn 0.9858 -0.1246 -0.1128
vn -0.2888 -0.4202 -0.8603
vn 0.0389 0.4444 -0.8950
vn 0.7953 -0.0327 0.6054
vn 0.2757 0.8162 0.5077
vn -0.1067 -0.0126 0.9942
vn -0.2266 0.9385 -0.2606
vn -0.9998 -0.0175 0.0063
vn 0.2208 0.9414 -0.2548
vn 0.2611 0.8230 -0.5045
vn 0.5364 0.7735 -0.3375
vn -0.8124 -0.2132 -0.5427
vn -0.3299 0.7293 -0.5994
vn -0.7859 0.2892 0.5466
vn -0.1534 -0.7358 0.6596
vn 0.5708 -0.3919 0.7215
vn 0.4041 -0.7521 0.5206
vn 0.8454 -0.5107 0.1568
vn -0.1344 -0.7896 0.5987
vn 0.1793 -0.6625 0.7273
vn 0.5839 0.3699 0.7227
vn -0.2570 -0.0477 -0.9652
vn 0.4167 0.0279 -0.9086
vn 0.4866 -0.4735 -0.7342
vn -0.2946 -0.1566 -0.9427
vn 0.3026 0.5257 -0.7950
vn 0.5778 -0.0453 -0.8149
vn 0.3603 -0.8379 0.4099
vn 0.4731 -0.8491 0.2350
vn 0.9138 0.3758 -0.1542
vn 0.6298 -0.7719 -0.0869
vn 0.1478 -0.5621 -0.8138
vn -0.2232 -0.4867 -0.8446
vn -0.5647 0.1190 -0.8166
vn 0.4855 0.2532 -0.8368
vn 0.2209 0.0825 -0.9718
vn 0.3725 -0.7123 -0.5948
vn 0.2115 -0.6874 0.6948
vn 0.2217 -0.7683 0.6005
vn 0.1873 -0.7968 0.5745
vn 0.2281 -0.6889 0.6880
vn 0.3370 -0.9177 0.2102
vn 0.3012 -0.9184 0.2566
vn 0.2754 -0.9578 -0.0817
vn 0.2532 0.9348 -0.2492
vn 0.0512 0.8406 0.5393
vn 0.2432 -0.8189 0.5198
vn 0.2556 -0.8825 0.3948
vn 0.7029 -0.4296 0.5669
vn 0.6828 -0.4790 -0.5516
vn 0.7139 0.0076 -0.7002
vn 0.8459 0.1178 0.5202
vn 0.2521 0.8043 0.5381
vn 0.5196 0.7980 -0.3053
vn -0.3954 0.8147 -0.4241
vn -0.3587 0.8770 0.3198
vn -0.2525 0.9580 -0.1358
vn -0.3053 0.7704 0.5597
vn 0.9097 0.2925 -0.2946
vn 0.6590 -0.3482 -0.6667
vn 0.3261 0.2588 -0.9092
vn 0.3811 0.2939 -0.8766
vn -0.0116 0.4956 -0.8685
vn -0.0035 0.7900 -0.6131
vn -0.4262 0.8660 -0.2617
vn -0.0930 0.6703 -0.7363
vn 0.3346 0.1131 -0.9355
vn 0.6981 0.2611 -0.6667
vn -0.6750 0.2578 0.6913
vn -0.9982 -0.0162 -0.0582
vn -0.4909 -0.8676 0.0789
vn -0.2732 -0.4514 0.8495
vn -0.0685 0.1597 -0.9848
vn 0.1510 -0.9694 0.1937
vn 0.1819 -0.5549 -0.8118
vn 0.7379 0.2853 -0.6117
vn -0.8121 0.4396 -0.3838
vn -0.7322 0.6793 -0.0484
vn -0.4327 0.7934 0.4281
vn 0.2904 -0.6161 0.7322
vn -0.2256 0.0751 -0.9713
vn 0.2837 -0.8125 0.5092
vn 0.6656 0.4289 -0.6108
vn -0.8659 -0.2920 -0.4061
vn -0.0754 -0.9952 -0.0631
vn 0.7479 0.5206 0.4119
vn 0.3230 0.7736 0.5451
vn 0.1411 -0.0047 0.9900
vn 0.4591 -0.7860 -0.4140
vn 0.9675 0.0724 -0.2424
vn 0.4539 0.1719 0.8743
vn 0.0004 -0.7673 0.6412
vn 0.2899 -0.4157 0.8621
vn 0.2683 -0.1892 -0.9446
vn 0.1669 -0.5946 -0.7865
vn 0.2969 0.0817 -0.9514
vn -0.0281 0.6616 -0.7493
vn -0.2489 0.9435 -0.2186
vn 0.2582 -0.7034 0.6623
vn 0.4693 0.4229 0.7752
vn 0.2197 -0.8944 0.3895
vn 0.3265 -0.7596 0.5625
vn -0.1305 -0.0809 -0.9881
vn -0.3483 -0.1109 -0.9308
vn -0.1192 -0.0708 -0.9903
vn -0.5088 -0.1704 -0.8438
vn -0.5221 0.7714 0.3638
vn -0.7804 -0.5111 -0.3603
vn -0.7705 -0.4635 0.4377
vn -0.3835 0.7267 0.5700
vn -0.1605 -0.2866 -0.9445
vn -0.4586 -0.0335 -0.8880
vn -0.1196 -0.0244 -0.9925
vn 0.8164 -0.3577 0.4534
vn 0.3799 -0.6691 0.6387
vn 0.5180 -0.8549 -0.0277
vn 0.3526 -0.8974 0.2652
vn 0.3734 -0.7305 -0.5718
vn 0.7048 0.2516 0.6633
vn 0.9488 0.0920 -0.3022
vn -0.1096 -0.4361 -0.8932
vn 0.4817 -0.7969 -0.3646
vn 0.1974 -0.9290 -0.3131
vn 0.0520 -0.5255 -0.8492
vn -0.3767 -0.1999 -0.9045
vn 0.0926 -0.0922 -0.9914
vn -0.3755 -0.0634 -0.9247
vn -0.2278 0.8047 0.5483
vn 0.5212 0.4155 -0.7454
vn -0.1889 0.1161 -0.9751
vn -0.2374 0.2749 -0.9317
vn 0.1822 0.8298 -0.5275
vn -0.5751 0.5460 0.6092
vn -0.4002 -0.0149 -0.9163
vn -0.1117 -0.0314 -0.9933
vn -0.3848 0.8356 -0.3921
vn -0.1787 0.3879 -0.9042
vn -0.5537 -0.0833 0.8285
vn -0.3000 -0.7691 0.5644
vn -0.7372 0.4841 -0.4713
vn 0.2104 -0.0596 -0.9758
vn 0.1841 -0.1207 -0.9755
vn -0.1354 0.2004 -0.9703
vn -0.9586 0.0391 -0.2822
vn -0.6373 0.3385 0.6922
vn -0.9291 -0.2853 -0.2352
vn -0.5488 -0.7747 -0.3140
vn -0.4264 -0.1666 -0.8890
vn 0.4202 -0.3383 0.8420
vn -0.2215 0.1493 0.9637
vn 0.1405 -0.0309 -0.9896
vn -0.3806 -0.2550 -0.8889
vn -0.1460 -0.3965 -0.9064
vn 0.2942 -0.8009 0.5216
vn 0.0975 0.0340 -0.9947
vn 0.3192 -0.5250 -0.7890
vn 0.7683 -0.6397 -0.0239
vn 0.0974 -0.9917 -0.0842
vn 0.2307 -0.8393 -0.4923
vn -0.1440 0.2522 0.9569
vn -0.8632 0.0830 0.4980
vn 0.0912 0.0100 -0.9958
vn 0.1987 -0.0920 -0.9757
vn -0.1259 -0.1194 -0.9848
vn 0.2106 0.4866 -0.8479
vn -0.0662 -0.7964 0.6011
vn -0.8405 0.4971 -0.2156
vn 0.2687 0.4529 -0.8501
vn -0.7807 0.4419 0.4418
vn 0.2486 -0.0966 -0.9638
vn -0.1301 -0.0914 -0.9873
vn 0.4036 0.0216 -0.9147
vn 0.4807 0.0544 -0.8752
vn -0.0387 -0.3694 -0.9284
vn -0.4325 0.2565 -0.8644
vn -0.9336 0.2444 -0.2622
vn -0.9139 0.0041 -0.4060
vn -0.6283 -0.3337 -0.7027
vn 0.4575 0.0085 -0.8892
vn 0.3344 0.0889 -0.9382
vn -0.8935 0.3260 -0.3087
vn -0.7294 -0.5792 -0.3639
vn 0.2010 -0.9795 -0.0111
vn 0.9584 -0.0577 0.2795
vn 0.4324 -0.1029 0.8958
vn 0.1131 -0.3884 0.9145
vn -0.7431 -0.4866 0.4593
vn 0.9865 -0.1617 0.0257
vn 0.2269 -0.8618 -0.4537
vn 0.7709 -0.4145 -0.4836
vn 0.4924 0.6314 -0.5991
vn 0.4310 0.8753 0.2195
vn 0.7532 -0.6089 0.2488
vn -0.6272 0.7788 -0.0045
vn -0.7437 0.1331 -0.6552
vn -0.1545 -0.4491 0.8800
vn 0.0997 0.3484 0.9320
vn 0.1841 0.9815 -0.0534
vn 0.2328 -0.7928 0.5633
vn -0.8457 0.0289 -0.5328
vn -0.4237 0.8812 -0.2097
vn 0.1443 0.6223 -0.7693
vn -0.2328 -0.7928 0.5633
vn 0.3767 0.8157 0.4390
vn 0.2623 0.8748 0.4073
vn -0.6826 -0.7161 -0.1460
vn -0.1871 0.7005 -0.6887
vn 0.4548 0.0713 -0.8877
vn -0.8296 -0.4768 0.2906
vn -0.8358 0.2001 0.5113
vn -0.5542 0.7089 0.4362
vn 0.2197 0.8066 0.5487
vn -0.0423 0.5491 0.8347
vn 0.0619 -0.5209 -0.8514
vn 0.7955 0.0023 -0.6060
vn 0.4181 0.9083 -0.0127
vn 0.6178 0.6189 0.4851
vn 0.0392 -0.9957 0.0844
vn -0.2798 -0.5954 0.7531
vn -0.2769 -0.5500 -0.7879
vn -0.6139 -0.7891 0.0201
vn -0.6157 -0.5087 0.6018
vn -0.6612 0.4030 0.6328
vn -0.8386 0.5420 0.0540
vn 0.3875 0.2190 0.8955
vn 0.8338 -0.1413 0.5337
vn 0.8367 -0.5245 0.1574
vn 0.9131 -0.4077 0.0090
vn -0.2328 0.2636 0.9361
vn 0.5161 -0.7430 0.4261
vn 0.9696 0.2390 -0.0516
vn -0.0000 -0.3777 0.9259
vn 0.4045 0.7071 0.5799
vn -0.0914 0.3400 0.9360
vn 0.1802 -0.3895 0.9032
vn 0.7882 -0.4071 0.4616
vn -0.9441 0.0132 -0.3293
vn 0.4322 -0.6289 0.6463
vn -0.3683 -0.6942 -0.6184
vn 0.1153 -0.1516 -0.9817
vn -0.6467 0.3536 -0.6758
vn -0.3977 0.9132 0.0888
vn -0.9077 -0.4108 0.0860
vn -0.1113 -0.0659 0.9916
vn 0.5829 0.1225 0.8033
vn 0.5077 0.6216 0.5965
vn -0.1799 0.3575 0.9164
vn -0.7349 0.1777 0.6545
vn -0.9320 -0.1580 0.3262
vn 0.1778 -0.3700 0.9119
vn 0.2504 0.6060 0.7551
vn -0.1491 -0.3423 -0.9277
vn -0.7283 0.5451 -0.4152
vn 0.2466 0.7107 -0.6588
vn 0.3584 0.6764 -0.6435
vn 0.6617 0.4844 -0.5724
vn -0.0074 0.0170 -0.9998
vn -0.2579 0.8792 0.4006
vn -0.2085 0.8094 0.5490
vn -0.4904 0.2497 0.8349
vn -0.9680 0.0715 -0.2405
vn -0.4571 -0.7864 -0.4155
vn 0.2461 -0.7432 0.6221
vn 0.8434 0.1605 -0.5128
vn 0.7810 -0.0765 -0.6198
vn -0.5304 0.2175 -0.8194
vn -0.2255 0.6922 -0.6855
vn -0.2011 0.3123 0.9285
vn -0.0007 0.1270 0.9919
vn 0.0421 0.5481 0.8353
vn 0.6512 -0.2490 -0.7169
vn 0.6212 -0.2300 0.7492
vn 0.6833 -0.2227 0.6953
vn 0.2039 0.2397 0.9492
vn -0.0241 -0.0478 0.9986
vn 0.3223 0.9044 0.2795
vn -0.5593 0.1248 0.8195
vn -0.6097 0.2335 0.7575
vn -0.9756 0.1534 0.1573
vn -0.9824 -0.0677 0.1740
vn -0.3085 -0.3928 0.8664
vn -0.2798 -0.1795 0.9431
vn -0.8396 -0.4600 0.2888
vn -0.3821 -0.8416 0.3817
vn -0.4427 0.8550 0.2700
vn -0.9593 0.2387 0.1511
vn -0.5641 0.0733 -0.8224
vn -0.7159 -0.0707 -0.6946
vn -0.6874 -0.3192 -0.6523
vn -0.1136 -0.3139 -0.9426
vn -0.3467 -0.2387 0.9071
vn -0.2697 -0.1338 0.9536
vn -0.8259 -0.4609 0.3246
vn -0.3873 -0.8342 0.3925
vn -0.9489 0.2229 -0.2231
vn -0.8853 0.4409 0.1477
vn -0.5872 -0.3572 -0.7264
vn -0.7136 -0.1222 -0.6898
vn -0.2739 0.4367 0.8569
vn -0.0557 0.0399 0.9977
vn -0.4185 0.5214 0.7437
vn -0.9717 0.0918 0.2175
vn -0.8968 -0.1430 0.4187
vn -0.9743 -0.0353 -0.2226
vn 0.5092 -0.6934 -0.5099
vn -0.1988 -0.6897 -0.6963
vn -0.3123 0.1026 0.9444
vn 0.3465 -0.6150 0.7083
vn -0.4281 0.4621 -0.7767
vn -0.7656 0.6156 0.1868
vn 0.3689 -0.7736 -0.5152
vn -0.2735 -0.6399 -0.7181
vn -0.0055 0.0093 -0.9999
vn -0.7047 0.0840 0.7045
vn -0.5900 0.1453 0.7942
vn -0.7315 -0.1441 -0.6664
vn -0.5183 -0.7405 0.4278
vn -0.0193 -0.9949 0.0986
vn 0.2756 -0.5943 0.7555
vn 0.4083 -0.9057 0.1141
vn 0.4954 -0.8420 -0.2138
vn 0.9959 0.0192 0.0879
vn 0.9196 -0.0242 0.3921
vn -0.4445 0.1284 0.8865
vn 0.8591 0.0878 -0.5043
vn 0.2102 0.1335 -0.9685
vn 0.8172 -0.1731 -0.5498
vn 0.8107 -0.5327 0.2431
vn -0.6706 -0.3021 -0.6776
vn 0.3196 -0.7289 0.6054
vn 0.9605 -0.1281 0.2471
vn 0.7687 -0.2182 0.6012
vn 0.7086 0.0168 0.7054
vn -0.0403 -0.2600 0.9648
vn -0.1392 0.2550 0.9569
vn -0.1636 0.1867 0.9687
vn 0.1050 0.7133 -0.6930
vn 0.6224 0.4786 -0.6193
vn 0.8631 0.1411 -0.4849
vn 0.7326 0.2446 0.6351
vn -0.0716 0.9277 0.3664
vn -0.2076 0.2924 0.9335
vn 0.2633 -0.2865 -0.9212
vn -0.7050 -0.2578 -0.6607
vn -0.4104 0.6535 -0.6360
vn 0.5283 0.6750 0.5150
vn 0.2906 0.9327 -0.2136
vn 0.6621 0.5198 -0.5398
vn -0.5311 0.8405 -0.1071
vn -0.6913 -0.7186 -0.0758
vn -0.8334 0.4952 0.2455
vn -0.3321 0.9273 -0.1726
vn -0.5548 -0.7091 0.4351
vn -0.5997 0.3012 0.7414
vn 0.5325 -0.0693 0.8436
vn 0.4795 -0.6297 0.6112
vn -0.0589 0.9321 0.3575
vn 0.4935 0.8430 0.2141
vn -0.6546 -0.2864 0.6996
vn 0.2285 0.1520 0.9616
vn 0.1587 -0.0177 0.9872
vn 0.1734 0.9411 0.2903
vn -0.2063 -0.8666 -0.4544
vn -0.9865 -0.1615 0.0268
vn 0.3026 0.6116 0.7310
vn -0.2934 0.9128 0.2842
vn 0.7604 -0.5870 -0.2780
vn 0.7549 0.1110 -0.6464
vn 0.6235 0.7818 -0.0075
vn 0.5179 0.7690 0.3746
vn -0.2011 -0.9795 -0.0127
vn -0.1329 -0.3926 0.9100
vn -0.4628 -0.0924 0.8816
vn -0.9571 -0.0721 0.2806
vn 0.0440 0.5466 0.8362
vn -0.3352 0.7461 0.5753
vn -0.0938 0.3809 0.9198
vn -0.2013 0.9775 -0.0633
vn 0.2486 -0.4728 0.8453
vn -0.3661 0.8192 0.4415
vn 0.0202 0.2968 0.9547
vn 0.6484 0.3217 -0.6900
vn 0.8469 0.5284 0.0590
vn 0.6101 -0.7922 0.0163
vn 0.3567 -0.6982 -0.6207
vn 0.1113 -0.0659 0.9916
vn 0.0007 0.1270 0.9919
vn 0.1799 0.3575 0.9164
vn 0.0079 0.6609 0.7504
vn 0.4368 0.8688 -0.2332
vn 0.8439 0.0262 -0.5359
vn -0.1443 0.6223 -0.7693
vn -0.9009 -0.4336 0.0194
vn -0.0604 -0.5264 -0.8481
vn 0.5564 0.7068 0.4368
vn 0.8347 0.1989 0.5136
vn 0.8311 -0.4667 0.3025
vn -0.8249 -0.0099 -0.5652
vn 0.1868 0.6994 -0.6899
vn -0.4549 0.0713 -0.8877
vn -0.4321 0.9017 -0.0142
vn -0.6041 0.6277 0.4911
vn -0.9690 0.2417 -0.0509
vn 0.2801 -0.5477 -0.7884
vn -0.8248 -0.1247 0.5516
vn -0.3991 0.1703 0.9009
vn 0.2321 0.2666 0.9354
vn -0.2302 0.6117 0.7568
vn -0.4146 0.8878 0.1995
vn -0.7862 -0.5688 0.2416
vn -0.1885 -0.3589 0.9142
vn 0.6774 -0.5376 0.5021
vn -0.0011 -0.3757 0.9267
vn -0.7490 -0.3947 -0.5322
vn -0.1191 -0.1543 -0.9808
vn -0.8159 -0.5598 0.1446
vn -0.4175 -0.6481 0.6369
vn 0.9436 0.0133 -0.3307
vn 0.3970 0.9135 0.0890
vn 0.6815 -0.7174 -0.1448
vn 0.8601 -0.4984 0.1091
vn 0.7349 0.1777 0.6545
vn 0.9365 -0.1550 0.3146
vn 0.0239 -0.0478 0.9986
vn -0.6309 -0.1652 0.7581
vn -0.6630 -0.1410 0.7352
vn -0.2037 0.2398 0.9492
vn 0.6672 0.4087 0.6228
vn -0.4765 -0.8753 0.0829
vn -0.5772 -0.8124 0.0827
vn -0.3216 -0.7221 -0.6125
vn -0.1939 -0.6708 -0.7158
vn -0.6893 0.4553 -0.5635
vn -0.3595 0.6729 -0.6465
vn 0.0021 0.0171 -0.9999
vn -0.4969 0.6292 -0.5977
vn 0.1908 -0.8155 0.5464
vn 0.2110 -0.9069 0.3648
vn 0.4061 -0.8425 0.3539
vn 0.3995 -0.7635 0.5075
vn -0.5070 0.6098 0.6092
vn -0.3202 0.9048 0.2807
vn -0.3887 -0.8520 0.3507
vn -0.4036 -0.8448 0.3513
vn -0.6069 -0.7470 0.2713
vn -0.6053 -0.7258 0.3269
vn -0.7983 -0.0517 -0.6001
vn -0.8229 0.1571 -0.5460
vn -0.5868 0.1259 0.7999
vn -0.0421 0.5481 0.8353
vn 0.2009 0.3127 0.9284
vn 0.4504 0.8510 0.2702
vn -0.6949 -0.2880 -0.6589
vn 0.1189 -0.3110 -0.9429
vn 0.6911 -0.3156 -0.6502
vn 0.7328 -0.1379 -0.6663
vn 0.9776 -0.0718 0.1981
vn 0.8249 -0.4846 0.2909
vn 0.6634 -0.2995 -0.6857
vn 0.2286 0.6913 -0.6854
vn 0.5303 0.2181 -0.8193
vn 0.7047 0.0840 0.7045
vn 0.9585 0.2352 0.1611
vn 0.7626 0.6192 0.1874
vn 0.5900 0.1453 0.7942
vn 0.2798 -0.1795 0.9431
vn 0.3085 -0.3928 0.8664
vn 0.3817 -0.8419 0.3814
vn 0.2730 0.4369 0.8571
vn 0.8881 0.4325 0.1556
vn 0.3953 0.5589 0.7290
vn 0.5909 -0.3606 -0.7217
vn 0.9475 0.2260 -0.2263
vn 0.7140 -0.1215 -0.6895
vn 0.8276 -0.4596 0.3223
vn 0.2697 -0.1338 0.9536
vn 0.3467 -0.2387 0.9071
vn 0.4202 -0.8161 0.3967
vn 0.0557 0.0399 0.9977
vn 0.9014 -0.1501 0.4062
vn 0.9688 -0.0677 -0.2382
vn 0.9770 0.0515 0.2071
vn 0.2364 -0.6658 -0.7077
vn -0.4595 -0.7602 -0.4593
vn -0.3138 -0.5763 0.7546
vn 0.2782 -0.6339 -0.7216
vn 0.0055 0.0093 -0.9999
vn 0.5608 0.0798 -0.8241
vn 0.7150 -0.0657 -0.6960
vn 0.3123 0.1027 0.9444
vn 0.9756 0.1539 0.1565
vn -0.8986 -0.3833 0.2136
vn -0.7674 -0.5382 0.3484
vn -0.7758 -0.5821 0.2433
vn -0.9445 -0.2972 0.1398
vn 0.4294 0.4616 -0.7762
vn 0.4445 0.1284 0.8865
vn 0.6097 0.2335 0.7575
vn -0.2922 -0.8557 0.4272
vn -0.2448 -0.9622 0.1197
vn -0.1969 -0.9395 0.2805
vn 0.1720 -0.6853 0.7077
vn -0.0002 -0.6954 0.7186
vn -0.0003 -0.8315 0.5556
vn -0.3192 -0.7282 0.6065
vn -0.4232 -0.7659 -0.4840
vn -0.2476 -0.2662 -0.9316
vn -0.6568 0.5233 -0.5429
vn 0.4104 0.6535 -0.6360
vn -0.2102 0.1335 -0.9685
vn -0.8586 0.0885 -0.5049
vn 0.0431 -0.2567 0.9655
vn 0.6546 -0.2864 0.6996
vn -0.8657 0.1557 -0.4758
vn -0.7299 0.2458 0.6378
vn 0.1392 0.2550 0.9569
vn -0.0202 0.2968 0.9547
vn -0.5238 0.6782 0.5154
vn -0.9525 -0.1533 0.2632
vn -0.7047 0.0159 0.7093
vn 0.1636 0.1867 0.9687
vn -0.8105 -0.5327 0.2437
vn -0.8173 -0.1727 -0.5498
vn -0.7711 -0.1718 0.6131
vn -0.1180 0.7250 -0.6785
vn -0.6329 0.4698 -0.6154
vn 0.2076 0.2924 0.9335
vn 0.0982 0.9158 0.3894
vn 0.6937 -0.2313 -0.6822
vn -0.2989 0.9325 -0.2025
vn 0.3350 0.9268 -0.1696
vn 0.6913 -0.7203 -0.0564
vn 0.9697 0.1671 -0.1780
vn 0.8309 0.4947 0.2545
vn -0.4954 -0.8402 -0.2206
vn -0.9818 -0.1855 0.0409
vn -0.4935 0.8431 0.2137
vn 0.0577 0.9337 0.3535
vn 0.5593 0.1248 0.8195
vn -0.4032 -0.9069 0.1226
vn 0.5478 -0.7114 0.4403
vn -0.5365 -0.0645 0.8414
vn -0.9207 0.0089 0.3901
vn -0.4736 -0.6327 0.6127
vn -0.1759 0.9415 0.2874
vn 0.2939 0.9121 0.2859
vn -0.2345 -0.9714 -0.0388
vn 0.0021 -0.9893 0.1457
vn -0.2523 0.5955 0.7627
vn -0.1531 -0.0234 0.9879
vn -0.2277 0.1509 0.9620
vn -0.2124 -0.9069 0.3639
vn -0.0000 -0.9366 0.3503
vn -0.1932 -0.8152 0.5460
vn 0.3934 0.7200 0.5716
vn -0.0420 0.5447 0.8376
vn 0.1976 -0.9394 0.2801
vn 0.5971 0.3123 0.7389
vn 0.0972 0.3871 0.9169
vn -0.7655 -0.6242 0.1559
vn -0.6225 -0.6661 0.4108
vn -0.8073 -0.5342 0.2509
vn -0.3998 -0.7634 0.5073
vn -0.2527 -0.4682 0.8467
vn 0.3127 -0.8326 0.4572
vn 0.5877 -0.6835 0.4329
vn 0.6059 -0.7242 0.3294
vn 0.3893 -0.8509 0.3527
vn -0.0080 -0.9873 0.1587
vn 0.0004 -0.8721 0.4893
vn 0.5720 -0.7666 0.2918
vn 0.3807 -0.9247 0.0008
vn -0.5885 -0.6827 0.4331
vn 0.1618 -0.3990 -0.9026
vn -0.0684 -0.6736 -0.7359
vn -0.0524 -0.6705 -0.7400
vn 0.3073 -0.3701 -0.8767
vn 0.5608 -0.6910 -0.4560
vn 0.7707 -0.5600 -0.3039
vn 0.8311 -0.2858 -0.4771
vn 0.6205 -0.3968 -0.6764
vn 0.0997 -0.4611 -0.8817
vn -0.0434 -0.3628 -0.9308
vn -0.2080 -0.6446 -0.7357
vn -0.6719 -0.3605 0.6469
vn -0.8789 -0.2459 0.4088
vn -0.8555 -0.3975 0.3318
vn -0.6445 -0.5335 0.5476
vn -0.1547 -0.5143 0.8436
vn -0.3910 -0.4633 0.7952
vn -0.3968 -0.6357 0.6622
vn -0.1724 -0.6853 0.7076
vn -0.9079 -0.4179 -0.0318
vn -0.6257 -0.7772 -0.0673
vn -0.4956 -0.8684 0.0148
vn -0.0488 -0.5042 -0.8622
vn -0.1686 -0.6672 -0.7255
vn -0.2288 -0.5127 -0.8275
vn -0.0781 -0.9966 -0.0257
vn -0.1239 -0.9607 0.2484
vn -0.5213 -0.8273 0.2091
vn -0.5314 -0.8294 -0.1724
vn -0.6626 -0.5817 0.4718
vn -0.0023 -0.7131 0.7011
vn -0.5811 -0.7619 0.2860
vn -0.9176 -0.3975 -0.0007
vn -0.0002 -0.5197 0.8543
vn -0.7871 0.4001 0.4695
vn -0.9134 -0.3847 0.1329
vn -0.9471 -0.2912 0.1347
vn -0.8000 0.5061 0.3224
vn 0.2928 -0.9525 0.0838
vn 0.4926 -0.8702 0.0119
vn 0.1242 -0.9606 0.2488
vn 0.0803 -0.9963 -0.0297
vn 0.5298 -0.8300 -0.1742
vn 0.5246 -0.8254 0.2085
vn -0.0044 -0.9187 -0.3949
vn 0.0255 -0.8789 0.4764
vn -0.5118 -0.7511 0.4171
vn -0.0809 -0.9541 -0.2883
vn 0.1975 -0.8110 -0.5507
vn -0.2484 -0.8432 -0.4768
vn -0.2025 -0.9757 -0.0832
vn 0.3001 -0.9457 -0.1251
vn 0.7646 -0.6255 0.1552
vn 0.6072 -0.7463 0.2729
vn 0.7756 -0.5823 0.2436
vn -0.9834 -0.1632 0.0796
vn -0.7327 -0.6031 -0.3152
vn -0.7498 -0.6363 -0.1813
vn 0.3185 -0.9077 0.2731
vn 0.4063 -0.9137 0.0124
vn -0.5870 -0.8078 0.0542
vn -0.6207 -0.7768 0.1063
vn -0.7061 -0.6943 0.1394
vn -0.8765 -0.4594 0.1437
vn -0.9461 -0.3190 0.0560
vn -0.9737 -0.2202 0.0581
vn -0.6441 -0.7493 -0.1538
vn -0.2965 -0.9510 0.0876
vn -0.0163 -0.6360 -0.7716
vn -0.1956 -0.9443 -0.2647
vn -0.4138 -0.8988 -0.1445
vn -0.3195 -0.6978 -0.6411
vn 0.1342 -0.6783 -0.7225
vn 0.3748 -0.8402 -0.3918
vn -0.7732 -0.5498 -0.3160
vn -0.8767 -0.4806 -0.0219
vn -0.3781 -0.9257 -0.0134
vn 0.1221 -0.4887 -0.8638
vn 0.4593 -0.3709 -0.8071
vn 0.2632 -0.5549 -0.7892
vn -0.8313 0.5414 0.1257
vn -0.9252 -0.3224 -0.2004
vn -0.9525 -0.2325 -0.1968
vn -0.9123 -0.2553 -0.3203
vn -0.8743 -0.4179 -0.2469
vn -0.7047 -0.4724 -0.5293
vn -0.7766 -0.0989 -0.6222
vn -0.7615 0.4866 0.4282
vn -0.8568 0.4256 0.2912
vn -0.7397 0.2475 0.6258
vn 0.6411 -0.4203 -0.6421
vn 0.8001 -0.5158 -0.3063
vn -0.0798 -0.5712 -0.8170
vn -0.3204 -0.4769 -0.8185
vn -0.4041 -0.7851 -0.4693
vn -0.9985 0.0061 -0.0539
vn -0.9230 0.3788 0.0682
vn -0.9327 0.3543 0.0665
vn -0.9741 0.2209 -0.0478
vn -0.9379 -0.3275 -0.1140
vn -0.8548 -0.0562 -0.5160
vn -0.8105 -0.3774 -0.4479
vn -0.8322 -0.5544 0.0051
vn -0.9528 -0.2961 0.0664
vn -0.9156 -0.3786 -0.1355
vn -0.9116 -0.3661 -0.1869
vn -0.9633 -0.2140 0.1620
vn 0.1576 -0.9122 0.3782
vn 0.4325 -0.7774 0.4566
vn -0.2996 -0.8198 0.4881
vn -0.7185 -0.6691 -0.1901
vn -0.9107 -0.4077 -0.0667
vn -0.8966 -0.2882 0.3361
vn -0.9921 -0.0570 -0.1113
vn -0.9467 -0.1211 0.2986
vn -0.9803 -0.1430 0.1360
vn -0.9676 -0.2514 0.0241
vn -0.9897 -0.1114 0.0895
vn -0.9730 0.1111 0.2021
vn -0.4301 0.6404 0.6363
vn -0.9413 -0.2845 -0.1815
vn -0.9870 -0.1576 0.0301
vn -0.9556 -0.2905 -0.0484
vn -0.9990 -0.0273 -0.0346
vn -0.9872 -0.1525 0.0460
vn -0.9747 -0.2146 -0.0617
vn -0.9989 -0.0269 -0.0382
vn -0.2955 -0.9393 -0.1743
vn -0.9348 -0.3419 -0.0963
vn -0.8866 -0.4313 -0.1671
vn -0.9291 -0.3430 -0.1382
vn -0.9062 -0.3987 -0.1405
vn 0.2272 -0.9670 0.1155
vn 0.0413 -0.9745 0.2206
vn -0.0014 -0.6620 0.7495
vn -0.5940 -0.5383 0.5978
vn -0.5623 -0.6889 -0.4575
vn 0.0192 -0.4251 -0.9049
vn 0.0873 -0.4732 -0.8766
vn -0.1346 -0.9873 -0.0840
vn -0.1082 -0.7463 -0.6567
vn 0.6607 -0.5831 0.4727
vn 0.2635 -0.7848 -0.5609
vn -0.0769 -0.7080 -0.7020
vn 0.1448 -0.2558 0.9558
vn -0.0001 -0.2573 0.9663
vn 0.1533 -0.5147 0.8435
vn -0.3781 -0.9254 -0.0276
vn -0.4334 -0.8180 0.3782
vn -0.9384 -0.3079 -0.1568
vn -0.7780 -0.4329 0.4552
vn -0.8475 -0.0314 0.5298
vn -0.7440 0.0232 0.6678
vn -0.6265 -0.6163 0.4771
vn 0.6269 -0.6057 0.4899
vn 0.7421 -0.5882 0.3216
vn 0.6366 -0.7456 0.1972
vn 0.4170 -0.8092 0.4139
vn 0.8124 -0.4191 0.4055
vn 0.8489 -0.3794 0.3681
vn 0.8585 -0.4429 0.2585
vn -0.9693 -0.2024 0.1395
vn -0.9527 -0.2361 0.1914
vn -0.8180 -0.4582 0.3477
vn -0.8505 -0.3801 0.3637
vn -0.8528 -0.2722 0.4457
vn -0.7427 -0.5875 0.3214
vn -0.6357 -0.7457 0.1992
vn 0.9519 0.1996 0.2325
vn 0.9888 0.1490 0.0108
vn 0.9951 0.0963 -0.0243
vn 0.9565 0.1451 0.2532
vn -0.8099 -0.4160 0.4136
vn 0.9195 -0.3732 -0.1239
vn 0.9015 -0.4084 -0.1435
vn 0.9254 -0.3731 -0.0674
vn 0.9307 -0.3411 -0.1324
vn -0.8625 -0.4411 0.2481
vn -0.5933 -0.8049 -0.0121
vn -0.6306 -0.7761 -0.0096
vn -0.4582 -0.8886 -0.0224
vn -0.9317 -0.3400 -0.1282
vn -0.9187 -0.3735 -0.1282
vn -0.9904 -0.1218 0.0656
vn -0.9650 0.0229 0.2611
vn -0.8945 -0.0798 0.4399
vn -0.8518 -0.5238 0.0102
vn -0.8706 -0.4385 0.2230
vn -0.8266 -0.5200 0.2153
vn -0.8523 -0.5229 0.0080
vn -0.5403 -0.6607 -0.5211
vn -0.5370 -0.0996 0.8377
vn -0.5040 -0.1993 0.8404
vn -0.6577 -0.7124 0.2448
vn -0.7019 -0.6853 0.1939
vn -0.8038 -0.5181 0.2924
vn -0.2840 -0.6683 -0.6875
vn -0.2117 -0.7674 -0.6052
vn -0.0471 -0.5917 -0.8048
vn -0.0360 -0.6936 -0.7195
vn -0.7233 -0.6902 0.0188
vn -0.5975 -0.5880 -0.5452
vn -0.9541 -0.1367 -0.2665
vn -0.6516 -0.1876 -0.7350
vn -0.8681 -0.4631 -0.1787
vn -0.9528 -0.2900 -0.0897
vn -0.6230 -0.7758 -0.0995
vn -0.3122 -0.8665 -0.3895
vn -0.5780 -0.7577 -0.3030
vn -0.6939 -0.7187 -0.0450
vn -0.4013 -0.1138 0.9088
vn -0.1456 0.3340 0.9313
vn -0.3954 0.3547 0.8473
vn -0.6044 -0.1361 0.7850
vn -0.3877 -0.0809 0.9182
vn -0.8847 -0.4645 -0.0406
vn -0.8516 -0.5227 -0.0389
vn 0.1000 -0.5396 -0.8360
vn -0.0108 -0.2840 -0.9588
vn -0.6809 -0.4227 -0.5981
vn -0.2417 -0.6929 -0.6793
vn -0.9501 -0.2956 -0.0999
vn -0.9026 -0.4296 -0.0277
vn -0.2893 -0.6123 -0.7358
vn -0.5141 -0.6492 -0.5606
vn -0.6436 -0.6997 -0.3103
vn -0.6216 -0.7408 -0.2547
vn -0.6341 -0.7357 -0.2381
vn -0.3600 -0.9283 0.0935
vn -0.6944 0.0710 0.7161
vn 0.0642 -0.7414 0.6680
vn -0.9234 -0.3044 0.2339
vn -0.9195 -0.3607 0.1559
vn -0.9732 -0.2283 0.0258
vn -0.9608 -0.1912 0.2010
vn -0.2313 -0.6941 -0.6817
vn -0.3732 -0.7251 -0.5788
vn -0.4637 -0.7348 -0.4950
vn -0.4996 -0.7090 -0.4977
vn -0.1220 -0.8210 -0.5577
vn -0.9498 -0.3061 -0.0646
vn -0.9590 -0.2829 -0.0190
vn 0.9828 0.0059 -0.1845
vn 0.8216 -0.4540 -0.3447
vn 0.3794 -0.3758 0.8454
vn 0.5234 0.0110 0.8520
vn -0.7381 0.6027 -0.3034
vn -0.9949 0.0578 -0.0827
vn -0.6870 -0.0196 -0.7264
vn -0.6611 0.2888 -0.6925
vn -0.9272 -0.3512 -0.1302
vn -0.9883 -0.0335 -0.1488
vn -0.9993 0.0144 -0.0336
vn -0.5414 0.0422 -0.8397
vn -0.6538 0.0713 -0.7533
vn 0.0749 -0.1495 -0.9859
vn 0.3347 -0.0696 -0.9398
vn -0.9630 -0.2583 -0.0764
vn -0.9987 -0.0150 -0.0490
vn -0.6243 -0.1536 0.7660
vn -0.9767 -0.2127 -0.0290
vn -0.9764 -0.2159 -0.0018
vn -0.9748 -0.2220 0.0234
vn -0.8011 0.0039 0.5985
vn -0.9212 -0.0173 0.3887
vn -0.8565 -0.0987 0.5066
vn -0.9806 -0.1873 -0.0575
vn 0.2893 0.7591 0.5831
vn -0.9050 -0.3993 -0.1470
vn -0.3824 -0.2047 0.9011
vn -0.6621 -0.1360 0.7370
vn -0.9188 -0.3842 -0.0909
vn -0.1551 -0.0155 0.9878
vn -0.3650 0.0171 0.9308
vn -0.1446 -0.2559 0.9558
vn -0.7232 0.6888 -0.0510
vn -0.9615 -0.0153 -0.2745
vn -0.2251 -0.2976 -0.9278
vn 0.0150 -0.2968 -0.9548
vn -0.1493 -0.0284 -0.9884
vn -0.3646 0.0311 -0.9307
vn -0.9251 -0.3735 -0.0679
vn -0.5075 0.5794 -0.6378
vn -0.2276 0.8239 -0.5191
vn -0.9208 -0.2758 -0.2758
vn -0.6909 -0.6535 -0.3092
vn -0.9772 -0.2097 0.0336
vn -0.6810 -0.6855 0.2575
vn -0.0912 -0.4085 0.9082
vn -0.9973 -0.0284 0.0673
vn -0.9781 -0.0302 0.2060
vn 0.5353 -0.4520 0.7136
vn 0.7136 -0.5949 0.3700
vn 0.0129 -0.4893 -0.8720
vn -0.4541 -0.4880 -0.7454
vn -0.6184 -0.3878 -0.6835
vn 0.1039 -0.8087 0.5790
vn 0.3136 -0.6321 0.7086
vn 0.8214 -0.5670 0.0621
vn -0.0181 -0.8837 -0.4678
vn 0.3901 -0.6877 -0.6123
vn -0.8301 -0.2863 -0.4784
vn -0.8234 -0.1647 0.5431
vn -0.7746 0.2756 0.5692
vn -0.8924 0.1326 0.4313
vn -0.8909 -0.2340 0.3892
vn 0.5192 -0.7399 0.4277
vn 0.5929 -0.5400 0.5974
vn -0.9592 -0.1884 -0.2107
vn -0.3671 -0.8923 0.2629
vn -0.3078 -0.8708 0.3834
vn -0.5407 -0.5920 0.5976
vn -0.7276 -0.5263 0.4401
vn -0.8151 -0.5275 0.2396
vn -0.8287 -0.4975 0.2563
vn 0.0790 0.2478 0.9656
vn -0.2077 -0.0800 0.9749
vn -0.7828 -0.6014 0.1596
vn -0.5661 -0.7929 0.2254
vn -0.1622 -0.0707 0.9842
vn -0.6542 -0.6998 0.2870
vn -0.5853 0.3374 0.7373
vn 0.1822 0.2024 0.9622
vn 0.2188 0.0768 0.9727
vn -0.1628 -0.1615 0.9733
vn -0.6775 -0.6657 0.3128
vn 0.8742 -0.0827 -0.4785
vn 0.8754 -0.1787 -0.4492
vn 0.9280 0.0542 -0.3685
vn 0.9404 0.1323 -0.3134
vn -0.7933 -0.6067 0.0508
vn 0.3541 -0.1749 0.9187
vn -0.8163 -0.5330 -0.2228
vn -0.0624 -0.2639 0.9625
vn -0.1819 -0.1945 0.9639
vn -0.0989 -0.9742 0.2031
vn 0.8746 -0.4844 -0.0185
vn -0.7051 -0.4044 -0.5825
vn -0.4654 -0.8509 0.2435
vn -0.3425 -0.8647 0.3673
vn -0.7342 -0.1649 0.6587
vn -0.9521 -0.2064 0.2255
vn 0.0919 -0.3629 0.9273
vn 0.2149 -0.4662 0.8582
vn 0.4358 -0.5707 0.6959
vn 0.6436 -0.7231 0.2510
vn -0.6095 0.0259 0.7923
vn 0.6187 -0.7765 -0.1191
vn 0.9853 0.0360 0.1673
vn 0.9984 -0.0511 -0.0258
vn 0.9086 -0.3988 -0.1243
vn 0.9074 -0.3957 -0.1417
vn 0.9190 -0.3836 -0.0911
vn -0.9852 -0.1670 -0.0378
vn -0.7490 0.2278 -0.6222
vn -0.1843 -0.9239 -0.3354
vn 0.9564 -0.0294 -0.2907
vn 0.2570 -0.9226 -0.2878
vn 0.4341 -0.8391 -0.3277
vn 0.9727 0.0571 -0.2249
vn -0.9094 -0.3982 -0.1199
vn -0.9016 -0.4094 -0.1400
vn -0.9773 -0.1973 -0.0769
vn -0.9996 -0.0198 -0.0210
vn -0.9987 -0.0153 -0.0490
vn -0.9539 -0.2658 -0.1391
vn -0.9624 0.2536 0.0976
vn -0.9883 0.1445 0.0482
vn -0.9144 0.1844 0.3603
vn -0.8890 0.3134 0.3340
vn -0.9848 0.1667 -0.0487
vn -0.9934 0.1114 -0.0291
vn -0.9937 0.1124 0.0006
vn -0.9913 0.1289 -0.0255
vn 0.3418 0.7553 -0.5593
vn -0.8143 -0.1258 0.5667
vn -0.2623 -0.2497 0.9321
vn -0.1674 -0.0194 0.9857
vn -0.6479 -0.0093 0.7617
vn 0.1769 0.1381 0.9745
vn -0.0002 0.1472 0.9891
vn -0.0002 -0.0224 0.9997
vn 0.1535 -0.0187 0.9880
vn 0.8283 -0.5059 0.2406
vn 0.8194 -0.4542 0.3498
vn -0.0002 0.5053 0.8630
vn -0.0002 0.3143 0.9493
vn 0.1850 0.3023 0.9351
vn 0.1693 0.4972 0.8509
vn -0.1304 -0.7169 0.6849
vn -0.3490 -0.7715 0.5320
vn -0.3661 -0.6034 0.7084
vn -0.1336 -0.9383 0.3189
vn -0.8205 0.5473 0.1650
vn -0.7228 0.5845 0.3686
vn -0.8680 -0.4121 0.2771
vn -0.9935 0.0668 0.0921
vn -0.3088 -0.3763 -0.8736
vn -0.1874 0.0516 -0.9809
vn 0.0927 -0.1587 -0.9830
vn 0.0398 -0.5247 -0.8503
vn -0.2859 0.3261 -0.9011
vn -0.6794 0.0175 0.7336
vn -0.9940 -0.0990 -0.0471
vn -0.1655 0.3710 -0.9138
vn -0.6940 0.0365 -0.7191
vn 0.2912 0.2687 -0.9182
vn 0.6151 0.2918 0.7325
vn 0.6786 0.3178 0.6622
vn -0.7544 -0.6303 -0.1833
vn -0.6051 -0.7774 -0.1719
vn -0.0403 -0.0144 -0.9991
vn -0.4672 0.0304 -0.8836
vn -0.0804 0.3803 -0.9214
vn 0.1440 0.1337 -0.9805
vn -0.7140 0.0177 -0.6999
vn -0.1663 -0.0810 -0.9827
vn -0.6592 -0.0407 0.7508
vn -0.9947 -0.0590 -0.0838
vn 0.5502 0.2658 0.7916
vn -0.5052 0.0032 -0.8630
vn -0.9824 -0.0040 -0.1870
vn -0.9626 -0.0328 0.2691
vn -0.9658 -0.1802 0.1865
vn 0.0373 -0.9111 -0.4104
vn 0.4422 0.0501 -0.8955
vn 0.9855 -0.1206 0.1190
vn 0.9939 -0.0889 -0.0654
vn -0.7603 0.0222 -0.6492
vn -0.4909 -0.0986 -0.8656
vn -0.3615 0.1420 0.9215
vn -0.5679 0.1287 0.8129
vn -0.1786 0.1384 0.9741
vn 0.3617 0.1430 0.9212
vn 0.3670 0.0172 0.9301
vn 0.9194 0.3252 -0.2213
vn -0.0002 0.8799 0.4751
vn -0.0002 0.7204 0.6936
vn 0.1385 0.7094 0.6911
vn 0.1017 0.8662 0.4893
vn -0.7671 0.0955 0.6344
vn -0.9006 0.0793 0.4274
vn -0.9691 0.0682 0.2370
vn -0.4295 0.6420 0.6351
vn -0.6159 0.5582 0.5560
vn -0.7051 0.3744 0.6022
vn -0.4818 0.4288 0.7642
vn -0.3223 0.4744 0.8192
vn -0.2731 0.6882 0.6722
vn -0.7478 0.2046 0.6316
vn -0.9939 0.0734 0.0822
vn -0.9963 0.0839 -0.0167
vn -0.9954 0.0890 -0.0362
vn 0.0675 0.9943 0.0824
vn 0.0001 0.9954 0.0953
vn -0.0001 0.9609 0.2769
vn 0.0738 0.9554 0.2861
vn -0.9748 0.2214 -0.0279
vn -0.9970 0.0768 -0.0134
vn -0.9973 0.0659 -0.0317
vn -0.3520 0.2830 0.8922
vn -0.5342 0.2502 0.8075
vn -0.1876 0.3039 0.9340
vn -0.9627 0.1588 0.2189
vn -0.9798 0.1708 0.1041
vn -0.4555 0.7658 0.4540
vn -0.2491 0.8357 0.4894
vn -0.0990 0.8682 0.4862
vn -0.0715 0.9551 0.2874
vn -0.2573 0.9242 0.2821
vn 0.3503 0.2831 0.8928
vn 0.5333 0.2486 0.8086
vn 0.4827 0.4343 0.7605
vn 0.3209 0.4737 0.8201
vn 0.2773 0.6840 0.6747
vn 0.0666 0.3890 -0.9188
vn -0.0000 0.3944 -0.9189
vn 0.0004 0.7304 -0.6830
vn 0.0948 0.7139 -0.6938
vn -0.5287 0.8119 0.2475
vn -0.2600 0.9632 0.0690
vn -0.5487 0.8341 0.0568
vn -0.1381 0.7097 0.6908
vn -0.1697 0.4972 0.8509
vn -0.5126 0.8483 -0.1327
vn -0.2337 0.9621 -0.1406
vn -0.2002 0.8946 -0.3996
vn -0.4452 0.8161 -0.3685
vn -0.0678 0.9942 0.0834
vn 0.0001 -0.7889 0.6146
vn 0.0002 -0.9868 0.1618
vn 0.2682 -0.9412 0.2053
vn 0.2521 -0.7889 0.5604
vn -0.8506 0.5258 0.0088
vn -0.8093 0.5721 -0.1333
vn -0.0960 0.9063 -0.4117
vn -0.0057 0.9144 -0.4047
vn -0.0911 0.7135 -0.6947
vn -0.0850 0.9843 -0.1550
vn -0.7177 0.5983 -0.3562
vn -0.1946 0.7091 -0.6777
vn -0.2697 0.4265 -0.8633
vn -0.5677 0.5341 -0.6264
vn -0.3908 0.7080 -0.5882
vn 0.0002 0.9905 -0.1373
vn 0.9744 0.2232 -0.0257
vn 0.9523 0.2869 -0.1036
vn 0.8102 0.5701 -0.1360
vn 0.8494 0.5276 0.0111
vn -0.9523 0.2869 -0.1035
vn 0.9964 0.0831 -0.0158
vn 0.9955 0.0875 -0.0361
vn 0.9924 0.1202 -0.0283
vn 0.9882 0.1455 0.0477
vn 0.0836 0.9854 -0.1484
vn -0.7476 -0.3204 -0.5817
vn -0.2059 -0.3399 -0.9176
vn -0.9818 0.0568 -0.1814
vn -0.8467 0.0034 -0.5321
vn -0.8955 0.3580 -0.2646
vn -0.9687 0.1605 -0.1892
vn -0.9802 0.0820 -0.1800
vn -0.9240 -0.2258 -0.3086
vn -0.7784 -0.1344 -0.6132
vn -0.9289 -0.0769 -0.3623
vn -0.9268 -0.0392 -0.3735
vn -0.9396 -0.0108 -0.3421
vn -0.9083 0.1306 -0.3975
vn -0.3847 0.1358 -0.9130
vn -0.7717 0.0898 -0.6296
vn -0.7402 0.1487 -0.6558
vn -0.0402 0.0854 -0.9955
vn -0.4040 0.0991 -0.9094
vn 0.0060 0.0576 -0.9983
vn 0.0542 0.0965 -0.9939
vn -0.7636 0.3509 -0.5420
vn 0.9302 -0.2054 -0.3042
vn 0.7726 0.0784 -0.6301
vn 0.9218 -0.0391 -0.3856
vn 0.9200 -0.2228 -0.3225
vn -0.3965 0.2167 -0.8921
vn 0.0959 0.9064 -0.4113
vn -0.0724 0.3890 -0.9184
vn -0.0078 -0.2976 -0.9547
vn 0.2027 -0.3419 -0.9176
vn 0.1601 -0.0795 -0.9839
vn -0.0731 -0.1656 -0.9835
vn -0.7372 -0.4671 -0.4882
vn -0.8761 -0.4154 -0.2447
vn -0.9486 -0.1511 -0.2780
vn -0.7368 -0.1709 -0.6541
vn 0.0017 -0.3788 -0.9255
vn 0.1131 -0.1708 -0.9788
vn -0.0452 0.0950 -0.9944
vn -0.0186 -0.0192 -0.9996
vn 0.3537 -0.1226 -0.9273
vn 0.0010 -0.0350 -0.9994
vn -0.1173 0.0399 -0.9923
vn 0.7768 -0.1549 -0.6104
vn 0.4829 -0.0902 -0.8710
vn 0.7414 -0.3313 -0.5835
vn -0.1460 -0.1437 -0.9788
vn -0.0116 0.0157 -0.9998
vn -0.5920 -0.6443 -0.4842
vn -0.8051 0.5880 -0.0773
vn -0.8486 -0.4611 -0.2595
vn -0.8270 0.0078 -0.5622
vn -0.8592 -0.2607 -0.4401
vn 0.5364 0.7049 -0.4641
vn 0.8253 0.4888 -0.2829
vn 0.9391 0.1773 -0.2945
vn 0.8859 0.2152 -0.4111
vn 0.4506 0.0494 -0.8913
vn 0.5483 0.1684 -0.8192
vn -0.8785 -0.3439 -0.3316
vn -0.2375 -0.5831 -0.7769
vn -0.2793 -0.9397 0.1975
vn -0.2532 -0.7868 0.5628
vn -0.4155 -0.8627 -0.2882
vn -0.0632 -0.1558 0.9858
vn -0.1255 0.4303 -0.8939
vn 0.5130 0.0704 -0.8555
vn 0.5454 0.0041 -0.8382
vn 0.4034 -0.0089 -0.9150
vn 0.3758 0.0603 -0.9247
vn -0.5768 0.5161 -0.6332
vn -0.3933 -0.2622 -0.8813
vn -0.4193 0.0431 -0.9068
vn -0.3954 0.1354 -0.9085
vn -0.2746 -0.1853 -0.9435
vn -0.0105 0.0712 -0.9974
vn -0.0021 -0.0298 -0.9996
vn -0.3982 -0.0078 -0.9172
vn -0.3717 0.0607 -0.9264
vn 0.0046 -0.3839 -0.9234
vn -0.0131 -0.9043 -0.4266
vn -0.2231 -0.9001 -0.3742
vn -0.0943 -0.4014 -0.9111
vn 0.4878 -0.2661 -0.8314
vn 0.1219 -0.4957 -0.8599
vn 0.3983 -0.4391 -0.8053
vn 0.6941 -0.2571 -0.6724
vn -0.2125 -0.1987 -0.9567
vn -0.2842 -0.1935 -0.9390
vn 0.2383 0.0170 -0.9710
vn -0.3701 -0.1916 -0.9090
vn 0.2787 -0.0653 -0.9582
vn -0.3970 -0.3134 -0.8627
vn -0.2546 -0.4902 -0.8336
vn -0.1367 -0.4652 -0.8746
vn 0.3643 -0.0635 -0.9291
vn 0.0007 -0.1120 -0.9937
vn 0.3877 0.0758 -0.9187
vn 0.3517 -0.0818 -0.9325
vn -0.1939 -0.0501 -0.9797
vn 0.0926 -0.3968 -0.9132
vn 0.2211 -0.8998 -0.3760
vn -0.1048 0.2868 -0.9522
vn 0.2200 0.0864 -0.9717
vn 0.2338 0.0811 -0.9689
vn 0.3308 0.5900 -0.7365
vn 0.3356 0.5308 -0.7782
vn -0.1559 0.8889 -0.4308
vn -0.1641 0.8816 -0.4426
vn -0.1375 0.2757 -0.9514
vn 0.1519 0.3260 -0.9331
vn 0.5548 0.0094 -0.8319
vn 0.0724 0.2039 -0.9763
vn 0.1950 0.1095 -0.9747
vn 0.5201 0.1694 -0.8371
vn 0.1466 0.8866 -0.4388
vn 0.5708 0.5139 -0.6403
vn 0.1027 0.2873 -0.9523
vn -0.3384 0.5454 -0.7668
vn 0.4995 -0.0462 -0.8651
vn 0.4336 0.1797 -0.8830
vn 0.4391 0.2551 -0.8615
vn 0.4276 0.2296 -0.8743
vn 0.2601 0.3743 -0.8901
vn 0.3926 0.3113 -0.8654
vn 0.0011 0.2533 -0.9674
vn -0.0718 0.2124 -0.9745
vn 0.0003 0.4273 -0.9041
vn 0.1378 0.4595 -0.8774
vn 0.0414 0.5340 -0.8444
vn -0.2625 0.6682 -0.6961
vn -0.3565 0.4194 -0.8348
vn -0.1085 0.3826 -0.9175
vn 0.0166 0.5669 -0.8237
vn 0.4761 0.2086 -0.8543
vn 0.3153 0.1739 -0.9329
vn -0.4444 0.2233 -0.8676
vn -0.3694 0.1703 -0.9136
vn -0.3898 0.4085 -0.8253
vn -0.1413 0.6212 -0.7708
vn -0.4602 0.4915 -0.7394
vn -0.0886 0.5236 -0.8473
vn -0.2696 0.2731 -0.9234
vn -0.1320 0.6281 -0.7669
vn -0.1183 0.5743 -0.8100
vn -0.3560 0.4258 -0.8318
vn -0.1747 0.5120 -0.8410
vn -0.4692 0.5814 -0.6647
vn -0.4302 0.2680 -0.8620
vn 0.0010 0.4412 -0.8974
vn 0.1689 0.4443 -0.8798
vn 0.0559 0.2897 -0.9555
vn 0.0005 0.2559 -0.9667
vn -0.1474 0.0419 -0.9882
vn -0.0006 -0.0103 -0.9999
vn -0.4317 0.1759 -0.8847
vn -0.5019 -0.0535 -0.8633
vn -0.0317 -0.4816 -0.8758
vn 0.1705 -0.3359 -0.9263
vn -0.4010 -0.5790 -0.7099
vn -0.4637 -0.6829 -0.5644
vn -0.4928 -0.2550 -0.8319
vn -0.4478 -0.3492 -0.8231
vn -0.4166 -0.1840 -0.8903
vn -0.4991 -0.4509 -0.7400
vn -0.3439 -0.2618 -0.9018
vn 0.0740 -0.1792 -0.9810
vn 0.0815 0.0069 -0.9966
vn 0.2463 0.2557 -0.9349
vn -0.5610 -0.7980 0.2200
vn -0.4813 -0.8549 -0.1935
vn 0.3660 -0.8807 -0.3007
vn 0.3169 -0.9459 0.0700
vn 0.1983 0.3704 -0.9074
vn -0.0580 0.2885 -0.9557
vn -0.1702 0.4431 -0.8802
vn -0.2264 0.1394 -0.9640
vn 0.0016 0.3028 -0.9531
vn -0.1944 -0.3953 -0.8977
vn 0.2668 0.0872 -0.9598
vn 0.0115 -0.0015 -0.9999
vn -0.0032 0.2779 -0.9606
vn -0.2462 0.2569 -0.9345
vn -0.0011 0.1894 -0.9819
vn -0.3167 0.1720 -0.9328
vn -0.1366 0.4574 -0.8787
vn -0.2655 0.3671 -0.8915
vn 0.7403 0.5982 -0.3066
vn 0.8149 0.5768 -0.0572
vn 0.1484 0.8879 -0.4355
vn -0.2612 0.0806 -0.9619
vn -0.3731 -0.0479 -0.9265
vn -0.1964 0.3895 -0.8999
vn 0.0004 0.6380 -0.7700
vn 0.0005 0.4588 -0.8885
vn -0.4661 0.3415 -0.8161
vn -0.2679 0.5803 -0.7691
vn -0.2783 -0.3382 -0.8990
vn -0.4986 -0.3305 -0.8014
vn -0.3962 -0.4806 -0.7823
vn -0.5443 -0.3207 -0.7752
vn -0.1158 -0.1706 -0.9785
vn -0.5119 -0.6809 -0.5238
vn -0.0004 -0.8675 -0.4974
vn -0.3021 -0.7686 -0.5640
vn -0.2197 -0.8465 -0.4849
vn -0.2700 -0.7598 -0.5914
vn -0.1677 -0.4030 -0.8997
vn -0.1229 -0.5921 -0.7964
vn -0.1368 -0.6120 -0.7789
vn -0.4978 -0.7503 -0.4350
vn -0.0010 -0.2642 -0.9645
vn 0.5123 -0.6806 -0.5238
vn 0.1459 0.0413 -0.9884
vn 0.0055 -0.1116 -0.9937
vn -0.0520 -0.2425 -0.9687
vn 0.0014 -0.9710 -0.2391
vn 0.5918 -0.7654 -0.2528
vn -0.5904 -0.7663 -0.2534
vn 0.8875 -0.2889 -0.3591
vn 0.4813 -0.4500 -0.7522
vn 0.5695 0.0394 -0.8210
vn 0.2693 0.5804 -0.7685
vn 0.4663 0.3408 -0.8163
vn 0.0014 -0.0903 0.9959
vn 0.8647 -0.2648 -0.4269
vn 0.0016 -0.4452 -0.8954
vn 0.1368 -0.4296 -0.8926
vn 0.0225 -0.4750 -0.8797
vn -0.6868 0.1666 -0.7076
vn -0.5485 0.1846 -0.8155
vn -0.2057 -0.9728 -0.1068
vn 0.6298 0.2724 -0.7274
vn 0.6367 0.1306 -0.7600
vn 0.5600 0.7403 -0.3721
vn -0.4801 -0.4519 -0.7519
vn 0.0008 0.8554 -0.5180
vn 0.0021 0.8660 -0.5001
vn -0.5731 0.0128 -0.8194
vn -0.8902 -0.2812 -0.3584
vn -0.8857 0.2253 -0.4059
vn 0.0024 0.4833 -0.8755
vn 0.0703 -0.9567 -0.2825
vn 0.0006 0.3161 -0.9487
vn 0.0672 -0.1566 0.9854
vn -0.5414 0.7023 -0.4621
vn -0.5627 0.7280 -0.3917
vn 0.6893 -0.4109 -0.5967
vn 0.4565 -0.4738 -0.7530
vn 0.0152 0.0507 -0.9986
vn -0.5413 -0.5272 -0.6549
vn 0.0591 -0.9981 0.0188
vn -0.7444 -0.5629 0.3591
vn -0.7406 -0.6385 0.2096
vn 0.2198 -0.9645 -0.1467
vn -0.1212 -0.5018 -0.8565
vn -0.4805 -0.2725 -0.8336
vn -0.6926 -0.2561 -0.6743
vn -0.3876 -0.4440 -0.8078
vn -0.0247 0.3440 0.9386
vn -0.0058 0.0741 0.9972
vn -0.6246 0.2902 -0.7251
vn -0.1697 -0.2958 -0.9400
vn -0.0074 0.2607 0.9654
vn -0.6041 0.0797 0.7929
vn -0.4617 -0.4660 -0.7548
vn -0.0033 -0.5092 -0.8606
vn 0.0234 0.3461 0.9379
vn -0.0008 -0.5817 -0.8134
vn -0.0005 -0.7977 -0.6030
vn 0.3778 -0.5625 -0.7354
vn 0.5957 0.0560 0.8012
vn -0.0018 -0.5361 -0.8442
vn 0.9702 0.1621 -0.1801
vn 0.8253 -0.0646 -0.5610
vn 0.8242 -0.3273 -0.4620
vn 0.8158 -0.5256 0.2412
vn 0.9068 -0.1908 -0.3760
vn 0.7576 -0.2189 -0.6149
vn 0.7710 -0.1329 -0.6228
vn 0.8861 -0.1602 -0.4350
vn 0.9820 -0.1814 -0.0534
vn 0.9576 -0.1777 -0.2270
vn 0.9735 -0.1105 -0.2001
vn 0.8845 -0.3956 -0.2472
vn 0.8721 -0.4893 0.0021
vn 0.8791 0.0200 -0.4762
vn 0.8918 -0.2169 -0.3970
vn 0.9416 -0.1213 -0.3142
vn -0.4056 -0.5665 -0.7174
vn -0.7021 -0.7070 0.0848
vn 0.0894 -0.5851 -0.8060
vn 0.1953 -0.4475 -0.8727
vn 0.4450 -0.4921 -0.7482
vn 0.9785 -0.0521 -0.1994
vn 0.8492 -0.1998 -0.4889
vn 0.8388 -0.1374 -0.5268
vn 0.4410 -0.2591 -0.8593
vn 0.5639 -0.2319 0.7926
vn 0.9353 -0.3232 0.1438
vn 0.7878 -0.5443 0.2882
vn 0.8342 -0.1515 -0.5302
vn -0.9400 -0.1727 0.2941
vn -0.0020 -0.7705 0.6374
vn 0.3161 -0.2852 -0.9048
vn 0.8607 -0.1351 -0.4908
vn -0.2260 -0.3826 0.8958
vn 0.5237 -0.4650 0.7138
vn 0.8712 -0.0937 -0.4818
vn -0.8184 0.4833 -0.3108
vn -0.9882 -0.0731 -0.1343
vn -0.6033 -0.2470 -0.7583
vn -0.3945 0.2091 -0.8948
vn 0.8350 -0.2746 -0.4768
vn 0.7619 -0.2625 -0.5921
vn 0.7134 -0.1828 -0.6765
vn 0.4034 -0.0833 -0.9112
vn 0.3788 -0.7670 -0.5180
vn -0.6858 -0.1967 0.7007
vn 0.9243 -0.3787 -0.0471
vn 0.9993 -0.0368 -0.0071
vn 0.9996 -0.0218 -0.0173
vn 0.9230 -0.3834 -0.0331
vn -0.9975 -0.0706 0.0040
vn -0.9990 -0.0447 -0.0061
vn -0.8001 0.5998 0.0088
vn -0.8091 0.5799 0.0951
vn 0.0073 -0.9822 -0.1877
vn 0.0005 -0.9460 0.3242
vn 0.5600 -0.7973 0.2252
vn 0.4721 -0.8608 -0.1901
vn -0.9263 -0.3738 -0.0462
vn -0.9249 -0.3787 -0.0333
vn -0.9994 -0.0307 -0.0187
vn -0.9333 -0.3590 -0.0051
vn -0.9809 -0.1836 0.0646
vn 0.1718 -0.8446 0.5071
vn -0.6674 -0.4510 0.5927
vn -0.0830 -0.6055 0.7915
vn 0.3729 -0.3525 -0.8583
vn 0.2532 0.0119 -0.9673
vn -0.0005 -0.9842 -0.1768
vn -0.8936 -0.4275 -0.1371
vn -0.7905 0.5058 0.3453
vn -0.6664 0.2682 0.6957
vn -0.9985 -0.0492 0.0243
vn 0.5132 -0.5688 0.6427
vn 0.4602 -0.5987 -0.6556
vn -0.0175 -0.1693 0.9854
vn -0.7991 0.5959 -0.0799
vn 0.9532 -0.2978 0.0533
vn 0.9339 -0.3576 -0.0075
vn -0.0015 -0.9999 0.0130
vn 0.0016 -0.9811 0.1935
vn -0.3529 -0.8554 -0.3791
vn -0.1159 0.5021 -0.8570
vn -0.0090 -0.6330 0.7741
vn -0.0044 -0.9974 -0.0719
vn -0.0023 -0.9937 -0.1122
vn 0.8921 -0.4320 -0.1326
vn 0.9427 -0.1579 0.2940
vn 0.9799 -0.1866 0.0702
vn -0.0015 -0.9240 0.3824
vn 0.0182 0.3555 0.9345
vn -0.0016 -0.8702 -0.4927
vn 0.0145 -0.9373 -0.3482
vn 0.3437 -0.8581 -0.3813
vn 0.0679 -0.7775 -0.6252
vn -0.9545 -0.2937 0.0518
vn 0.8029 0.5907 -0.0800
vn 0.7909 0.6118 0.0114
vn -0.0011 1.0000 0.0006
vn 0.0071 0.9863 -0.1646
vn -0.8020 0.5585 0.2119
vn -0.9970 -0.0769 0.0069
vn 0.6682 -0.4555 0.5883
vn -0.0719 -0.8297 -0.5536
vn 0.2800 -0.5638 -0.7770
vn 0.0046 0.8094 0.5873
vn 0.7937 0.4793 0.3746
vn 0.6578 0.2741 0.7015
vn -0.0100 -0.6730 -0.7396
vn -0.2577 -0.5538 -0.7918
vn 0.0081 0.7865 -0.6175
vn 0.8070 -0.5345 0.2512
vn 0.6221 -0.6663 0.4110
vn 0.8083 0.5478 0.2160
vn 0.0098 0.9361 0.3517
vn 0.0068 0.9905 0.1373
vn 0.8008 0.5928 0.0854
vn 0.8077 0.5168 -0.2839
vn 0.0050 0.0757 -0.9971
vn 0.2332 -0.9714 -0.0437
vn -0.0018 -0.4308 -0.9025
vn -0.3739 -0.3637 -0.8532
vn -0.2529 0.0145 -0.9674
vn 0.0804 0.4983 -0.8633
vn 0.2410 -0.9632 0.1189
vn 0.6140 0.0600 0.7870
vn 0.2611 -0.3397 -0.9036
vn 0.4643 -0.6813 -0.5660
vn 0.4044 -0.5764 -0.7101
vn 0.2415 -0.3732 0.8958
vn 0.6860 -0.1932 0.7015
vn 0.8109 -0.1082 0.5750
vn 0.2628 -0.2507 0.9317
vn -0.9887 0.1493 0.0107
vn -0.9514 0.2004 0.2338
vn -0.9559 0.1483 0.2535
vn -0.9946 0.1009 -0.0227
vn 0.9641 -0.0326 0.2636
vn -0.2884 -0.5378 -0.7922
vn -0.1219 -0.4864 -0.8652
vn 0.1219 -0.7547 -0.6446
vn 0.0270 -0.8887 -0.4577
vn 0.3894 0.2171 -0.8951
vn 0.9370 -0.3120 -0.1572
vn 0.3954 -0.6360 0.6627
vn 0.7502 -0.6340 -0.1876
vn 0.6213 -0.7804 -0.0713
vn 0.0376 -0.6657 -0.7453
vn 0.0107 -0.6333 -0.7738
vn -0.2446 -0.9651 0.0935
vn -0.0656 -0.9773 0.2016
vn 0.9002 -0.3779 0.2163
vn 0.9445 -0.2967 0.1413
vn 0.7672 -0.5380 0.3493
vn 0.3906 -0.4639 0.7951
vn 0.9077 -0.4184 -0.0315
vn 0.9836 -0.1655 0.0715
vn 0.1314 -0.5639 -0.8154
vn -0.1005 -0.4640 -0.8801
vn -0.2550 -0.7831 -0.5672
vn -0.2215 -0.8305 -0.5111
vn 0.6450 -0.5351 0.5455
vn 0.6718 -0.3605 0.6470
vn 0.8553 -0.3977 0.3322
vn 0.8792 -0.2460 0.4080
vn 0.8879 -0.0656 0.4554
vn 0.9701 -0.1925 0.1476
vn 0.9500 -0.2434 0.1957
vn 0.8561 -0.2661 0.4430
vn 0.9524 -0.2326 -0.1972
vn 0.9251 -0.3227 -0.2003
vn 0.9168 -0.3994 -0.0020
vn 0.7283 -0.6059 -0.3202
vn 0.9461 -0.3190 0.0562
vn 0.0671 -0.6723 -0.7372
vn -0.1608 -0.3993 -0.9026
vn -0.3062 -0.3669 -0.8784
vn 0.8320 0.5398 0.1278
vn 0.9774 -0.2109 0.0160
vn 0.9465 -0.2953 0.1301
vn 0.8003 0.5052 0.3229
vn 0.7059 -0.6947 0.1380
vn 0.8784 -0.4585 0.1351
vn 0.9150 -0.3774 0.1425
vn 0.6250 -0.7727 0.1112
vn -0.4155 -0.9095 0.0117
vn -0.3240 -0.9048 0.2762
vn 0.5813 -0.8119 0.0541
vn 0.6381 -0.7538 -0.1570
vn -0.3872 -0.8388 -0.3826
vn 0.9231 0.3782 0.0695
vn 0.9742 0.2207 -0.0483
vn 0.9331 0.3536 0.0660
vn 0.9779 -0.1930 -0.0805
vn 0.9850 -0.1685 -0.0381
vn 0.9339 -0.3455 -0.0917
vn 0.9379 -0.3277 -0.1140
vn 0.3015 -0.8246 0.4787
vn 0.8964 -0.2890 0.3361
vn 0.9102 -0.4093 -0.0625
vn 0.7177 -0.6716 -0.1838
vn 0.3234 -0.4788 -0.8162
vn 0.4114 -0.7893 -0.4558
vn 0.9297 -0.3496 -0.1159
vn 0.9490 -0.3080 -0.0679
vn 0.9598 -0.2799 -0.0227
vn 0.9629 -0.2591 -0.0752
vn 0.9986 0.0073 -0.0514
vn 0.9211 -0.0172 0.3888
vn 0.8007 0.0034 0.5991
vn 0.8563 -0.0986 0.5069
vn 0.9499 -0.1108 0.2922
vn 0.9633 -0.2135 0.1626
vn -0.0287 -0.4340 -0.9004
vn 0.0893 -0.6941 -0.7143
vn -0.1419 -0.6760 -0.7231
vn 0.7885 0.4008 0.4665
vn 0.7646 0.4861 0.4233
vn 0.8570 0.4237 0.2934
vn 0.6656 0.2799 -0.6918
vn 0.6902 -0.0173 -0.7235
vn 0.9949 0.0591 -0.0821
vn 0.9921 -0.0643 -0.1074
vn 0.9413 -0.2856 -0.1802
vn 0.9115 -0.3663 -0.1872
vn 0.9157 -0.3784 -0.1356
vn -0.2794 -0.9544 -0.1050
vn 0.3837 -0.2088 0.8996
vn 0.9682 -0.2494 0.0205
vn -0.3820 -0.6799 -0.6260
vn -0.6286 -0.4206 -0.6542
vn -0.4638 -0.3739 -0.8032
vn 0.2043 -0.9724 -0.1129
vn 0.3874 -0.9215 -0.0280
vn 0.6227 -0.7824 -0.0008
vn 0.8447 -0.5012 -0.1880
vn 0.5461 -0.6588 -0.5174
vn 0.8806 -0.4040 -0.2476
vn 0.9092 -0.2554 -0.3288
vn 0.9557 -0.1856 -0.2285
vn 0.9163 -0.2822 -0.2842
vn 0.6993 -0.4072 -0.5876
vn 0.5845 -0.8113 -0.0149
vn 0.4519 -0.8917 -0.0240
vn 0.3538 -0.9305 0.0950
vn 0.7167 -0.6972 0.0129
vn 0.6574 -0.7128 0.2443
vn 0.8038 -0.5187 0.2912
vn 0.8372 -0.5047 0.2106
vn 0.7007 -0.6859 0.1965
vn 0.1450 0.3371 0.9302
vn 0.3852 0.3399 0.8580
vn 0.5042 -0.1928 0.8418
vn 0.3478 -0.1038 0.9318
vn 0.2257 -0.6923 -0.6854
vn 0.1090 -0.8180 -0.5648
vn 0.3307 -0.8398 -0.4305
vn 0.2241 -0.7132 -0.6642
vn 0.3142 -0.9337 -0.1717
vn 0.2221 -0.6301 -0.7441
vn 0.5405 -0.0982 0.8356
vn 0.4702 -0.8797 0.0710
vn 0.6511 -0.6894 -0.3176
vn 0.6198 -0.7412 -0.2578
vn 0.8894 -0.4556 -0.0372
vn 0.8558 -0.5159 -0.0387
vn 0.3746 -0.7235 -0.5798
vn 0.4792 -0.7295 -0.4881
vn 0.6530 -0.6995 0.2903
vn 0.5817 -0.7832 0.2198
vn 0.2081 -0.7729 -0.5994
vn 0.2820 -0.6691 -0.6876
vn 0.3214 -0.7189 -0.6163
vn 0.0421 -0.5918 -0.8050
vn 0.8582 -0.5133 -0.0004
vn 0.6708 0.0219 0.7413
vn 0.9940 -0.1033 -0.0359
vn 0.9944 -0.0590 -0.0877
vn 0.6530 -0.0385 0.7564
vn 0.9534 -0.1481 -0.2629
vn 0.6032 -0.5853 -0.5418
vn 0.6597 -0.1977 -0.7250
vn 0.1928 -0.6667 -0.7199
vn 0.5554 -0.8280 0.0772
vn 0.0527 -0.3390 -0.9393
vn 0.9493 -0.2973 -0.1025
vn 0.9535 -0.2857 -0.0961
vn 0.9060 -0.4217 -0.0362
vn 0.6511 -0.7153 -0.2537
vn 0.8508 -0.5254 0.0074
vn 0.9269 -0.3531 -0.1271
vn 0.5220 -0.6426 -0.5608
vn 0.2898 -0.6129 -0.7351
vn -0.0025 -0.6987 -0.7154
vn 0.9991 -0.0279 -0.0330
vn 0.9989 -0.0270 -0.0382
vn 0.9747 -0.2148 -0.0616
vn 0.9870 -0.1532 0.0477
vn -0.1125 -0.4302 -0.8957
vn 0.4658 0.6020 0.6485
vn 0.7221 0.2625 0.6400
vn 0.8666 -0.4035 0.2937
vn 0.8730 -0.4286 0.2330
vn 0.8539 -0.0557 -0.5174
vn 0.9530 -0.2955 0.0674
vn 0.8320 -0.5548 0.0029
vn 0.8081 -0.3761 -0.4533
vn 0.9992 0.0138 -0.0372
vn 0.9883 -0.0350 -0.1484
vn 0.9769 -0.2138 -0.0015
vn 0.9814 -0.1829 -0.0590
vn 0.2731 -0.8507 -0.4491
vn -0.3883 -0.3912 0.8344
vn 0.6256 -0.1521 0.7652
vn 0.9807 -0.1429 0.1336
vn 0.9557 -0.2902 -0.0484
vn 0.9870 -0.1577 0.0296
vn 0.8863 -0.4331 -0.1637
vn 0.9718 -0.2343 0.0279
vn 0.9891 -0.1130 0.0939
vn 0.9764 0.1083 0.1870
vn -0.2644 0.7677 0.5838
vn 0.7663 0.6421 -0.0231
vn 0.9060 -0.3986 -0.1428
vn 0.6796 0.0773 0.7295
vn 0.9764 -0.2141 -0.0289
vn 0.7406 -0.4599 0.4899
vn 0.6620 -0.1351 0.7372
vn 0.9973 -0.0285 0.0676
vn 0.9781 -0.0305 0.2060
vn 0.9987 -0.0155 -0.0490
vn 0.9996 -0.0197 -0.0210
vn 0.2428 0.8297 -0.5027
vn 0.5231 0.5487 -0.6521
vn 0.9603 -0.0255 -0.2779
vn 0.6817 -0.6857 0.2554
vn -0.0743 -0.7413 0.6671
vn 0.0888 -0.4074 0.9089
vn -0.7977 -0.5083 -0.3246
vn -0.8262 -0.5602 0.0603
vn 0.5657 0.1261 0.8149
vn 0.7666 0.0975 0.6346
vn 0.7475 0.2068 0.6313
vn -0.0122 -0.4899 -0.8717
vn 0.4291 0.6422 0.6352
vn 0.7046 0.3750 0.6024
vn 0.6159 0.5579 0.5563
vn -0.4043 -0.0868 -0.9105
vn -0.4568 -0.2352 -0.8579
vn 0.6026 -0.2478 -0.7586
vn 0.9900 -0.1248 0.0663
vn 0.7415 0.0299 0.6703
vn 0.8453 -0.0304 0.5334
vn 0.6118 -0.1430 0.7780
vn 0.7303 -0.1360 0.6694
vn 0.5900 0.3288 0.7374
vn -0.8261 -0.0625 -0.5600
vn -0.8764 0.0173 -0.4813
vn -0.9003 -0.2047 -0.3843
vn -0.8262 -0.2978 -0.4783
vn -0.9274 0.0546 -0.3701
vn -0.9409 -0.1173 -0.3176
vn 0.7589 0.2497 0.6014
vn 0.8901 0.1722 0.4220
vn 0.1938 -0.2084 0.9586
vn 0.3911 -0.1056 0.9142
vn -0.0827 0.2556 0.9632
vn 0.1669 -0.0634 0.9839
vn 0.6773 -0.6667 0.3111
vn 0.1622 -0.1619 0.9734
vn 0.1325 -0.9363 0.3252
vn -0.0673 -0.8416 0.5358
vn -0.1471 -0.9120 0.3828
vn 0.2073 -0.0780 0.9752
vn 0.8034 -0.5933 0.0508
vn -0.2192 -0.4513 0.8650
vn -0.0496 -0.3521 0.9346
vn -0.2404 0.0761 0.9677
vn -0.3651 -0.1695 0.9154
vn -0.1769 0.2021 0.9633
vn 0.9749 -0.2179 0.0455
vn 0.6918 -0.6544 -0.3052
vn 0.0359 -0.2613 0.9646
vn 0.5912 -0.7574 -0.2772
vn 0.7069 -0.7066 -0.0311
vn 0.1794 -0.9268 -0.3299
vn -0.4469 -0.5618 0.6962
vn 0.3495 -0.8655 0.3589
vn -0.6513 -0.7158 0.2519
vn 0.0536 -0.5045 -0.8618
vn 0.4558 -0.4880 -0.7444
vn 0.2281 -0.5100 -0.8293
vn 0.8876 -0.1968 0.4166
vn 0.9529 -0.2073 0.2212
vn 0.9482 -0.0049 0.3177
vn 0.1691 -0.6673 -0.7253
vn 0.3349 -0.6919 -0.6396
vn 0.3719 -0.8908 0.2611
vn 0.4023 -0.9028 -0.1520
vn 0.7886 -0.5913 0.1687
vn 0.7276 -0.5255 0.4409
vn 0.3660 -0.6028 0.7090
vn 0.3593 -0.7620 0.5387
vn 0.3095 -0.8692 0.3856
vn 0.1856 -0.9487 -0.2559
vn 0.1411 -0.9866 -0.0819
vn 0.8234 -0.1631 0.5435
vn 0.5412 -0.5951 0.5942
vn 0.1301 -0.7172 0.6846
vn -0.5379 -0.4472 0.7147
vn -0.3023 -0.6342 0.7117
vn 0.4645 -0.8509 0.2454
vn -0.5437 0.0031 -0.8393
vn -0.5570 0.0060 -0.8305
vn -0.3395 -0.0731 -0.9378
vn -0.2821 -0.0602 -0.9575
vn -0.7052 -0.5923 0.3898
vn -0.4332 -0.7787 0.4539
vn 0.0078 0.2502 0.9682
vn -0.6771 0.3220 0.6617
vn -0.6197 0.2923 0.7283
vn -0.6299 -0.7682 -0.1148
vn 0.7493 0.2240 -0.6231
vn 0.7761 -0.0925 -0.6238
vn -0.0780 -0.9968 -0.0160
vn 0.0396 -0.9787 -0.2012
vn 0.0159 -0.8799 -0.4749
vn 0.6961 -0.4672 -0.5451
vn 0.9486 -0.2878 -0.1318
vn 0.4552 0.7657 0.4545
vn 0.7213 0.5822 0.3753
vn 0.9971 0.0753 -0.0126
vn 0.9938 0.1114 -0.0001
vn 0.9145 0.1858 0.3594
vn 0.9627 0.1588 0.2190
vn 0.9810 0.1658 0.1012
vn 0.8202 0.5477 0.1651
vn 0.8895 0.3143 0.3317
vn 0.9623 0.2535 0.0982
vn 0.0984 -0.9742 0.2032
vn 0.6095 0.0251 0.7924
vn 0.6837 -0.4217 -0.5956
vn 0.0140 -0.2844 -0.9586
vn -0.0998 -0.5428 -0.8339
vn 0.6219 -0.7767 -0.1001
vn 0.9223 -0.2937 0.2512
vn 0.9210 -0.3570 0.1558
vn 0.9611 -0.1908 0.1998
vn 0.9937 0.0674 0.0897
vn 0.9716 -0.2348 0.0287
vn 0.4978 -0.7094 -0.4990
vn 0.9661 -0.1778 0.1872
vn 0.6558 -0.0018 0.7549
vn 0.8165 -0.5336 -0.2203
vn -0.5210 0.0713 -0.8506
vn -0.2411 0.0180 -0.9703
vn 0.8295 -0.0005 -0.5585
vn 0.8542 -0.2466 -0.4577
vn 0.2105 -0.1964 -0.9577
vn 0.1941 -0.0534 -0.9795
vn -0.5225 0.1673 -0.8360
vn -0.3893 0.0804 -0.9176
vn -0.0945 -0.1786 -0.9794
vn -0.0304 -0.5065 -0.8617
vn 0.3072 -0.3565 -0.8824
vn 0.1734 0.0671 -0.9826
vn 0.1257 0.4286 -0.8947
vn 0.4635 0.0370 -0.8853
vn 0.5858 -0.7740 -0.2405
vn 0.4247 -0.8547 -0.2986
vn 0.1341 -0.4594 -0.8780
vn 0.2511 -0.4881 -0.8359
vn -0.5299 0.0144 0.8479
vn 0.0440 -0.0147 -0.9989
vn -0.5550 0.2642 0.7888
vn 0.3614 0.0531 -0.9309
vn 0.1975 -0.2783 -0.9400
vn -0.1463 0.1342 -0.9801
vn 0.0800 0.3800 -0.9215
vn 0.1770 0.3554 -0.9178
vn 0.9986 -0.0161 -0.0504
vn 0.6938 0.0396 -0.7191
vn 0.4989 0.0049 -0.8666
vn 0.5313 0.0343 -0.8465
vn -0.8320 -0.1501 -0.5341
vn -0.9734 -0.1104 -0.2010
vn -0.9785 -0.0525 -0.1995
vn -0.8831 -0.0982 -0.4588
vn 0.6455 0.0716 -0.7604
vn 0.9831 -0.0057 -0.1828
vn -0.4483 0.0504 -0.8925
vn -0.3425 -0.0625 -0.9374
vn -0.2967 0.2705 -0.9159
vn 0.7127 0.0146 -0.7013
vn 0.7627 -0.0065 -0.6467
vn 0.8483 0.0075 -0.5294
vn 0.9825 0.0581 -0.1770
vn 0.9002 0.0786 0.4283
vn 0.9692 0.1556 -0.1911
vn 0.9168 -0.0000 -0.3993
vn 0.9230 -0.0753 -0.3773
vn 0.9083 0.1288 -0.3980
vn 0.9939 0.0735 0.0823
vn 0.9691 0.0682 0.2371
vn 0.9850 0.1643 -0.0533
vn 0.9974 0.0662 -0.0301
vn 0.2464 0.8353 0.4915
vn 0.7174 0.5987 -0.3563
vn 0.4474 0.8134 -0.3718
vn 0.5127 0.8487 -0.1299
vn 0.5299 0.8117 0.2458
vn 0.2566 0.9236 0.2848
vn 0.2595 0.9630 0.0722
vn 0.2330 0.9623 -0.1407
vn 0.5482 0.8344 0.0572
vn 0.1996 0.8946 -0.3998
vn 0.5633 0.5405 -0.6250
vn 0.7639 0.3518 -0.5410
vn 0.4013 0.2159 -0.8901
vn 0.2695 0.4280 -0.8626
vn 0.3994 0.1008 -0.9112
vn 0.0399 0.0851 -0.9956
vn 0.3583 0.1428 -0.9226
vn 0.9781 0.0872 -0.1889
vn 0.9937 0.1091 -0.0272
vn 0.8949 0.3641 -0.2581
vn 0.7332 -0.1426 -0.6649
vn 0.1934 0.7107 -0.6764
vn 0.3918 0.7134 -0.5810
vn 0.2629 -0.7678 -0.5842
vn 0.0818 -0.2520 -0.9643
vn 0.0819 -0.5980 -0.7973
vn 0.1166 0.0404 -0.9924
vn 0.7275 0.1475 -0.6700
vn 0.4955 -0.7458 -0.4454
vn 0.7258 -0.4742 -0.4983
vn 0.8653 -0.4399 -0.2404
vn 0.5903 -0.6485 -0.4806
vn 0.2235 -0.6241 -0.7487
vn 0.2188 -0.8469 -0.4846
vn 0.0012 -0.0376 -0.9993
vn -0.3570 -0.1212 -0.9262
vn 0.0158 -0.0136 -0.9998
vn -0.3435 0.7595 -0.5524
vn -0.9197 0.3250 -0.2202
vn 0.8041 -0.5806 -0.1278
vn 0.8500 -0.4547 -0.2661
vn 0.8492 -0.3813 -0.3652
vn -0.0574 -0.1612 -0.9853
vn -0.0018 -0.1032 -0.9947
vn 0.4987 -0.4506 -0.7405
vn 0.3558 -0.2581 -0.8982
vn -0.9944 -0.0837 -0.0646
vn -0.9855 -0.1241 0.1159
vn -0.9850 0.0353 0.1690
vn -0.9978 -0.0473 -0.0454
vn 0.1833 -0.6283 -0.7561
vn -0.1952 0.1105 -0.9745
vn -0.5902 0.0573 0.8052
vn -0.2234 0.0890 -0.9707
vn 0.3534 -0.2013 -0.9136
vn 0.3947 -0.3099 -0.8650
vn 0.2809 -0.1930 -0.9401
vn -0.3917 0.3121 -0.8656
vn -0.2346 0.0820 -0.9686
vn -0.4767 0.2098 -0.8537
vn -0.3244 0.6056 -0.7267
vn 0.1389 0.2753 -0.9513
vn -0.1511 0.3298 -0.9319
vn 0.3896 0.4082 -0.8256
vn 0.3534 0.4232 -0.8343
vn 0.3691 0.1702 -0.9137
vn 0.1410 0.6203 -0.7715
vn 0.2715 0.3373 -0.9014
vn 0.3526 0.4292 -0.8315
vn 0.2726 0.2678 -0.9241
vn 0.1793 0.5182 -0.8363
vn 0.1575 -0.0385 -0.9868
vn -0.0429 0.5323 -0.8455
vn 0.1315 0.6273 -0.7676
vn 0.2986 -0.1874 -0.9358
vn 0.3866 0.1457 -0.9106
vn -0.9829 0.0062 -0.1841
vn -0.8221 -0.4555 -0.3416
vn -0.8755 -0.1817 -0.4477
vn -0.8470 -0.1947 -0.4947
vn 0.4434 -0.0240 -0.8960
vn 0.4621 0.4838 -0.7432
vn 0.1191 0.5739 -0.8102
vn 0.0901 0.5210 -0.8488
vn 0.4119 -0.1886 -0.8915
vn 0.4709 0.5819 -0.6630
vn 0.2674 0.6714 -0.6912
vn -0.0302 0.5592 -0.8285
vn 0.5354 -0.3398 -0.7732
vn 0.5059 -0.3112 -0.8045
vn 0.4992 -0.2571 -0.8274
vn 0.4476 -0.3538 -0.8213
vn 0.1061 0.3826 -0.9178
vn 0.2997 -0.7608 -0.5756
vn 0.5285 -0.5515 -0.6454
vn 0.3931 -0.4818 -0.7832
vn 0.2266 0.1381 -0.9641
vn 0.3919 -0.2643 -0.8812
vn -0.0810 0.0070 -0.9967
vn -0.0076 0.0254 -0.9996
vn 0.1485 -0.1580 -0.9762
vn 0.1908 -0.3956 -0.8984
vn -0.8707 -0.2600 -0.4174
vn -0.8172 0.4882 -0.3063
vn -0.9379 0.1739 -0.3000
vn -0.4531 0.0490 -0.8901
vn -0.6949 -0.3993 -0.5980
vn -0.4415 -0.8348 -0.3291
vn -0.9735 0.0546 -0.2220
vn -0.9564 -0.0244 -0.2912
vn -0.9389 0.1326 -0.3177
vn -0.9697 0.1569 -0.1874
vn -0.5602 -0.2322 0.7951
vn -0.9348 -0.3272 0.1382
vn -0.9802 -0.1924 -0.0458
vn -0.8725 -0.0962 -0.4790
vn -0.8613 -0.1198 -0.4938
vn 0.1617 -0.0077 0.9868
vn -0.2285 -0.9626 -0.1455
vn -0.2741 -0.9224 -0.2721
vn 0.6955 -0.7138 0.0820
vn 0.7302 -0.6505 0.2092
vn -0.8379 -0.1435 -0.5267
vn -0.9035 -0.1828 -0.3877
vn -0.7486 -0.2261 -0.6233
vn -0.8873 -0.3923 -0.2425
vn -0.8746 -0.4848 -0.0018
vn -0.9576 -0.1777 -0.2267
vn 0.7479 -0.5593 0.3576
vn -0.8328 -0.2768 -0.4794
vn -0.7684 -0.1334 -0.6259
vn -0.8869 -0.1592 -0.4336
vn -0.3043 -0.2956 -0.9055
vn -0.0903 -0.5842 -0.8066
vn -0.1859 -0.4472 -0.8749
vn 0.9887 -0.0653 -0.1352
vn -0.4598 -0.4677 -0.7549
vn -0.5245 -0.4640 0.7139
vn -0.7855 -0.5469 0.2898
vn -0.4572 -0.5911 -0.6645
vn -0.3880 -0.7564 -0.5266
vn -0.7562 -0.2597 -0.6006
vn 0.0809 -0.6055 0.7917
vn -0.5226 -0.5645 0.6389
vn 0.9982 -0.0592 0.0049
vn -0.3757 -0.8789 -0.2940
vn -0.3185 -0.9448 0.0768
vn -0.7110 -0.1879 -0.6776
vn -0.1666 -0.8449 0.5083
vn 0.9984 -0.0468 0.0311
vn 0.9977 -0.0675 0.0103
vt 0.252400 0.721200
vt 0.229300 0.722400
vt 0.230900 0.700200
vt 0.252400 0.699200
vt 0.294200 0.819700
vt 0.187200 0.689500
vt 0.169700 0.690600
vt 0.310200 0.820600
vt 0.207800 0.701000
vt 0.187100 0.699000
vt 0.208700 0.689100
vt 0.148800 0.755000
vt 0.146800 0.746500
vt 0.161600 0.739300
vt 0.164000 0.752100
vt 0.186600 0.711600
vt 0.182400 0.706200
vt 0.135000 0.704600
vt 0.132100 0.694100
vt 0.149800 0.692100
vt 0.152300 0.702700
vt 0.154500 0.715900
vt 0.138400 0.721600
vt 0.170400 0.700800
vt 0.116800 0.707600
vt 0.113600 0.697900
vt 0.328600 0.823900
vt 0.177100 0.732300
vt 0.159300 0.728100
vt 0.173100 0.720000
vt 0.323900 0.897100
vt 0.337200 0.893700
vt 0.341800 0.899800
vt 0.355100 0.907900
vt 0.116600 0.755500
vt 0.130000 0.745700
vt 0.133400 0.752900
vt 0.170700 0.710200
vt 0.063100 0.753100
vt 0.052800 0.746600
vt 0.057200 0.733600
vt 0.074300 0.742700
vt 0.346000 0.827300
vt 0.144100 0.737500
vt 0.339400 0.906300
vt 0.310700 0.832500
vt 0.168600 0.683800
vt 0.148900 0.685400
vt 0.325500 0.835400
vt 0.101200 0.711700
vt 0.122200 0.727200
vt 0.107000 0.733000
vt 0.294400 0.715300
vt 0.275600 0.722400
vt 0.273900 0.700200
vt 0.297100 0.701000
vt 0.364500 0.832900
vt 0.367000 0.920400
vt 0.102700 0.768300
vt 0.090900 0.739100
vt 0.251200 0.829300
vt 0.239400 0.828900
vt 0.252400 0.680700
vt 0.257200 0.818300
vt 0.082400 0.713700
vt 0.385400 0.952800
vt 0.090000 0.810300
vt 0.098300 0.793100
vt 0.381900 0.936000
vt 0.380200 0.957000
vt 0.083200 0.806500
vt 0.088900 0.785200
vt 0.374300 0.938900
vt 0.067200 0.785600
vt 0.075200 0.805900
vt 0.398100 0.959500
vt 0.409200 0.948000
vt 0.080000 0.703900
vt 0.098700 0.702000
vt 0.363400 0.889400
vt 0.385800 0.908900
vt 0.372800 0.914600
vt 0.358400 0.901500
vt 0.067900 0.716800
vt 0.045700 0.780200
vt 0.109600 0.776700
vt 0.445100 0.932900
vt 0.437100 0.919300
vt 0.024600 0.772000
vt 0.017400 0.784600
vt 0.377000 0.851200
vt 0.097200 0.696100
vt 0.079400 0.697800
vt 0.393400 0.854300
vt 0.064200 0.706500
vt 0.423700 0.890000
vt 0.041300 0.741000
vt 0.419400 0.935200
vt 0.047800 0.792700
vt 0.061400 0.796600
vt 0.398500 0.937100
vt 0.273600 0.740800
vt 0.252400 0.738500
vt 0.055100 0.715500
vt 0.059800 0.720800
vt 0.045200 0.743600
vt 0.050000 0.730400
vt 0.250400 0.852300
vt 0.239400 0.852100
vt 0.024900 0.802900
vt 0.017000 0.798200
vt 0.022400 0.787700
vt 0.031700 0.793800
vt 0.431000 0.886300
vt 0.030800 0.773900
vt 0.444900 0.918000
vt 0.378200 0.838100
vt 0.395500 0.840700
vt 0.121900 0.764400
vt 0.008900 0.808600
vt 0.455500 0.948300
vt 0.451400 0.941100
vt 0.011400 0.795900
vt 0.393100 0.954700
vt 0.076600 0.812900
vt 0.082800 0.813300
vt 0.386500 0.962100
vt 0.392400 0.962600
vt 0.239400 0.875400
vt 0.251500 0.876000
vt 0.252900 0.888900
vt 0.239400 0.889300
vt 0.437200 0.936700
vt 0.445300 0.945100
vt 0.281200 0.888100
vt 0.266900 0.889500
vt 0.265100 0.876800
vt 0.279000 0.875100
vt 0.037900 0.798700
vt 0.070900 0.809400
vt 0.422500 0.945300
vt 0.433300 0.949400
vt 0.414000 0.893300
vt 0.428000 0.920500
vt 0.225800 0.888900
vt 0.227200 0.876000
vt 0.022800 0.814500
vt 0.032100 0.808000
vt 0.452000 0.951800
vt 0.020700 0.808700
vt 0.014700 0.807700
vt 0.263000 0.829600
vt 0.263400 0.853000
vt 0.451500 0.930100
vt 0.441400 0.954500
vt 0.450600 0.959800
vt 0.462000 0.950300
vt 0.459200 0.938800
vt 0.428500 0.873600
vt 0.424600 0.854900
vt 0.411400 0.919200
vt 0.397500 0.895200
vt 0.275700 0.852100
vt 0.288700 0.851500
vt 0.293500 0.874000
vt 0.380400 0.893000
vt 0.458200 0.957000
vt 0.228300 0.852300
vt 0.360400 0.866800
vt 0.378100 0.878200
vt 0.295200 0.887500
vt 0.308400 0.889000
vt 0.166100 0.761600
vt 0.180700 0.760500
vt 0.395900 0.877200
vt 0.134600 0.759900
vt 0.345500 0.886300
vt 0.013800 0.814700
vt 0.302100 0.853000
vt 0.307600 0.875400
vt 0.171200 0.875400
vt 0.176600 0.853000
vt 0.190100 0.851500
vt 0.185200 0.874000
vt 0.274600 0.829200
vt 0.982700 0.759700
vt 0.983100 0.753300
vt 0.978700 0.699100
vt 0.286600 0.829300
vt 0.184500 0.819700
vt 0.168600 0.820600
vt 0.335200 0.690700
vt 0.317700 0.689600
vt 0.297800 0.830800
vt 0.322100 0.888800
vt 0.320900 0.877200
vt 0.230400 0.688500
vt 0.333700 0.879600
vt 0.329700 0.857700
vt 0.343900 0.861400
vt 0.315700 0.855200
vt 0.419400 0.874900
vt 0.417200 0.859600
vt 0.048500 0.708800
vt 0.045000 0.728300
vt 0.203000 0.852100
vt 0.199700 0.875100
vt 0.361000 0.845200
vt 0.342700 0.840000
vt 0.207900 0.682600
vt 0.211800 0.889500
vt 0.197500 0.888100
vt 0.213700 0.876700
vt 0.409500 0.876200
vt 0.414000 0.843400
vt 0.407800 0.855900
vt 0.060600 0.699000
vt 0.195600 0.757400
vt 0.111300 0.691100
vt 0.130800 0.687200
vt 0.252400 0.687800
vt 0.274500 0.688500
vt 0.231200 0.740800
vt 0.239400 0.898500
vt 0.253700 0.897700
vt 0.275400 0.818500
vt 0.193400 0.724600
vt 0.200600 0.721900
vt 0.206500 0.727500
vt 0.190200 0.731300
vt 0.239400 0.817800
vt 0.154900 0.897100
vt 0.169700 0.897900
vt 0.340800 0.752200
vt 0.356000 0.755100
vt 0.334100 0.710300
vt 0.322400 0.706300
vt 0.317800 0.699000
vt 0.334500 0.700900
vt 0.229900 0.680800
vt 0.197500 0.712900
vt 0.199600 0.715900
vt 0.196100 0.717100
vt 0.186300 0.682000
vt 0.227500 0.829300
vt 0.215700 0.829600
vt 0.275000 0.680900
vt 0.189800 0.719300
vt 0.192400 0.718400
vt 0.194600 0.721800
vt 0.221600 0.818300
vt 0.309100 0.897900
vt 0.179100 0.749800
vt 0.295500 0.896600
vt 0.202200 0.715200
vt 0.199500 0.710100
vt 0.210400 0.715200
vt 0.193500 0.747700
vt 0.193300 0.714400
vt 0.185400 0.722200
vt 0.191700 0.713000
vt 0.331600 0.888300
vt 0.139800 0.767000
vt 0.198800 0.719900
vt 0.213800 0.755400
vt 0.268300 0.897200
vt 0.211400 0.744900
vt 0.282600 0.896500
vt 0.309200 0.757500
vt 0.291000 0.755500
vt 0.232800 0.750000
vt 0.252400 0.748100
vt 0.296200 0.689100
vt 0.151300 0.763300
vt 0.137000 0.899700
vt 0.358000 0.746600
vt 0.371400 0.753000
vt 0.225000 0.897700
vt 0.826500 0.679200
vt 0.817900 0.681000
vt 0.822900 0.665700
vt 0.272000 0.750000
vt 0.343300 0.739400
vt 0.345600 0.728200
vt 0.360700 0.737700
vt 0.325700 0.749900
vt 0.327700 0.732400
vt 0.858500 0.898700
vt 0.866500 0.898200
vt 0.867600 0.904300
vt 0.391300 0.698100
vt 0.388000 0.707700
vt 0.369800 0.704700
vt 0.372800 0.694300
vt 0.196100 0.896500
vt 0.210400 0.897300
vt 0.293400 0.745000
vt 0.311300 0.747800
vt 0.382600 0.727300
vt 0.366400 0.721700
vt 0.318300 0.711700
vt 0.331800 0.720100
vt 0.352500 0.702800
vt 0.355000 0.692200
vt 0.350300 0.716000
vt 0.374800 0.745800
vt 0.139300 0.906200
vt 0.150100 0.823900
vt 0.132800 0.827300
vt 0.114200 0.832900
vt 0.313100 0.713100
vt 0.305300 0.710200
vt 0.093300 0.952800
vt 0.085600 0.954700
vt 0.080200 0.937100
vt 0.096800 0.936000
vt 0.441700 0.753300
vt 0.430500 0.742900
vt 0.447700 0.733800
vt 0.452100 0.746700
vt 0.403600 0.711900
vt 0.397800 0.733200
vt 0.311500 0.724700
vt 0.314600 0.731400
vt 0.298300 0.727600
vt 0.304200 0.722000
vt 0.422500 0.713900
vt 0.413900 0.739300
vt 0.123600 0.907800
vt 0.388200 0.755700
vt 0.402100 0.768500
vt 0.120400 0.901500
vt 0.370200 0.760100
vt 0.382700 0.764800
vt 0.415900 0.785400
vt 0.437600 0.785800
vt 0.069500 0.948000
vt 0.080500 0.959500
vt 0.429700 0.806000
vt 0.092900 0.908900
vt 0.105900 0.914600
vt 0.098500 0.957000
vt 0.104400 0.939000
vt 0.421600 0.806700
vt 0.153200 0.835400
vt 0.136000 0.840000
vt 0.374100 0.687300
vt 0.356000 0.685500
vt 0.436900 0.716900
vt 0.445000 0.721000
vt 0.884200 0.905000
vt 0.802400 0.651200
vt 0.803200 0.668000
vt 0.111600 0.920400
vt 0.459200 0.780400
vt 0.449700 0.715700
vt 0.454900 0.730500
vt 0.149100 0.857700
vt 0.134900 0.861500
vt 0.457000 0.792800
vt 0.059300 0.935200
vt 0.443400 0.796800
vt 0.424800 0.704000
vt 0.440600 0.706700
vt 0.459600 0.743800
vt 0.115300 0.889400
vt 0.484100 0.808900
vt 0.028100 0.959800
vt 0.037300 0.954500
vt 0.479900 0.803000
vt 0.395200 0.776900
vt 0.406600 0.793300
vt 0.027300 0.930200
vt 0.019500 0.938800
vt 0.487800 0.798300
vt 0.482500 0.787800
vt 0.473200 0.794000
vt 0.086200 0.962600
vt 0.414800 0.810500
vt 0.428200 0.813100
vt 0.434000 0.809600
vt 0.422100 0.813500
vt 0.482000 0.814700
vt 0.026700 0.951800
vt 0.033400 0.945100
vt 0.472700 0.808200
vt 0.092200 0.962100
vt 0.067300 0.919200
vt 0.041500 0.936600
vt 0.050700 0.920500
vt 0.045400 0.949300
vt 0.056200 0.945300
vt 0.972100 0.752200
vt 0.961000 0.752000
vt 0.962800 0.747000
vt 0.973000 0.746600
vt 0.047700 0.886200
vt 0.033900 0.918000
vt 0.474100 0.774000
vt 0.487500 0.784800
vt 0.480200 0.772200
vt 0.041600 0.919300
vt 0.033600 0.932900
vt 0.023200 0.948300
vt 0.495900 0.808800
vt 0.493400 0.796000
vt 0.027300 0.941100
vt 0.204100 0.829200
vt 0.297000 0.682700
vt 0.466900 0.798800
vt 0.490200 0.807900
vt 0.055000 0.890000
vt 0.463600 0.741200
vt 0.081200 0.895200
vt 0.215400 0.853000
vt 0.016600 0.950300
vt 0.098400 0.893000
vt 0.064700 0.893300
vt 0.054100 0.854900
vt 0.050200 0.873600
vt 0.082800 0.877200
vt 0.069200 0.876200
vt 0.100600 0.838100
vt 0.083200 0.840700
vt 0.406100 0.702100
vt 0.133200 0.886300
vt 0.085300 0.854300
vt 0.070900 0.855900
vt 0.100600 0.878200
vt 0.157800 0.877200
vt 0.163100 0.855200
vt 0.145000 0.879600
vt 0.183600 0.887500
vt 0.192200 0.829300
vt 0.170300 0.889000
vt 0.180900 0.830800
vt 0.156700 0.888800
vt 0.168000 0.832500
vt 0.147100 0.888300
vt 0.118300 0.866800
vt 0.059300 0.874900
vt 0.061500 0.859600
vt 0.425400 0.698000
vt 0.444300 0.699100
vt 0.064800 0.843400
vt 0.459900 0.728500
vt 0.456300 0.709000
vt 0.101800 0.851200
vt 0.117800 0.845200
vt 0.491000 0.815000
vt 0.884000 0.899800
vt 0.831200 0.660100
vt 0.823700 0.651100
vt 0.407700 0.696200
vt 0.393600 0.691300
vt 0.336300 0.684000
vt 0.203300 0.818500
vt 0.318600 0.682100
vt 0.302700 0.715300
vt 0.307400 0.713000
vt 0.305200 0.715900
vt 0.020400 0.957000
vt 0.306000 0.720000
vt 0.310300 0.721900
vt 0.183300 0.896500
vt 0.308700 0.717100
vt 0.319400 0.722300
vt 0.311500 0.714400
vt 0.312500 0.718500
vt 0.315100 0.719400
vt 0.324100 0.760600
vt 0.141500 0.893600
vt 0.365000 0.767200
vt 0.338700 0.761700
vt 0.353500 0.763400
vt 0.808600 0.680800
vt 0.853500 0.906400
vt 0.788600 0.825800
vt 0.773000 0.829100
vt 0.879300 0.758100
vt 0.895200 0.758600
vt 0.722600 0.978300
vt 0.986600 0.742000
vt 0.976500 0.739100
vt 0.732700 0.978900
vt 0.856200 0.905800
vt 0.983000 0.748300
vt 0.723200 0.970200
vt 0.877000 0.898800
vt 0.786600 0.843200
vt 0.772300 0.840300
vt 0.957400 0.752400
vt 0.753400 0.979900
vt 0.853700 0.904900
vt 0.934700 0.948900
vt 0.855300 0.901600
vt 0.733700 0.969100
vt 0.815900 0.683300
vt 0.960400 0.745100
vt 0.981500 0.763700
vt 0.723500 0.986000
vt 0.749400 0.980200
vt 0.751200 0.973100
vt 0.957100 0.753800
vt 0.752800 0.981400
vt 0.957300 0.751300
vt 0.971800 0.758500
vt 0.952500 0.874500
vt 0.695000 0.882100
vt 0.687100 0.881300
vt 0.948800 0.869400
vt 0.748900 0.985900
vt 0.959300 0.759900
vt 0.891800 0.746700
vt 0.902100 0.745500
vt 0.903800 0.756400
vt 0.960300 0.757200
vt 0.905400 0.975300
vt 0.733800 0.987000
vt 0.970800 0.762800
vt 0.796100 0.842300
vt 0.798000 0.826700
vt 0.875600 0.749500
vt 0.673800 0.880300
vt 0.952800 0.862400
vt 0.678400 0.882700
vt 0.854600 0.695200
vt 0.947900 0.666800
vt 0.863500 0.962500
vt 0.866400 0.698900
vt 0.977200 0.672100
vt 0.766700 0.834800
vt 0.871900 0.755500
vt 0.673600 0.886300
vt 0.675400 0.884800
vt 0.678900 0.890100
vt 0.766700 0.836400
vt 0.871300 0.754400
vt 0.673400 0.883100
vt 0.670600 0.879700
vt 0.670500 0.879400
vt 0.672100 0.881100
vt 0.683300 0.891600
vt 0.681300 0.894000
vt 0.685800 0.891200
vt 0.688600 0.897300
vt 0.687600 0.897300
vt 0.614400 0.828900
vt 0.621000 0.846900
vt 0.615700 0.849400
vt 0.607600 0.833400
vt 0.810000 0.723400
vt 0.801800 0.727200
vt 0.804900 0.725500
vt 0.692900 0.893500
vt 0.672300 0.883800
vt 0.672100 0.883400
vt 0.687100 0.898200
vt 0.671800 0.878900
vt 0.670100 0.878400
vt 0.671600 0.887800
vt 0.676700 0.892700
vt 0.690800 0.897900
vt 0.689100 0.898200
vt 0.845700 0.721600
vt 0.853500 0.717100
vt 0.968600 0.648000
vt 0.671100 0.884400
vt 0.672800 0.877400
vt 0.697700 0.894200
vt 0.702100 0.883300
vt 0.791700 0.714700
vt 0.798400 0.717700
vt 0.960300 0.868400
vt 0.687900 0.871200
vt 0.950200 0.656700
vt 0.854000 0.709600
vt 0.789300 0.697900
vt 0.958400 0.876200
vt 0.796100 0.704000
vt 0.971600 0.872100
vt 0.801000 0.704800
vt 0.704000 0.876400
vt 0.970800 0.865300
vt 0.809700 0.706800
vt 0.691800 0.898200
vt 0.797900 0.714300
vt 0.802400 0.693700
vt 0.805000 0.719100
vt 0.795900 0.722200
vt 0.668700 0.882600
vt 0.818000 0.712100
vt 0.964500 0.861900
vt 0.800700 0.726100
vt 0.799000 0.725300
vt 0.802100 0.717900
vt 0.812500 0.695000
vt 0.960800 0.862000
vt 0.821900 0.701100
vt 0.799400 0.726700
vt 0.796400 0.726200
vt 0.864300 0.710700
vt 0.858100 0.719800
vt 0.965500 0.674200
vt 0.834600 0.696500
vt 0.835500 0.708200
vt 0.967900 0.663300
vt 0.667400 0.879500
vt 0.958500 0.861900
vt 0.913000 0.894200
vt 0.909000 0.900700
vt 0.910700 0.894200
vt 0.516200 0.860000
vt 0.600300 0.842600
vt 0.609800 0.854200
vt 0.527800 0.867200
vt 0.669200 0.879900
vt 0.853400 0.723100
vt 0.973200 0.650600
vt 0.968500 0.652300
vt 0.779500 0.761000
vt 0.906700 0.873300
vt 0.960800 0.975500
vt 0.670600 0.881800
vt 0.956300 0.861900
vt 0.677200 0.875700
vt 0.696300 0.873500
vt 0.771000 0.705000
vt 0.532400 0.799200
vt 0.519900 0.804700
vt 0.766400 0.713400
vt 0.976900 0.669200
vt 0.961400 0.648700
vt 0.977600 0.661900
vt 0.972700 0.655900
vt 0.976300 0.653600
vt 0.970700 0.670200
vt 0.625900 0.856600
vt 0.536200 0.886100
vt 0.536200 0.885000
vt 0.622100 0.857900
vt 0.624000 0.828300
vt 0.782300 0.876100
vt 0.637500 0.827700
vt 0.631700 0.854500
vt 0.536100 0.887400
vt 0.535300 0.886200
vt 0.625300 0.862500
vt 0.618300 0.860800
vt 0.534800 0.874500
vt 0.515100 0.913500
vt 0.627700 0.845500
vt 0.628000 0.861700
vt 0.635700 0.843200
vt 0.629400 0.861100
vt 0.502300 0.887700
vt 0.505900 0.894000
vt 0.635600 0.853400
vt 0.535900 0.889600
vt 0.630800 0.860500
vt 0.528300 0.904000
vt 0.533900 0.895800
vt 0.522000 0.889500
vt 0.528100 0.887500
vt 0.529600 0.890500
vt 0.523800 0.892500
vt 0.508400 0.872100
vt 0.534700 0.887500
vt 0.633100 0.859200
vt 0.508300 0.898700
vt 0.520300 0.885300
vt 0.528000 0.884700
vt 0.534400 0.885800
vt 0.534300 0.886600
vt 0.535400 0.809700
vt 0.739600 0.877600
vt 0.529700 0.878500
vt 0.534900 0.884700
vt 0.521900 0.876600
vt 0.511500 0.817200
vt 0.520900 0.813400
vt 0.523800 0.822400
vt 0.514200 0.823900
vt 0.536100 0.882600
vt 0.740100 0.695100
vt 0.748400 0.886500
vt 0.535900 0.823600
vt 0.759000 0.723600
vt 0.509200 0.813100
vt 0.505600 0.820100
vt 0.749700 0.727500
vt 0.506800 0.822000
vt 0.507900 0.823900
vt 0.815500 0.937500
vt 0.825300 0.935800
vt 0.826400 0.941300
vt 0.815400 0.942500
vt 0.526800 0.846700
vt 0.505700 0.822200
vt 0.789100 0.923100
vt 0.625400 0.879600
vt 0.778500 0.923100
vt 0.738000 0.723100
vt 0.506800 0.824500
vt 0.754500 0.695500
vt 0.751500 0.707500
vt 0.741900 0.709200
vt 0.815800 0.948800
vt 0.931700 0.972000
vt 0.737300 0.695600
vt 0.735200 0.701800
vt 0.742800 0.724900
vt 0.771000 0.921600
vt 0.606900 0.877600
vt 0.733000 0.714200
vt 0.737700 0.700100
vt 0.739500 0.709000
vt 0.750300 0.719100
vt 0.748100 0.726800
vt 0.746500 0.726800
vt 0.745200 0.718700
vt 0.512000 0.842200
vt 0.728200 0.701300
vt 0.740500 0.716700
vt 0.507300 0.833300
vt 0.742500 0.715800
vt 0.743900 0.719100
vt 0.746900 0.727800
vt 0.811900 0.931300
vt 0.625200 0.909100
vt 0.631200 0.889300
vt 0.960700 0.949000
vt 0.796200 0.922400
vt 0.608200 0.903700
vt 0.796700 0.917000
vt 0.780000 0.917000
vt 0.617400 0.885300
vt 0.601900 0.884100
vt 0.598900 0.884800
vt 0.766700 0.906300
vt 0.841000 0.940000
vt 0.835500 0.936200
vt 0.768900 0.973700
vt 0.826700 0.947600
vt 0.796400 0.970700
vt 0.785900 0.969600
vt 0.837800 0.934300
vt 0.821900 0.928300
vt 0.786900 0.979300
vt 0.770500 0.980600
vt 0.779900 0.900000
vt 0.841100 0.941600
vt 0.837200 0.941100
vt 0.768800 0.914500
vt 0.767900 0.918300
vt 0.766500 0.915200
vt 0.766300 0.913700
vt 0.817100 0.952800
vt 0.796900 0.978800
vt 0.796000 0.986500
vt 0.598100 0.944100
vt 0.618300 0.945500
vt 0.974400 0.609500
vt 0.732900 0.830400
vt 0.748400 0.833800
vt 0.749200 0.845000
vt 0.734800 0.847900
vt 0.817500 0.802200
vt 0.834000 0.804900
vt 0.766300 0.979900
vt 0.766900 0.982100
vt 0.841400 0.943300
vt 0.844300 0.806100
vt 0.846100 0.795200
vt 0.969100 0.901000
vt 0.827700 0.952000
vt 0.785700 0.987500
vt 0.837500 0.793000
vt 0.821600 0.793400
vt 0.838100 0.946300
vt 0.770700 0.986500
vt 0.839100 0.949100
vt 0.723500 0.831300
vt 0.725300 0.847000
vt 0.916400 0.894700
vt 0.631500 0.966200
vt 0.627100 0.969200
vt 0.630200 0.941700
vt 0.957200 0.697000
vt 0.920400 0.901700
vt 0.627500 0.961900
vt 0.617800 0.984400
vt 0.620400 0.978400
vt 0.622900 0.978600
vt 0.619000 0.984300
vt 0.814200 0.795900
vt 0.813500 0.797100
vt 0.632300 0.969000
vt 0.630400 0.971000
vt 0.618200 0.968700
vt 0.627300 0.976800
vt 0.625100 0.981000
vt 0.754700 0.841100
vt 0.754700 0.839400
vt 0.884500 0.632300
vt 0.620000 0.985300
vt 0.879800 0.630100
vt 0.634700 0.964800
vt 0.634600 0.965200
vt 0.633400 0.966800
vt 0.633400 0.964500
vt 0.635000 0.963800
vt 0.632400 0.972300
vt 0.868600 0.621600
vt 0.629900 0.979300
vt 0.610500 0.970200
vt 0.916700 0.906800
vt 0.633600 0.969200
vt 0.633500 0.969500
vt 0.701500 0.745400
vt 0.693400 0.761200
vt 0.688100 0.758900
vt 0.694700 0.740900
vt 0.701100 0.726200
vt 0.699800 0.714000
vt 0.843400 0.622000
vt 0.850100 0.610900
vt 0.603500 0.972200
vt 0.910900 0.908500
vt 0.947900 0.705600
vt 0.952700 0.712600
vt 0.948700 0.716400
vt 0.617400 0.985400
vt 0.632100 0.963100
vt 0.873800 0.629200
vt 0.613500 0.980700
vt 0.609000 0.982100
vt 0.898200 0.623000
vt 0.891200 0.625300
vt 0.893800 0.633100
vt 0.892900 0.629000
vt 0.608200 0.961800
vt 0.897700 0.904400
vt 0.889700 0.612800
vt 0.881000 0.614300
vt 0.898400 0.897600
vt 0.615500 0.985000
vt 0.872900 0.619100
vt 0.884900 0.626300
vt 0.888600 0.633100
vt 0.889000 0.601600
vt 0.892000 0.622100
vt 0.894600 0.612300
vt 0.901800 0.606700
vt 0.613900 0.985400
vt 0.904800 0.894200
vt 0.887000 0.634300
vt 0.600800 0.965500
vt 0.887700 0.625300
vt 0.637000 0.967900
vt 0.890400 0.632200
vt 0.890000 0.633800
vt 0.878700 0.602400
vt 0.617700 0.931100
vt 0.627900 0.930000
vt 0.685100 0.740300
vt 0.671600 0.739700
vt 0.827400 0.837400
vt 0.668300 0.857800
vt 0.670900 0.841100
vt 0.691900 0.841900
vt 0.690700 0.853800
vt 0.908500 0.894200
vt 0.869000 0.608400
vt 0.953600 0.718000
vt 0.621900 0.921200
vt 0.949000 0.720700
vt 0.609700 0.919100
vt 0.599200 0.932400
vt 0.637800 0.964500
vt 0.636100 0.965200
vt 0.945400 0.694800
vt 0.634700 0.973700
vt 0.865500 0.614800
vt 0.634700 0.970100
vt 0.634900 0.967300
vt 0.863900 0.610800
vt 0.617300 0.923700
vt 0.621900 0.730400
vt 0.625700 0.729100
vt 0.681700 0.773500
vt 0.795900 0.752000
vt 0.895300 0.862500
vt 0.868400 0.863300
vt 0.811300 0.755700
vt 0.687400 0.769600
vt 0.624500 0.730100
vt 0.625700 0.730000
vt 0.683500 0.768200
vt 0.930300 0.712400
vt 0.941800 0.720200
vt 0.950600 0.698700
vt 0.708600 0.754600
vt 0.957600 0.707000
vt 0.956800 0.699900
vt 0.956200 0.714800
vt 0.687100 0.725900
vt 0.690600 0.711300
vt 0.691100 0.772300
vt 0.699100 0.765900
vt 0.605200 0.723200
vt 0.613600 0.729800
vt 0.927900 0.702400
vt 0.696200 0.695900
vt 0.698200 0.695700
vt 0.698000 0.696800
vt 0.617400 0.917900
vt 0.650700 0.704500
vt 0.681400 0.757500
vt 0.678000 0.766400
vt 0.673800 0.765400
vt 0.673400 0.755200
vt 0.634900 0.699800
vt 0.680400 0.773000
vt 0.627000 0.729700
vt 0.678900 0.772400
vt 0.676300 0.771100
vt 0.643000 0.719200
vt 0.635200 0.726200
vt 0.629500 0.729200
vt 0.623300 0.695300
vt 0.608500 0.703100
vt 0.630400 0.716500
vt 0.626900 0.728100
vt 0.626000 0.727800
vt 0.629200 0.722400
vt 0.627500 0.715000
vt 0.630000 0.698000
vt 0.623100 0.713500
vt 0.614400 0.716200
vt 0.626300 0.720900
vt 0.676500 0.722800
vt 0.682900 0.958500
vt 0.625100 0.728000
vt 0.623600 0.721400
vt 0.617200 0.724100
vt 0.713100 0.762300
vt 0.624000 0.728700
vt 0.702700 0.770700
vt 0.692800 0.774000
vt 0.689800 0.699900
vt 0.682100 0.710400
vt 0.810700 0.621300
vt 0.819200 0.632500
vt 0.684800 0.774300
vt 0.674200 0.967400
vt 0.838700 0.603200
vt 0.695400 0.694700
vt 0.694000 0.701900
vt 0.699900 0.697500
vt 0.700800 0.704000
vt 0.806300 0.611800
vt 0.843000 0.610500
vt 0.839900 0.629100
vt 0.841500 0.604000
vt 0.832600 0.635600
vt 0.834800 0.635100
vt 0.833100 0.626100
vt 0.832800 0.634300
vt 0.831300 0.634700
vt 0.828200 0.627100
vt 0.836900 0.624000
vt 0.840700 0.608500
vt 0.836000 0.617100
vt 0.835300 0.623300
vt 0.836000 0.631700
vt 0.834300 0.626400
vt 0.838200 0.616900
vt 0.826600 0.615200
vt 0.872000 0.872300
vt 0.809400 0.767100
vt 0.867300 0.873000
vt 0.866800 0.871300
vt 0.823900 0.602900
vt 0.663000 0.707100
vt 0.785300 0.765400
vt 0.899100 0.871600
vt 0.683800 0.694500
vt 0.670800 0.699900
vt 0.862200 0.650000
vt 0.880900 0.649200
vt 0.878500 0.666800
vt 0.861000 0.665200
vt 0.786600 0.749400
vt 0.902800 0.863900
vt 0.814100 0.758600
vt 0.813700 0.759400
vt 0.783100 0.755100
vt 0.790900 0.739100
vt 0.783600 0.739100
vt 0.596900 0.892500
vt 0.795200 0.904100
vt 0.634100 0.967100
vt 0.616400 0.958600
vt 0.917200 0.703300
vt 0.814200 0.974100
vt 0.864100 0.937600
vt 0.671300 0.881500
vt 0.597100 0.711600
vt 0.790100 0.757800
vt 0.809000 0.762000
vt 0.870500 0.878900
vt 0.813600 0.753200
vt 0.909000 0.840900
vt 0.925100 0.846200
vt 0.906900 0.952400
vt 0.895100 0.695800
vt 0.838300 0.970700
vt 0.832800 0.973400
vt 0.812600 0.759700
vt 0.813500 0.760800
vt 0.813800 0.760300
vt 0.910200 0.718000
vt 0.902300 0.720600
vt 0.820400 0.982200
vt 0.832400 0.980100
vt 0.896000 0.704900
vt 0.885800 0.695300
vt 0.907800 0.846500
vt 0.941800 0.754700
vt 0.939600 0.763000
vt 0.929900 0.763700
vt 0.928100 0.755100
vt 0.839000 0.973700
vt 0.883500 0.701000
vt 0.892400 0.708800
vt 0.899600 0.718200
vt 0.839000 0.973000
vt 0.886800 0.699900
vt 0.889900 0.718300
vt 0.839500 0.972700
vt 0.771700 0.788200
vt 0.767800 0.790500
vt 0.985800 0.830100
vt 0.983900 0.824100
vt 0.917500 0.842700
vt 0.884400 0.695500
vt 0.885000 0.695900
vt 0.942500 0.740800
vt 0.907200 0.927600
vt 0.927600 0.740800
vt 0.927900 0.831500
vt 0.911300 0.831600
vt 0.628100 0.771600
vt 0.630500 0.763500
vt 0.637000 0.765300
vt 0.632700 0.772500
vt 0.701200 0.846700
vt 0.915700 0.825600
vt 0.921600 0.822600
vt 0.861400 0.673100
vt 0.871400 0.674200
vt 0.946000 0.833100
vt 0.797100 0.808200
vt 0.861000 0.984500
vt 0.653600 0.753500
vt 0.644600 0.748000
vt 0.912900 0.796300
vt 0.770800 0.794800
vt 0.768700 0.791200
vt 0.731200 0.797400
vt 0.752200 0.796700
vt 0.754800 0.813400
vt 0.732300 0.809400
vt 0.635000 0.743700
vt 0.629200 0.741500
vt 0.548100 0.828600
vt 0.553900 0.842100
vt 0.571800 0.830800
vt 0.576100 0.824300
vt 0.636700 0.775800
vt 0.624400 0.740100
vt 0.626900 0.762000
vt 0.624300 0.761600
vt 0.624300 0.771800
vt 0.625600 0.771600
vt 0.556500 0.854000
vt 0.570600 0.845000
vt 0.750500 0.767100
vt 0.746500 0.766400
vt 0.746200 0.755700
vt 0.752900 0.756800
vt 0.626000 0.775600
vt 0.547600 0.957500
vt 0.754700 0.768400
vt 0.759200 0.758700
vt 0.552100 0.945900
vt 0.564700 0.836100
vt 0.647300 0.768400
vt 0.740800 0.756300
vt 0.741400 0.740300
vt 0.747100 0.742300
vt 0.549800 0.818800
vt 0.921100 0.785900
vt 0.576400 0.814600
vt 0.572900 0.817400
vt 0.565100 0.814100
vt 0.604700 0.767500
vt 0.553800 0.824100
vt 0.562000 0.827700
vt 0.549600 0.810600
vt 0.549400 0.821100
vt 0.571500 0.826500
vt 0.572600 0.822000
vt 0.568600 0.824800
vt 0.562800 0.821900
vt 0.563900 0.819600
vt 0.553700 0.821400
vt 0.611600 0.742400
vt 0.547600 0.797000
vt 0.620100 0.772500
vt 0.616500 0.762600
vt 0.570200 0.803700
vt 0.734400 0.740800
vt 0.735100 0.758000
vt 0.577100 0.940000
vt 0.568400 0.928800
vt 0.781900 0.949400
vt 0.744000 0.766500
vt 0.741100 0.767900
vt 0.751700 0.743200
vt 0.833300 0.763600
vt 0.843100 0.758400
vt 0.831100 0.767900
vt 0.930500 0.656600
vt 0.907900 0.662000
vt 0.915300 0.654800
vt 0.930100 0.652600
vt 0.747300 0.770900
vt 0.582900 0.958500
vt 0.788200 0.937100
vt 0.582700 0.952800
vt 0.572500 0.951300
vt 0.758800 0.742200
vt 0.558600 0.954100
vt 0.573600 0.956600
vt 0.560600 0.961300
vt 0.560800 0.964600
vt 0.553700 0.961500
vt 0.552500 0.970200
vt 0.547400 0.967200
vt 0.551700 0.966000
vt 0.581900 0.990300
vt 0.583100 0.978600
vt 0.582700 0.968700
vt 0.562200 0.970600
vt 0.557700 0.987800
vt 0.549000 0.975700
vt 0.894800 0.662900
vt 0.857500 0.823600
vt 0.962000 0.924900
vt 0.561500 0.978500
vt 0.723100 0.739900
vt 0.725800 0.763300
vt 0.900600 0.647900
vt 0.897500 0.654500
vt 0.866600 0.832200
vt 0.900200 0.672800
vt 0.917600 0.670400
vt 0.882400 0.827400
vt 0.864000 0.839100
vt 0.937000 0.660200
vt 0.894000 0.827300
vt 0.933000 0.652800
vt 0.933400 0.654300
vt 0.881100 0.835000
vt 0.918900 0.651600
vt 0.550800 0.960900
vt 0.934500 0.653600
vt 0.935700 0.655000
vt 0.883000 0.840600
vt 0.931500 0.650300
vt 0.953300 0.831300
vt 0.789800 0.809300
vt 0.932400 0.651900
vt 0.892700 0.831300
vt 0.957100 0.822600
vt 0.949700 0.823900
vt 0.796400 0.794600
vt 0.787000 0.792400
vt 0.980300 0.833300
vt 0.985600 0.832000
vt 0.766800 0.792900
vt 0.768200 0.798800
vt 0.933900 0.652800
vt 0.894700 0.831200
vt 0.893400 0.834000
vt 0.895400 0.829700
vt 0.895300 0.831100
vt 0.894900 0.828500
vt 0.895100 0.831800
vt 0.796800 0.801300
vt 0.895400 0.828700
vt 0.872100 0.821100
vt 0.864600 0.844300
vt 0.804000 0.787000
vt 0.797700 0.783400
vt 0.597000 0.745400
vt 0.789200 0.800300
vt 0.551700 0.974100
vt 0.770800 0.784900
vt 0.875900 0.785200
vt 0.875300 0.799500
vt 0.861700 0.799100
vt 0.861000 0.785200
vt 0.551300 0.890800
vt 0.547100 0.892400
vt 0.550700 0.886200
vt 0.767400 0.791900
vt 0.767400 0.791300
vt 0.735200 0.924300
vt 0.748100 0.919300
vt 0.929400 0.870100
vt 0.843600 0.743500
vt 0.854000 0.740100
vt 0.726000 0.907900
vt 0.727200 0.902100
vt 0.734000 0.903500
vt 0.845600 0.740400
vt 0.742700 0.936400
vt 0.933800 0.927700
vt 0.827100 0.743900
vt 0.827400 0.756100
vt 0.834300 0.746200
vt 0.767800 0.789600
vt 0.725300 0.936200
vt 0.830400 0.762200
vt 0.829100 0.766100
vt 0.725300 0.901400
vt 0.929300 0.627700
vt 0.922200 0.620400
vt 0.939600 0.618700
vt 0.939300 0.626600
vt 0.863900 0.807400
vt 0.725700 0.901000
vt 0.726800 0.900700
vt 0.938400 0.603500
vt 0.941300 0.901800
vt 0.838700 0.754700
vt 0.830500 0.767000
vt 0.829900 0.767200
vt 0.735100 0.940000
vt 0.745600 0.951200
vt 0.726600 0.941800
vt 0.728900 0.951100
vt 0.739200 0.960100
vt 0.733300 0.957000
vt 0.551000 0.893200
vt 0.560800 0.892200
vt 0.561300 0.894900
vt 0.550700 0.894500
vt 0.873600 0.808100
vt 0.721800 0.802300
vt 0.439300 0.169800
vt 0.425200 0.168600
vt 0.425200 0.161500
vt 0.435800 0.162500
vt 0.574100 0.874400
vt 0.568000 0.865900
vt 0.827900 0.907000
vt 0.919700 0.602700
vt 0.522000 0.339800
vt 0.522700 0.311800
vt 0.553300 0.316200
vt 0.554700 0.339700
vt 0.557600 0.882300
vt 0.554700 0.873000
vt 0.446600 0.298600
vt 0.446800 0.316100
vt 0.419600 0.313800
vt 0.421400 0.296600
vt 0.581100 0.889300
vt 0.578700 0.883600
vt 0.559300 0.888600
vt 0.548000 0.882200
vt 0.634000 0.812900
vt 0.640100 0.805400
vt 0.582700 0.893900
vt 0.819700 0.896700
vt 0.622500 0.790300
vt 0.692000 0.811300
vt 0.693000 0.797900
vt 0.699100 0.796100
vt 0.699100 0.812100
vt 0.645500 0.793800
vt 0.632100 0.788600
vt 0.684200 0.788100
vt 0.680900 0.798500
vt 0.674900 0.796900
vt 0.681400 0.786500
vt 0.694900 0.786700
vt 0.538100 0.956700
vt 0.533100 0.942600
vt 0.629600 0.812100
vt 0.631200 0.802500
vt 0.628000 0.809000
vt 0.614500 0.790100
vt 0.626900 0.816500
vt 0.627700 0.794300
vt 0.624800 0.790000
vt 0.617800 0.805200
vt 0.620500 0.812700
vt 0.617600 0.815800
vt 0.607900 0.809600
vt 0.625000 0.812800
vt 0.623100 0.804200
vt 0.625000 0.794200
vt 0.625400 0.803200
vt 0.601100 0.788800
vt 0.581500 0.906400
vt 0.560300 0.903200
vt 0.514000 0.926100
vt 0.955600 0.797200
vt 0.682100 0.814500
vt 0.687500 0.812400
vt 0.549500 0.898900
vt 0.686300 0.799000
vt 0.384600 0.269900
vt 0.402000 0.277000
vt 0.397700 0.292300
vt 0.380200 0.286200
vt 0.675300 0.814400
vt 0.687800 0.783900
vt 0.686800 0.788300
vt 0.445800 0.283000
vt 0.464500 0.275600
vt 0.473900 0.290100
vt 0.524800 0.365100
vt 0.499900 0.367700
vt 0.500000 0.339600
vt 0.709900 0.815700
vt 0.708100 0.793300
vt 0.526000 0.951900
vt 0.506500 0.938000
vt 0.854700 0.872900
vt 0.852300 0.864500
vt 0.974200 0.632100
vt 0.949300 0.784900
vt 0.501200 0.956400
vt 0.530700 0.960100
vt 0.534000 0.959900
vt 0.501300 0.966400
vt 0.521400 0.968700
vt 0.531000 0.969100
vt 0.531200 0.973000
vt 0.521600 0.976300
vt 0.536300 0.966900
vt 0.510400 0.954400
vt 0.523200 0.962800
vt 0.532300 0.965000
vt 0.511500 0.949100
vt 0.501300 0.950800
vt 0.523500 0.959500
vt 0.502500 0.987500
vt 0.501000 0.976200
vt 0.533500 0.974900
vt 0.524700 0.984900
vt 0.849300 0.882500
vt 0.695400 0.931200
vt 0.696300 0.926300
vt 0.832400 0.880200
vt 0.694200 0.919400
vt 0.679000 0.913500
vt 0.841700 0.872000
vt 0.834200 0.864900
vt 0.677000 0.926900
vt 0.679500 0.921300
vt 0.690800 0.787700
vt 0.818300 0.868200
vt 0.813400 0.873200
vt 0.814300 0.865400
vt 0.817300 0.863600
vt 0.814600 0.866900
vt 0.667500 0.918800
vt 0.668300 0.916200
vt 0.479300 0.261100
vt 0.500000 0.269200
vt 0.665600 0.917400
vt 0.666200 0.918100
vt 0.812900 0.868400
vt 0.813400 0.866800
vt 0.477400 0.311800
vt 0.500000 0.308200
vt 0.477900 0.339800
vt 0.666300 0.916100
vt 0.665700 0.916100
vt 0.665500 0.914700
vt 0.666000 0.916800
vt 0.526200 0.290200
vt 0.666900 0.911900
vt 0.665900 0.913400
vt 0.395600 0.309600
vt 0.415700 0.335400
vt 0.388900 0.327900
vt 0.445200 0.339700
vt 0.665200 0.914000
vt 0.554300 0.283000
vt 0.577000 0.282700
vt 0.578700 0.296700
vt 0.553500 0.298600
vt 0.703600 0.911900
vt 0.812400 0.869700
vt 0.500000 0.246600
vt 0.500000 0.234300
vt 0.513900 0.233300
vt 0.515800 0.244600
vt 0.423300 0.282600
vt 0.065900 0.657600
vt 0.423200 0.267200
vt 0.405800 0.262400
vt 0.047700 0.651100
vt 0.532100 0.254600
vt 0.529200 0.241200
vt 0.580500 0.651200
vt 0.585300 0.662700
vt 0.438300 0.160000
vt 0.442300 0.160900
vt 0.442900 0.163900
vt 0.397300 0.378000
vt 0.365500 0.362700
vt 0.380000 0.342800
vt 0.409500 0.354000
vt 0.466200 0.400400
vt 0.431100 0.390000
vt 0.440600 0.361000
vt 0.475100 0.365100
vt 0.381800 0.306100
vt 0.405100 0.268800
vt 0.424300 0.274300
vt 0.074100 0.639500
vt 0.068000 0.621100
vt 0.085000 0.635100
vt 0.651100 0.623000
vt 0.651300 0.612400
vt 0.664000 0.612300
vt 0.662300 0.628600
vt 0.488200 0.222100
vt 0.500000 0.224400
vt 0.486100 0.233200
vt 0.376700 0.320400
vt 0.510500 0.408500
vt 0.336500 0.213300
vt 0.348100 0.207200
vt 0.353700 0.223800
vt 0.347300 0.227000
vt 0.558800 0.275800
vt 0.575900 0.274300
vt 0.045500 0.589000
vt 0.045700 0.599600
vt 0.034500 0.605200
vt 0.032800 0.588800
vt 0.548300 0.633200
vt 0.500100 0.210300
vt 0.494300 0.208400
vt 0.436900 0.628400
vt 0.451500 0.268800
vt 0.455800 0.268300
vt 0.455800 0.274100
vt 0.452200 0.273200
vt 0.604600 0.309700
vt 0.580500 0.313900
vt 0.602500 0.292400
vt 0.372200 0.260200
vt 0.378200 0.251500
vt 0.388800 0.261200
vt 0.364800 0.203500
vt 0.364700 0.219400
vt 0.359700 0.220400
vt 0.359000 0.203400
vt 0.364200 0.187600
vt 0.343700 0.189700
vt 0.366700 0.330900
vt 0.362900 0.241000
vt 0.367500 0.237900
vt 0.441400 0.275800
vt 0.391100 0.254800
vt 0.065400 0.602300
vt 0.072700 0.600400
vt 0.078900 0.614400
vt 0.381600 0.247300
vt 0.371400 0.236100
vt 0.470900 0.241000
vt 0.473800 0.231100
vt 0.484300 0.244500
vt 0.049300 0.630900
vt 0.402900 0.250900
vt 0.391500 0.245400
vt 0.042200 0.623700
vt 0.357500 0.242700
vt 0.367200 0.312100
vt 0.371300 0.301900
vt 0.279300 0.241900
vt 0.271600 0.256200
vt 0.260300 0.246700
vt 0.266900 0.231600
vt 0.325500 0.222500
vt 0.337100 0.233200
vt 0.325700 0.199900
vt 0.028900 0.630500
vt 0.022200 0.615700
vt 0.450800 0.262000
vt 0.103900 0.651200
vt 0.461000 0.264600
vt 0.369400 0.286400
vt 0.347100 0.246900
vt 0.363900 0.262300
vt 0.355200 0.264100
vt 0.358400 0.320800
vt 0.774100 0.602900
vt 0.348200 0.159300
vt 0.350600 0.167100
vt 0.776800 0.610500
vt 0.350000 0.311200
vt 0.358600 0.302200
vt 0.349000 0.347900
vt 0.048100 0.578900
vt 0.036000 0.574600
vt 0.721000 0.623400
vt 0.257500 0.256500
vt 0.261200 0.268300
vt 0.714500 0.618200
vt 0.361700 0.284400
vt 0.327500 0.376700
vt 0.316400 0.362500
vt 0.340500 0.336800
vt 0.315900 0.232600
vt 0.303300 0.221900
vt 0.312600 0.211400
vt 0.363600 0.296400
vt 0.307200 0.350300
vt 0.333200 0.325900
vt 0.225100 0.313100
vt 0.239700 0.288900
vt 0.260000 0.295900
vt 0.241800 0.324400
vt 0.444600 0.167300
vt 0.035500 0.640700
vt 0.324400 0.308700
vt 0.326200 0.286700
vt 0.337600 0.280100
vt 0.343400 0.297100
vt 0.448200 0.274300
vt 0.451200 0.276600
vt 0.500000 0.215500
vt 0.493200 0.214100
vt 0.468000 0.254500
vt 0.088300 0.660000
vt 0.448600 0.252900
vt 0.445400 0.263500
vt 0.057300 0.599800
vt 0.055100 0.615500
vt 0.511900 0.222400
vt 0.447400 0.269900
vt 0.439900 0.269500
vt 0.557800 0.447500
vt 0.461600 0.461800
vt 0.489200 0.408600
vt 0.533500 0.400400
vt 0.451100 0.168000
vt 0.451600 0.177200
vt 0.468300 0.231500
vt 0.463700 0.197400
vt 0.457300 0.198200
vt 0.452500 0.191000
vt 0.459600 0.188900
vt 0.540600 0.189100
vt 0.529700 0.186000
vt 0.535300 0.174100
vt 0.548500 0.177400
vt 0.513200 0.212200
vt 0.523100 0.210700
vt 0.522300 0.221200
vt 0.465700 0.219200
vt 0.470400 0.218800
vt 0.475700 0.198400
vt 0.477100 0.210400
vt 0.467200 0.207700
vt 0.470300 0.185800
vt 0.464800 0.174000
vt 0.440400 0.546000
vt 0.438400 0.561900
vt 0.431000 0.565000
vt 0.430700 0.549400
vt 0.487100 0.211700
vt 0.717900 0.267100
vt 0.702200 0.276000
vt 0.698100 0.256500
vt 0.710300 0.249600
vt 0.477900 0.220900
vt 0.474500 0.170300
vt 0.460200 0.162500
vt 0.472000 0.160500
vt 0.290100 0.248600
vt 0.282400 0.266100
vt 0.123700 0.604500
vt 0.124100 0.590400
vt 0.461900 0.208100
vt 0.434000 0.135500
vt 0.438500 0.126000
vt 0.452500 0.130800
vt 0.450300 0.144500
vt 0.448400 0.163400
vt 0.445300 0.182400
vt 0.435600 0.176400
vt 0.469000 0.120900
vt 0.464900 0.134300
vt 0.455400 0.119200
vt 0.425300 0.152500
vt 0.433300 0.153900
vt 0.432400 0.158700
vt 0.436100 0.156600
vt 0.461800 0.147500
vt 0.442400 0.156100
vt 0.447800 0.157700
vt 0.445800 0.160100
vt 0.451600 0.157600
vt 0.448800 0.152200
vt 0.371900 0.161700
vt 0.387200 0.157400
vt 0.388200 0.165900
vt 0.373900 0.170700
vt 0.081100 0.555600
vt 0.419700 0.187100
vt 0.428700 0.189000
vt 0.089400 0.561300
vt 0.424000 0.174300
vt 0.443700 0.149900
vt 0.441700 0.145900
vt 0.388500 0.135200
vt 0.385400 0.126900
vt 0.399600 0.124300
vt 0.398900 0.140900
vt 0.446700 0.154500
vt 0.443800 0.152600
vt 0.412500 0.152600
vt 0.415800 0.142300
vt 0.430900 0.145300
vt 0.437000 0.150300
vt 0.439800 0.152700
vt 0.473000 0.149800
vt 0.770400 0.620000
vt 0.322100 0.174500
vt 0.371200 0.191400
vt 0.429000 0.112800
vt 0.423500 0.122100
vt 0.405100 0.115100
vt 0.412400 0.106700
vt 0.400300 0.152900
vt 0.411500 0.161900
vt 0.400500 0.163200
vt 0.369900 0.154200
vt 0.383300 0.148900
vt 0.347600 0.271200
vt 0.338900 0.255900
vt 0.743400 0.597900
vt 0.729900 0.628400
vt 0.731000 0.621100
vt 0.743400 0.619800
vt 0.383500 0.089400
vt 0.391800 0.104700
vt 0.385100 0.111600
vt 0.377300 0.102000
vt 0.353900 0.288500
vt 0.228400 0.284100
vt 0.713900 0.607800
vt 0.248500 0.266400
vt 0.729800 0.604100
vt 0.236800 0.265300
vt 0.234800 0.260500
vt 0.730500 0.600200
vt 0.330300 0.265500
vt 0.240400 0.268200
vt 0.729400 0.608500
vt 0.730100 0.615600
vt 0.320000 0.253700
vt 0.308500 0.244000
vt 0.328200 0.242600
vt 0.326000 0.420100
vt 0.310400 0.400700
vt 0.344600 0.393600
vt 0.296000 0.235700
vt 0.767200 0.629300
vt 0.321300 0.274400
vt 0.409000 0.430400
vt 0.375400 0.412800
vt 0.311400 0.263400
vt 0.400400 0.492700
vt 0.375200 0.470500
vt 0.441700 0.447500
vt 0.293100 0.210700
vt 0.286000 0.227900
vt 0.245200 0.240300
vt 0.223500 0.243600
vt 0.234000 0.223000
vt 0.253500 0.225700
vt 0.302300 0.255700
vt 0.326000 0.123000
vt 0.325900 0.132800
vt 0.101400 0.611600
vt 0.086400 0.607200
vt 0.103200 0.602900
vt 0.377800 0.178700
vt 0.380700 0.183600
vt 0.289100 0.373300
vt 0.298600 0.385400
vt 0.029500 0.558000
vt 0.023100 0.571700
vt 0.062000 0.636900
vt 0.417500 0.254700
vt 0.092900 0.626000
vt 0.454000 0.244700
vt 0.051700 0.573300
vt 0.041900 0.564800
vt 0.376500 0.232300
vt 0.372900 0.217100
vt 0.048100 0.609500
vt 0.038000 0.615900
vt 0.435400 0.257700
vt 0.111500 0.639400
vt 0.017700 0.591800
vt 0.116300 0.627800
vt 0.372800 0.204700
vt 0.101600 0.574900
vt 0.443200 0.198400
vt 0.448300 0.205000
vt 0.103100 0.584000
vt 0.506000 0.209200
vt 0.506900 0.214600
vt 0.120400 0.618400
vt 0.070500 0.592600
vt 0.065600 0.584300
vt 0.076800 0.576100
vt 0.084500 0.584600
vt 0.483000 0.194700
vt 0.487800 0.201800
vt 0.122300 0.577000
vt 0.089600 0.538900
vt 0.073000 0.537600
vt 0.411600 0.174300
vt 0.085800 0.596000
vt 0.118000 0.564900
vt 0.412000 0.168500
vt 0.401700 0.175900
vt 0.401500 0.170200
vt 0.111500 0.553300
vt 0.102000 0.544900
vt 0.061600 0.537900
vt 0.050200 0.542000
vt 0.390700 0.178800
vt 0.389700 0.173500
vt 0.448000 0.582900
vt 0.449500 0.591400
vt 0.442800 0.594700
vt 0.440400 0.586500
vt 0.358300 0.178400
vt 0.038800 0.548300
vt 0.419300 0.131100
vt 0.064000 0.554700
vt 0.401700 0.187000
vt 0.408900 0.186200
vt 0.071000 0.554300
vt 0.054400 0.590900
vt 0.526300 0.231300
vt 0.384500 0.239400
vt 0.097900 0.617500
vt 0.455500 0.230400
vt 0.455400 0.236700
vt 0.479800 0.122100
vt 0.478200 0.137800
vt 0.096400 0.567700
vt 0.103900 0.593100
vt 0.451800 0.212500
vt 0.453800 0.221300
vt 0.436600 0.192700
vt 0.056300 0.555600
vt 0.393300 0.188100
vt 0.048800 0.558600
vt 0.384900 0.190700
vt 0.377500 0.196100
vt 0.425800 0.538000
vt 0.425800 0.550500
vt 0.347900 0.445400
vt 0.426800 0.566000
vt 0.450400 0.545100
vt 0.446800 0.560400
vt 0.690100 0.290000
vt 0.679000 0.275000
vt 0.688900 0.264100
vt 0.296000 0.336200
vt 0.273600 0.218300
vt 0.434600 0.619300
vt 0.432900 0.589300
vt 0.480500 0.176900
vt 0.478000 0.169100
vt 0.431800 0.578800
vt 0.310200 0.289200
vt 0.298100 0.275100
vt 0.281200 0.314100
vt 0.276500 0.358200
vt 0.259800 0.340700
vt 0.296000 0.292900
vt 0.213000 0.425500
vt 0.240100 0.405200
vt 0.266900 0.433500
vt 0.237700 0.450300
vt 0.182000 0.365600
vt 0.196300 0.348800
vt 0.214300 0.359100
vt 0.216400 0.380600
vt 0.769700 0.590400
vt 0.304200 0.196800
vt 0.537900 0.461700
vt 0.477100 0.519600
vt 0.470400 0.529000
vt 0.457500 0.525300
vt 0.181000 0.639100
vt 0.641000 0.522600
vt 0.367300 0.546000
vt 0.414600 0.512800
vt 0.598800 0.492900
vt 0.512500 0.202400
vt 0.524400 0.198700
vt 0.270000 0.578400
vt 0.320700 0.566800
vt 0.685700 0.540500
vt 0.731300 0.553000
vt 0.058700 0.569400
vt 0.064100 0.574900
vt 0.068200 0.568400
vt 0.056600 0.583300
vt 0.187500 0.448000
vt 0.210100 0.470900
vt 0.442800 0.116100
vt 0.402100 0.098600
vt 0.366900 0.147700
vt 0.360600 0.139500
vt 0.373700 0.133900
vt 0.379800 0.141300
vt 0.259000 0.210900
vt 0.757000 0.616300
vt 0.757300 0.609200
vt 0.313200 0.187000
vt 0.321300 0.156600
vt 0.321400 0.163500
vt 0.757000 0.605200
vt 0.756400 0.601500
vt 0.443200 0.533100
vt 0.432300 0.536300
vt 0.457000 0.112900
vt 0.470600 0.114700
vt 0.377900 0.118700
vt 0.346300 0.152600
vt 0.355500 0.130500
vt 0.367800 0.126200
vt 0.772200 0.598000
vt 0.716300 0.594900
vt 0.714600 0.601600
vt 0.221700 0.278500
vt 0.216400 0.271200
vt 0.743400 0.615200
vt 0.742800 0.609100
vt 0.755500 0.622500
vt 0.742600 0.605500
vt 0.213400 0.305400
vt 0.454800 0.516900
vt 0.179000 0.634600
vt 0.185600 0.631200
vt 0.250700 0.252800
vt 0.251700 0.257800
vt 0.730700 0.593300
vt 0.742900 0.602400
vt 0.459200 0.545400
vt 0.454900 0.559400
vt 0.203600 0.298900
vt 0.196300 0.293200
vt 0.340900 0.496700
vt 0.321600 0.467600
vt 0.358000 0.522200
vt 0.584500 0.512900
vt 0.631600 0.546300
vt 0.658300 0.497200
vt 0.624200 0.470800
vt 0.755100 0.596100
vt 0.170400 0.568500
vt 0.213700 0.578300
vt 0.781500 0.557900
vt 0.821300 0.551200
vt 0.306900 0.439600
vt 0.293000 0.420000
vt 0.282300 0.404800
vt 0.223600 0.507300
vt 0.228800 0.484600
vt 0.251500 0.472500
vt 0.259100 0.498100
vt 0.264000 0.525100
vt 0.219900 0.532600
vt 0.281400 0.456700
vt 0.272800 0.393200
vt 0.259800 0.379000
vt 0.242000 0.362900
vt 0.893600 0.508000
vt 0.092700 0.525500
vt 0.127200 0.549400
vt 0.860100 0.531800
vt 0.189900 0.403600
vt 0.225500 0.346100
vt 0.210100 0.333300
vt 0.304000 0.513700
vt 0.292900 0.484800
vt 0.313200 0.539900
vt 0.269200 0.416200
vt 0.260800 0.406500
vt 0.194700 0.500800
vt 0.185200 0.526300
vt 0.177800 0.549900
vt 0.139100 0.530300
vt 0.151500 0.507000
vt 0.695100 0.514400
vt 0.706500 0.485600
vt 0.740200 0.499000
vt 0.735100 0.526100
vt 0.678000 0.567400
vt 0.779200 0.533800
vt 0.947400 0.358900
vt 0.017700 0.361700
vt 0.020800 0.406600
vt 0.951800 0.399300
vt 0.166700 0.478500
vt 0.121800 0.484500
vt 0.142200 0.456700
vt 0.217500 0.556800
vt 0.267600 0.552100
vt 0.117800 0.434200
vt 0.095600 0.457300
vt 0.078800 0.422100
vt 0.098600 0.409200
vt 0.728700 0.579300
vt 0.785100 0.579500
vt 0.828500 0.569900
vt 0.105700 0.506400
vt 0.499900 0.132700
vt 0.500000 0.120800
vt 0.509600 0.121700
vt 0.509300 0.134300
vt 0.165300 0.428900
vt 0.137600 0.410900
vt 0.871800 0.550900
vt 0.906600 0.527200
vt 0.053400 0.435900
vt 0.966200 0.448700
vt 0.979100 0.408300
vt 0.048000 0.397700
vt 0.073900 0.473700
vt 0.115000 0.391600
vt 0.075800 0.389500
vt 0.085200 0.359400
vt 0.102100 0.372100
vt 0.091000 0.389500
vt 0.941600 0.490300
vt 0.809900 0.404900
vt 0.839400 0.387200
vt 0.862200 0.412300
vt 0.834400 0.430200
vt 0.160500 0.385900
vt 0.740000 0.380000
vt 0.757900 0.364000
vt 0.783500 0.381800
vt 0.759700 0.406200
vt 0.925600 0.475400
vt 0.057900 0.488500
vt 0.185500 0.289000
vt 0.203600 0.263600
vt 0.199100 0.322000
vt 0.190900 0.315100
vt 0.138200 0.371100
vt 0.163900 0.349500
vt 0.183100 0.336600
vt 0.171700 0.304900
vt 0.183600 0.310600
vt 0.168400 0.322800
vt 0.156500 0.315000
vt 0.176500 0.328900
vt 0.149200 0.337600
vt 0.125200 0.310900
vt 0.143700 0.306000
vt 0.136800 0.325200
vt 0.120100 0.294400
vt 0.137300 0.296700
vt 0.023900 0.318300
vt 0.936400 0.326900
vt 0.125200 0.354600
vt 0.843200 0.299300
vt 0.856400 0.307200
vt 0.843600 0.316300
vt 0.828400 0.306200
vt 0.105300 0.336200
vt 0.946300 0.437500
vt 0.033400 0.447000
vt 0.052700 0.357400
vt 0.982300 0.363200
vt 0.776800 0.244900
vt 0.796600 0.264800
vt 0.783900 0.272400
vt 0.283800 0.593700
vt 0.156000 0.281900
vt 0.169900 0.285700
vt 0.156900 0.298100
vt 0.147600 0.291300
vt 0.966600 0.288600
vt 0.069100 0.292200
vt 0.063700 0.325500
vt 0.976200 0.319700
vt 0.100000 0.286700
vt 0.091300 0.264200
vt 0.106300 0.272500
vt 0.098000 0.309600
vt 0.816600 0.311900
vt 0.804000 0.294400
vt 0.814600 0.290200
vt 0.140200 0.283000
vt 0.134000 0.287100
vt 0.183300 0.264000
vt 0.395300 0.088400
vt 0.445000 0.109700
vt 0.407100 0.094400
vt 0.417000 0.100800
vt 0.381200 0.591400
vt 0.105400 0.215400
vt 0.094000 0.230400
vt 0.387800 0.608400
vt 0.109300 0.241100
vt 0.414800 0.612800
vt 0.117200 0.225900
vt 0.432400 0.106400
vt 0.190000 0.241800
vt 0.490200 0.121200
vt 0.490200 0.133200
vt 0.480800 0.114800
vt 0.427300 0.525300
vt 0.343700 0.143200
vt 0.454900 0.082500
vt 0.443500 0.077100
vt 0.448500 0.062600
vt 0.461200 0.069000
vt 0.399900 0.086300
vt 0.199000 0.213400
vt 0.208900 0.203900
vt 0.221800 0.202800
vt 0.214100 0.219400
vt 0.474100 0.056800
vt 0.460600 0.047300
vt 0.551300 0.062800
vt 0.538700 0.069200
vt 0.500000 0.109100
vt 0.500000 0.113800
vt 0.490700 0.114100
vt 0.491100 0.109100
vt 0.453200 0.607700
vt 0.454000 0.613800
vt 0.447100 0.619700
vt 0.445600 0.613200
vt 0.421800 0.093500
vt 0.436100 0.100000
vt 0.450200 0.095500
vt 0.446900 0.104300
vt 0.439800 0.090400
vt 0.458200 0.107200
vt 0.471300 0.109700
vt 0.481500 0.109600
vt 0.434400 0.056400
vt 0.553100 0.040200
vt 0.539300 0.047500
vt 0.414900 0.079400
vt 0.426100 0.083300
vt 0.411600 0.088900
vt 0.508800 0.109300
vt 0.509300 0.114400
vt 0.403800 0.083600
vt 0.460300 0.099000
vt 0.472600 0.102000
vt 0.399300 0.065900
vt 0.402800 0.077700
vt 0.396400 0.081900
vt 0.388700 0.076700
vt 0.371300 0.111900
vt 0.364900 0.119300
vt 0.429500 0.069500
vt 0.720400 0.627300
vt 0.491600 0.103500
vt 0.482100 0.103400
vt 0.416600 0.064700
vt 0.603400 0.081900
vt 0.600000 0.086400
vt 0.596000 0.083700
vt 0.597000 0.077800
vt 0.802800 0.193700
vt 0.791900 0.196300
vt 0.781800 0.191400
vt 0.793600 0.183200
vt 0.485800 0.093100
vt 0.475700 0.090800
vt 0.525800 0.056900
vt 0.500000 0.103600
vt 0.508400 0.103600
vt 0.500000 0.094000
vt 0.492400 0.095800
vt 0.355100 0.120300
vt 0.379600 0.068600
vt 0.213700 0.161700
vt 0.204700 0.155200
vt 0.387300 0.057500
vt 0.464500 0.087600
vt 0.471600 0.075300
vt 0.206300 0.181900
vt 0.196100 0.177400
vt 0.369300 0.060200
vt 0.360400 0.072400
vt 0.342200 0.131100
vt 0.282700 0.199000
vt 0.762700 0.642000
vt 0.363300 0.095500
vt 0.357900 0.108300
vt 0.291400 0.190400
vt 0.240600 0.204000
vt 0.342200 0.120100
vt 0.344600 0.107100
vt 0.240800 0.182200
vt 0.347600 0.091000
vt 0.331500 0.108100
vt 0.223400 0.170300
vt 0.371500 0.081300
vt 0.742000 0.624900
vt 0.218200 0.190100
vt 0.275300 0.203400
vt 0.588600 0.024900
vt 0.397400 0.045300
vt 0.196500 0.148000
vt 0.820000 0.135600
vt 0.258600 0.198300
vt 0.179000 0.164600
vt 0.834900 0.153500
vt 0.603000 0.017800
vt 0.384000 0.038400
vt 0.320200 0.147100
vt 0.752900 0.629300
vt 0.208100 0.195100
vt 0.197200 0.192600
vt 0.132700 0.218800
vt 0.136300 0.198300
vt 0.147700 0.201600
vt 0.147500 0.220600
vt 0.195200 0.203000
vt 0.178400 0.204100
vt 0.186200 0.191000
vt 0.160200 0.203000
vt 0.174400 0.184200
vt 0.132200 0.271300
vt 0.123000 0.280900
vt 0.479600 0.080100
vt 0.488200 0.549300
vt 0.489800 0.558700
vt 0.483300 0.560600
vt 0.482600 0.552800
vt 0.409600 0.050000
vt 0.411100 0.024900
vt 0.179400 0.134500
vt 0.803100 0.149200
vt 0.602300 0.045300
vt 0.187600 0.171400
vt 0.376800 0.049200
vt 0.578200 0.029800
vt 0.145300 0.276400
vt 0.421400 0.051700
vt 0.567500 0.034400
vt 0.500000 0.080200
vt 0.520300 0.080200
vt 0.485400 0.066500
vt 0.528400 0.075500
vt 0.507600 0.095900
vt 0.514500 0.066600
vt 0.514200 0.093300
vt 0.616300 0.089500
vt 0.604500 0.088500
vt 0.611000 0.076700
vt 0.446800 0.040100
vt 0.432300 0.034300
vt 0.578400 0.051800
vt 0.565500 0.056500
vt 0.590100 0.050000
vt 0.421500 0.029800
vt 0.359100 0.595500
vt 0.359100 0.606300
vt 0.346200 0.608000
vt 0.347600 0.598700
vt 0.163800 0.178000
vt 0.191900 0.209300
vt 0.181900 0.224400
vt 0.178400 0.213600
vt 0.931000 0.293500
vt 0.329400 0.663800
vt 0.359600 0.671600
vt 0.033600 0.287300
vt 0.163700 0.231300
vt 0.166800 0.248800
vt 0.147200 0.235600
vt 0.129800 0.230700
vt 0.145300 0.252600
vt 0.151200 0.266000
vt 0.164400 0.266000
vt 0.851400 0.166400
vt 0.389600 0.663400
vt 0.820800 0.165700
vt 0.615700 0.038400
vt 0.396700 0.017700
vt 0.164700 0.152500
vt 0.116100 0.258100
vt 0.126000 0.245400
vt 0.359300 0.639900
vt 0.372400 0.636800
vt 0.058600 0.260900
vt 0.961400 0.266100
vt 0.346100 0.637000
vt 0.038700 0.264800
vt 0.941600 0.262200
vt 0.385000 0.623000
vt 0.365300 0.624600
vt 0.369900 0.616600
vt 0.370500 0.598600
vt 0.372000 0.607800
vt 0.565100 0.514600
vt 0.410300 0.637600
vt 0.080900 0.246000
vt 0.359200 0.624500
vt 0.870300 0.231800
vt 0.867400 0.219800
vt 0.879500 0.217700
vt 0.882900 0.227000
vt 0.434900 0.610300
vt 0.120900 0.202800
vt 0.120500 0.216800
vt 0.409900 0.590000
vt 0.395600 0.577900
vt 0.353100 0.624600
vt 0.359000 0.584200
vt 0.893600 0.183600
vt 0.108000 0.202500
vt 0.348400 0.616700
vt 0.333400 0.623300
vt 0.330400 0.608700
vt 0.359000 0.568600
vt 0.883900 0.182600
vt 0.442200 0.633200
vt 0.553600 0.628400
vt 0.359200 0.615200
vt 0.562700 0.525300
vt 0.424900 0.514600
vt 0.336900 0.591600
vt 0.891900 0.203300
vt 0.106200 0.182800
vt 0.439600 0.617200
vt 0.441700 0.625000
vt 0.495100 0.205700
vt 0.490300 0.199500
vt 0.872600 0.178200
vt 0.148300 0.165500
vt 0.160400 0.218100
vt 0.432000 0.605300
vt 0.481200 0.190100
vt 0.479600 0.184900
vt 0.430900 0.600100
vt 0.536100 0.614000
vt 0.536900 0.607800
vt 0.544500 0.613200
vt 0.543100 0.619800
vt 0.508500 0.142200
vt 0.555400 0.525000
vt 0.433500 0.514100
vt 0.499000 0.140500
vt 0.127200 0.177300
vt 0.115900 0.181800
vt 0.879000 0.203700
vt 0.863600 0.199300
vt 0.322400 0.578300
vt 0.476100 0.160400
vt 0.477200 0.151200
vt 0.444700 0.524700
vt 0.171700 0.639100
vt 0.427200 0.579700
vt 0.548600 0.624900
vt 0.505400 0.206600
vt 0.500200 0.207900
vt 0.445300 0.629600
vt 0.481700 0.144100
vt 0.490400 0.140000
vt 0.434700 0.525000
vt 0.456500 0.617700
vt 0.166600 0.579300
vt 0.529100 0.609000
vt 0.165600 0.639100
vt 0.455000 0.533100
vt 0.545100 0.629600
vt 0.450100 0.624000
vt 0.439000 0.576400
vt 0.445100 0.606500
vt 0.438700 0.609300
vt 0.517100 0.194900
vt 0.540100 0.624100
vt 0.458700 0.593700
vt 0.461100 0.598100
vt 0.452900 0.602200
vt 0.451100 0.597000
vt 0.465000 0.557300
vt 0.465800 0.567700
vt 0.455700 0.571100
vt 0.485400 0.192800
vt 0.474900 0.564200
vt 0.475000 0.554700
vt 0.444200 0.600900
vt 0.437000 0.603900
vt 0.435100 0.598300
vt 0.533600 0.617800
vt 0.171000 0.578900
vt 0.477200 0.178700
vt 0.427600 0.590900
vt 0.717800 0.633200
vt 0.237400 0.248300
vt 0.241400 0.255200
vt 0.447300 0.573600
vt 0.456400 0.588800
vt 0.469300 0.590300
vt 0.470500 0.595700
vt 0.464400 0.535400
vt 0.467500 0.546300
vt 0.474500 0.547100
vt 0.244200 0.248600
vt 0.455500 0.580000
vt 0.724600 0.635200
vt 0.723400 0.588200
vt 0.171900 0.634100
vt 0.441100 0.517400
vt 0.556600 0.514100
vt 0.165700 0.633000
vt 0.461800 0.602300
vt 0.465200 0.576600
vt 0.477600 0.535000
vt 0.471600 0.538900
vt 0.466400 0.585600
vt 0.185500 0.590800
vt 0.179900 0.590000
vt 0.472700 0.600800
vt 0.481000 0.596100
vt 0.474900 0.572600
vt 0.478200 0.580700
vt 0.478200 0.587800
vt 0.479500 0.592200
vt 0.484500 0.567300
vt 0.191500 0.631500
vt 0.486300 0.531000
vt 0.162400 0.604300
vt 0.153800 0.604700
vt 0.153300 0.597000
vt 0.162200 0.596100
vt 0.483000 0.183900
vt 0.179000 0.612400
vt 0.178600 0.605100
vt 0.183000 0.605100
vt 0.183500 0.612000
vt 0.495000 0.558100
vt 0.495000 0.547700
vt 0.501800 0.549300
vt 0.500300 0.558700
vt 0.186900 0.585300
vt 0.181300 0.583000
vt 0.170100 0.604500
vt 0.170500 0.596300
vt 0.179400 0.597500
vt 0.460900 0.608900
vt 0.169900 0.612800
vt 0.173200 0.629600
vt 0.481600 0.546800
vt 0.487600 0.539700
vt 0.480600 0.540800
vt 0.488000 0.585300
vt 0.487300 0.591000
vt 0.166500 0.586500
vt 0.527700 0.613400
vt 0.170700 0.587000
vt 0.189500 0.622600
vt 0.492600 0.521300
vt 0.184800 0.626700
vt 0.475500 0.542100
vt 0.485700 0.573100
vt 0.194600 0.624400
vt 0.495000 0.529100
vt 0.184100 0.597400
vt 0.160700 0.621400
vt 0.162200 0.612600
vt 0.166000 0.613200
vt 0.165800 0.622500
vt 0.490300 0.566100
vt 0.488200 0.595100
vt 0.495000 0.538900
vt 0.166400 0.596000
vt 0.166200 0.604400
vt 0.162300 0.586900
vt 0.159400 0.633900
vt 0.158300 0.629300
vt 0.165700 0.629100
vt 0.495200 0.522100
vt 0.495000 0.573100
vt 0.495000 0.566300
vt 0.499800 0.566200
vt 0.499600 0.573000
vt 0.171000 0.621600
vt 0.148600 0.596700
vt 0.149400 0.604500
vt 0.186300 0.604500
vt 0.187400 0.596800
vt 0.185900 0.617600
vt 0.180900 0.619500
vt 0.502500 0.539800
vt 0.490300 0.572900
vt 0.488800 0.579200
vt 0.193000 0.620600
vt 0.142200 0.621700
vt 0.497600 0.521500
vt 0.495000 0.579000
vt 0.501200 0.579200
vt 0.145300 0.596000
vt 0.146000 0.603800
vt 0.142100 0.588200
vt 0.611200 0.328100
vt 0.584300 0.335500
vt 0.146100 0.616900
vt 0.189300 0.615900
vt 0.186800 0.611100
vt 0.148700 0.611400
vt 0.462400 0.613200
vt 0.138900 0.619600
vt 0.494900 0.598900
vt 0.147400 0.590100
vt 0.495000 0.591400
vt 0.191000 0.589000
vt 0.190000 0.584700
vt 0.142800 0.615200
vt 0.520700 0.261200
vt 0.495000 0.585100
vt 0.502000 0.585300
vt 0.502600 0.591000
vt 0.145400 0.610400
vt 0.501800 0.595200
vt 0.535600 0.275700
vt 0.548900 0.517400
vt 0.836100 0.179000
vt 0.852600 0.221700
vt 0.852300 0.202600
vt 0.512500 0.535100
vt 0.503800 0.531100
vt 0.139900 0.630500
vt 0.519700 0.529100
vt 0.484100 0.188200
vt 0.551600 0.561900
vt 0.549700 0.546100
vt 0.559300 0.549400
vt 0.559000 0.565000
vt 0.152300 0.634100
vt 0.654600 0.647200
vt 0.647400 0.654300
vt 0.641700 0.639000
vt 0.648700 0.632900
vt 0.509000 0.596200
vt 0.531800 0.231700
vt 0.559300 0.361100
vt 0.611500 0.261200
vt 0.595200 0.268800
vt 0.594600 0.262300
vt 0.609300 0.254700
vt 0.551900 0.274400
vt 0.548900 0.276700
vt 0.615700 0.270000
vt 0.620000 0.286400
vt 0.598300 0.277100
vt 0.568700 0.390100
vt 0.618400 0.306300
vt 0.628200 0.260300
vt 0.549400 0.262100
vt 0.554800 0.263600
vt 0.552700 0.269900
vt 0.548600 0.268900
vt 0.590400 0.354200
vt 0.602500 0.378200
vt 0.619900 0.343100
vt 0.634400 0.363100
vt 0.538200 0.208300
vt 0.534400 0.219400
vt 0.529800 0.219000
vt 0.533000 0.207900
vt 0.628900 0.302200
vt 0.632900 0.312400
vt 0.623400 0.320600
vt 0.622300 0.251600
vt 0.633300 0.331200
vt 0.577100 0.267300
vt 0.630800 0.681100
vt 0.649000 0.674500
vt 0.643100 0.242900
vt 0.637700 0.241200
vt 0.647000 0.223900
vt 0.653400 0.227200
vt 0.636200 0.187700
vt 0.656700 0.189800
vt 0.652600 0.207200
vt 0.641500 0.203500
vt 0.635900 0.219500
vt 0.635700 0.203600
vt 0.641000 0.220500
vt 0.633100 0.238100
vt 0.629200 0.236200
vt 0.653500 0.247100
vt 0.645200 0.264300
vt 0.636500 0.262500
vt 0.718900 0.315100
vt 0.704000 0.337000
vt 0.675700 0.309300
vt 0.641700 0.321100
vt 0.281200 0.622500
vt 0.751700 0.267600
vt 0.739100 0.269500
vt 0.743000 0.257700
vt 0.551500 0.253100
vt 0.539100 0.264700
vt 0.662700 0.280500
vt 0.652800 0.271500
vt 0.661600 0.256300
vt 0.670100 0.265900
vt 0.630900 0.286700
vt 0.689300 0.401400
vt 0.673600 0.420700
vt 0.655200 0.394100
vt 0.672300 0.377300
vt 0.651000 0.348400
vt 0.608400 0.683400
vt 0.560300 0.269600
vt 0.618900 0.247300
vt 0.664300 0.213400
vt 0.675400 0.222700
vt 0.663600 0.233500
vt 0.622500 0.102100
vt 0.614700 0.111700
vt 0.608000 0.104800
vt 0.638600 0.284700
vt 0.636600 0.296600
vt 0.641500 0.302500
vt 0.650100 0.311500
vt 0.548000 0.273200
vt 0.590600 0.430600
vt 0.659500 0.337300
vt 0.658800 0.639300
vt 0.616500 0.239700
vt 0.608900 0.245300
vt 0.544300 0.274200
vt 0.549000 0.168200
vt 0.539900 0.162600
vt 0.548500 0.157800
vt 0.551700 0.163600
vt 0.592800 0.674600
vt 0.564700 0.257800
vt 0.728800 0.257400
vt 0.721200 0.243200
vt 0.544700 0.236900
vt 0.544600 0.230600
vt 0.595500 0.635000
vt 0.598900 0.640900
vt 0.525500 0.170400
vt 0.528100 0.160600
vt 0.527100 0.149900
vt 0.538300 0.147700
vt 0.530800 0.121300
vt 0.544400 0.119500
vt 0.547400 0.131000
vt 0.535000 0.134600
vt 0.607200 0.562400
vt 0.594800 0.568400
vt 0.564500 0.176700
vt 0.576200 0.174600
vt 0.601100 0.141000
vt 0.616700 0.149000
vt 0.612900 0.157500
vt 0.599800 0.153100
vt 0.555500 0.167500
vt 0.557200 0.164100
vt 0.554900 0.182700
vt 0.560800 0.170000
vt 0.569100 0.145500
vt 0.563100 0.150500
vt 0.556400 0.150100
vt 0.558300 0.146100
vt 0.588600 0.162100
vt 0.599600 0.163300
vt 0.598700 0.170400
vt 0.588200 0.168800
vt 0.566700 0.154100
vt 0.574800 0.152700
vt 0.574900 0.161800
vt 0.567700 0.158900
vt 0.549700 0.144700
vt 0.244800 0.618000
vt 0.243900 0.610800
vt 0.258400 0.609800
vt 0.258200 0.616000
vt 0.552300 0.157900
vt 0.557700 0.156200
vt 0.554300 0.160300
vt 0.564300 0.162700
vt 0.575000 0.168900
vt 0.557800 0.161100
vt 0.553400 0.154700
vt 0.551300 0.152400
vt 0.556200 0.152800
vt 0.560300 0.152900
vt 0.565900 0.135700
vt 0.646300 0.288800
vt 0.584200 0.142500
vt 0.587600 0.152700
vt 0.564000 0.156800
vt 0.775000 0.314400
vt 0.758300 0.325500
vt 0.740100 0.297000
vt 0.760500 0.290300
vt 0.561800 0.160200
vt 0.688800 0.211300
vt 0.675100 0.199800
vt 0.557100 0.116300
vt 0.561400 0.126200
vt 0.226800 0.605700
vt 0.677900 0.174000
vt 0.649500 0.167100
vt 0.651900 0.159200
vt 0.287200 0.606400
vt 0.771900 0.285500
vt 0.287300 0.616900
vt 0.692000 0.244700
vt 0.704600 0.236700
vt 0.544400 0.268400
vt 0.749100 0.259200
vt 0.271000 0.620900
vt 0.271500 0.615400
vt 0.683500 0.363200
vt 0.666900 0.326400
vt 0.692800 0.351000
vt 0.674000 0.287200
vt 0.672300 0.242900
vt 0.684700 0.233000
vt 0.697600 0.222700
vt 0.235500 0.631900
vt 0.708100 0.213100
vt 0.656800 0.297500
vt 0.231600 0.622600
vt 0.695500 0.195100
vt 0.680400 0.254200
vt 0.536400 0.197600
vt 0.624200 0.413100
vt 0.710800 0.374200
vt 0.701200 0.386200
vt 0.740200 0.341800
vt 0.723500 0.359100
vt 0.673900 0.132500
vt 0.724300 0.204900
vt 0.714700 0.229400
vt 0.622500 0.178900
vt 0.629200 0.191600
vt 0.619600 0.183800
vt 0.674600 0.639200
vt 0.679100 0.615200
vt 0.677800 0.468200
vt 0.692600 0.440300
vt 0.718000 0.457500
vt 0.667900 0.654000
vt 0.634800 0.660300
vt 0.597400 0.250900
vt 0.582800 0.254700
vt 0.661200 0.664200
vt 0.775600 0.508400
vt 0.747900 0.473500
vt 0.770600 0.485700
vt 0.146200 0.584600
vt 0.510500 0.592300
vt 0.519500 0.595800
vt 0.151900 0.582500
vt 0.576400 0.641800
vt 0.624200 0.232400
vt 0.627700 0.217200
vt 0.573100 0.627900
vt 0.547600 0.191300
vt 0.542800 0.198400
vt 0.607400 0.584800
vt 0.600400 0.591200
vt 0.563700 0.193100
vt 0.571600 0.189400
vt 0.545000 0.606500
vt 0.545900 0.601000
vt 0.553000 0.603900
vt 0.551400 0.609200
vt 0.547200 0.594700
vt 0.555000 0.598300
vt 0.578900 0.588400
vt 0.574500 0.600500
vt 0.585300 0.576900
vt 0.625700 0.577800
vt 0.615700 0.579100
vt 0.580600 0.187400
vt 0.591400 0.186600
vt 0.598600 0.176200
vt 0.610600 0.173600
vt 0.609600 0.179000
vt 0.640200 0.606800
vt 0.645100 0.596700
vt 0.648700 0.602400
vt 0.588600 0.174600
vt 0.224600 0.613500
vt 0.642000 0.178400
vt 0.623800 0.561100
vt 0.648000 0.582000
vt 0.640500 0.579100
vt 0.607000 0.188400
vt 0.615500 0.191000
vt 0.635100 0.561400
vt 0.593600 0.626400
vt 0.610400 0.630600
vt 0.632800 0.578200
vt 0.598600 0.187300
vt 0.612000 0.166100
vt 0.657900 0.571700
vt 0.646500 0.565400
vt 0.626300 0.170800
vt 0.555700 0.619200
vt 0.564200 0.537900
vt 0.521600 0.138300
vt 0.564200 0.550500
vt 0.622600 0.662900
vt 0.603900 0.649400
vt 0.611700 0.658500
vt 0.546200 0.244900
vt 0.593700 0.607500
vt 0.592900 0.616600
vt 0.548300 0.212700
vt 0.551700 0.205200
vt 0.628700 0.644500
vt 0.617900 0.637800
vt 0.626300 0.616100
vt 0.624100 0.623900
vt 0.611000 0.619500
vt 0.612300 0.608100
vt 0.628600 0.591900
vt 0.632700 0.598400
vt 0.631200 0.607800
vt 0.631400 0.625800
vt 0.639500 0.623300
vt 0.595200 0.598400
vt 0.557000 0.198700
vt 0.572800 0.613900
vt 0.620000 0.599600
vt 0.546400 0.221500
vt 0.638000 0.592900
vt 0.622900 0.196300
vt 0.654900 0.588200
vt 0.520000 0.122600
vt 0.556400 0.077200
vt 0.570300 0.069700
vt 0.573700 0.083400
vt 0.560100 0.090600
vt 0.627700 0.204900
vt 0.660800 0.598000
vt 0.545400 0.524800
vt 0.557800 0.536300
vt 0.546800 0.533100
vt 0.563100 0.566000
vt 0.726900 0.219800
vt 0.733600 0.232900
vt 0.515900 0.188400
vt 0.514600 0.192900
vt 0.282000 0.626400
vt 0.740100 0.247900
vt 0.704200 0.293800
vt 0.804600 0.502000
vt 0.789400 0.472100
vt 0.774500 0.347300
vt 0.785700 0.360400
vt 0.732700 0.434400
vt 0.730500 0.417100
vt 0.739000 0.407400
vt 0.812100 0.449300
vt 0.761800 0.451300
vt 0.786700 0.426700
vt 0.642400 0.614300
vt 0.651600 0.445900
vt 0.600300 0.124400
vt 0.614500 0.127000
vt 0.611500 0.135300
vt 0.628300 0.161800
vt 0.570900 0.113000
vt 0.576400 0.122300
vt 0.667200 0.581400
vt 0.587400 0.106800
vt 0.597800 0.098800
vt 0.594800 0.115200
vt 0.630100 0.154200
vt 0.686700 0.186200
vt 0.145800 0.630500
vt 0.535200 0.516900
vt 0.580700 0.131300
vt 0.673600 0.595100
vt 0.544900 0.082700
vt 0.549700 0.095700
vt 0.592800 0.094500
vt 0.582900 0.100900
vt 0.578000 0.093600
vt 0.588200 0.089000
vt 0.583200 0.064800
vt 0.585000 0.079600
vt 0.626200 0.133900
vt 0.620200 0.141300
vt 0.633100 0.147700
vt 0.639400 0.139400
vt 0.656200 0.143000
vt 0.653700 0.152400
vt 0.529300 0.115100
vt 0.519000 0.115200
vt 0.518400 0.109900
vt 0.528500 0.110000
vt 0.258600 0.620500
vt 0.622000 0.118700
vt 0.246700 0.624100
vt 0.746900 0.227000
vt 0.755200 0.241500
vt 0.632000 0.126100
vt 0.644300 0.130400
vt 0.228300 0.600600
vt 0.271700 0.608200
vt 0.760200 0.270000
vt 0.244000 0.606800
vt 0.258400 0.606200
vt 0.271100 0.603800
vt 0.534500 0.580000
vt 0.534300 0.571200
vt 0.542700 0.573700
vt 0.542000 0.583000
vt 0.763400 0.266800
vt 0.786800 0.306700
vt 0.257900 0.603100
vt 0.270100 0.600000
vt 0.678700 0.156200
vt 0.244300 0.603100
vt 0.678600 0.163100
vt 0.765200 0.261700
vt 0.778600 0.279800
vt 0.286000 0.600300
vt 0.796700 0.300200
vt 0.809300 0.316400
vt 0.801000 0.323300
vt 0.706600 0.420800
vt 0.836200 0.350800
vt 0.823600 0.330200
vt 0.831700 0.324100
vt 0.850900 0.338900
vt 0.726900 0.394100
vt 0.717500 0.405700
vt 0.818000 0.366900
vt 0.789900 0.334500
vt 0.814000 0.527600
vt 0.884900 0.393000
vt 0.901200 0.410700
vt 0.882000 0.435700
vt 0.832800 0.479900
vt 0.847800 0.508400
vt 0.877700 0.486000
vt 0.904000 0.458900
vt 0.857400 0.458100
vt 0.921000 0.423700
vt 0.897800 0.373500
vt 0.874800 0.356000
vt 0.894800 0.337600
vt 0.914800 0.360900
vt 0.862900 0.297900
vt 0.880000 0.295700
vt 0.875000 0.312200
vt 0.817000 0.337900
vt 0.803700 0.350100
vt 0.861800 0.372500
vt 0.852500 0.292600
vt 0.924100 0.391000
vt 0.909000 0.391000
vt 0.853000 0.236700
vt 0.874100 0.246500
vt 0.854900 0.253800
vt 0.902100 0.310900
vt 0.863300 0.326500
vt 0.835700 0.267200
vt 0.844100 0.283100
vt 0.830200 0.286900
vt 0.816900 0.265200
vt 0.810200 0.243000
vt 0.833400 0.249900
vt 0.893800 0.273600
vt 0.908800 0.265400
vt 0.900200 0.287900
vt 0.709100 0.191900
vt 0.249800 0.630700
vt 0.542800 0.113200
vt 0.554900 0.109900
vt 0.567400 0.106600
vt 0.867900 0.272500
vt 0.884000 0.259200
vt 0.839900 0.204100
vt 0.825500 0.185300
vt 0.535100 0.559500
vt 0.530800 0.545500
vt 0.539600 0.545200
vt 0.543200 0.560500
vt 0.849000 0.267200
vt 0.517800 0.103600
vt 0.535000 0.533200
vt 0.539600 0.099300
vt 0.553000 0.104500
vt 0.541600 0.107500
vt 0.563800 0.100200
vt 0.524200 0.091000
vt 0.527300 0.102300
vt 0.535400 0.087800
vt 0.600500 0.065900
vt 0.628500 0.111800
vt 0.634900 0.119200
vt 0.639300 0.072300
vt 0.630500 0.060200
vt 0.803800 0.178600
vt 0.749700 0.253700
vt 0.657600 0.130800
vt 0.716200 0.200900
vt 0.230400 0.592900
vt 0.241000 0.644000
vt 0.673800 0.122700
vt 0.741200 0.212200
vt 0.759100 0.183600
vt 0.759600 0.205300
vt 0.668200 0.107800
vt 0.766300 0.224200
vt 0.644700 0.120200
vt 0.657600 0.119800
vt 0.786000 0.220600
vt 0.778300 0.204100
vt 0.260400 0.625400
vt 0.272700 0.628100
vt 0.540500 0.591500
vt 0.533600 0.588900
vt 0.791200 0.205100
vt 0.636500 0.095500
vt 0.655200 0.106900
vt 0.641900 0.108200
vt 0.741400 0.199700
vt 0.679700 0.146600
vt 0.813700 0.192100
vt 0.776400 0.171600
vt 0.652100 0.090900
vt 0.628300 0.081300
vt 0.620100 0.068600
vt 0.612400 0.057500
vt 0.786000 0.163000
vt 0.821700 0.214700
vt 0.808200 0.210500
vt 0.804800 0.204200
vt 0.821600 0.205200
vt 0.795000 0.156500
vt 0.836400 0.232500
vt 0.839600 0.219200
vt 0.818200 0.225500
vt 0.622900 0.049200
vt 0.812300 0.172500
vt 0.801200 0.214500
vt 0.877200 0.282100
vt 0.866200 0.288400
vt 0.860000 0.284200
vt 0.854800 0.277700
vt 0.919200 0.247100
vt 0.308200 0.590500
vt 0.303400 0.613400
vt 0.890800 0.242200
vt 0.308300 0.638200
vt 0.906000 0.231400
vt 0.894600 0.216400
vt 0.518500 0.144600
vt 0.555200 0.610200
vt 0.509800 0.200600
vt 0.550600 0.617200
vt 0.562800 0.579700
vt 0.558200 0.578800
vt 0.557200 0.589300
vt 0.549600 0.586500
vt 0.551000 0.576400
vt 0.523000 0.151200
vt 0.525600 0.535500
vt 0.522500 0.546500
vt 0.525000 0.557400
vt 0.522000 0.169100
vt 0.524100 0.160300
vt 0.523600 0.585700
vt 0.524800 0.576600
vt 0.532500 0.525400
vt 0.150200 0.638600
vt 0.159400 0.638900
vt 0.559200 0.600100
vt 0.562400 0.590900
vt 0.522800 0.178900
vt 0.520400 0.185100
vt 0.520700 0.590400
vt 0.531300 0.593800
vt 0.528900 0.598200
vt 0.515100 0.564300
vt 0.515000 0.554800
vt 0.524100 0.567800
vt 0.518900 0.190400
vt 0.515100 0.572700
vt 0.558000 0.605300
vt 0.517000 0.184100
vt 0.537200 0.602300
vt 0.538900 0.597100
vt 0.519500 0.177100
vt 0.528200 0.602400
vt 0.162300 0.578800
vt 0.285200 0.631800
vt 0.762900 0.249100
vt 0.153000 0.589500
vt 0.278400 0.634500
vt 0.286400 0.637200
vt 0.276400 0.587500
vt 0.756300 0.249900
vt 0.758600 0.256400
vt 0.269400 0.593100
vt 0.257100 0.598600
vt 0.245200 0.597600
vt 0.518400 0.539000
vt 0.517300 0.600800
vt 0.515500 0.547200
vt 0.504300 0.573100
vt 0.505400 0.567400
vt 0.511700 0.580700
vt 0.143100 0.583800
vt 0.509400 0.540900
vt 0.514500 0.542200
vt 0.153100 0.611900
vt 0.135900 0.622800
vt 0.137100 0.623300
vt 0.506600 0.560700
vt 0.507400 0.552800
vt 0.511700 0.587800
vt 0.508400 0.546900
vt 0.513000 0.519800
vt 0.146800 0.626000
vt 0.151000 0.619000
s 1
usemtl 12140_Skull_v3
f 3/1/1 4/2/2 1/3/3 2/4/4
f 131/5/5 10/6/6 9/7/7 129/8/8
f 153/9/9 11/10/10 10/6/6 139/11/11
f 7/12/12 8/13/13 5/14/14 6/15/15
f 153/9/9 172/16/16 14/17/17 11/10/10
f 21/18/18 20/19/19 15/20/20 16/21/21
f 16/21/21 17/22/22 23/23/23 21/18/18
f 11/10/10 12/24/24 9/7/7 10/6/6
f 25/25/25 24/26/26 20/19/19 21/18/18
f 127/27/27 129/8/8 9/7/7 15/20/20
f 151/28/28 5/14/14 19/29/29 18/30/30
f 193/31/31 177/32/32 176/33/33 7/12/12
f 43/34/34 29/35/35 27/36/36 26/37/37
f 18/30/30 19/29/29 17/22/22 13/38/38
f 39/39/39 40/40/40 37/41/41 36/42/42
f 124/43/43 127/27/27 15/20/20 20/19/19
f 22/44/44 23/23/23 17/22/22 19/29/29
f 26/45/37 27/36/36 22/44/44 8/13/13
f 130/46/45 129/47/8 127/48/27 128/49/46
f 31/50/47 25/25/25 28/51/48 30/52/49
f 343/53/50 195/54/51 194/55/52 339/56/53
f 124/43/43 20/19/19 24/26/26 122/57/54
f 43/34/34 44/58/55 32/59/56 29/35/35
f 12/24/24 13/38/38 17/22/22 16/21/21
f 32/59/56 33/60/57 30/52/49 29/35/35
f 27/36/36 28/51/48 23/23/23 22/44/44
f 138/61/58 137/62/59 133/63/60 136/64/61
f 33/60/57 34/65/62 31/50/47 30/52/49
f 58/66/63 57/67/64 45/68/65 48/69/66
f 29/35/35 30/52/49 28/51/48 27/36/36
f 57/70/64 54/71/67 41/72/68 45/73/65
f 42/74/69 53/75/70 52/76/71 51/77/72
f 31/50/47 34/65/62 115/78/73 114/79/74
f 81/80/75 71/81/76 47/82/77 46/83/78
f 36/42/42 35/84/79 34/65/62 33/60/57
f 42/74/69 59/85/80 40/40/40 39/39/39
f 48/69/66 45/68/65 44/86/55 47/82/77
f 42/74/69 41/72/68 54/71/67 53/75/70
f 42/74/69 39/39/39 36/42/42 41/72/68
f 74/87/81 75/88/82 72/89/83 68/90/84
f 120/91/85 121/92/86 119/93/87 118/94/88
f 115/78/73 34/65/62 35/84/79 104/95/89
f 107/96/90 102/97/91 72/89/83 75/88/82
f 44/58/55 45/73/65 41/72/68 32/59/56
f 79/98/92 70/99/93 51/100/72 50/101/94
f 348/102/95 178/103/96 3/1/1 195/54/51
f 103/104/97 104/95/89 35/84/79 38/105/98
f 61/106/99 101/107/100 37/41/41 40/40/40
f 137/62/59 138/61/58 82/108/101 85/109/102
f 65/110/103 64/111/104 63/112/105 62/113/106
f 102/114/91 61/106/99 60/115/107 72/116/83
f 121/117/86 114/79/74 115/78/73 119/118/87
f 176/33/33 46/83/78 43/119/34 26/37/37
f 48/69/66 47/82/77 71/81/76 50/101/94
f 148/120/108 144/121/109 73/122/110 69/123/111
f 37/41/41 38/105/98 35/84/79 36/42/42
f 103/104/97 38/105/98 37/41/41 101/107/100
f 58/66/63 49/124/112 55/125/113 56/126/114
f 56/127/114 55/128/113 53/75/70 54/71/67
f 50/101/94 49/124/112 58/66/63 48/69/66
f 84/129/115 83/130/116 180/131/117 179/132/118
f 77/133/119 74/87/81 73/122/110 76/134/120
f 182/135/121 181/136/122 87/137/123 89/138/124
f 79/98/92 77/133/119 67/139/125 70/99/93
f 51/100/72 52/140/71 49/124/112 50/101/94
f 57/70/64 56/127/114 54/71/67
f 42/74/69 51/77/72 70/141/93 59/85/80
f 57/70/64 58/66/63 56/126/114
f 60/115/107 61/106/99 40/40/40 59/85/80
f 52/140/71 53/75/70 55/128/113
f 67/142/125 62/113/106 59/85/80 70/141/93
f 110/143/126 107/96/90 75/88/82 78/144/127
f 62/113/106 63/112/105 60/115/107 59/85/80
f 84/129/115 179/132/118 364/145/128 274/146/129
f 147/147/130 66/148/131 76/134/120 145/149/132
f 146/150/133 149/151/134 64/111/104 65/110/103
f 138/61/58 142/152/135 86/153/136 82/108/101
f 77/133/119 76/134/120 66/148/131 67/139/125
f 68/154/84 72/116/83 60/115/107 63/112/105
f 77/133/119 78/144/127 75/88/82 74/87/81
f 67/142/125 66/155/131 65/110/103 62/113/106
f 65/110/103 66/155/131 147/156/130 146/150/133
f 148/157/108 69/158/111 64/111/104 149/151/134
f 106/159/137 105/160/138 103/104/97 101/107/100
f 80/161/139 79/98/92 50/101/94 71/81/76
f 83/130/116 82/108/101 86/153/136 87/137/123
f 52/140/71 55/125/113 49/124/112
f 98/162/140 110/143/126 78/144/127 80/161/139
f 89/138/124 88/163/141 90/164/142 91/165/143
f 144/121/109 145/149/132 76/134/120 73/122/110
f 81/80/75 99/166/144 71/81/76
f 79/98/92 80/161/139 78/144/127 77/133/119
f 150/167/145 149/151/134 146/150/133 147/156/130
f 274/146/129 273/168/146 85/109/102 84/129/115
f 81/80/75 113/169/147 100/170/148
f 183/171/149 184/172/150 192/173/151 191/174/152
f 99/166/144 81/80/75 100/170/148
f 120/91/85 118/94/88 112/175/153 100/170/148
f 87/137/123 86/153/136 88/163/141 89/138/124
f 176/176/33 175/177/154 81/80/75 46/83/78
f 148/120/108 150/178/145 145/149/132 144/121/109
f 84/129/115 85/109/102 82/108/101 83/130/116
f 91/165/143 90/164/142 92/179/155 93/180/156
f 282/181/157 281/182/158 279/183/159 280/184/160
f 142/152/135 141/185/161 88/163/141 86/153/136
f 183/171/149 182/135/121 89/138/124 91/165/143
f 407/186/162 402/187/163 812/188/164
f 141/185/161 143/189/165 90/164/142 88/163/141
f 320/190/166 318/191/167 200/192/168 203/193/169
f 143/189/165 132/194/170 92/179/155 90/164/142
f 185/195/171 184/172/150 93/180/156 95/196/172
f 139/11/11 135/197/173 1/3/3 153/9/9
f 175/177/154 97/198/174 96/199/175 126/200/176
f 132/194/170 130/46/45 94/201/177 92/179/155
f 130/46/45 128/49/46 96/199/175 94/201/177
f 108/202/178 109/203/179 105/204/138 106/205/137
f 100/170/148 112/175/153 98/162/140
f 113/169/147 81/80/75 175/177/154 126/200/176
f 280/184/160 279/183/159 277/206/180 278/207/181
f 181/136/122 180/131/117 83/130/116 87/137/123
f 123/208/182 113/169/147 126/200/176 125/209/183
f 131/5/5 143/189/165 141/185/161 140/210/184
f 365/211/185 366/212/186 278/207/181 276/213/187
f 111/214/188 110/143/126 98/162/140 112/175/153
f 63/112/105 64/111/104 69/158/111 68/154/84
f 44/86/55 43/119/34 46/83/78 47/82/77
f 111/214/188 108/202/178 107/96/90 110/143/126
f 99/166/144 100/170/148 98/162/140
f 107/96/90 108/202/178 106/205/137 102/97/91
f 121/117/86 122/57/54 24/26/26 114/79/74
f 71/81/76 98/162/140 80/161/139
f 99/166/144 98/162/140 71/81/76
f 123/208/182 120/91/85 100/170/148 113/169/147
f 116/215/189 104/95/89 103/104/97 105/160/138
f 105/204/138 109/203/179 117/216/190 116/217/189
f 96/199/175 128/49/46 125/209/183 126/200/176
f 182/135/121 183/171/149 191/174/152 190/218/191
f 111/214/188 117/216/190 109/203/179 108/202/178
f 118/94/88 119/93/87 116/217/189 117/216/190
f 119/118/87 115/78/73 104/95/89 116/215/189
f 123/208/182 122/219/54 121/92/86 120/91/85
f 128/49/46 127/48/27 124/220/43 125/209/183
f 125/209/183 124/220/43 122/219/54 123/208/182
f 194/55/52 2/4/4 134/221/192 323/222/193
f 176/176/33 177/32/32 175/177/154
f 161/223/194 178/103/96 187/224/195 188/225/196
f 41/72/68 36/42/42 33/60/57 32/59/56
f 139/11/11 140/226/184 136/64/61 135/197/173
f 168/227/197 164/228/198 160/229/199 165/230/200
f 133/231/60 134/221/192 135/197/173 136/64/61
f 131/5/5 140/226/184 139/11/11 10/6/6
f 376/232/201 375/233/202 199/234/203 198/235/204
f 204/236/205 205/237/206 202/238/207 201/239/208
f 141/185/161 142/152/135 136/240/61 140/210/184
f 155/241/209 156/242/210 154/243/211
f 132/194/170 143/189/165 131/244/5
f 324/245/212 327/246/213 322/247/214
f 171/248/215 170/249/216 167/250/217 168/227/197
f 95/196/172 94/201/177 96/199/175 97/198/174
f 324/245/212 137/62/59 85/109/102 273/168/146
f 322/251/214 323/222/193 134/221/192 133/231/60
f 192/252/151 6/15/15 152/253/218 191/254/152
f 142/152/135 138/61/58 136/240/61
f 149/151/134 150/167/145 148/157/108
f 158/255/219 156/242/210 155/241/209 159/256/220
f 102/114/91 106/159/137 101/107/100 61/106/99
f 160/229/199 164/228/198 158/255/219 157/257/221
f 118/94/88 117/216/190 111/214/188 112/175/153
f 145/149/132 150/178/145 147/147/130
f 73/122/110 74/87/81 68/90/84 69/123/111
f 152/253/218 151/28/28 165/230/200 166/258/222
f 170/249/216 173/259/223 154/243/211
f 172/16/16 169/260/224 151/28/28 18/30/30
f 155/241/209 173/259/223 174/261/225 159/256/220
f 186/262/226 97/198/174 175/177/154 177/263/32
f 31/50/47 114/79/74 24/26/26 25/25/25
f 168/227/197 167/250/217 163/264/227 164/228/198
f 181/136/122 182/135/121 190/218/191 189/265/228
f 163/264/227 156/242/210 158/255/219 164/228/198
f 188/225/196 189/266/228 162/267/229 161/223/194
f 156/242/210 163/264/227 154/243/211
f 174/261/225 172/16/16 153/9/9 159/256/220
f 153/9/9 157/257/221 158/255/219 159/256/220
f 16/21/21 15/20/20 9/7/7 12/24/24
f 166/258/222 165/230/200 160/229/199 162/267/229
f 171/248/215 168/227/197 165/230/200 169/260/224
f 161/223/194 162/267/229 160/229/199 4/2/2
f 190/268/191 191/254/152 152/253/218 166/258/222
f 151/28/28 169/260/224 165/230/200
f 174/261/225 171/248/215 169/260/224 172/16/16
f 163/264/227 167/250/217 154/243/211
f 167/250/217 170/249/216 154/243/211
f 21/18/18 23/23/23 28/51/48 25/25/25
f 373/269/230 366/212/186 365/211/185 372/270/231
f 154/243/211 173/259/223 155/241/209
f 180/131/117 181/136/122 189/265/228 188/271/196
f 187/272/195 179/132/118 180/131/117 188/271/196
f 339/56/53 326/273/232 203/193/169 202/238/207
f 184/172/150 185/195/171 193/274/31 192/173/151
f 184/172/150 183/171/149 91/165/143 93/180/156
f 177/32/32 193/274/31 185/195/171 186/262/226
f 362/275/233 198/235/204 197/276/234 218/277/235
f 348/102/95 371/278/236 187/224/195 178/103/96
f 186/262/226 185/195/171 95/196/172 97/198/174
f 385/279/237 383/280/238 382/281/239
f 371/282/236 364/145/128 179/132/118 187/272/195
f 189/266/228 190/268/191 166/258/222 162/267/229
f 132/194/170 131/244/5 129/47/8 130/46/45
f 197/276/234 196/283/240 209/284/241 213/285/242
f 174/261/225 173/259/223 170/249/216 171/248/215
f 338/286/243 337/287/244 196/283/240 199/234/203
f 389/288/245 388/289/246 393/290/247
f 198/235/204 199/234/203 196/283/240 197/276/234
f 215/291/248 216/292/249 212/293/250 211/294/251
f 373/295/230 372/296/231 347/297/252 352/298/253
f 216/292/249 219/299/254 214/300/255 212/293/250
f 202/238/207 203/193/169 200/192/168 201/239/208
f 358/301/256 205/237/206 204/236/205 210/302/257
f 211/294/251 212/293/250 207/303/258 206/304/259
f 212/293/250 214/300/255 208/305/260 207/303/258
f 217/306/261 218/307/235 197/276/234 213/285/242
f 316/308/262 313/309/263 211/294/251 206/304/259
f 313/309/263 311/310/264 215/291/248 211/294/251
f 318/191/167 316/308/262 206/304/259 200/192/168
f 360/311/265 345/312/266 339/56/53 358/301/256
f 249/313/267 240/314/268 243/315/269 239/316/270
f 204/236/205 208/305/260 209/284/241 210/302/257
f 213/285/242 209/284/241 208/305/260 214/300/255
f 337/287/244 210/302/257 209/284/241 196/283/240
f 231/317/271 227/318/272 228/319/273 230/320/274
f 222/321/275 220/322/276 219/299/254 216/292/249
f 354/323/277 351/324/278 346/325/279 350/326/280
f 220/322/276 222/321/275 225/327/281 223/328/282
f 234/329/283 218/277/235 217/306/261 221/330/284
f 213/285/242 214/300/255 219/299/254 217/306/261
f 221/330/284 220/322/276 223/328/282 224/331/285
f 238/332/286 362/333/233 218/277/235 234/334/283
f 227/318/272 232/335/287 224/331/285 223/328/282
f 233/336/288 242/337/289 241/338/290 244/339/291
f 221/330/284 217/306/261 219/299/254 220/322/276
f 262/340/292 237/341/293 239/316/270 243/315/269
f 248/342/294 236/343/295 232/335/287 245/344/296
f 317/345/297 314/346/298 313/347/263 316/348/262
f 227/318/272 226/349/299 229/350/300 228/319/273
f 392/351/301 377/352/302 378/353/303 393/290/247
f 233/336/288 232/335/287 227/318/272 231/317/271
f 235/354/304 234/329/283 221/330/284 224/331/285
f 231/317/271 230/320/274 250/355/305 233/336/288
f 292/356/306 290/357/307 228/319/273 229/350/300
f 285/358/308 315/359/309 314/346/298 317/345/297
f 244/339/291 245/344/296 232/335/287 233/336/288
f 261/360/310 270/361/311 243/315/269 242/362/289
f 304/363/312 293/364/313 226/349/299 225/327/281
f 230/320/274 228/319/273 290/357/307 252/365/314
f 262/340/292 272/366/315 238/332/286 237/341/293
f 229/350/300 226/349/299 293/364/313 292/356/306
f 332/367/316 333/368/317 257/369/318 256/370/319
f 239/316/270 237/341/293 235/371/304 236/372/295
f 259/373/320 260/374/321 255/375/322 253/376/323
f 254/377/324 253/376/323 255/375/322 256/370/319
f 244/339/291 241/338/290 246/378/325
f 249/313/267 239/316/270 236/372/295 248/379/294
f 240/314/268 246/380/325 241/381/290
f 236/343/295 235/354/304 224/331/285 232/335/287
f 249/313/267 248/379/294 247/382/326
f 333/383/317 330/384/327 267/385/328 257/386/318
f 246/378/325 247/387/326 245/344/296 244/339/291
f 223/328/282 225/327/281 226/349/299 227/318/272
f 271/388/329 270/361/311 268/389/330 269/390/331
f 258/391/332 261/392/310 250/355/305 254/377/324
f 403/393/333 404/394/334 401/395/335 400/396/336
f 242/362/289 243/315/269 240/314/268 241/381/290
f 291/397/337 263/398/338 251/399/339 252/365/314
f 247/387/326 248/342/294 245/344/296
f 259/400/320 263/401/338 266/402/340 264/403/341
f 271/388/329 262/340/292 243/315/269 270/361/311
f 261/392/310 242/337/289 233/336/288 250/355/305
f 331/404/342 334/405/343 260/406/321 265/407/344
f 327/246/213 328/408/345 325/409/346 322/251/214
f 257/369/318 258/391/332 254/377/324 256/370/319
f 270/361/311 261/360/310 258/410/332 268/389/330
f 254/377/324 250/355/305 251/399/339 253/376/323
f 256/370/319 255/375/322 335/411/347 332/367/316
f 258/410/332 257/386/318 267/385/328 268/389/330
f 265/407/344 264/403/341 268/389/330 267/385/328
f 296/412/348 266/402/340 263/401/338 291/413/337
f 271/388/329 287/414/349 262/340/292
f 269/390/331 268/389/330 264/403/341 266/402/340
f 278/207/181 277/206/180 275/415/350 276/213/187
f 334/416/343 335/411/347 255/375/322 260/374/321
f 262/340/292 288/417/351 272/366/315
f 299/418/352 269/390/331 266/402/340 296/412/348
f 265/407/344 260/406/321 259/400/320 264/403/341
f 290/357/307 292/356/306 294/419/353 295/420/354
f 250/355/305 230/320/274 252/365/314 251/399/339
f 301/421/355 287/414/349 299/418/352 300/422/356
f 331/404/342 265/407/344 267/385/328 330/384/327
f 287/414/349 271/388/329 269/390/331 299/418/352
f 339/56/53 194/55/52 323/222/193 326/273/232
f 310/423/357 308/424/358 304/363/312 303/425/359
f 276/213/187 275/415/350 273/168/146 274/146/129
f 361/426/360 362/333/233 238/332/286 272/366/315
f 351/324/278 337/287/244 338/286/243 352/298/253
f 307/427/361 301/421/355 300/422/356 306/428/362
f 253/376/323 251/399/339 263/398/338 259/373/320
f 272/366/315 288/417/351 289/429/363
f 247/382/326 246/380/325 240/314/268 249/313/267
f 273/168/146 275/415/350 327/246/213 324/245/212
f 284/430/364 283/431/365 281/182/158 282/181/157
f 93/180/156 92/179/155 94/201/177 95/196/172
f 286/432/366 285/358/308 283/431/365 284/430/364
f 275/415/350 277/206/180 328/408/345 327/246/213
f 366/212/186 367/433/367 280/184/160 278/207/181
f 277/206/180 279/183/159 329/434/368 328/408/345
f 361/426/360 315/359/309 285/358/308 286/432/366
f 367/433/367 368/435/369 282/181/157 280/184/160
f 291/397/337 252/365/314 290/357/307 295/420/354
f 329/434/368 279/183/159 281/182/158 321/436/370
f 368/435/369 369/437/371 284/430/364 282/181/157
f 321/436/370 281/182/158 283/431/365 319/438/372
f 369/437/371 370/439/373 286/432/366 284/430/364
f 319/438/372 283/431/365 285/358/308 317/345/297
f 287/414/349 301/421/355 289/429/363
f 288/417/351 287/414/349 289/429/363
f 315/359/309 361/426/360 272/366/315 302/440/374
f 300/422/356 297/441/375 298/442/376 306/428/362
f 308/443/358 307/427/361 306/428/362 305/444/377
f 292/356/306 293/364/313 305/445/377 294/419/353
f 295/446/354 294/447/353 298/442/376 297/441/375
f 300/422/356 299/418/352 296/412/348 297/441/375
f 305/444/377 306/428/362 298/442/376 294/447/353
f 291/413/337 295/446/354 297/441/375 296/412/348
f 303/425/359 215/291/248 311/310/264 310/423/357
f 289/429/363 302/440/374 272/366/315
f 288/417/351 262/340/292 287/414/349
f 309/448/378 312/449/379 302/440/374 289/429/363
f 364/145/128 365/211/185 276/213/187 274/146/129
f 331/404/342 330/384/327 336/450/380 334/405/343
f 303/425/359 304/363/312 225/327/281 222/321/275
f 386/451/381 384/452/382 381/453/383
f 293/364/313 304/363/312 308/424/358 305/445/377
f 307/427/361 308/443/358 310/454/357 309/448/378
f 311/455/264 312/449/379 309/448/378 310/454/357
f 314/346/298 315/359/309 302/440/374 312/449/379
f 319/438/372 318/456/167 320/190/166 321/436/370
f 319/438/372 317/345/297 316/348/262 318/456/167
f 325/457/346 326/273/232 323/222/193 322/251/214
f 384/452/382 382/281/239 381/453/383
f 237/341/293 238/332/286 234/334/283 235/371/304
f 203/193/169 326/273/232 325/457/346 320/190/166
f 329/434/368 320/458/166 325/409/346 328/408/345
f 324/245/212 322/247/214 133/63/60 137/62/59
f 201/239/208 200/192/168 206/304/259 207/303/258
f 320/458/166 329/434/368 321/436/370
f 344/459/384 345/312/266 342/460/385 341/461/386
f 345/312/266 344/459/384 343/53/50 339/56/53
f 336/462/380 333/368/317 332/367/316 335/411/347
f 354/323/277 350/326/280 349/463/387 353/464/388
f 375/233/202 374/465/389 338/286/243 199/234/203
f 343/53/50 344/459/384 350/326/280 346/325/279
f 334/416/343 336/450/380 335/411/347
f 336/462/380 330/384/327 333/383/317
f 341/461/386 342/460/385 340/466/390
f 343/53/50 346/325/279 195/54/51
f 358/301/256 210/302/257 337/287/244 355/467/391
f 340/466/390 359/468/392 356/469/393
f 358/301/256 339/56/53 202/238/207 205/237/206
f 314/346/298 312/449/379 311/455/264 313/347/263
f 357/470/394 354/323/277 353/464/388 356/469/393
f 350/326/280 344/459/384 341/461/386 349/463/387
f 360/311/265 359/468/392 342/460/385 345/312/266
f 347/297/252 346/325/279 351/324/278 352/298/253
f 372/296/231 371/278/236 348/102/95 347/297/252
f 357/470/394 355/467/391 351/324/278 354/323/277
f 348/102/95 195/54/51 346/325/279 347/297/252
f 357/470/394 356/469/393 359/468/392 360/311/265
f 374/471/389 367/433/367 366/212/186 373/269/230
f 340/466/390 353/464/388 349/463/387
f 376/232/201 198/235/204 362/275/233 363/472/395
f 360/311/265 358/301/256 355/467/391 357/470/394
f 356/469/393 353/464/388 340/466/390
f 351/324/278 355/467/391 337/287/244
f 342/460/385 359/468/392 340/466/390
f 370/439/373 363/473/395 361/426/360 286/432/366
f 361/426/360 363/473/395 362/275/233
f 374/465/389 373/295/230 352/298/253 338/286/243
f 372/270/231 365/211/185 364/145/128 371/282/236
f 207/303/258 208/305/260 204/236/205 201/239/208
f 375/474/202 376/475/201 369/437/371 368/435/369
f 375/474/202 368/435/369 367/433/367 374/471/389
f 370/439/373 369/437/371 376/475/201 363/472/395
f 340/466/390 349/463/387 341/461/386
f 309/448/378 289/429/363 301/421/355 307/427/361
f 379/476/396 383/280/238 380/477/397
f 429/478/398 430/479/399 426/480/400 425/481/401
f 417/482/402 395/483/403 396/484/404 418/485/405
f 393/290/247 378/353/303 379/476/396 394/486/406
f 399/487/407 395/488/403 812/188/164
f 378/353/303 377/352/302 381/453/383 382/281/239
f 394/486/406 379/476/396 380/477/397
f 379/476/396 378/353/303 382/281/239 383/280/238
f 393/290/247 388/289/246 387/489/408
f 433/490/409 434/491/410 430/479/399 429/478/398
f 404/394/334 405/492/411 398/493/412 401/395/335
f 391/494/413 394/486/406 380/477/397
f 386/451/381 381/453/383 811/495/414
f 385/279/237 390/496/415 383/280/238
f 394/486/406 389/288/245 393/290/247
f 377/352/302 392/351/301 811/495/414
f 387/489/408 384/452/382 386/451/381
f 387/489/408 388/289/246 384/452/382
f 396/497/404 395/488/403 399/487/407 400/396/336
f 391/494/413 380/498/397 383/280/238 390/496/415
f 397/499/416 401/395/335 398/493/412
f 389/288/245 390/496/415 385/279/237
f 387/489/408 386/451/381 392/351/301
f 402/187/163 403/393/333 400/396/336 399/487/407
f 410/500/417 407/186/162 812/188/164
f 391/494/413 390/496/415 394/486/406
f 417/482/402 413/501/418 812/188/164
f 419/502/419 418/485/405 396/484/404 397/499/416
f 402/187/163 399/487/407 812/188/164
f 393/290/247 387/489/408 392/351/301
f 397/503/416 396/497/404 400/396/336 401/395/335
f 406/504/420 416/505/421 398/506/412 405/492/411
f 407/186/162 408/507/422 403/393/333 402/187/163
f 458/508/423 459/509/424 455/510/425 454/511/426
f 415/512/427 416/505/421 406/504/420 412/513/428
f 413/501/418 410/500/417 812/188/164
f 421/514/429 420/515/430 424/516/431 425/481/401
f 409/517/432 406/504/420 405/492/411 404/394/334
f 424/516/431 420/515/430 813/518/433
f 419/502/419 398/493/412 416/505/421 415/512/427
f 413/501/418 414/519/434 411/520/435 410/500/417
f 412/513/428 411/520/435 414/519/434 415/512/427
f 432/521/436 428/522/437 813/518/433
f 417/482/402 418/485/405 414/519/434 413/501/418
f 418/485/405 419/502/419 415/512/427 414/519/434
f 409/517/432 412/513/428 406/504/420
f 433/490/409 421/514/429 422/523/438 434/491/410
f 411/520/435 412/513/428 409/517/432 408/507/422
f 440/524/439 449/525/440 450/526/441
f 395/488/403 417/482/402 812/188/164
f 428/522/437 424/516/431 813/518/433
f 432/521/436 420/515/430 421/514/429 433/490/409
f 495/527/442 491/528/443 816/529/444
f 498/530/445 816/529/444 501/531/446
f 430/479/399 431/532/447 427/533/448 426/480/400
f 410/500/417 411/520/435 408/507/422 407/186/162
f 422/523/438 421/514/429 425/481/401 426/480/400
f 432/521/436 433/490/409 429/478/398 428/522/437
f 445/534/449 444/535/450 446/536/451
f 420/515/430 432/521/436 813/518/433
f 431/532/447 435/537/452 423/538/453 427/533/448
f 423/538/453 422/523/438 426/480/400 427/533/448
f 444/535/450 442/539/454 440/524/439
f 805/540/455 437/541/456 441/542/457
f 428/522/437 429/478/398 425/481/401 424/516/431
f 446/536/451 451/543/458 447/544/459
f 456/545/460 457/546/461 452/547/462 451/543/458
f 520/548/463 521/549/464 517/550/465 516/551/466
f 483/552/467 447/544/459 448/553/468 480/554/469
f 459/509/424 460/555/470 456/545/460 455/510/425
f 434/491/410 422/523/438 423/538/453 435/537/452
f 443/556/471 806/557/472 441/542/457
f 451/543/458 452/547/462 448/558/468 447/544/459
f 436/559/473 437/541/456 438/560/474
f 451/543/458 450/526/441 455/510/425 456/545/460
f 445/534/449 442/539/454 444/535/450
f 486/561/475 445/534/449 487/562/476
f 461/563/477 453/564/478 457/546/461
f 493/565/479 497/566/480 494/567/481
f 453/564/478 452/547/462 457/546/461
f 434/491/410 435/537/452 431/532/447 430/479/399
f 442/539/454 443/556/471 441/542/457
f 441/542/457 436/559/473 440/524/439 442/539/454
f 445/534/449 443/556/471 442/539/454
f 447/544/459 487/562/476 445/534/449 446/536/451
f 460/555/470 461/563/477 457/546/461 456/545/460
f 446/536/451 444/535/450 450/526/441
f 486/561/475 490/568/482 445/534/449
f 440/524/439 436/559/473 439/569/483
f 465/570/484 460/555/470 459/509/424 464/571/485
f 450/526/441 449/525/440 454/511/426 455/510/425
f 465/570/484 467/572/486 470/573/487
f 814/574/488 454/575/426 449/525/440
f 492/576/489 491/528/443 495/527/442 496/577/490
f 450/526/441 444/535/450 440/524/439
f 466/578/491 464/571/485 463/579/492
f 463/579/492 464/571/485 459/509/424 458/508/423
f 453/564/478 448/558/468 452/547/462
f 468/580/493 466/578/491 472/581/494 473/582/495
f 458/508/423 814/574/488 463/583/492
f 476/584/496 477/585/497 473/582/495 472/581/494
f 467/572/486 464/571/485 466/578/491 468/580/493
f 460/555/470 465/570/484 462/586/498 461/563/477
f 469/587/499 470/573/487 467/572/486
f 814/574/488 472/588/494 466/578/491
f 464/571/485 467/572/486 465/570/484
f 483/552/467 480/554/469 478/589/500
f 470/573/487 471/590/501 462/586/498 465/570/484
f 461/563/477 462/586/498 453/564/478
f 485/591/502 482/592/503 481/593/504
f 478/589/500 479/594/505 475/595/506 474/596/507
f 472/581/494 814/574/488 476/597/496
f 483/552/467 478/589/500 477/585/497 482/592/503
f 468/580/493 469/587/499 467/572/486
f 484/598/508 481/593/504 814/574/488
f 474/596/507 470/573/487 469/587/499
f 481/593/504 482/592/503 477/585/497 476/584/496
f 814/574/488 481/599/504 476/584/496
f 474/596/507 469/587/499 473/582/495
f 448/553/468 453/600/478 479/594/505
f 453/600/478 462/601/498 471/590/501 475/595/506
f 499/602/509 500/603/510 497/566/480 496/577/490
f 475/595/506 471/590/501 474/596/507
f 508/604/511 491/605/443 492/606/489 509/607/512
f 468/580/493 473/582/495 469/587/499
f 479/594/505 453/600/478 475/595/506
f 486/561/475 482/592/503 485/591/502
f 448/553/468 479/594/505 480/554/469
f 486/561/475 487/562/476 482/592/503
f 485/591/502 490/568/482 486/561/475
f 483/552/467 487/562/476 447/544/459
f 482/592/503 487/562/476 483/552/467
f 484/608/508 485/591/502 481/593/504
f 484/598/508 814/574/488 438/609/474
f 653/610/513 822/611/514 651/612/515
f 551/613/516 511/614/517 512/615/518 552/616/519
f 438/560/474 488/617/520 484/598/508
f 494/618/481 500/603/510 505/619/521
f 498/530/445 499/602/509 496/577/490 495/527/442
f 509/607/512 492/606/489 493/565/479 510/620/522
f 836/621/523 832/622/524 974/623/525
f 437/541/456 805/540/455 489/624/526
f 488/617/520 485/591/502 484/608/508
f 443/556/471 490/568/482 489/624/526
f 489/624/526 490/568/482 485/591/502 488/617/520
f 508/604/511 501/531/446 816/529/444
f 446/536/451 450/526/441 451/543/458
f 440/524/439 439/625/483 449/626/440
f 454/511/426 814/574/488 458/627/423
f 587/628/527 554/629/528 555/630/529 588/631/530
f 502/632/531 499/602/509 498/530/445
f 493/633/479 492/576/489 496/577/490 497/566/480
f 512/615/518 511/614/517 516/551/466 517/550/465
f 503/634/532 499/602/509 502/632/531
f 510/620/522 507/635/533 509/607/512
f 505/619/521 500/603/510 504/636/534
f 497/566/480 500/603/510 494/618/481
f 509/607/512 507/635/533 503/634/532 506/637/535
f 506/637/535 502/632/531 501/531/446
f 503/634/532 504/636/534 499/602/509
f 491/528/443 508/604/511 816/529/444
f 505/619/521 510/620/522 494/618/481
f 522/638/536 523/639/537 519/640/538 518/641/539
f 501/531/446 502/632/531 498/530/445
f 508/604/511 506/637/535 501/531/446
f 494/567/481 510/620/522 493/565/479
f 524/642/540 520/548/463 817/643/541
f 507/635/533 504/636/534 503/634/532
f 503/634/532 502/632/531 506/637/535
f 509/607/512 506/637/535 508/604/511
f 529/644/542 524/642/540 817/643/541
f 507/635/533 510/620/522 505/619/521
f 526/645/543 527/646/544 523/639/537 522/638/536
f 515/647/545 514/648/546 519/640/538
f 552/616/519 512/615/518 513/649/547 553/650/548
f 520/548/463 516/551/466 817/643/541
f 521/549/464 522/638/536 518/641/539 517/550/465
f 532/651/549 529/644/542 817/643/541
f 513/649/547 512/615/518 517/550/465 518/641/539
f 524/642/540 525/652/550 521/549/464 520/548/463
f 523/639/537 515/647/545 519/653/538
f 514/648/546 513/649/547 518/641/539 519/640/538
f 529/644/542 530/654/551 525/652/550 524/642/540
f 527/646/544 515/647/545 523/655/537
f 525/652/550 526/645/543 522/638/536 521/549/464
f 543/656/552 539/657/553 817/643/541
f 531/658/554 528/659/555 527/646/544 526/645/543
f 528/659/555 515/647/545 527/660/544
f 532/651/549 533/661/556 530/654/551 529/644/542
f 533/661/556 534/662/557 531/658/554 530/654/551
f 540/663/558 541/664/559 537/665/560 536/666/561
f 547/667/562 543/656/552 817/643/541
f 537/665/560 538/668/563 528/669/555 534/662/557
f 535/670/564 536/666/561 533/661/556 532/651/549
f 536/666/561 537/665/560 534/662/557 533/661/556
f 544/671/565 545/672/566 541/664/559 540/663/558
f 531/658/554 534/662/557 528/669/555
f 538/668/563 515/647/545 528/659/555
f 539/657/553 540/663/558 536/666/561 535/670/564
f 545/672/566 546/673/567 542/674/568 541/664/559
f 543/656/552 544/671/565 540/663/558 539/657/553
f 551/613/516 547/667/562 817/643/541
f 542/674/568 515/647/545 538/668/563
f 559/675/569 554/629/528 818/676/570
f 541/664/559 542/674/568 538/668/563 537/665/560
f 549/677/571 550/678/572 546/673/567 545/672/566
f 546/673/567 515/647/545 542/674/568
f 547/667/562 548/679/573 544/671/565 543/656/552
f 548/679/573 549/677/571 545/672/566 544/671/565
f 511/614/517 551/613/516 817/643/541
f 551/613/516 552/616/519 548/679/573 547/667/562
f 552/616/519 553/650/548 549/677/571 548/679/573
f 561/680/574 560/681/575 564/682/576 565/683/577
f 553/650/548 514/684/546 550/678/572 549/677/571
f 550/678/572 515/647/545 546/673/567
f 579/685/578 807/686/579 818/676/570
f 514/684/546 553/650/548 513/649/547
f 563/687/580 564/682/576 560/681/575 559/675/569
f 514/684/546 515/647/545 550/678/572
f 589/688/581 556/689/582 557/690/583 590/691/584
f 562/692/585 561/680/574 565/683/577 566/693/586
f 613/694/587 614/695/588 617/696/589 616/697/590
f 567/698/591 563/687/580 818/676/570
f 562/692/585 558/699/592 557/690/583
f 589/688/581 588/631/530 555/630/529 556/689/582
f 563/687/580 559/675/569 818/676/570
f 555/630/529 554/629/528 559/675/569 560/681/575
f 530/654/551 531/658/554 526/645/543 525/652/550
f 601/700/593 598/701/594 602/702/595
f 539/657/553 535/670/564 817/643/541
f 556/689/582 555/630/529 560/681/575 561/680/574
f 566/693/586 565/683/577 569/703/596 570/704/597
f 583/705/598 584/706/599 580/707/600 579/685/578
f 616/697/590 621/708/601 820/709/602
f 574/710/603 571/711/604 567/698/591
f 573/712/605 570/704/597 569/703/596
f 603/713/606 602/702/595 599/714/607
f 565/683/577 564/682/576 568/715/608 569/703/596
f 575/716/609 576/717/610 571/711/604
f 566/693/586 558/699/592 562/692/585
f 585/718/611 586/719/612 582/720/613 581/721/614
f 571/711/604 568/722/608 567/723/591
f 572/724/615 569/725/596 568/715/608
f 577/726/616 578/727/617 572/724/615
f 588/631/530 589/688/581 585/718/611 584/706/599
f 570/704/597 558/699/592 566/693/586
f 576/717/610 577/726/616 572/724/615
f 567/698/591 818/676/570 807/686/579 574/710/603
f 580/707/600 575/716/609 579/685/578
f 586/719/612 558/728/592 582/720/613
f 579/685/578 574/710/603 807/686/579
f 589/688/581 590/691/584 586/719/612 585/718/611
f 572/724/615 568/722/608 571/711/604 576/717/610
f 577/726/616 576/717/610 580/707/600
f 609/729/618 613/694/587 820/709/602
f 575/716/609 571/711/604 574/710/603
f 576/717/610 575/716/609 580/707/600
f 573/712/605 578/727/617 581/721/614 582/720/613
f 578/727/617 577/726/616 581/721/614
f 587/628/527 583/705/598 818/676/570
f 570/704/597 573/712/605 558/728/592
f 591/730/619 595/731/620 819/732/621
f 595/731/620 598/701/594 600/733/622
f 554/629/528 587/628/527 818/676/570
f 592/734/623 591/730/619 606/735/624 607/736/625
f 590/691/584 558/728/592 586/719/612
f 598/701/594 596/737/626 599/714/607 602/702/595
f 598/701/594 595/731/620 596/737/626
f 599/714/607 596/737/626 597/738/627
f 594/739/628 597/738/627 593/740/629
f 819/732/621 600/733/622 606/735/624
f 612/741/630 615/742/631 611/743/632
f 616/697/590 617/696/589 622/744/633 621/708/601
f 557/690/583 556/689/582 561/680/574 562/692/585
f 567/723/591 568/715/608 564/682/576 563/687/580
f 614/695/588 613/694/587 609/745/618 610/746/634
f 611/747/632 610/748/634 632/749/635 633/750/636
f 597/738/627 596/737/626 592/751/623 593/740/629
f 615/742/631 612/741/630 619/752/637 618/753/638
f 819/732/621 595/731/620 600/733/622
f 607/736/625 603/713/606 608/754/639
f 613/694/587 616/697/590 820/709/602
f 601/700/593 602/702/595 607/736/625
f 606/735/624 600/733/622 601/700/593
f 603/713/606 599/714/607 604/755/640
f 605/756/641 594/757/628 608/754/639
f 606/735/624 591/730/619 819/732/621
f 601/700/593 600/733/622 598/701/594
f 604/755/640 597/738/627 594/757/628 605/756/641
f 621/708/601 624/758/642 820/709/602
f 607/736/625 602/702/595 603/713/606
f 608/754/639 604/755/640 605/756/641
f 610/748/634 609/729/618 631/759/643 632/749/635
f 627/760/644 631/759/643 820/709/602
f 603/713/606 604/755/640 608/754/639
f 705/761/645 709/762/646 824/763/647
f 643/764/648 644/765/649 648/766/650 647/767/651
f 599/714/607 597/738/627 604/755/640
f 606/735/624 601/700/593 607/736/625
f 614/695/588 615/742/631 618/753/638 617/696/589
f 636/768/652 635/769/653 647/767/651 648/766/650
f 615/742/631 614/695/588 610/746/634 611/743/632
f 619/752/637 612/770/630 630/771/654 620/772/655
f 634/773/656 638/774/657 821/775/658
f 624/758/642 625/776/659 628/777/660 627/760/644
f 639/778/661 640/779/662 644/765/649 643/764/648
f 618/753/638 619/752/637 620/772/655 623/780/663
f 628/777/660 629/781/664 633/750/636 632/749/635
f 626/782/665 620/772/655 630/771/654 629/781/664
f 625/776/659 626/782/665 629/781/664 628/777/660
f 642/783/666 646/784/667 821/775/658
f 611/743/632 633/750/636 612/741/630
f 626/782/665 623/780/663 620/772/655
f 629/781/664 630/771/654 612/770/630 633/750/636
f 627/760/644 628/777/660 632/749/635 631/759/643
f 622/744/633 623/780/663 626/782/665 625/776/659
f 663/785/668 654/786/669 664/787/670
f 638/774/657 639/778/661 643/764/648 642/783/666
f 824/763/647 712/788/671 715/789/672
f 621/708/601 622/744/633 625/776/659 624/758/642
f 668/790/673 822/611/514 663/791/668
f 638/774/657 642/783/666 821/775/658
f 639/778/661 638/774/657 634/773/656 635/769/653
f 624/758/642 627/760/644 820/709/602
f 671/792/674 670/793/675 665/794/676 666/795/677
f 640/779/662 639/778/661 635/769/653 636/768/652
f 641/796/678 640/779/662 636/768/652 637/797/679
f 656/798/680 658/799/681 654/786/669
f 663/785/668 664/787/670 669/800/682 668/790/673
f 660/801/683 661/802/684 665/794/676
f 641/796/678 637/797/679 649/803/685 645/804/686
f 694/805/687 662/806/688 661/802/684 697/807/689
f 669/800/682 664/787/670 665/794/676 670/793/675
f 644/765/649 645/804/686 649/803/685 648/766/650
f 642/783/666 643/764/648 647/767/651 646/784/667
f 652/808/690 808/809/691 655/810/692
f 646/784/667 634/773/656 821/775/658
f 640/779/662 641/796/678 645/804/686 644/765/649
f 664/787/670 660/801/683 665/794/676
f 665/794/676 661/802/684 662/806/688 666/795/677
f 652/808/690 650/811/693 651/812/515
f 659/813/694 700/814/695 701/815/696
f 668/790/673 669/800/682 673/816/697 672/817/698
f 658/799/681 656/798/680 659/813/694
f 809/818/699 657/819/700 655/810/692
f 730/820/701 731/821/702 735/822/703 734/823/704
f 658/799/681 659/813/694 660/801/683
f 777/824/705 778/825/706 782/826/707 781/827/708
f 635/769/653 634/773/656 646/784/667 647/767/651
f 672/817/698 673/816/697 678/828/709 677/829/710
f 658/799/681 660/801/683 664/787/670
f 655/810/692 656/798/680 654/786/669 650/811/693
f 723/830/711 721/831/712 724/832/713
f 666/795/677 667/833/714 671/792/674
f 653/834/513 650/811/693 654/786/669
f 658/799/681 664/787/670 654/786/669
f 661/802/684 660/801/683 659/813/694 701/835/696
f 657/819/700 656/798/680 655/810/692
f 656/798/680 657/819/700 659/813/694
f 662/806/688 667/833/714 666/795/677
f 674/836/715 673/816/697 669/800/682 670/793/675
f 679/837/716 681/838/717 678/828/709
f 684/839/718 679/837/716 676/840/719 685/841/720
f 677/829/710 822/611/514 672/842/698
f 686/843/721 687/844/722 691/845/723 690/846/724
f 671/792/674 667/833/714 675/847/725
f 678/828/709 673/816/697 674/836/715 679/837/716
f 696/848/726 691/845/723 692/849/727 697/807/689
f 694/805/687 692/849/727 693/850/728
f 822/611/514 686/851/721 690/846/724
f 683/852/729 681/838/717 684/839/718
f 683/852/729 682/853/730 681/838/717
f 687/844/722 686/843/721 680/854/731 682/853/730
f 680/854/731 678/828/709 681/838/717 682/853/730
f 681/838/717 679/837/716 684/839/718
f 675/847/725 667/833/714 676/855/719
f 690/846/724 691/845/723 696/848/726 695/856/732
f 697/807/689 701/815/696 696/848/726
f 662/857/688 694/805/687 693/850/728
f 677/858/710 680/854/731 822/611/514
f 683/852/729 688/859/733 687/844/722
f 688/859/733 684/839/718 685/841/720
f 701/835/696 697/807/689 661/802/684
f 683/852/729 684/839/718 688/859/733
f 692/849/727 691/845/723 687/844/722 688/859/733
f 699/860/734 695/856/732 696/848/726
f 693/850/728 692/849/727 688/859/733 689/861/735
f 685/841/720 689/861/735 688/859/733
f 689/861/735 667/862/714 693/850/728
f 695/856/732 822/611/514 690/863/724
f 689/861/735 685/841/720 676/840/719 667/862/714
f 709/762/646 710/864/736 713/865/737 712/788/671
f 687/844/722 682/853/730 683/852/729
f 738/866/738 743/867/739 825/868/740
f 877/869/741 868/870/742 869/871/743 878/872/744
f 698/873/745 695/874/732 699/860/734
f 719/875/746 714/876/747 708/877/748
f 707/878/749 706/879/750 723/830/711 724/832/713
f 822/611/514 698/873/745 651/612/515
f 698/873/745 822/611/514 695/856/732
f 698/880/745 702/881/751 651/612/515
f 706/879/750 705/761/645 722/882/752 723/830/711
f 696/848/726 700/883/695 699/884/734
f 694/805/687 697/807/689 692/849/727
f 715/789/672 722/882/752 824/763/647
f 659/813/694 657/819/700 704/885/753
f 808/809/691 652/808/690 703/886/754
f 702/881/751 698/887/745 699/860/734
f 704/885/753 699/884/734 700/883/695
f 693/850/728 667/862/714 662/857/688
f 652/808/690 651/812/515 702/881/751
f 709/762/646 712/788/671 824/763/647
f 714/876/747 713/865/737 710/864/736 711/888/755
f 728/889/756 729/890/757 733/891/758
f 657/819/700 703/886/754 704/885/753
f 704/885/753 700/883/695 659/813/694
f 845/892/759 828/893/760 829/894/761 846/895/762
f 703/886/754 702/881/751 699/860/734 704/885/753
f 675/847/725 674/836/715 670/793/675 671/792/674
f 653/834/513 654/786/669 663/785/668
f 732/896/763 733/897/758 737/898/764 736/899/765
f 711/888/755 710/864/736 706/900/750 707/901/749
f 708/877/748 714/876/747 711/888/755
f 722/882/752 720/902/766 723/830/711
f 725/903/767 730/820/701 825/868/740
f 731/821/702 732/896/763 736/899/765 735/822/703
f 722/882/752 705/761/645 824/763/647
f 717/904/768 716/905/769 713/865/737
f 715/789/672 716/905/769 720/902/766
f 718/906/770 721/831/712 717/904/768
f 724/832/713 719/875/746 708/877/748
f 717/904/768 713/865/737 718/906/770
f 773/907/771 774/908/772 778/825/706 777/824/705
f 720/902/766 717/904/768 721/831/712 723/830/711
f 721/831/712 719/875/746 724/832/713
f 721/831/712 718/906/770 719/875/746
f 734/823/704 738/866/738 825/868/740
f 727/909/773 726/910/774 766/911/775 767/912/776
f 731/821/702 730/820/701 725/903/767 726/910/774
f 730/820/701 734/823/704 825/868/740
f 710/864/736 709/762/646 705/913/645 706/900/750
f 719/875/746 718/906/770 714/876/747
f 771/914/777 772/915/778 776/916/779
f 711/888/755 707/901/749 708/917/748
f 716/905/769 712/788/671 713/865/737
f 720/902/766 716/905/769 717/904/768
f 743/867/739 746/918/780 825/868/740
f 732/896/763 731/821/702 726/910/774 727/909/773
f 739/919/781 740/920/782 745/921/783 744/922/784
f 746/918/780 749/923/785 825/868/740
f 738/866/738 739/919/781 744/922/784 743/867/739
f 733/897/758 729/890/757 737/924/764
f 735/822/703 736/899/765 740/920/782 739/919/781
f 736/899/765 737/898/764 741/925/786 740/920/782
f 737/898/764 729/890/757 741/926/786
f 740/920/782 741/925/786 742/927/787 745/921/783
f 743/867/739 744/922/784 747/928/788 746/918/780
f 729/890/757 742/927/787 741/925/786
f 748/929/789 745/921/783 742/930/787
f 757/931/790 761/932/791 825/868/740
f 746/918/780 747/928/788 750/933/792 749/923/785
f 752/934/793 729/890/757 756/935/794
f 748/929/789 742/930/787 752/934/793 751/936/795
f 749/923/785 750/933/792 754/937/796 753/938/797
f 742/930/787 729/890/757 752/934/793
f 757/931/790 758/939/798 762/940/799 761/932/791
f 751/936/795 752/934/793 756/935/794 755/941/800
f 768/942/801 773/907/771 826/943/802
f 756/935/794 729/890/757 760/944/803
f 758/939/798 759/945/804 763/946/805 762/940/799
f 753/938/797 754/937/796 758/939/798 757/931/790
f 755/941/800 756/935/794 760/944/803 759/945/804
f 765/947/806 725/903/767 825/868/740
f 760/944/803 729/890/757 764/948/807
f 761/932/791 762/940/799 766/949/775 765/947/806
f 762/940/799 763/946/805 767/950/776 766/949/775
f 759/945/804 760/944/803 764/948/807 763/946/805
f 770/951/808 769/952/809 802/953/810 803/954/811
f 764/948/807 729/890/757 728/955/756
f 810/956/812 793/957/813 826/943/802
f 727/909/773 767/912/776 728/955/756
f 763/946/805 764/948/807 728/955/756 767/950/776
f 771/914/777 770/951/808 803/954/811 804/958/814
f 775/959/815 776/916/779 780/960/816 779/961/817
f 769/952/809 768/942/801 801/962/818 802/953/810
f 777/824/705 781/827/708 826/943/802
f 773/907/771 777/824/705 826/943/802
f 774/908/772 775/959/815 779/961/817 778/825/706
f 733/897/758 732/896/763 727/909/773 728/889/756
f 775/959/815 774/908/772 769/952/809 770/951/808
f 785/963/819 781/827/708 782/826/707
f 776/916/779 772/915/778 780/960/816
f 778/825/706 779/961/817 783/964/820 782/826/707
f 781/827/708 785/963/819 788/965/821
f 780/960/816 772/966/778 784/967/822
f 795/968/823 796/969/824 800/970/825 799/971/826
f 786/972/827 782/826/707 783/964/820
f 793/957/813 789/973/828 794/974/829
f 794/974/829 791/975/830 795/968/823
f 786/972/827 783/964/820 787/976/831 792/977/832
f 791/975/830 790/978/833 786/972/827
f 787/976/831 772/966/778 796/969/824
f 794/974/829 790/978/833 791/975/830
f 792/977/832 787/976/831 796/969/824 795/968/823
f 794/974/829 795/968/823 799/971/826 798/979/834
f 785/963/819 782/826/707 786/972/827 790/978/833
f 789/973/828 785/963/819 790/978/833
f 834/980/835 838/981/836 835/982/837 831/983/838
f 804/958/814 772/915/778 771/914/777
f 791/975/830 786/972/827 792/977/832
f 793/957/813 788/965/821 789/973/828
f 800/970/825 772/966/778 804/958/814
f 810/956/812 788/965/821 793/957/813
f 793/957/813 794/974/829 798/979/834 797/984/839
f 810/956/812 826/943/802 781/827/708 788/965/821
f 789/973/828 790/978/833 794/974/829
f 801/985/818 768/942/801 826/943/802
f 787/976/831 784/967/822 772/966/778
f 836/621/523 837/986/840 833/987/841 832/622/524
f 798/979/834 799/971/826 803/988/811 802/989/810
f 799/971/826 800/970/825 804/958/814 803/988/811
f 811/495/414 381/453/383 377/352/302
f 797/984/839 801/985/818 826/943/802
f 796/969/824 772/966/778 800/970/825
f 888/990/842 879/991/843 880/992/844 889/993/845
f 791/975/830 792/977/832 795/968/823
f 844/994/846 827/995/847 828/893/760 845/892/759
f 846/895/762 829/894/761 830/996/848 847/997/849
f 844/994/846 839/998/850 974/623/525
f 837/986/840 838/981/836 834/980/835 833/987/841
f 814/574/488 439/625/483 438/609/474
f 439/569/483 436/559/473 438/609/474
f 828/999/760 827/1000/847 832/622/524 833/987/841
f 793/957/813 797/984/839 826/943/802
f 776/916/779 775/959/815 770/951/808 771/914/777
f 651/812/515 650/811/693 653/610/513
f 388/289/246 385/279/237 382/281/239 384/452/382
f 389/288/245 385/279/237 388/289/246
f 394/486/406 390/496/415 389/288/245
f 398/493/412 419/502/419 397/499/416
f 408/507/422 409/517/432 404/394/334 403/393/333
f 441/542/457 437/541/456 436/559/473
f 470/573/487 474/596/507 471/590/501
f 466/578/491 463/579/492 814/574/488
f 477/585/497 478/589/500 474/596/507 473/582/495
f 478/589/500 480/554/469 479/594/505
f 498/530/445 495/527/442 816/529/444
f 437/541/456 488/617/520 438/560/474
f 443/556/471 445/534/449 490/568/482
f 680/854/731 677/829/710 678/828/709
f 437/541/456 489/624/526 488/617/520
f 516/551/466 511/614/517 817/643/541
f 505/619/521 504/636/534 507/635/533
f 504/636/534 500/603/510 499/602/509
f 535/670/564 532/651/549 817/643/541
f 582/720/613 558/728/592 573/712/605
f 581/721/614 577/726/616 580/707/600
f 573/712/605 569/725/596 572/724/615 578/727/617
f 575/716/609 574/710/603 579/685/578
f 557/690/583 558/728/592 590/691/584
f 587/628/527 588/631/530 584/706/599 583/705/598
f 584/706/599 585/718/611 581/721/614 580/707/600
f 593/1001/629 592/734/623 607/736/625 608/754/639
f 583/705/598 579/685/578 818/676/570
f 593/740/629 608/754/639 594/739/628
f 617/696/589 618/753/638 623/780/663 622/744/633
f 596/737/626 595/731/620 591/1002/619 592/751/623
f 637/797/679 636/768/652 648/766/650 649/803/685
f 631/759/643 609/729/618 820/709/602
f 650/811/693 652/808/690 655/810/692
f 823/1003/851 809/818/699 655/810/692 808/809/691
f 822/611/514 668/1004/673 672/817/698
f 675/847/725 676/840/719 679/837/716 674/836/715
f 686/843/721 822/611/514 680/854/731
f 701/815/696 700/814/695 696/848/726
f 734/823/704 735/822/703 739/919/781 738/866/738
f 718/906/770 713/865/737 714/876/747
f 703/886/754 652/808/690 702/881/751
f 823/1003/851 808/809/691 703/886/754 809/818/699
f 715/789/672 720/902/766 722/882/752
f 715/789/672 712/788/671 716/905/769
f 707/901/749 724/832/713 708/917/748
f 754/937/796 755/941/800 759/945/804 758/939/798
f 744/922/784 745/921/783 748/929/789 747/928/788
f 749/923/785 753/938/797 825/868/740
f 747/928/788 748/929/789 751/936/795 750/933/792
f 753/938/797 757/931/790 825/868/740
f 750/933/792 751/936/795 755/941/800 754/937/796
f 761/932/791 765/947/806 825/868/740
f 779/961/817 780/960/816 784/967/822 783/964/820
f 787/976/831 783/964/820 784/967/822
f 789/973/828 788/965/821 785/963/819
f 797/984/839 798/979/834 802/989/810 801/985/818
f 853/1005/852 848/1006/853 975/1007/854
f 386/451/381 811/495/414 392/351/301
f 774/908/772 773/907/771 768/942/801 769/952/809
f 449/525/440 439/625/483 814/574/488
f 815/1008/855 805/540/455 441/542/457 806/557/472
f 806/557/472 443/556/471 489/624/526
f 806/557/472 489/624/526 805/540/455 815/1008/855
f 663/785/668 822/611/514 653/610/513
f 657/819/700 809/818/699 703/886/754
f 726/910/774 725/903/767 765/1009/806 766/911/775
f 840/1010/856 841/1011/857 838/1012/836 837/986/840
f 829/1013/761 828/999/760 833/987/841 834/980/835
f 839/998/850 840/1010/856 837/986/840 836/621/523
f 878/872/744 874/1014/858 877/869/741
f 870/1015/859 868/870/742 976/1016/860
f 854/1017/861 852/1018/862 849/1019/863
f 829/1013/761 834/980/835 831/983/838 830/996/848
f 844/994/846 845/892/759 840/1010/856 839/998/850
f 847/997/849 843/1020/864 846/895/762
f 843/1020/864 842/1021/865 841/1011/857
f 842/1021/865 831/1022/838 835/982/837
f 845/892/759 846/895/762 841/1011/857 840/1010/856
f 856/1023/866 975/1007/854 858/1024/867
f 843/1020/864 831/1022/838 842/1021/865
f 827/1000/847 844/994/846 974/623/525
f 865/1025/868 848/1006/853 849/1019/863 866/1026/869
f 856/1023/866 857/1027/870 854/1017/861 853/1005/852
f 855/1028/871 852/1018/862 854/1017/861
f 846/895/762 843/1020/864 841/1011/857
f 865/1025/868 858/1024/867 975/1007/854
f 856/1023/866 853/1005/852 975/1007/854
f 873/1029/872 976/1016/860 877/869/741
f 847/997/849 831/1022/838 843/1020/864
f 830/996/848 831/1022/838 847/997/849
f 849/1019/863 848/1006/853 853/1005/852 854/1017/861
f 841/1011/857 842/1021/865 835/982/837 838/1012/836
f 886/1030/873 887/1031/874 884/1032/875 883/1033/876
f 867/1034/877 864/1035/878 866/1026/869
f 860/1036/879 857/1027/870 859/1037/880
f 866/1026/869 849/1019/863 850/1038/881 867/1034/877
f 857/1027/870 861/1039/882 855/1028/871
f 859/1037/880 857/1027/870 856/1023/866
f 860/1036/879 861/1039/882 857/1027/870
f 866/1026/869 863/1040/883 865/1025/868
f 855/1028/871 851/1041/884 852/1018/862
f 848/1006/853 865/1025/868 975/1007/854
f 1025/1042/885 1026/1043/886 1009/1044/887 1008/1045/888
f 865/1025/868 863/1040/883 858/1024/867
f 851/1041/884 867/1034/877 850/1038/881
f 852/1018/862 850/1038/881 849/1019/863
f 864/1035/878 861/1039/882 860/1036/879
f 873/1029/872 872/1046/889 870/1015/859
f 863/1040/883 859/1037/880 858/1024/867
f 860/1036/879 859/1037/880 863/1040/883
f 851/1047/884 855/1028/871 862/1048/890
f 864/1035/878 867/1034/877 851/1047/884 862/1048/890
f 862/1048/890 861/1039/882 864/1035/878
f 888/990/842 885/1049/891 977/1050/892
f 866/1026/869 864/1035/878 860/1036/879 863/1040/883
f 882/1051/893 879/991/843 977/1050/892
f 869/871/743 868/870/742 870/1015/859 871/1052/894
f 872/1046/889 875/1053/895 871/1052/894
f 994/1054/896 894/1055/897 896/1056/898 995/1057/899
f 869/871/743 871/1052/894 1005/1058/900
f 876/1059/901 1005/1058/900 871/1052/894 875/1053/895
f 1005/1060/900 878/872/744 869/871/743
f 889/993/845 890/1061/902 887/1031/874 886/1030/873
f 874/1014/858 875/1053/895 872/1046/889
f 887/1031/874 890/1061/902 881/1062/903 884/1032/875
f 1011/1063/904 1015/1064/905 1153/1065/906
f 874/1014/858 873/1029/872 877/869/741
f 1005/1060/900 876/1059/901 878/872/744
f 897/1066/907 895/1067/908 978/1068/909
f 885/1049/891 886/1030/873 883/1033/876 882/1051/893
f 889/993/845 880/992/844 881/1062/903 890/1061/902
f 876/1059/901 875/1053/895 878/872/744
f 1020/1069/910 1022/1070/911 1025/1042/885
f 1048/1071/912 1047/1072/913 1056/1073/914 1057/1074/915
f 881/1062/903 880/992/844 883/1033/876 884/1032/875
f 879/991/843 888/990/842 977/1050/892
f 888/990/842 889/993/845 886/1030/873 885/1049/891
f 893/1075/916 891/1076/917 978/1068/909
f 895/1067/908 896/1056/898 894/1055/897 893/1075/916
f 901/1077/918 899/1078/919 978/1068/909
f 997/1079/920 1004/1080/921 996/1081/922
f 916/1082/923 891/1076/917 892/1083/924 917/1084/925
f 899/1078/919 897/1066/907 978/1068/909
f 1003/1085/926 917/1084/925 892/1083/924 993/1086/927
f 895/1067/908 893/1075/916 978/1068/909
f 892/1083/924 891/1076/917 893/1075/916 894/1055/897
f 897/1087/907 898/1088/928 896/1056/898 895/1067/908
f 983/1089/929 982/1090/930 921/1091/931 923/1092/932
f 994/1054/896 993/1086/927 892/1083/924 894/1055/897
f 996/1081/922 995/1057/899 896/1056/898 898/1088/928
f 994/1054/896 1004/1093/921 993/1086/927
f 985/1094/933 984/1095/934 925/1096/935 927/1097/936
f 996/1081/922 1004/1093/921 995/1057/899
f 899/1078/919 900/1098/937 898/1099/928 897/1066/907
f 919/1100/938 918/1101/939 920/1102/940 921/1091/931
f 908/1103/941 972/1104/942 978/1068/909
f 1001/1105/943 1000/1106/944 911/1107/945 913/1108/946
f 903/1109/947 902/1110/948 901/1077/918
f 910/1111/949 908/1103/941 978/1068/909
f 905/1112/950 903/1109/947 901/1077/918
f 998/1113/951 997/1079/920 900/1098/937 902/1110/948
f 901/1077/918 902/1110/948 900/1098/937 899/1078/919
f 999/1114/952 1004/1080/921 904/1115/953
f 999/1114/952 904/1115/953 907/1116/954 909/1117/955
f 1000/1106/944 999/1114/952 909/1117/955 911/1107/945
f 906/1118/956 903/1109/947 905/1112/950
f 907/1116/954 904/1115/953 902/1110/948 903/1109/947
f 909/1117/955 906/1118/956 908/1103/941
f 914/1119/957 912/1120/958 978/1068/909
f 903/1109/947 906/1118/956 907/1116/954
f 1003/1085/926 1002/1121/959 915/1122/960 917/1084/925
f 1000/1106/944 1004/1080/921 999/1114/952
f 1001/1105/943 1004/1080/921 1000/1106/944
f 998/1113/951 904/1115/953 1004/1080/921
f 916/1082/923 914/1119/957 978/1068/909
f 912/1120/958 910/1111/949 978/1068/909
f 891/1076/917 916/1082/923 978/1068/909
f 914/1119/957 915/1122/960 913/1123/946 912/1120/958
f 916/1082/923 917/1084/925 915/1122/960 914/1119/957
f 1002/1121/959 1004/1093/921 1001/1105/943
f 993/1086/927 1004/1093/921 1003/1085/926
f 943/1124/961 918/1101/939 919/1100/938 944/1125/962
f 928/1126/963 926/1127/964 979/1128/965
f 944/1125/962 919/1100/938 981/1129/966 991/1130/967
f 922/1131/968 920/1102/940 979/1128/965
f 1040/1132/969 1036/1133/970 1034/1134/971
f 995/1057/899 1004/1093/921 994/1054/896
f 952/1135/972 951/1136/973 956/1137/974 957/1138/975
f 983/1089/929 992/1139/976 982/1090/930
f 935/1140/977 973/1141/978 979/1128/965
f 981/1129/966 919/1100/938 921/1091/931 982/1090/930
f 932/1142/979 930/1143/980 928/1126/963
f 926/1127/964 927/1097/936 925/1096/935 924/1144/981
f 928/1126/963 929/1145/982 927/1097/936 926/1127/964
f 985/1094/933 992/1139/976 984/1095/934
f 933/1146/983 930/1143/980 932/1142/979
f 930/1143/980 929/1145/982 928/1126/963
f 933/1146/983 934/1147/984 930/1143/980
f 936/1148/985 933/1146/983 935/1140/977
f 933/1146/983 932/1142/979 935/1140/977
f 934/1147/984 931/1149/986 929/1145/982 930/1143/980
f 988/1150/987 992/1151/976 987/1152/988
f 941/1153/989 939/1154/990 979/1128/965
f 937/1155/991 938/1156/992 936/1148/985 935/1140/977
f 943/1124/961 944/1125/962 942/1157/993 941/1153/989
f 991/1130/967 992/1139/976 990/1158/994
f 943/1124/961 941/1153/989 979/1128/965
f 950/1159/995 945/1160/996 980/1161/997
f 939/1154/990 940/1162/998 938/1156/992 937/1155/991
f 941/1163/989 942/1164/993 940/1162/998 939/1154/990
f 980/1161/997 960/1165/999 955/1166/1000
f 968/1167/1001 945/1168/996 946/1169/1002 969/1170/1003
f 918/1101/939 943/1124/961 979/1128/965
f 955/1166/1000 956/1137/974 951/1136/973 950/1159/995
f 965/1171/1004 960/1165/999 980/1161/997
f 981/1129/966 992/1139/976 991/1130/967
f 969/1170/1003 946/1169/1002 947/1172/1005 970/1173/1006
f 958/1174/1007 953/1175/1008 957/1138/975
f 955/1166/1000 950/1159/995 980/1161/997
f 965/1171/1004 966/1176/1009 961/1177/1010 960/1165/999
f 982/1090/930 992/1139/976 981/1129/966
f 986/1178/1011 985/1094/933 927/1097/936 929/1145/982
f 953/1175/1008 954/1179/1012 949/1180/1013
f 961/1181/1010 962/1182/1014 957/1138/975 956/1137/974
f 968/1167/1001 965/1171/1004 980/1161/997
f 1011/1063/904 1012/1183/1015 1016/1184/1016 1015/1064/905
f 957/1138/975 953/1175/1008 952/1135/972
f 962/1182/1014 959/1185/1017 957/1138/975
f 966/1176/1009 967/1186/1018 962/1182/1014 961/1177/1010
f 1007/1187/1019 1006/1188/1020 1023/1189/1021 1024/1190/1022
f 832/622/524 827/1000/847 974/623/525
f 1013/1191/1023 1010/1192/1024 1014/1193/1025 1017/1194/1026
f 959/1185/1017 958/1174/1007 957/1138/975
f 963/1195/1027 958/1174/1007 959/1185/1017
f 945/1160/996 968/1167/1001 980/1161/997
f 967/1186/1018 964/1196/1028 962/1182/1014
f 958/1174/1007 954/1179/1012 953/1175/1008
f 964/1196/1028 963/1195/1027 962/1197/1014
f 963/1195/1027 959/1185/1017 962/1197/1014
f 949/1198/1013 954/1199/1012 964/1196/1028
f 964/1196/1028 967/1186/1018 949/1198/1013
f 874/1014/858 872/1046/889 873/1029/872
f 971/1200/1029 949/1198/1013 967/1186/1018 970/1173/1006
f 958/1174/1007 963/1195/1027 954/1179/1012
f 964/1196/1028 954/1199/1012 963/1201/1027
f 1018/1202/1030 1023/1189/1021 1153/1065/906
f 948/1203/1031 949/1198/1013 971/1200/1029
f 1008/1045/888 1007/1187/1019 1024/1190/1022 1025/1042/885
f 970/1173/1006 947/1172/1005 948/1203/1031 971/1200/1029
f 1012/1183/1015 1013/1191/1023 1017/1194/1026 1016/1184/1016
f 878/872/744 875/1053/895 874/1014/858
f 952/1135/972 947/1172/1005 946/1204/1002 951/1136/973
f 969/1170/1003 970/1173/1006 967/1186/1018 966/1176/1009
f 960/1205/999 961/1181/1010 956/1137/974 955/1166/1000
f 872/1046/889 871/1052/894 870/1015/859
f 854/1017/861 857/1027/870 855/1028/871
f 858/1024/867 859/1037/880 856/1023/866
f 862/1048/890 855/1028/871 861/1039/882
f 851/1041/884 850/1038/881 852/1018/862
f 1012/1183/1015 1011/1063/904 1006/1206/1020 1007/1207/1019
f 880/992/844 879/991/843 882/1051/893 883/1033/876
f 996/1081/922 898/1099/928 900/1098/937 997/1079/920
f 902/1110/948 904/1115/953 998/1113/951
f 912/1208/958 913/1108/946 911/1107/945 910/1111/949
f 906/1118/956 905/1112/950 908/1103/941
f 920/1102/940 918/1101/939 979/1128/965
f 1003/1085/926 1004/1093/921 1002/1121/959
f 926/1127/964 924/1144/981 979/1128/965
f 1015/1064/905 1016/1184/1016 1019/1209/1032 1018/1202/1030
f 922/1131/968 923/1092/932 921/1091/931 920/1102/940
f 924/1144/981 925/1096/935 923/1092/932 922/1131/968
f 924/1144/981 922/1131/968 979/1128/965
f 984/1095/934 983/1089/929 923/1092/932 925/1096/935
f 937/1155/991 935/1140/977 979/1128/965
f 986/1178/1011 992/1151/976 985/1094/933
f 931/1149/986 986/1178/1011 929/1145/982
f 988/1150/987 987/1152/988 936/1148/985 938/1156/992
f 934/1147/984 933/1146/983 936/1148/985
f 987/1152/988 992/1151/976 931/1149/986
f 986/1178/1011 931/1149/986 992/1151/976
f 989/1210/1033 992/1151/976 988/1150/987
f 990/1158/994 942/1157/993 944/1125/962 991/1130/967
f 946/1169/1002 945/1160/996 950/1159/995 951/1136/973
f 968/1167/1001 969/1170/1003 966/1176/1009 965/1171/1004
f 953/1175/1008 949/1180/1013 952/1135/972
f 984/1095/934 992/1139/976 983/1089/929
f 988/1150/987 938/1156/992 940/1162/998 989/1210/1033
f 987/1152/988 931/1149/986 934/1147/984 936/1148/985
f 990/1158/994 989/1210/1033 940/1162/998 942/1164/993
f 990/1158/994 992/1151/976 989/1210/1033
f 839/998/850 836/621/523 974/623/525
f 947/1172/1005 952/1135/972 949/1180/1013 948/1203/1031
f 935/1140/977 932/1142/979 973/1141/978
f 928/1126/963 979/1128/965 973/1141/978 932/1142/979
f 939/1154/990 937/1155/991 979/1128/965
f 998/1113/951 1004/1080/921 997/1079/920
f 909/1117/955 907/1116/954 906/1118/956
f 910/1111/949 911/1107/945 909/1117/955 908/1103/941
f 1002/1121/959 1001/1105/943 913/1123/946 915/1122/960
f 908/1103/941 905/1112/950 972/1104/942
f 901/1077/918 978/1068/909 972/1104/942 905/1112/950
f 870/1015/859 976/1016/860 873/1029/872
f 868/870/742 877/869/741 976/1016/860
f 885/1049/891 882/1051/893 977/1050/892
f 1013/1191/1023 1012/1183/1015 1007/1207/1019 1008/1211/888
f 1061/1212/1034 1062/1213/1035 1065/1214/1036 1064/1215/1037
f 1173/1216/1038 1183/1217/1039 1174/1218/1040
f 1017/1194/1026 1014/1193/1025 1021/1219/1041 1020/1069/910
f 1009/1044/887 1010/1192/1024 1013/1191/1023 1008/1211/888
f 1019/1209/1032 1020/1069/910 1025/1042/885 1024/1190/1022
f 1010/1220/1024 1021/1219/1041 1014/1193/1025
f 1027/1221/1042 1032/1222/1043 1154/1223/1044
f 1038/1224/1045 1035/1225/1046 1036/1133/970
f 1028/1226/1047 1031/1227/1048 1033/1228/1049
f 1154/1223/1044 1035/1225/1046 1037/1229/1050
f 1021/1219/1041 1010/1220/1024 1022/1070/911
f 1023/1189/1021 1006/1188/1020 1153/1065/906
f 1047/1072/913 1049/1230/1051 1155/1231/1052
f 1028/1226/1047 1027/1221/1042 1044/1232/1053 1045/1233/1054
f 1044/1232/1053 1042/1234/1055 1045/1233/1054
f 1033/1228/1049 1031/1227/1048 1034/1134/971
f 1022/1070/911 1010/1220/1024 1026/1043/886
f 1032/1222/1043 1035/1225/1046 1154/1223/1044
f 1010/1220/1024 1009/1235/887 1026/1043/886
f 1033/1228/1049 1032/1222/1043 1027/1221/1042 1028/1226/1047
f 1016/1184/1016 1017/1194/1026 1020/1069/910 1019/1209/1032
f 1018/1202/1030 1019/1209/1032 1024/1190/1022 1023/1189/1021
f 1025/1042/885 1022/1070/911 1026/1043/886
f 1037/1229/1050 1044/1232/1053 1154/1223/1044
f 1155/1231/1052 1052/1236/1056 1056/1073/914
f 1045/1233/1054 1043/1237/1057 1046/1238/1058
f 1029/1239/1059 1028/1226/1047 1045/1233/1054 1046/1238/1058
f 1060/1240/1060 1059/1241/1061 1068/1242/1062 1069/1243/1063
f 1068/1242/1062 1065/1214/1036 1066/1244/1064 1069/1243/1063
f 1030/1245/1065 1034/1246/971 1031/1227/1048
f 1064/1215/1037 1067/1247/1066 1156/1248/1067
f 1039/1249/1068 1036/1133/970 1040/1132/969
f 1041/1250/1069 1040/1132/969 1034/1134/971
f 1046/1238/1058 1030/1245/1065 1029/1239/1059
f 1037/1229/1050 1035/1225/1046 1038/1224/1045
f 1036/1133/970 1033/1228/1049 1034/1134/971
f 1034/1134/971 1030/1251/1065 1041/1250/1069
f 1044/1232/1053 1027/1221/1042 1154/1223/1044
f 1037/1229/1050 1042/1234/1055 1044/1232/1053
f 1049/1230/1051 1051/1252/1070 1052/1236/1056
f 1037/1229/1050 1038/1224/1045 1042/1234/1055
f 1043/1237/1057 1040/1132/969 1041/1250/1069
f 1042/1234/1055 1039/1249/1068 1043/1237/1057 1045/1233/1054
f 1043/1237/1057 1041/1250/1069 1030/1251/1065 1046/1238/1058
f 1050/1253/1071 1049/1230/1051 1047/1072/913 1048/1071/912
f 1056/1073/914 1053/1254/1072 1057/1074/915
f 1039/1249/1068 1038/1224/1045 1036/1133/970
f 1054/1255/1073 1050/1253/1071 1184/1256/1074 1055/1257/1075
f 1051/1252/1070 1050/1253/1071 1054/1255/1073
f 1172/1258/1076 1071/1259/1077 1096/1260/1078 1182/1261/1079
f 1061/1212/1034 1064/1215/1037 1156/1248/1067
f 1050/1253/1071 1048/1071/912 1184/1256/1074
f 1053/1254/1072 1054/1255/1073 1057/1074/915
f 1053/1254/1072 1051/1252/1070 1054/1255/1073
f 1048/1071/912 1057/1074/915 1184/1256/1074
f 1053/1254/1072 1052/1236/1056 1051/1252/1070
f 1056/1073/914 1052/1236/1056 1053/1254/1072
f 1063/1262/1080 1060/1240/1060 1069/1243/1063 1066/1244/1064
f 1057/1074/915 1055/1257/1075 1184/1263/1074
f 1254/1264/1081 1263/1265/1082 1261/1266/1083 1260/1267/1084
f 1074/1268/1085 1076/1269/1086 1157/1270/1087
f 1059/1241/1061 1058/1271/1088 1067/1247/1066 1068/1242/1062
f 1982/1272/1089 1970/1273/1090 1971/1274/1091 1981/1275/1092
f 1074/1268/1085 1075/1276/1093 1077/1277/1094 1076/1269/1086
f 1057/1074/915 1054/1255/1073 1055/1257/1075
f 1190/1278/1095 1189/1279/1096 1192/1280/1097 1191/1281/1098
f 1063/1262/1080 1062/1213/1035 1059/1241/1061 1060/1240/1060
f 1064/1215/1037 1065/1214/1036 1068/1242/1062 1067/1247/1066
f 1070/1282/1099 1072/1283/1100 1157/1270/1087
f 1073/1284/1101 1173/1216/1038 1174/1218/1040 1075/1276/1093
f 1067/1247/1066 1058/1271/1088 1156/1248/1067
f 1077/1277/1094 1175/1285/1102 1176/1286/1103 1079/1287/1104
f 1072/1283/1100 1073/1284/1101 1075/1276/1093 1074/1268/1085
f 1071/1259/1077 1070/1282/1099 1095/1288/1105 1096/1260/1078
f 1072/1283/1100 1074/1268/1085 1157/1270/1087
f 1151/1289/1106 1087/1290/1107 1157/1270/1087
f 1101/1291/1108 1102/1292/1109 1104/1293/1110 1103/1294/1111
f 1073/1284/1101 1072/1283/1100 1070/1282/1099 1071/1259/1077
f 1078/1295/1112 1080/1296/1113 1157/1270/1087
f 1172/1258/1076 1183/1217/1039 1173/1216/1038
f 1160/1297/1114 1098/1298/1115 1123/1299/1116 1170/1300/1117
f 1173/1216/1038 1073/1284/1101 1071/1259/1077 1172/1258/1076
f 1075/1276/1093 1174/1218/1040 1175/1285/1102 1077/1277/1094
f 1076/1269/1086 1077/1277/1094 1079/1287/1104 1078/1295/1112
f 1104/1293/1110 1163/1301/1118 1164/1302/1119 1106/1303/1120
f 1079/1287/1104 1176/1286/1103 1177/1304/1121 1081/1305/1122
f 1083/1306/1123 1081/1305/1122 1177/1304/1121
f 1087/1290/1107 1089/1307/1124 1157/1270/1087
f 1174/1218/1040 1183/1217/1039 1175/1285/1102
f 1078/1295/1112 1079/1287/1104 1081/1305/1122 1080/1296/1113
f 1175/1285/1102 1183/1308/1039 1176/1286/1103
f 1080/1296/1113 1082/1309/1125 1084/1310/1126
f 1090/1311/1127 1179/1312/1128 1180/1313/1129 1092/1314/1130
f 1082/1309/1125 1080/1296/1113 1081/1305/1122
f 1083/1306/1123 1183/1308/1039 1178/1315/1131
f 1088/1316/1132 1178/1315/1131 1179/1312/1128 1090/1311/1127
f 1176/1286/1103 1183/1308/1039 1177/1304/1121
f 1087/1290/1107 1085/1317/1133 1088/1316/1132
f 1082/1309/1125 1081/1305/1122 1083/1306/1123 1086/1318/1134
f 1177/1304/1121 1183/1308/1039 1083/1306/1123
f 1085/1317/1133 1084/1310/1126 1082/1309/1125
f 1086/1318/1134 1083/1306/1123 1178/1315/1131 1088/1316/1132
f 1178/1315/1131 1183/1308/1039 1179/1312/1128
f 1091/1319/1135 1093/1320/1136 1157/1270/1087
f 1151/1289/1106 1084/1310/1126 1087/1290/1107
f 1087/1290/1107 1084/1310/1126 1085/1317/1133
f 1089/1307/1124 1090/1311/1127 1092/1314/1130 1091/1319/1135
f 1087/1290/1107 1088/1316/1132 1090/1311/1127 1089/1307/1124
f 1085/1317/1133 1086/1318/1134 1088/1316/1132
f 1093/1320/1136 1095/1288/1105 1157/1270/1087
f 1093/1320/1136 1094/1321/1137 1096/1260/1078 1095/1288/1105
f 1103/1294/1111 1105/1322/1138 1158/1323/1139
f 1179/1312/1128 1183/1308/1039 1180/1313/1129
f 1091/1319/1135 1092/1314/1130 1094/1321/1137 1093/1320/1136
f 1089/1307/1124 1091/1319/1135 1157/1270/1087
f 1097/1324/1140 1099/1325/1141 1158/1323/1139
f 1181/1326/1142 1183/1217/1039 1182/1261/1079
f 1099/1325/1141 1100/1327/1143 1102/1292/1109 1101/1291/1108
f 1101/1291/1108 1103/1294/1111 1158/1323/1139
f 1095/1288/1105 1070/1282/1099 1157/1270/1087
f 1182/1261/1079 1183/1217/1039 1172/1258/1076
f 1208/1328/1144 1194/1329/1145 1193/1330/1146 1220/1331/1147
f 1098/1298/1115 1097/1324/1140 1122/1332/1148 1123/1299/1116
f 1160/1297/1114 1171/1333/1149 1161/1334/1150
f 1231/1335/1151 1233/1336/1152 1187/1337/1153 1190/1278/1095
f 1099/1325/1141 1101/1291/1108 1158/1323/1139
f 1982/1272/1089 1983/1338/1154 1202/1339/1155 1201/1340/1156
f 1105/1341/1138 1106/1342/1120 1108/1343/1157 1107/1344/1158
f 1161/1334/1150 1100/1327/1143 1098/1298/1115 1160/1297/1114
f 1129/1345/1159 1134/1346/1160 1159/1347/1161
f 1152/1348/1162 1114/1349/1163 1158/1323/1139
f 1110/1350/1164 1108/1343/1157 1165/1351/1165
f 1103/1294/1111 1104/1293/1110 1106/1303/1120 1105/1322/1138
f 1106/1342/1120 1164/1302/1119 1165/1351/1165 1108/1343/1157
f 1114/1349/1163 1116/1352/1166 1158/1323/1139
f 1117/1353/1167 1167/1354/1168 1168/1355/1169 1119/1356/1170
f 1164/1302/1119 1171/1357/1149 1165/1351/1165
f 1114/1349/1163 1112/1358/1171 1115/1359/1172
f 1110/1350/1164 1171/1357/1149 1166/1360/1173
f 1107/1344/1158 1109/1361/1174 1111/1362/1175
f 1109/1361/1174 1107/1344/1158 1108/1343/1157
f 1115/1359/1172 1166/1360/1173 1167/1354/1168 1117/1353/1167
f 1113/1363/1176 1110/1350/1164 1166/1360/1173 1115/1359/1172
f 1112/1358/1171 1113/1363/1176 1115/1359/1172
f 1112/1358/1171 1109/1361/1174 1113/1363/1176
f 1120/1364/1177 1122/1332/1148 1158/1323/1139
f 1114/1349/1163 1111/1362/1175 1112/1358/1171
f 1112/1358/1171 1111/1362/1175 1109/1361/1174
f 1118/1365/1178 1120/1364/1177 1158/1323/1139
f 1119/1356/1170 1168/1355/1169 1169/1366/1179 1121/1367/1180
f 1116/1352/1166 1117/1353/1167 1119/1356/1170 1118/1365/1178
f 1165/1351/1165 1171/1357/1149 1110/1350/1164
f 1114/1349/1163 1115/1359/1172 1117/1353/1167 1116/1352/1166
f 1167/1354/1168 1171/1357/1149 1168/1355/1169
f 1121/1367/1180 1169/1366/1179 1170/1300/1117 1123/1299/1116
f 1118/1365/1178 1119/1356/1170 1121/1367/1180 1120/1364/1177
f 1124/1368/1181 1129/1345/1159 1159/1347/1161
f 1139/1369/1182 1144/1370/1183 1159/1347/1161
f 1120/1364/1177 1121/1367/1180 1123/1299/1116 1122/1332/1148
f 1122/1332/1148 1097/1324/1140 1158/1323/1139
f 1168/1355/1169 1171/1357/1149 1169/1366/1179
f 1170/1300/1117 1171/1333/1149 1160/1297/1114
f 1169/1366/1179 1171/1333/1149 1170/1300/1117
f 1125/1371/1184 1124/1368/1181 1147/1372/1185 1148/1373/1186
f 1134/1346/1160 1139/1369/1182 1159/1347/1161
f 1129/1345/1159 1130/1374/1187 1135/1375/1188 1134/1346/1160
f 1015/1064/905 1018/1202/1030 1153/1065/906
f 1139/1369/1182 1140/1376/1189 1145/1377/1190 1144/1370/1183
f 1102/1292/1109 1162/1378/1191 1163/1301/1118 1104/1293/1110
f 1162/1378/1191 1171/1333/1149 1163/1301/1118
f 1131/1379/1192 1130/1374/1187 1125/1371/1184 1126/1380/1193
f 1137/1381/1194 1136/1382/1195 1132/1383/1196
f 1131/1379/1192 1132/1383/1196 1136/1382/1195
f 1135/1375/1188 1136/1382/1195 1141/1384/1197 1140/1376/1189
f 1134/1346/1160 1135/1375/1188 1140/1376/1189 1139/1369/1182
f 1144/1370/1183 1147/1372/1185 1159/1347/1161
f 1140/1376/1189 1141/1384/1197 1146/1385/1198 1145/1377/1190
f 1233/1336/1152 1234/1386/1199 1188/1387/1200 1187/1337/1153
f 1136/1382/1195 1137/1388/1194 1138/1389/1201
f 1128/1390/1202 1133/1391/1203 1132/1383/1196
f 1133/1391/1203 1137/1381/1194 1132/1383/1196
f 1144/1370/1183 1145/1377/1190 1148/1373/1186 1147/1372/1185
f 1189/1279/1096 1190/1278/1095 1187/1337/1153 1186/1392/1204
f 1186/1392/1204 1185/1393/1205 1201/1340/1156 1200/1394/1206
f 1143/1395/1207 1133/1396/1203 1128/1397/1202
f 1141/1384/1197 1138/1389/1201 1142/1398/1208
f 1137/1388/1194 1142/1398/1208 1138/1389/1201
f 1969/1399/1209 1970/1273/1090 1185/1393/1205 1188/1387/1200
f 1142/1398/1208 1143/1395/1207 1141/1384/1197
f 1149/1400/1210 1146/1385/1198 1128/1397/1202 1150/1401/1211
f 1143/1395/1207 1128/1397/1202 1146/1385/1198
f 1141/1384/1197 1143/1395/1207 1146/1385/1198
f 1137/1388/1194 1133/1396/1203 1142/1398/1208
f 1147/1372/1185 1124/1368/1181 1159/1347/1161
f 1142/1398/1208 1133/1396/1203 1143/1395/1207
f 1196/1402/1212 1192/1280/1097 1198/1403/1213 1197/1404/1214
f 1200/1394/1206 1199/1405/1215 1189/1279/1096 1186/1392/1204
f 1128/1397/1202 1127/1406/1216 1150/1401/1211
f 2011/1407/1217 1976/1408/1218 1973/1409/1219 1972/1410/1220
f 1130/1374/1187 1129/1345/1159 1124/1411/1181 1125/1371/1184
f 1150/1401/1211 1127/1412/1216 1126/1380/1193 1149/1400/1210
f 1136/1382/1195 1138/1389/1201 1141/1384/1197
f 1022/1070/911 1020/1069/910 1021/1219/1041
f 1032/1222/1043 1033/1228/1049 1036/1133/970 1035/1225/1046
f 1051/1252/1070 1049/1230/1051 1050/1253/1071
f 1040/1132/969 1043/1237/1057 1039/1249/1068
f 1042/1234/1055 1038/1224/1045 1039/1249/1068
f 1031/1227/1048 1028/1226/1047 1029/1239/1059
f 1058/1271/1088 1061/1212/1034 1156/1248/1067
f 1240/1413/1221 1239/1414/1222 2019/1415/1223 2020/1416/1224
f 1145/1377/1190 1146/1385/1198 1149/1400/1210 1148/1373/1186
f 1062/1213/1035 1061/1212/1034 1058/1271/1088 1059/1241/1061
f 1076/1269/1086 1078/1295/1112 1157/1270/1087
f 1085/1317/1133 1082/1309/1125 1086/1318/1134
f 1094/1321/1137 1181/1326/1142 1182/1261/1079 1096/1260/1078
f 1180/1313/1129 1183/1217/1039 1181/1326/1142
f 1105/1322/1138 1107/1344/1158 1158/1323/1139
f 1161/1334/1150 1171/1333/1149 1162/1378/1191
f 1126/1380/1193 1125/1371/1184 1148/1373/1186 1149/1400/1210
f 1163/1301/1118 1171/1333/1149 1164/1302/1119
f 1109/1361/1174 1108/1343/1157 1110/1350/1164 1113/1363/1176
f 1166/1360/1173 1171/1357/1149 1167/1354/1168
f 1100/1327/1143 1099/1325/1141 1097/1324/1140 1098/1298/1115
f 1006/1188/1020 1011/1063/904 1153/1065/906
f 1030/1245/1065 1031/1227/1048 1029/1239/1059
f 1132/1383/1196 1131/1379/1192 1128/1390/1202
f 1127/1412/1216 1128/1390/1202 1131/1379/1192 1126/1380/1193
f 1152/1348/1162 1111/1362/1175 1114/1349/1163
f 1152/1348/1162 1158/1323/1139 1107/1344/1158 1111/1362/1175
f 1116/1352/1166 1118/1365/1178 1158/1323/1139
f 1130/1374/1187 1131/1379/1192 1136/1382/1195 1135/1375/1188
f 1092/1314/1130 1180/1313/1129 1181/1326/1142 1094/1321/1137
f 1100/1327/1143 1161/1334/1150 1162/1378/1191 1102/1292/1109
f 1195/1417/1225 1231/1335/1151 1190/1278/1095 1191/1281/1098
f 1151/1289/1106 1157/1270/1087 1080/1296/1113 1084/1310/1126
f 1155/1231/1052 1049/1230/1051 1052/1236/1056
f 1056/1073/914 1047/1072/913 1155/1231/1052
f 1062/1213/1035 1063/1262/1080 1066/1244/1064 1065/1214/1036
f 1352/1418/1226 1318/1419/1227 1317/1420/1228 1351/1421/1229
f 2097/1422/1230 2099/1423/1231 2133/1424/1232 2132/1425/1233
f 1187/1337/1153 1188/1387/1200 1185/1393/1205 1186/1392/1204
f 1196/1402/1212 1193/1330/1146 1191/1281/1098 1192/1280/1097
f 1272/1426/1234 1273/1427/1235 1264/1428/1236 1260/1267/1084
f 1192/1280/1097 1189/1279/1096 1199/1405/1215 1198/1403/1213
f 1398/1429/1237 1397/1430/1238 1206/1431/1239 1205/1432/1240
f 1400/1433/1241 1399/1434/1242 1204/1435/1243 1203/1436/1244
f 1220/1331/1147 1193/1330/1146 1196/1402/1212 1219/1437/1245
f 1205/1432/1240 1206/1431/1239 1197/1404/1214 1198/1403/1213
f 1207/1438/1246 1210/1439/1247 1195/1417/1225 1194/1329/1145
f 1202/1339/1155 1203/1436/1244 1200/1394/1206 1201/1340/1156
f 1410/1440/1248 1427/1441/1249 1411/1442/1250
f 1195/1417/1225 1191/1281/1098 1193/1330/1146 1194/1329/1145
f 1982/1272/1089 1201/1340/1156 1185/1393/1205 1970/1273/1090
f 2207/1443/1251 2205/1444/1252 2176/1445/1253 2178/1446/1254
f 1243/1447/1255 1244/1448/1256 1239/1414/1222 1242/1449/1257
f 1196/1402/1212 1197/1404/1214 1221/1450/1258 1219/1437/1245
f 1401/1451/1259 1400/1433/1241 1203/1436/1244 1202/1339/1155
f 1224/1452/1260 1211/1453/1261 1214/1454/1262 1223/1455/1263
f 2012/1456/1264 1990/1457/1265 1976/1408/1218 2011/1407/1217
f 1432/1458/1266 1433/1459/1267 1404/1460/1268 1403/1461/1269
f 1204/1435/1243 1205/1432/1240 1198/1403/1213 1199/1405/1215
f 1399/1434/1242 1398/1429/1237 1205/1432/1240 1204/1435/1243
f 1963/1462/1270 1377/1463/1271 1376/1464/1272 1788/1465/1273
f 1343/1466/1274 1342/1467/1275 1237/1468/1276 1238/1469/1277
f 1978/1470/1278 1974/1471/1279 1973/1409/1219 1975/1472/1280
f 1217/1473/1281 1218/1474/1282 1209/1475/1283 1208/1328/1144
f 1312/1476/1284 1313/1477/1285 1213/1478/1286 1212/1479/1287
f 1318/1419/1227 1210/1439/1247 1207/1438/1246 1317/1420/1228
f 1283/1480/1288 1212/1479/1287 1211/1453/1261 1281/1481/1289
f 1197/1404/1214 1206/1431/1239 1222/1482/1290 1221/1450/1258
f 1217/1473/1281 1216/1483/1291 1215/1484/1292 1218/1474/1282
f 1232/1485/1293 1231/1335/1151 1195/1417/1225 1210/1439/1247
f 1215/1484/1292 1216/1483/1291 1214/1454/1262 1213/1478/1286
f 1316/1486/1294 1317/1420/1228 1207/1438/1246 1209/1475/1283
f 1446/1487/1295 1438/1488/1296 1436/1489/1297 1427/1441/1249
f 1208/1328/1144 1209/1475/1283 1207/1438/1246 1194/1329/1145
f 1315/1490/1298 1218/1474/1282 1215/1484/1292 1314/1491/1299
f 1208/1328/1144 1220/1331/1147 1217/1473/1281
f 1322/1492/1300 1249/1493/1301 1242/1449/1257 1241/1494/1302
f 1408/1495/1303 1351/1496/1229 1350/1497/1304 1407/1498/1305
f 1203/1436/1244 1204/1435/1243 1199/1405/1215 1200/1394/1206
f 1225/1499/1306 1223/1455/1263 1214/1454/1262 1216/1483/1291
f 1315/1490/1298 1316/1486/1294 1209/1475/1283 1218/1474/1282
f 1213/1478/1286 1214/1454/1262 1211/1453/1261 1212/1479/1287
f 1219/1437/1245 1221/1450/1258 1229/1500/1307 1228/1501/1308
f 1380/1502/1309 1391/1503/1310 1836/1504/1311 1658/1505/1312
f 1294/1506/1313 1224/1452/1260 1223/1455/1263 1293/1507/1314
f 1211/1453/1261 1224/1452/1260 1282/1508/1315 1281/1481/1289
f 1349/1509/1316 1315/1490/1298 1314/1491/1299 1348/1510/1317
f 1345/1511/1318 1354/1512/1319 1320/1513/1320 1342/1467/1275
f 1220/1331/1147 1219/1437/1245 1228/1501/1308 1227/1514/1321
f 1292/1515/1322 1225/1499/1306 1226/1516/1323 1291/1517/1324
f 1221/1450/1258 1222/1482/1290 1230/1518/1325 1229/1500/1307
f 1227/1514/1321 1226/1516/1323 1217/1473/1281 1220/1331/1147
f 1487/1519/1326 1479/1520/1327 1464/1521/1328 1466/1522/1329
f 1229/1500/1307 1230/1518/1325 1302/1523/1330 1288/1524/1331
f 1397/1430/1238 1395/1525/1332 1222/1482/1290 1206/1431/1239
f 1240/1413/1221 1188/1387/1200 1234/1386/1199 1241/1494/1302
f 1226/1516/1323 1225/1499/1306 1216/1483/1291 1217/1473/1281
f 1431/1526/1333 1432/1458/1266 1403/1461/1269 1402/1527/1334
f 1854/1528/1335 1840/1529/1336 1287/1530/1337 1286/1531/1338
f 1293/1507/1314 1223/1455/1263 1225/1499/1306 1292/1515/1322
f 1291/1517/1324 1226/1516/1323 1227/1514/1321 1290/1532/1339
f 1448/1533/1340 1396/1534/1341 1305/1535/1342 1395/1525/1332
f 1297/1536/1343 1296/1537/1344 1295/1538/1345 1294/1506/1313
f 1290/1532/1339 1227/1514/1321 1228/1501/1308 1289/1539/1346
f 1396/1534/1341 1387/1540/1347 1304/1541/1348 1305/1535/1342
f 1513/1542/1349 1285/1543/1350 1284/1544/1351 1512/1545/1352
f 1228/1501/1308 1229/1500/1307 1288/1524/1331 1289/1539/1346
f 1260/1267/1084 1264/1428/1236 1255/1546/1353 1254/1264/1081
f 1395/1525/1332 1305/1535/1342 1230/1518/1325 1222/1482/1290
f 1351/1421/1229 1317/1420/1228 1316/1486/1294 1350/1547/1304
f 1386/1548/1354 1385/1549/1355 1310/1550/1356 1303/1551/1357
f 1342/1467/1275 1320/1513/1320 1233/1336/1152 1237/1468/1276
f 1235/1552/1358 1238/1469/1277 1236/1553/1359
f 1375/1554/1360 1244/1448/1256 1243/1447/1255 1374/1555/1361
f 1322/1492/1300 1241/1494/1302 1234/1386/1199 1321/1556/1362
f 1235/1552/1358 1236/1553/1359 1231/1335/1151 1232/1485/1293
f 1353/1557/1363 1354/1558/1319 1345/1511/1318 1344/1559/1364
f 1313/1477/1285 1314/1491/1299 1215/1484/1292 1213/1478/1286
f 1236/1553/1359 1238/1469/1277 1237/1468/1276
f 1320/1513/1320 1321/1556/1362 1234/1386/1199 1233/1336/1152
f 1435/1560/1365 1446/1487/1295 1427/1441/1249 1434/1561/1366
f 2021/1562/1367 2019/1415/1223 1239/1414/1222 1244/1448/1256
f 1341/1563/1368 1235/1552/1358 1232/1485/1293 1319/1564/1369
f 1341/1563/1368 1343/1466/1274 1238/1469/1277 1235/1552/1358
f 2226/1565/1370 1501/1566/1371 1401/1567/1259 2175/1568/1372
f 1254/1264/1081 1255/1546/1353 1253/1569/1373 1252/1570/1374
f 1322/1492/1300 1323/1571/1375 1249/1493/1301
f 1327/1572/1376 1326/1573/1377 1328/1574/1378 1329/1575/1379
f 2106/1576/1380 2554/1577/1381 2030/1578/1382 2029/1579/1383
f 1241/1494/1302 1242/1449/1257 1239/1414/1222 1240/1413/1221
f 2021/1562/1367 2150/1580/1384 2024/1581/1385 2023/1582/1386
f 1323/1571/1375 1324/1583/1387 1245/1584/1388 1249/1493/1301
f 1327/1572/1376 1810/1585/1389 1247/1586/1390 1246/1587/1391
f 1819/1588/1392 1329/1575/1379 1252/1570/1374 1251/1589/1393
f 1800/1590/1394 1801/1591/1395 1799/1592/1396 1798/1593/1397
f 1373/1594/1398 1374/1555/1361 1243/1447/1255
f 2166/1595/1399 2165/1596/1400 2159/1597/1401 2154/1598/1402
f 1247/1586/1390 1248/1599/1403 1245/1584/1388 1246/1587/1391
f 1248/1599/1403 1249/1493/1301 1245/1584/1388
f 1821/1600/1404 1251/1589/1393 1250/1601/1405 1372/1602/1406
f 1391/1503/1310 1380/1502/1309 1379/1603/1407 1392/1604/1408
f 1358/1605/1409 1359/1606/1410 1325/1607/1411 1324/1583/1387
f 1468/1608/1412 1467/1609/1413 1256/1610/1414 1259/1611/1415
f 1264/1428/1236 1265/1612/1416 1253/1569/1373 1255/1546/1353
f 1330/1613/1417 1331/1614/1418 1254/1264/1081 1252/1570/1374
f 1252/1570/1374 1253/1569/1373 1250/1601/1405 1251/1589/1393
f 1616/1615/1419 1257/1616/1420 1256/1610/1414 1615/1617/1421
f 1453/1618/1422 1270/1619/1423 1262/1620/1424 1261/1266/1083
f 1262/1620/1424 1260/1267/1084 1261/1266/1083
f 1271/1621/1425 1272/1426/1234 1260/1267/1084 1262/1620/1424
f 1258/1622/1426 1259/1611/1415 1256/1610/1414 1257/1616/1420
f 1280/1623/1427 1275/1624/1428 1274/1625/1429
f 1266/1626/1430 1267/1627/1431 1259/1611/1415
f 1280/1623/1427 1274/1625/1429 1273/1427/1235
f 1463/1628/1432 1462/1629/1433 1456/1630/1434 1457/1631/1435
f 1421/1632/1436 1364/1633/1437 1363/1634/1438 1420/1635/1439
f 1331/1614/1418 1332/1636/1440 1263/1265/1082 1254/1264/1081
f 1275/1624/1428 1266/1626/1430 1265/1612/1416 1274/1625/1429
f 1259/1611/1415 1267/1627/1431 1268/1637/1441 1269/1638/1442
f 1273/1427/1235 1274/1625/1429 1265/1612/1416 1264/1428/1236
f 1481/1639/1443 1480/1640/1444 1477/1641/1445 1472/1642/1446
f 1276/1643/1447 1277/1644/1448 1268/1637/1441 1267/1627/1431
f 1270/1619/1423 1271/1621/1425 1262/1620/1424
f 1453/1618/1422 1460/1645/1449 1471/1646/1450 1459/1647/1451
f 1459/1647/1451 1468/1608/1412 1259/1611/1415 1269/1638/1442
f 1271/1621/1425 1270/1619/1423 1278/1648/1452 1279/1649/1453
f 1279/1649/1453 1280/1623/1427 1271/1621/1425
f 1280/1623/1427 1273/1427/1235 1272/1426/1234
f 1372/1602/1406 1250/1601/1405 1258/1622/1426 1370/1650/1454
f 1465/1651/1455 1466/1652/1329 1281/1481/1289 1282/1508/1315
f 1212/1479/1287 1283/1480/1288 1311/1653/1456 1312/1476/1284
f 1280/1623/1427 1277/1644/1448 1276/1643/1447
f 1391/1503/1310 1392/1604/1408 1284/1544/1351 1287/1530/1337
f 1613/1654/1457 1469/1655/1458 1476/1656/1459 1611/1657/1460
f 1461/1658/1461 1460/1645/1449 1454/1659/1462 1455/1660/1463
f 1462/1629/1433 1463/1628/1432 1478/1661/1464 1473/1662/1465
f 1280/1623/1427 1272/1426/1234 1271/1621/1425
f 1459/1647/1451 1278/1648/1452 1270/1619/1423 1453/1618/1422
f 1300/1663/1466 1299/1664/1467 1292/1515/1322 1291/1517/1324
f 1846/1665/1468 1847/1666/1469 1845/1667/1470 1844/1668/1471
f 1674/1669/1472 1475/1670/1473 1474/1671/1474 1672/1672/1475
f 1289/1539/1346 1288/1524/1331 1301/1673/1476 1290/1532/1339
f 1495/1674/1477 1494/1675/1478 1286/1676/1338 1285/1543/1350
f 1286/1531/1338 1287/1530/1337 1284/1544/1351 1285/1543/1350
f 1498/1677/1479 1499/1678/1480 1832/1679/1481 1833/1680/1482
f 1236/1553/1359 1237/1468/1276 1233/1336/1152 1231/1335/1151
f 1301/1673/1476 1300/1663/1466 1291/1517/1324 1290/1532/1339
f 1303/1551/1357 1301/1673/1476 1288/1524/1331 1302/1523/1330
f 1310/1550/1356 1309/1681/1483 1299/1664/1467 1300/1663/1466
f 1286/1676/1338 1494/1682/1478 1492/1683/1484 1493/1684/1485
f 1308/1685/1486 1306/1686/1487 1297/1536/1343 1298/1687/1488
f 1305/1535/1342 1304/1541/1348 1302/1523/1330 1230/1518/1325
f 1303/1551/1357 1310/1550/1356 1300/1663/1466 1301/1673/1476
f 1506/1688/1489 1507/1689/1490 1448/1533/1340 1449/1690/1491
f 1309/1681/1483 1308/1685/1486 1298/1687/1488 1299/1664/1467
f 1306/1686/1487 1307/1691/1492 1296/1537/1344 1297/1536/1343
f 1282/1508/1315 1295/1538/1345 1850/1692/1493 1465/1651/1455
f 1304/1541/1348 1386/1548/1354 1303/1551/1357 1302/1523/1330
f 1309/1681/1483 1310/1550/1356 1385/1549/1355 1382/1693/1494
f 1451/1694/1495 1450/1695/1496 1398/1429/1237 1399/1434/1242
f 2175/1568/1372 1401/1567/1259 1202/1339/1155 1983/1338/1154
f 1308/1685/1486 1309/1681/1483 1382/1693/1494 1383/1696/1497
f 1503/1697/1498 1504/1698/1499 1451/1694/1495 1452/1699/1500
f 1852/1700/1501 1296/1537/1344 1307/1691/1492 1381/1701/1502
f 1450/1695/1496 1449/1690/1491 1397/1430/1238 1398/1429/1237
f 1835/1702/1503 1834/1703/1504 1661/1704/1505 1660/1705/1506
f 1307/1691/1492 1306/1686/1487 1384/1706/1507 1379/1603/1407
f 1664/1707/1508 1853/1708/1509 1852/1700/1501
f 1384/1706/1507 1306/1686/1487 1308/1685/1486 1383/1696/1497
f 1414/1709/1510 1428/1710/1511 1415/1711/1512
f 1311/1653/1456 1283/1480/1288 1339/1712/1513 1340/1713/1514
f 1509/1714/1515 1387/1540/1347 1396/1534/1341 1508/1715/1516
f 1369/1716/1517 1346/1717/1518 1312/1476/1284 1311/1653/1456
f 1350/1547/1304 1316/1486/1294 1315/1490/1298 1349/1509/1316
f 1409/1718/1519 1352/1719/1226 1351/1496/1229 1408/1495/1303
f 1412/1720/1520 1355/1721/1521 1354/1558/1319 1411/1442/1250
f 1441/1722/1522 1431/1526/1333 1402/1527/1334 1406/1723/1523
f 1403/1461/1269 1404/1460/1268 1348/1724/1317 1347/1725/1524
f 1426/1726/1525 1405/1727/1526 1404/1460/1268 1433/1459/1267
f 1353/1728/1363 1319/1564/1369 1318/1419/1227 1352/1418/1226
f 1354/1512/1319 1355/1729/1521 1321/1556/1362 1320/1513/1320
f 1313/1477/1285 1312/1476/1284 1346/1717/1518 1347/1730/1524
f 1344/1559/1364 1345/1511/1318 1343/1466/1274 1341/1563/1368
f 1355/1729/1521 1356/1731/1527 1322/1492/1300 1321/1556/1362
f 1246/1587/1391 1325/1607/1411 1326/1573/1377 1327/1572/1376
f 1402/1527/1334 1403/1461/1269 1347/1725/1524 1346/1732/1518
f 1418/1733/1528 1361/1734/1529 1360/1735/1530 1417/1736/1531
f 2152/1737/1532 2151/1738/1533 1375/1554/1360 1377/1463/1271
f 1356/1731/1527 1357/1739/1534 1323/1571/1375 1322/1492/1300
f 1447/1740/1535 1442/1741/1536 1439/1742/1537 1429/1743/1538
f 1810/1585/1389 1811/1744/1539 1378/1745/1540
f 1359/1606/1410 1360/1746/1530 1326/1573/1377 1325/1607/1411
f 1329/1575/1379 1328/1574/1378 1330/1613/1417 1252/1570/1374
f 1364/1747/1437 1365/1748/1541 1333/1749/1542 1332/1636/1440
f 1447/1740/1535 1429/1743/1538 1437/1750/1543 1438/1488/1296
f 1280/1623/1427 1276/1643/1447 1275/1624/1428
f 1327/1572/1376 1329/1575/1379 1819/1588/1392 1810/1585/1389
f 1360/1746/1530 1361/1751/1529 1328/1574/1378 1326/1573/1377
f 1334/1752/1544 1333/1749/1542 1336/1753/1545 1335/1754/1546
f 1361/1751/1529 1362/1755/1547 1330/1613/1417 1328/1574/1378
f 1364/1747/1437 1332/1636/1440 1331/1614/1418 1363/1756/1438
f 1334/1752/1544 1335/1754/1546 1455/1660/1463 1454/1659/1462
f 1334/1752/1544 1263/1265/1082 1332/1636/1440 1333/1749/1542
f 1366/1757/1548 1367/1758/1549 1338/1759/1550 1336/1753/1545
f 1338/1759/1550 1337/1760/1551 1335/1754/1546 1336/1753/1545
f 1280/1623/1427 1279/1649/1453 1277/1644/1448
f 1858/1761/1552 1859/1762/1553 1830/1763/1554 1831/1764/1555
f 1462/1629/1433 1461/1658/1461 1455/1660/1463 1456/1630/1434
f 1340/1713/1514 1339/1712/1513 1337/1760/1551 1338/1759/1550
f 1366/1757/1548 1336/1753/1545 1333/1749/1542 1365/1748/1541
f 1464/1521/1328 1463/1628/1432 1457/1631/1435 1458/1765/1556
f 1368/1766/1557 1369/1716/1517 1311/1653/1456 1340/1713/1514
f 1470/1767/1558 1469/1655/1458 1467/1609/1413 1468/1608/1412
f 1423/1768/1559 1366/1769/1548 1365/1770/1541 1422/1771/1560
f 1344/1559/1364 1341/1563/1368 1319/1564/1369 1353/1557/1363
f 1367/1758/1549 1368/1766/1557 1340/1713/1514 1338/1759/1550
f 1337/1760/1551 1339/1712/1513 1457/1631/1435 1456/1630/1434
f 1444/1772/1561 1435/1560/1365 1433/1459/1267 1432/1458/1266
f 1339/1712/1513 1283/1480/1288 1458/1765/1556 1457/1631/1435
f 1345/1511/1318 1342/1467/1275 1343/1466/1274
f 1410/1440/1248 1353/1728/1363 1352/1719/1226 1409/1718/1519
f 2026/1773/1562 2019/1415/1223 2021/1562/1367 2023/1582/1386
f 1405/1727/1526 1349/1774/1316 1348/1724/1317 1404/1460/1268
f 1373/1594/1398 1243/1447/1255 1248/1599/1403 1247/1586/1390
f 1407/1498/1305 1350/1497/1304 1349/1774/1316 1405/1727/1526
f 1243/1447/1255 1242/1449/1257 1249/1493/1301 1248/1599/1403
f 1413/1775/1563 1414/1709/1510 1357/1776/1534 1356/1777/1527
f 1616/1615/1419 1617/1778/1564 1371/1779/1565 1257/1616/1420
f 1409/1718/1519 1427/1441/1249 1410/1440/1248
f 1418/1733/1528 1429/1743/1538 1419/1780/1566
f 1411/1442/1250 1354/1558/1319 1353/1728/1363 1410/1440/1248
f 1416/1781/1567 1359/1782/1410 1358/1783/1409 1415/1711/1512
f 1415/1711/1512 1358/1783/1409 1357/1776/1534 1414/1709/1510
f 1419/1780/1566 1362/1784/1547 1361/1734/1529 1418/1733/1528
f 1420/1635/1439 1363/1634/1438 1362/1784/1547 1419/1780/1566
f 1422/1771/1560 1365/1770/1541 1364/1633/1437 1421/1632/1436
f 1424/1785/1568 1367/1786/1549 1366/1769/1548 1423/1768/1559
f 1335/1754/1546 1337/1760/1551 1456/1630/1434 1455/1660/1463
f 1425/1787/1569 1368/1788/1557 1367/1786/1549 1424/1785/1568
f 1425/1787/1569 1406/1723/1523 1369/1789/1517 1368/1788/1557
f 1792/1790/1570 1791/1791/1571 1370/1650/1454 1371/1779/1565
f 1504/1698/1499 1505/1792/1572 1450/1695/1496 1451/1694/1495
f 1427/1441/1249 1409/1718/1519 1408/1495/1303 1434/1561/1366
f 1406/1723/1523 1402/1527/1334 1346/1732/1518 1369/1789/1517
f 1810/1585/1389 1378/1745/1540 1373/1594/1398 1247/1586/1390
f 1426/1726/1525 1434/1561/1366 1408/1495/1303 1407/1498/1305
f 1791/1791/1571 1790/1793/1573 1372/1602/1406 1370/1650/1454
f 1279/1649/1453 1278/1648/1452 1268/1637/1441 1277/1644/1448
f 1855/1794/1574 1856/1795/1575 1801/1591/1395 1800/1590/1394
f 1266/1626/1430 1259/1611/1415 1258/1622/1426 1250/1601/1405
f 1459/1647/1451 1269/1638/1442 1268/1637/1441 1278/1648/1452
f 1378/1745/1540 1376/1464/1272 1374/1555/1361 1373/1594/1398
f 2165/1596/1400 2164/1796/1576 2157/1797/1577 2158/1798/1578
f 1265/1612/1416 1266/1626/1430 1250/1601/1405 1253/1569/1373
f 1387/1540/1347 1388/1799/1579 1386/1548/1354 1304/1541/1348
f 1658/1505/1312 1657/1800/1580 1381/1701/1502 1380/1502/1309
f 1789/1801/1581 1788/1465/1273 1376/1464/1272 1378/1745/1540
f 1828/1802/1582 1825/1803/1583 1823/1804/1584 1827/1805/1585
f 1389/1806/1586 1390/1807/1587 1383/1696/1497 1382/1693/1494
f 1840/1529/1336 1836/1504/1311 1391/1503/1310 1287/1530/1337
f 1379/1603/1407 1380/1502/1309 1381/1701/1502 1307/1691/1492
f 1390/1807/1587 1393/1808/1588 1284/1544/1351 1392/1604/1408
f 1510/1809/1589 1511/1810/1590 1393/1808/1588 1388/1799/1579
f 1393/1808/1588 1389/1806/1586 1386/1548/1354 1388/1799/1579
f 1389/1806/1586 1394/1811/1591 1390/1807/1587
f 1386/1548/1354 1389/1806/1586 1385/1549/1355
f 1562/1812/1592 1561/1813/1593 1554/1814/1594 1516/1815/1595
f 1394/1811/1591 1393/1808/1588 1390/1807/1587
f 1512/1545/1352 1284/1544/1351 1393/1808/1588 1511/1810/1590
f 1385/1549/1355 1389/1806/1586 1382/1693/1494
f 1314/1491/1299 1313/1477/1285 1347/1730/1524 1348/1510/1317
f 1570/1816/1596 1569/1817/1597 1565/1818/1598 1564/1819/1599
f 1383/1696/1497 1390/1807/1587 1384/1706/1507
f 1298/1687/1488 1297/1536/1343 1294/1506/1313 1293/1507/1314
f 1299/1664/1467 1298/1687/1488 1293/1507/1314 1292/1515/1322
f 1853/1708/1509 1851/1820/1600 1850/1821/1493 1852/1700/1501
f 1400/1433/1241 1401/1451/1259 1501/1822/1371 1452/1699/1500
f 1393/1808/1588 1394/1811/1591 1389/1806/1586
f 1449/1690/1491 1448/1533/1340 1395/1525/1332 1397/1430/1238
f 1864/1823/1601 1865/1824/1602 1861/1825/1603 1863/1826/1604
f 1509/1714/1515 1510/1809/1589 1388/1799/1579 1387/1540/1347
f 2294/1827/1605 1523/1828/1606 1502/1829/1607 2275/1830/1608
f 2153/1831/1609 2545/1832/1610 2024/1581/1385 2150/1580/1384
f 1452/1699/1500 1451/1694/1495 1399/1434/1242 1400/1433/1241
f 1428/1710/1511 1438/1488/1296 1437/1750/1543
f 1318/1419/1227 1319/1564/1369 1232/1485/1293 1210/1439/1247
f 1959/1833/1611 1958/1834/1612 2302/1835/1613 2303/1836/1614
f 1440/1837/1615 1445/1838/1616 1442/1741/1536
f 1405/1727/1526 1426/1726/1525 1407/1498/1305
f 1427/1441/1249 1436/1489/1297 1412/1720/1520 1411/1442/1250
f 1505/1792/1572 1506/1688/1489 1449/1690/1491 1450/1695/1496
f 1413/1775/1563 1356/1777/1527 1355/1721/1521 1412/1720/1520
f 1428/1710/1511 1437/1750/1543 1416/1781/1567 1415/1711/1512
f 1417/1736/1531 1360/1735/1530 1359/1782/1410 1416/1781/1567
f 1413/1775/1563 1428/1710/1511 1414/1709/1510
f 1422/1771/1560 1430/1839/1617 1423/1768/1559
f 1429/1743/1538 1439/1742/1537 1420/1635/1439 1419/1780/1566
f 1442/1741/1536 1445/1838/1616 1430/1839/1617
f 1507/1689/1490 1508/1715/1516 1396/1534/1341 1448/1533/1340
f 1443/1840/1618 1444/1772/1561 1432/1458/1266 1431/1526/1333
f 1444/1772/1561 1443/1840/1618 1442/1741/1536 1435/1560/1365
f 1430/1839/1617 1440/1837/1615 1424/1785/1568 1423/1768/1559
f 1435/1560/1365 1434/1561/1366 1426/1726/1525
f 1440/1837/1615 1441/1722/1522 1406/1723/1523 1425/1787/1569
f 1441/1722/1522 1443/1840/1618 1431/1526/1333
f 1439/1742/1537 1442/1741/1536 1430/1839/1617
f 1428/1710/1511 1413/1775/1563 1412/1720/1520 1436/1489/1297
f 1375/1554/1360 1374/1555/1361 1376/1464/1272 1377/1463/1271
f 1433/1459/1267 1435/1560/1365 1426/1726/1525
f 1429/1743/1538 1417/1736/1531 1416/1781/1567 1437/1750/1543
f 1445/1838/1616 1440/1837/1615 1430/1839/1617
f 1430/1839/1617 1421/1632/1436 1420/1635/1439 1439/1742/1537
f 1441/1722/1522 1440/1837/1615 1442/1741/1536 1443/1840/1618
f 1440/1837/1615 1425/1787/1569 1424/1785/1568
f 1436/1489/1297 1438/1488/1296 1428/1710/1511
f 1417/1736/1531 1429/1743/1538 1418/1733/1528
f 1421/1632/1436 1430/1839/1617 1422/1771/1560
f 1447/1740/1535 1438/1488/1296 1446/1487/1295
f 1538/1841/1619 1562/1812/1592 1516/1815/1595 1519/1842/1620
f 1614/1843/1621 1467/1609/1413 1469/1655/1458 1613/1654/1457
f 1454/1659/1462 1460/1645/1449 1453/1618/1422 1261/1266/1083
f 1463/1628/1432 1464/1521/1328 1479/1520/1327 1478/1661/1464
f 1461/1658/1461 1462/1629/1433 1473/1662/1465 1472/1642/1446
f 1466/1522/1329 1464/1521/1328 1458/1765/1556 1281/1481/1289
f 1244/1448/1256 1375/1554/1360 2151/1738/1533 2021/1562/1367
f 1476/1656/1459 1475/1670/1473 1612/1844/1622 1611/1657/1460
f 1460/1645/1449 1461/1658/1461 1472/1642/1446 1471/1646/1450
f 1484/1845/1623 1485/1846/1624 1483/1847/1625 1482/1848/1626
f 1476/1656/1459 1469/1655/1458 1470/1767/1558 1477/1641/1445
f 1615/1617/1421 1256/1610/1414 1467/1609/1413 1614/1843/1621
f 1659/1849/1627 1657/1800/1580 1658/1505/1312 1660/1705/1506
f 1489/1850/1628 1488/1851/1629 1466/1652/1329 1465/1852/1455
f 1654/1853/1630 1487/1854/1326 1496/1855/1631 1843/1856/1632
f 1471/1646/1450 1470/1767/1558 1468/1608/1412 1459/1647/1451
f 1334/1752/1544 1454/1659/1462 1261/1266/1083 1263/1265/1082
f 1295/1538/1345 1282/1508/1315 1224/1452/1260 1294/1506/1313
f 1472/1642/1446 1477/1641/1445 1470/1767/1558 1471/1646/1450
f 1806/1857/1633 1800/1590/1394 1798/1593/1397 1796/1858/1634
f 1482/1848/1626 1481/1639/1443 1472/1642/1446 1473/1662/1465
f 1624/1859/1635 1625/1860/1636 1616/1615/1419 1615/1617/1421
f 1480/1640/1444 1651/1861/1637 1474/1671/1474 1477/1641/1445
f 1476/1656/1459 1477/1641/1445 1474/1671/1474 1475/1670/1473
f 1478/1661/1464 1479/1520/1327 1486/1862/1638 1484/1845/1623
f 1482/1848/1626 1483/1847/1625 1480/1640/1444 1481/1639/1443
f 1473/1662/1465 1478/1661/1464 1484/1845/1623 1482/1848/1626
f 1836/1504/1311 1835/1702/1503 1660/1705/1506 1658/1505/1312
f 1488/1851/1629 1496/1855/1631 1487/1854/1326 1466/1652/1329
f 1483/1847/1625 1485/1846/1624 1653/1863/1639 1652/1864/1640
f 1487/1519/1326 1654/1865/1630 1486/1862/1638 1479/1520/1327
f 1832/1866/1481 1499/1867/1480 1500/1868/1641 1593/1869/1642
f 1491/1870/1643 1490/1871/1644 1488/1851/1629 1489/1850/1628
f 1850/1821/1493 1848/1872/1645 1489/1850/1628 1465/1852/1455
f 1488/1851/1629 1490/1871/1644 1497/1873/1646 1496/1855/1631
f 1513/1542/1349 1567/1874/1647 1495/1674/1477 1285/1543/1350
f 1844/1668/1471 1845/1667/1470 1493/1684/1485 1491/1870/1643
f 1502/1829/1607 1501/1566/1371 2226/1565/1370 2275/1830/1608
f 1490/1871/1644 1492/1683/1484 1498/1677/1479 1497/1873/1646
f 1864/1823/1601 1863/1875/1604 1917/1876/1648 1916/1877/1649
f 1841/1878/1650 1854/1879/1335 1845/1667/1470 1847/1880/1469
f 1845/1667/1470 1854/1879/1335 1286/1676/1338 1493/1684/1485
f 1492/1683/1484 1494/1682/1478 1499/1678/1480 1498/1677/1479
f 1842/1881/1651 1497/1873/1646 1498/1677/1479 1833/1680/1482
f 1494/1675/1478 1495/1674/1477 1500/1868/1641 1499/1867/1480
f 1867/1882/1652 1868/1883/1653 1856/1795/1575 1855/1794/1574
f 1593/1869/1642 1500/1868/1641 1571/1884/1654 1591/1885/1655
f 1843/1856/1632 1496/1855/1631 1497/1873/1646 1842/1881/1651
f 1521/1886/1656 1520/1887/1657 1505/1792/1572 1504/1698/1499
f 1522/1888/1658 1521/1886/1656 1504/1698/1499 1503/1697/1498
f 1503/1697/1498 1502/1889/1607 1523/1890/1606 1522/1888/1658
f 2293/1891/1659 2294/1827/1605 2275/1830/1608 2276/1892/1660
f 1848/1872/1645 1849/1893/1661 1846/1665/1468 1844/1668/1471
f 1567/1874/1647 1571/1884/1654 1500/1868/1641 1495/1674/1477
f 1541/1894/1662 1960/1895/1663 2304/1896/1664 2307/1897/1665
f 1520/1887/1657 1514/1898/1666 1506/1688/1489 1505/1792/1572
f 1503/1697/1498 1452/1699/1500 1501/1822/1371 1502/1889/1607
f 1515/1899/1667 1553/1900/1668 1508/1715/1516 1507/1689/1490
f 1514/1898/1666 1515/1899/1667 1507/1689/1490 1506/1688/1489
f 1527/1901/1669 1518/1902/1670 1517/1903/1671 1526/1904/1672
f 1527/1901/1669 1526/1904/1672 1529/1905/1673 1530/1906/1674
f 1517/1903/1671 1516/1815/1595 1554/1814/1594 1524/1907/1675
f 1555/1908/1676 1558/1909/1677 1510/1809/1589 1509/1714/1515
f 1558/1909/1677 1559/1910/1678 1511/1810/1590 1510/1809/1589
f 2315/1911/1679 1547/1912/1680 1542/1913/1681 2311/1914/1682
f 1553/1900/1668 1555/1908/1676 1509/1714/1515 1508/1715/1516
f 1563/1915/1683 1564/1819/1599 1561/1813/1593 1562/1812/1592
f 1560/1916/1684 1568/1917/1685 1513/1542/1349 1512/1545/1352
f 1554/1814/1594 1515/1899/1667 1514/1898/1666 1524/1907/1675
f 1559/1910/1678 1560/1916/1684 1512/1545/1352 1511/1810/1590
f 1528/1918/1686 1525/1919/1687 1520/1887/1657 1521/1886/1656
f 1531/1920/1688 1528/1918/1686 1521/1886/1656 1522/1888/1658
f 1555/1908/1676 1553/1900/1668 1556/1921/1689 1557/1922/1690
f 1527/1901/1669 1534/1923/1691 1519/1842/1620 1518/1902/1670
f 1525/1919/1687 1524/1907/1675 1514/1898/1666 1520/1887/1657
f 1535/1924/1692 1536/1925/1693 1540/1926/1694 1539/1927/1695
f 1518/1902/1670 1519/1842/1620 1516/1815/1595 1517/1903/1671
f 2299/1928/1696 2296/1929/1697 2297/1930/1698 2300/1931/1699
f 1958/1932/1612 1531/1920/1688 1522/1888/1658 1523/1890/1606
f 1528/1918/1686 1529/1905/1673 1526/1904/1672 1525/1919/1687
f 1517/1903/1671 1524/1907/1675 1525/1919/1687 1526/1904/1672
f 2304/1896/1664 2303/1836/1614 2300/1931/1699 2301/1933/1700
f 2354/1934/1701 1590/1935/1702 1589/1936/1703 2353/1937/1704
f 1565/1818/1598 1560/1916/1684 1559/1910/1678 1564/1819/1599
f 1537/1938/1705 1539/1927/1695 1545/1939/1706 1543/1940/1707
f 1536/1925/1693 1535/1924/1692 1530/1906/1674 1533/1941/1708
f 1530/1906/1674 1529/1905/1673 1532/1942/1709 1533/1941/1708
f 1535/1924/1692 1534/1923/1691 1527/1901/1669 1530/1906/1674
f 1531/1920/1688 1532/1942/1709 1529/1905/1673 1528/1918/1686
f 1548/1943/1710 1550/1944/1711 1579/1945/1712 1578/1946/1713
f 1958/1932/1612 1959/1947/1611 1532/1942/1709 1531/1920/1688
f 1543/1940/1707 1545/1939/1706 1550/1944/1711 1548/1943/1710
f 1960/1948/1663 1541/1949/1662 1536/1925/1693 1533/1941/1708
f 1539/1927/1695 1540/1926/1694 1546/1950/1714 1545/1939/1706
f 1534/1923/1691 1535/1924/1692 1539/1927/1695 1537/1938/1705
f 1794/1951/1715 1961/1952/1716 2382/1953/1717 2381/1954/1718
f 1538/1841/1619 1537/1938/1705 1543/1940/1707 1544/1955/1719
f 1544/1955/1719 1543/1940/1707 1548/1943/1710 1549/1956/1720
f 1541/1949/1662 1542/1957/1681 1540/1926/1694 1536/1925/1693
f 2311/1914/1682 1542/1913/1681 1541/1894/1662 2307/1897/1665
f 1547/1958/1680 1546/1950/1714 1540/1926/1694 1542/1957/1681
f 1580/1959/1721 1581/1960/1722 1589/1961/1703 1587/1962/1723
f 1545/1939/1706 1546/1950/1714 1551/1963/1724 1550/1944/1711
f 1549/1956/1720 1548/1943/1710 1578/1946/1713 1577/1964/1725
f 1586/1965/1726 1585/1966/1727 1582/1967/1728 1583/1968/1729
f 1579/1945/1712 1580/1959/1721 1587/1962/1723 1586/1965/1726
f 1546/1950/1714 1547/1958/1680 1552/1969/1730 1551/1963/1724
f 1550/1944/1711 1551/1963/1724 1580/1959/1721 1579/1945/1712
f 2330/1970/1731 2333/1971/1732 2317/1972/1733 2313/1973/1734
f 1554/1814/1594 1556/1921/1689 1553/1900/1668 1515/1899/1667
f 1544/1955/1719 1549/1956/1720 1566/1974/1735 1563/1915/1683
f 2325/1975/1736 2326/1976/1737 2331/1977/1738 2328/1978/1739
f 1551/1963/1724 1552/1969/1730 1581/1960/1722 1580/1959/1721
f 1583/1968/1729 1582/1967/1728 1577/1964/1725 1578/1946/1713
f 2319/1979/1740 1552/1980/1730 1547/1912/1680 2315/1911/1679
f 1554/1814/1594 1561/1813/1593 1557/1922/1690 1556/1921/1689
f 1603/1981/1741 1604/1982/1742 1593/1869/1642 1591/1885/1655
f 1566/1974/1735 1570/1816/1596 1564/1819/1599 1563/1915/1683
f 1561/1813/1593 1558/1909/1677 1555/1908/1676 1557/1922/1690
f 1960/1948/1663 1533/1941/1708 1532/1942/1709 1959/1947/1611
f 1572/1983/1743 1573/1984/1744 1571/1884/1654 1567/1874/1647
f 1559/1910/1678 1558/1909/1677 1561/1813/1593 1564/1819/1599
f 1576/1985/1745 1575/1986/1746 1570/1816/1596 1566/1974/1735
f 1568/1917/1685 1572/1983/1743 1567/1874/1647 1513/1542/1349
f 1519/1842/1620 1534/1923/1691 1537/1938/1705 1538/1841/1619
f 1560/1916/1684 1565/1818/1598 1569/1817/1597 1568/1917/1685
f 1577/1964/1725 1576/1985/1745 1566/1974/1735 1549/1956/1720
f 1574/1987/1747 1572/1983/1743 1568/1917/1685 1569/1817/1597
f 1602/1988/1748 1592/1989/1749 1596/1990/1750 1601/1991/1751
f 1594/1992/1752 1573/1984/1744 1572/1983/1743 1574/1987/1747
f 1595/1993/1753 1596/1990/1750 1594/1992/1752 1575/1986/1746
f 1575/1986/1746 1574/1987/1747 1569/1817/1597 1570/1816/1596
f 1606/1994/1754 1607/1995/1755 1601/1991/1751 1600/1996/1756
f 1571/1884/1654 1573/1984/1744 1592/1989/1749 1591/1885/1655
f 1607/1995/1755 1606/1994/1754 1722/1997/1757 1723/1998/1758
f 1594/1992/1752 1574/1987/1747 1575/1986/1746
f 1578/1946/1713 1579/1945/1712 1586/1965/1726 1583/1968/1729
f 1597/1999/1759 1590/1935/1702 2354/1934/1701 2361/2000/1760
f 1582/1967/1728 1584/2001/1761 1576/1985/1745 1577/1964/1725
f 1834/1703/1504 1832/1866/1481 1593/1869/1642 1604/1982/1742
f 1584/2001/1761 1595/1993/1753 1575/1986/1746 1576/1985/1745
f 2371/2002/1762 2370/2003/1763 2364/2004/1764 2365/2005/1765
f 1599/2006/1766 1584/2001/1761 1582/1967/1728 1585/1966/1727
f 2347/2007/1767 1581/2008/1722 1552/1980/1730 2319/1979/1740
f 1587/1962/1723 1588/2009/1768 1585/1966/1727 1586/1965/1726
f 1589/1961/1703 1590/2010/1702 1588/2009/1768 1587/1962/1723
f 2569/2011/1769 2367/2012/1770 2357/2013/1771 2567/2014/1772
f 1725/2015/1773 1609/2016/1774 1608/2017/1775 1724/2018/1776
f 1738/2019/1777 1739/2020/1778 1598/2021/1779 1597/2022/1759
f 1740/2023/1780 1742/2024/1781 1741/2025/1782
f 1599/2006/1766 1585/1966/1727 1588/2009/1768 1598/2021/1779
f 1595/1993/1753 1584/2001/1761 1599/2006/1766 1600/1996/1756
f 1739/2020/1778 1605/2026/1783 1599/2006/1766 1598/2021/1779
f 2353/1937/1704 1589/1936/1703 1581/2008/1722 2347/2007/1767
f 1602/1988/1748 1603/1981/1741 1591/1885/1655 1592/1989/1749
f 1588/2009/1768 1590/2010/1702 1597/2022/1759 1598/2021/1779
f 1601/1991/1751 1596/1990/1750 1595/1993/1753 1600/1996/1756
f 2356/2027/1784 2355/2028/1785 2366/2029/1786 2365/2005/1765
f 1724/2018/1776 1608/2017/1775 1607/1995/1755 1723/1998/1758
f 1592/1989/1749 1573/1984/1744 1594/1992/1752 1596/1990/1750
f 1736/2030/1787 1724/2018/1776 1723/1998/1758 1733/2031/1788
f 1610/2032/1789 1604/1982/1742 1603/1981/1741 1609/2016/1774
f 1609/2016/1774 1603/1981/1741 1602/1988/1748 1608/2017/1775
f 1608/2017/1775 1602/1988/1748 1601/1991/1751 1607/1995/1755
f 1605/2026/1783 1606/1994/1754 1600/1996/1756 1599/2006/1766
f 1612/1844/1622 1475/1670/1473 1674/1669/1472 1649/2033/1790
f 1740/2023/1780 1722/1997/1757 1606/1994/1754 1605/2026/1783
f 1623/2034/1791 1624/1859/1635 1615/1617/1421 1614/1843/1621
f 1621/2035/1792 1620/2036/1793 1611/1657/1460 1612/1844/1622
f 1754/2037/1794 1756/2038/1795 1749/2039/1796 1753/2040/1797
f 1745/2041/1798 1749/2042/1796 1756/2038/1795 1784/2043/1799
f 1620/2036/1793 1622/2044/1800 1613/1654/1457 1611/1657/1460
f 1727/2045/1801 1834/1703/1504 1604/1982/1742 1610/2032/1789
f 1371/1779/1565 1617/1778/1564 1619/2046/1802 1618/2047/1803
f 1625/1860/1636 1626/2048/1804 1617/1778/1564 1616/1615/1419
f 1371/1779/1565 1618/2047/1803 1793/2049/1805 1792/1790/1570
f 1486/1862/1638 1655/2050/1806 1485/1846/1624 1484/1845/1623
f 1691/2051/1807 1690/2052/1808 1700/2053/1809 1699/2054/1810
f 1649/2033/1790 1648/2055/1811 1621/2035/1792 1612/1844/1622
f 1961/1952/1716 1794/1951/1715 1618/2047/1803 1619/2046/1802
f 1767/2056/1812 1719/2057/1813 1711/2058/1814 1710/2059/1815
f 1275/1624/1428 1276/1643/1447 1267/1627/1431 1266/1626/1430
f 1702/2060/1816 1701/2061/1817 2458/2062/1818 2457/2063/1819
f 1480/1640/1444 1483/1847/1625 1652/1864/1640 1651/1861/1637
f 1644/2064/1820 1962/2065/1821 1627/2066/1822 1635/2067/1823
f 1627/2066/1822 1619/2046/1802 1617/1778/1564 1626/2048/1804
f 1873/2068/1824 1874/2069/1825 1805/2070/1826 1804/2071/1827
f 1629/2072/1828 1630/2073/1829 1622/2044/1800 1620/2036/1793
f 1639/2074/1830 1631/2075/1831 1630/2073/1829 1638/2076/1832
f 1631/2075/1831 1632/2077/1833 1624/1859/1635 1623/2034/1791
f 1633/2078/1834 1634/2079/1835 1626/2048/1804 1625/1860/1636
f 1703/2080/1836 1704/2081/1837 1701/2082/1817 1700/2053/1809
f 1619/2046/1802 1627/2066/1822 1962/2065/1821 1961/1952/1716
f 1636/2083/1838 1637/2084/1839 1629/2072/1828 1628/2085/1840
f 1962/2065/1821 1644/2064/1820 2398/2086/1841 2390/2087/1842
f 1648/2055/1811 1646/2088/1843 1628/2085/1840 1621/2035/1792
f 1640/2089/1844 1632/2077/1833 1631/2075/1831 1639/2074/1830
f 1634/2079/1835 1635/2067/1823 1627/2066/1822 1626/2048/1804
f 1691/2051/1807 1639/2074/1830 1638/2076/1832 1690/2052/1808
f 1641/2090/1845 1633/2078/1834 1632/2077/1833 1640/2089/1844
f 1680/2091/1846 1647/2092/1847 1650/2093/1848 1675/2094/1849
f 1630/2073/1829 1629/2072/1828 1637/2084/1839 1638/2076/1832
f 1670/2095/1850 1651/1861/1637 1652/1864/1640 1666/2096/1851
f 1689/2097/1852 1690/2052/1808 1638/2076/1832 1637/2084/1839
f 1840/1529/1336 1841/2098/1650 1836/1504/1311
f 1643/2099/1853 1635/2067/1823 1634/2079/1835 1642/2100/1854
f 1688/2101/1855 1689/2097/1852 1637/2084/1839 1636/2083/1838
f 1646/2088/1843 1647/2092/1847 1636/2083/1838 1628/2085/1840
f 2411/2102/1856 2409/2103/1857 2408/2104/1858 2407/2105/1859
f 1642/2100/1854 1634/2079/1835 1633/2078/1834 1641/2090/1845
f 2468/2106/1860 2469/2107/1861 2463/2108/1862 2464/2109/1863
f 1694/2110/1864 1642/2100/1854 1641/2090/1845 1693/2111/1865
f 1702/2112/1816 1699/2054/1810 1700/2053/1809 1701/2082/1817
f 1645/2113/1866 1644/2064/1820 1635/2067/1823 1643/2099/1853
f 1648/2055/1811 1650/2093/1848 1647/2092/1847 1646/2088/1843
f 2406/2114/1867 2398/2086/1841 1644/2064/1820 1645/2113/1866
f 1696/2115/1868 1645/2113/1866 1643/2099/1853 1695/2116/1869
f 1695/2116/1869 1643/2099/1853 1642/2100/1854 1694/2110/1864
f 1652/1864/1640 1653/1863/1639 1665/2117/1870 1666/2096/1851
f 1680/2091/1846 1688/2101/1855 1636/2083/1838 1647/2092/1847
f 1649/2033/1790 1650/2093/1848 1648/2055/1811
f 1678/2118/1871 1679/2119/1872 1682/2120/1873 1681/2121/1874
f 1692/2122/1875 1691/2051/1807 1699/2054/1810 1698/2123/1876
f 1713/2124/1877 1714/2125/1878 1679/2126/1872 1677/2127/1879
f 1632/2077/1833 1633/2078/1834 1625/1860/1636 1624/1859/1635
f 1674/1669/1472 1675/2094/1849 1650/2093/1848 1649/2033/1790
f 1672/1672/1475 1474/1671/1474 1651/1861/1637 1670/2095/1850
f 1655/2050/1806 1656/2128/1880 1653/1863/1639 1485/1846/1624
f 1853/2129/1509 1656/2128/1880 1655/2050/1806 1851/2130/1600
f 1673/2131/1881 1672/1672/1475 1670/2095/1850 1671/2132/1882
f 1486/1862/1638 1654/1865/1630 1851/2133/1600 1655/2050/1806
f 1710/2059/1815 1711/2058/1814 1662/2134/1883 1661/1704/1505
f 1848/1872/1645 1844/1668/1471 1491/1870/1643 1489/1850/1628
f 1653/1863/1639 1656/2128/1880 1667/2135/1884 1665/2117/1870
f 1668/2136/1885 1669/2137/1886 1673/2131/1881 1671/2132/1882
f 1493/1684/1485 1492/1683/1484 1490/1871/1644 1491/1870/1643
f 1852/1700/1501 1381/1701/1502 1657/1800/1580 1664/1707/1508
f 1666/2096/1851 1665/2117/1870 1671/2132/1882 1670/2095/1850
f 1669/2138/1886 1663/2139/1887 1659/1849/1627 1662/2134/1883
f 1668/2136/1885 1671/2132/1882 1665/2117/1870 1667/2135/1884
f 1661/1704/1505 1662/2134/1883 1659/1849/1627 1660/1705/1506
f 1677/2140/1879 1676/2141/1888 1673/2131/1881 1669/2137/1886
f 1846/2142/1468 1842/1881/1651 1833/1680/1482 1847/1666/1469
f 1711/2058/1814 1712/2143/1889 1669/2138/1886 1662/2134/1883
f 1676/2141/1888 1674/1669/1472 1672/1672/1475 1673/2131/1881
f 1667/2135/1884 1656/2128/1880 1853/2129/1509 1664/2144/1508
f 1686/2145/1890 1683/2146/1891 1684/2147/1892 1685/2148/1893
f 1663/2149/1887 1669/2138/1886 1668/2136/1885
f 1716/2150/1894 1729/2151/1895 1685/2152/1893 1684/2153/1892
f 1851/2154/1600 1654/1853/1630 1843/1856/1632 1849/2155/1661
f 1713/2124/1877 1712/2143/1889 1717/2156/1896 1718/2157/1897
f 1783/2158/1898 1779/2159/1899 1777/2160/1900 1778/2161/1901
f 1690/2052/1808 1689/2097/1852 1703/2080/1836 1700/2053/1809
f 1768/2162/1902 1771/2163/1903 1720/2164/1904 1718/2157/1897
f 1713/2124/1877 1677/2127/1879 1669/2137/1886 1712/2143/1889
f 1678/2118/1871 1675/2094/1849 1674/1669/1472 1676/2141/1888
f 1675/2094/1849 1678/2118/1871 1681/2121/1874 1680/2091/1846
f 1774/2165/1905 1721/2166/1906 1720/2164/1904 1771/2163/1903
f 1679/2119/1872 1678/2118/1871 1676/2141/1888 1677/2140/1879
f 1628/2085/1840 1629/2072/1828 1620/2036/1793 1621/2035/1792
f 1693/2111/1865 1641/2090/1845 1640/2089/1844 1692/2122/1875
f 1692/2122/1875 1640/2089/1844 1639/2074/1830 1691/2051/1807
f 1737/2167/1907 1736/2030/1787 1733/2031/1788 1734/2168/1908
f 1693/2111/1865 1692/2122/1875 1698/2123/1876 1697/2169/1909
f 1887/2170/1910 1888/2171/1911 1886/2172/1912 1885/2173/1913
f 1687/2174/1914 1680/2091/1846 1681/2121/1874 1683/2146/1891
f 1681/2121/1874 1682/2120/1873 1684/2147/1892 1683/2146/1891
f 1686/2175/1890 1685/2176/1893 2445/2177/1915 2444/2178/1916
f 1664/2144/1508 1663/2149/1887 1668/2136/1885 1667/2135/1884
f 1714/2125/1878 1715/2179/1917 1682/2180/1873 1679/2126/1872
f 1683/2146/1891 1686/2145/1890 1706/2181/1918 1687/2174/1914
f 1716/2150/1894 1684/2153/1892 1682/2180/1873 1715/2179/1917
f 1735/2182/1919 1725/2015/1773 1724/2018/1776 1736/2030/1787
f 1680/2091/1846 1687/2174/1914 1705/2183/1920 1688/2101/1855
f 1736/2030/1787 1737/2167/1907 1735/2182/1919
f 1689/2097/1852 1688/2101/1855 1705/2183/1920 1703/2080/1836
f 1740/2023/1780 1741/2025/1782 1734/2168/1908 1722/1997/1757
f 1705/2183/1920 1707/2184/1921 1704/2081/1837 1703/2080/1836
f 1708/2185/1922 1696/2115/1868 1695/2116/1869 1694/2110/1864
f 2455/2186/1923 1708/2185/1922 1709/2187/1924 2456/2188/1925
f 2456/2188/1925 1709/2187/1924 1702/2060/1816 2457/2063/1819
f 1707/2184/1921 1705/2183/1920 1687/2174/1914 1706/2181/1918
f 2454/2189/1926 2406/2114/1867 1645/2113/1866 1696/2115/1868
f 1702/2112/1816 1709/2190/1924 1698/2123/1876 1699/2054/1810
f 2454/2189/1926 1696/2115/1868 1708/2185/1922 2453/2191/1927
f 2435/2192/1928 2410/2193/1929 2411/2102/1856 2436/2194/1930
f 1709/2190/1924 1708/2185/1922 1697/2169/1909 1698/2123/1876
f 1712/2143/1889 1711/2058/1814 1719/2057/1813 1717/2156/1896
f 1704/2195/1837 1707/2196/1921 2460/2197/1931 2459/2198/1932
f 1701/2061/1817 1704/2195/1837 2459/2198/1932 2458/2062/1818
f 2446/2199/1933 1706/2200/1918 1686/2175/1890 2444/2178/1916
f 2460/2197/1931 1707/2196/1921 1706/2200/1918 2446/2199/1933
f 1718/2157/1897 1720/2164/1904 1714/2125/1878 1713/2124/1877
f 1720/2164/1904 1721/2166/1906 1715/2179/1917 1714/2125/1878
f 1765/2201/1934 1766/2202/1935 2506/2203/1936 2507/2204/1937
f 1719/2057/1813 1768/2162/1902 1718/2157/1897 1717/2156/1896
f 1721/2166/1906 1730/2205/1938 1716/2150/1894 1715/2179/1917
f 1769/2206/1939 1767/2056/1812 1770/2207/1940 1772/2208/1941
f 2488/2209/1942 2495/2210/1943 1747/2211/1944 1738/2212/1777
f 1773/2213/1945 1770/2207/1940 1727/2045/1801 1728/2214/1946
f 1734/2168/1908 1733/2031/1788 1723/1998/1758 1722/1997/1757
f 1783/2158/1898 1778/2161/1901 1776/2215/1947 1782/2216/1948
f 1735/2182/1919 1737/2167/1907 1732/2217/1949 1731/2218/1950
f 1726/2219/1951 1725/2015/1773 1735/2182/1919 1731/2218/1950
f 1728/2214/1946 1727/2045/1801 1610/2032/1789 1726/2219/1951
f 1781/2220/1952 1729/2151/1895 1716/2150/1894 1730/2205/1938
f 1742/2024/1781 1740/2023/1780 1605/2026/1783 1739/2020/1778
f 1747/2211/1944 1746/2221/1953 1739/2020/1778 1738/2019/1777
f 1777/2160/1900 1730/2205/1938 1721/2166/1906 1774/2165/1905
f 1738/2212/1777 1597/1999/1759 2361/2000/1760 2488/2209/1942
f 2467/2222/1954 2445/2223/1915 1685/2224/1893 1729/2225/1895
f 1741/2025/1782 1743/2226/1955 1737/2167/1907 1734/2168/1908
f 1776/2215/1947 1773/2213/1945 1728/2214/1946 1732/2217/1949
f 1743/2226/1955 1744/2227/1956 1732/2217/1949 1737/2167/1907
f 1694/2110/1864 1693/2111/1865 1697/2169/1909 1708/2185/1922
f 1728/2214/1946 1726/2219/1951 1731/2218/1950 1732/2217/1949
f 1779/2159/1899 1781/2220/1952 1730/2205/1938 1777/2160/1900
f 1745/2041/1798 1743/2226/1955 1741/2025/1782 1742/2024/1781
f 1732/2217/1949 1744/2227/1956 1782/2216/1948 1776/2215/1947
f 1751/2228/1957 1750/2229/1958 1746/2230/1953 1747/2231/1944
f 1743/2226/1955 1745/2041/1798 1744/2227/1956
f 2498/2232/1959 1751/2228/1957 1747/2233/1944 2495/2234/1943
f 1752/2235/1960 1750/2229/1958 1760/2236/1961 1761/2237/1962
f 1726/2219/1951 1610/2032/1789 1609/2016/1774 1725/2015/1773
f 1766/2202/1935 1765/2201/1934 1764/2238/1963 1763/2239/1964
f 1794/1951/1715 1795/2240/1965 1793/2049/1805 1618/2047/1803
f 1742/2024/1781 1739/2020/1778 1746/2221/1953 1748/2241/1966
f 1748/2241/1966 1749/2042/1796 1745/2041/1798 1742/2024/1781
f 1784/2043/1799 1782/2216/1948 1744/2227/1956 1745/2041/1798
f 1752/2235/1960 1753/2040/1797 1749/2039/1796 1748/2242/1966
f 1759/2243/1967 1760/2236/1961 1750/2229/1958 1751/2228/1957
f 2521/2244/1968 2522/2245/1969 2525/2246/1970 2523/2247/1971
f 1750/2229/1958 1752/2235/1960 1748/2242/1966 1746/2230/1953
f 1813/2248/1972 1789/1801/1581 1378/1745/1540 1811/1744/1539
f 1786/2249/1973 1787/2250/1974 1756/2251/1795 1755/2252/1975
f 2504/2253/1976 1759/2243/1967 1751/2228/1957 2498/2232/1959
f 1758/2254/1977 1757/2255/1978 1755/2256/1975 1754/2037/1794
f 1756/2251/1795 1754/2037/1794 1755/2256/1975
f 2506/2203/1936 2505/2257/1979 2499/2258/1980 2500/2259/1981
f 1755/2252/1975 1757/2260/1978 1785/2261/1982 1786/2249/1973
f 1763/2239/1964 1753/2040/1797 1752/2235/1960 1761/2237/1962
f 1377/1463/1271 1963/2262/1270 2526/2263/1983 2152/1737/1532
f 1760/2236/1961 1759/2243/1967 1762/2264/1984 1761/2237/1962
f 2381/1954/1718 2531/2265/1985 1795/2266/1965 1794/1951/1715
f 2501/2267/1986 2503/2268/1987 1757/2269/1978 1758/2254/1977
f 2505/2257/1979 1762/2264/1984 1759/2243/1967 2504/2253/1976
f 1761/2237/1962 1762/2264/1984 1766/2202/1935 1763/2239/1964
f 1803/2270/1988 1802/2271/1989 1788/2272/1273 1789/2273/1581
f 1780/2274/1990 1781/2275/1952 1779/2159/1899
f 2507/2204/1937 2501/2267/1986 1758/2254/1977 1765/2201/1934
f 1778/2161/1901 1777/2160/1900 1774/2165/1905 1775/2276/1991
f 1814/2277/1992 1812/2278/1993 1820/2279/1994 1824/2280/1995
f 2609/2281/1996 2607/2282/1997 2541/2283/1998 2540/2284/1999
f 1769/2206/1939 1768/2162/1902 1719/2057/1813 1767/2056/1812
f 1775/2276/1991 1774/2165/1905 1771/2163/1903 1772/2208/1941
f 1778/2161/1901 1775/2276/1991 1773/2213/1945 1776/2215/1947
f 1772/2208/1941 1771/2163/1903 1768/2162/1902 1769/2206/1939
f 1773/2213/1945 1775/2276/1991 1772/2208/1941 1770/2207/1940
f 1780/2274/1990 1779/2159/1899 1786/2249/1973 1785/2261/1982
f 1787/2250/1974 1786/2249/1973 1779/2159/1899 1783/2158/1898
f 2531/2285/1985 2533/2286/2000 1808/2287/2001 1795/2288/1965
f 1780/2289/1990 1785/2290/1982 2524/2291/2002 2520/2292/2003
f 1787/2250/1974 1783/2158/1898 1782/2216/1948 1784/2043/1799
f 2524/2291/2002 1785/2290/1982 1757/2260/1978 2503/2293/1987
f 1798/1593/1397 1799/1592/1396 1790/2294/1573 1791/2295/1571
f 1764/2238/1963 1765/2201/1934 1758/2254/1977 1754/2037/1794
f 1863/1826/1604 1861/1825/1603 1807/2296/2004 1809/2297/2005
f 1756/2251/1795 1787/2250/1974 1784/2043/1799
f 1372/1602/1406 1790/1793/1573 1823/2298/1584 1821/1600/1404
f 2538/2299/2006 2526/2300/1983 1963/2301/1270 1964/2302/2007
f 1392/1604/1408 1379/1603/1407 1384/1706/1507 1390/1807/1587
f 1792/2303/1570 1793/2304/1805 1797/2305/2008 1796/1858/1634
f 1796/1858/1634 1798/1593/1397 1791/2295/1571 1792/2303/1570
f 1875/2306/2009 1927/2307/2010 2612/2308/2011 2609/2281/1996
f 1807/2296/2004 1806/1857/1633 1796/1858/1634 1797/2305/2008
f 1808/2309/2001 1797/2305/2008 1793/2304/1805 1795/2288/1965
f 1861/1825/1603 1862/2310/2012 1806/1857/1633 1807/2296/2004
f 1788/2272/1273 1802/2271/1989 1964/2311/2007 1963/2301/1270
f 1790/2294/1573 1799/1592/1396 1827/1805/1585 1823/1804/1584
f 1964/2302/2007 1876/2312/2013 2540/2284/1999 2538/2299/2006
f 1829/2313/2014 1827/1805/1585 1799/1592/1396 1801/1591/1395
f 1817/2314/2015 1804/2071/1827 1803/2270/1988 1815/2315/2016
f 1862/2310/2012 1855/1794/1574 1800/1590/1394 1806/1857/1633
f 2153/1831/1609 2546/2316/2017 2545/1832/1610
f 1876/2317/2013 1964/2311/2007 1802/2271/1989 1805/2070/1826
f 1877/2318/2018 1878/2319/2019 1872/2320/2020 1860/2321/2021
f 1881/2322/2022 1882/2323/2023 1869/2324/2024 1868/1883/1653
f 1812/2278/1993 1810/1585/1389 1819/1588/1392 1820/2279/1994
f 1813/2325/1972 1815/2315/2016 1803/2270/1988 1789/2273/1581
f 1885/2173/1913 1886/2172/1912 1884/2326/2025 1883/2327/2026
f 1810/1585/1389 1812/2278/1993 1811/1744/1539
f 1830/1763/1554 1818/2328/2027 1816/2329/2028 1826/2330/2029
f 1657/1800/1580 1659/1849/1627 1663/2139/1887 1664/2144/1508
f 1371/1779/1565 1370/1650/1454 1258/1622/1426 1257/1616/1420
f 1814/2277/1992 1813/2248/1972 1811/1744/1539 1812/2278/1993
f 1849/2155/1661 1843/1856/1632 1842/1881/1651 1846/2142/1468
f 1815/2315/2016 1816/2329/2028 1818/2328/2027 1817/2314/2015
f 1872/2320/2020 1873/2068/1824 1804/2071/1827 1817/2314/2015
f 1860/2321/2021 1872/2320/2020 1817/2314/2015 1818/2328/2027
f 1927/2307/2010 1875/2331/2009 1874/2069/1825 1880/2332/2030
f 1824/2280/1995 1820/2279/1994 1822/2333/2031 1825/2334/1583
f 1839/2335/2032 1838/2336/2033 1834/1703/1504 1835/1702/1503
f 1281/1481/1289 1458/1765/1556 1283/1480/1288
f 1823/2298/1584 1825/2334/1583 1822/2333/2031 1821/1600/1404
f 1847/1666/1469 1833/1680/1482 1832/1679/1481 1837/2337/2034
f 1819/1588/1392 1822/2333/2031 1820/2279/1994
f 1831/1764/1555 1829/2313/2014 1857/2338/2035 1858/1761/1552
f 1826/2330/2029 1828/1802/1582 1831/1764/1555 1830/1763/1554
f 1857/2338/2035 1829/2313/2014 1801/1591/1395 1856/1795/1575
f 1859/1762/1553 1860/2321/2021 1818/2328/2027 1830/1763/1554
f 1871/2339/2036 1877/2318/2018 1860/2321/2021 1859/1762/1553
f 1868/1883/1653 1869/2324/2024 1857/2338/2035 1856/1795/1575
f 1901/2340/2037 1902/2341/2038 1878/2319/2019 1877/2318/2018
f 1808/2309/2001 1809/2297/2005 1807/2296/2004 1797/2305/2008
f 1866/2342/2039 1867/1882/1652 1855/1794/1574 1862/2310/2012
f 1883/2327/2026 1881/2322/2022 1893/2343/2040 1894/2344/2041
f 1841/2098/1650 1839/2345/2032 1835/1702/1503 1836/1504/1311
f 1870/2346/2042 1871/2339/2036 1859/1762/1553 1858/1761/1552
f 1838/2336/2033 1837/2347/2034 1832/1679/1481 1834/1703/1504
f 1622/2044/1800 1623/2034/1791 1614/1843/1621 1613/1654/1457
f 1838/2336/2033 1839/2345/2032 1837/2348/2034
f 1841/1878/1650 1847/1880/1469 1837/2337/2034 1839/2345/2032
f 1869/2324/2024 1870/2346/2042 1858/1761/1552 1857/2338/2035
f 1865/1824/1602 1866/2342/2039 1862/2310/2012 1861/1825/1603
f 1931/2349/2043 1917/1876/1648 1863/1875/1604 1809/2350/2005
f 1850/1692/1493 1295/1538/1345 1296/1537/1344 1852/1700/1501
f 1841/1878/1650 1840/1529/1336 1854/1528/1335
f 2609/2281/1996 2540/2284/1999 1876/2312/2013 1875/2306/2009
f 1931/2349/2043 1809/2350/2005 1808/2351/2001 1932/2352/2044
f 1878/2319/2019 1879/2353/2045 1873/2068/1824 1872/2320/2020
f 1850/1821/1493 1851/2154/1600 1849/1893/1661 1848/1872/1645
f 1890/2354/2046 1870/2346/2042 1869/2324/2024 1882/2323/2023
f 1866/2342/2039 1865/1824/1602 1897/2355/2047 1895/2356/2048
f 1890/2354/2046 1892/2357/2049 1871/2339/2036 1870/2346/2042
f 1821/1600/1404 1822/2333/2031 1819/1588/1392 1251/1589/1393
f 1943/2358/2050 1904/2359/2051 1903/2360/2052 1926/2361/2053
f 1889/2362/2054 1890/2354/2046 1882/2323/2023 1884/2326/2025
f 1891/2363/2055 1892/2357/2049 1890/2354/2046 1889/2362/2054
f 157/257/221 153/9/9 1/3/3 4/2/2
f 1924/2364/2056 1925/2365/2057 1902/2341/2038 1901/2340/2037
f 1868/1883/1653 1867/1882/1652 1893/2343/2040 1881/2322/2022
f 1922/2366/2058 1889/2362/2054 1884/2326/2025 1886/2172/1912
f 1897/2355/2047 1865/1824/1602 1864/2367/1601 1899/2368/2059
f 1875/2331/2009 1876/2317/2013 1805/2070/1826 1874/2069/1825
f 2641/2369/2060 2642/2370/2061 2640/2371/2062 2639/2372/2063
f 1883/2327/2026 1884/2326/2025 1882/2323/2023 1881/2322/2022
f 1828/1802/1582 1826/2330/2029 1824/2373/1995 1825/1803/1583
f 1910/2374/2064 1908/2375/2065 1941/2376/2066 1942/2377/2067
f 1936/2378/2068 1920/2379/2069 2621/2380/2070 2620/2381/2071
f 1925/2365/2057 1926/2382/2053 1903/2383/2052 1902/2341/2038
f 1908/2375/2065 1909/2384/2072 1907/2385/2073 1906/2386/2074
f 1902/2341/2038 1903/2383/2052 1880/2387/2030 1879/2353/2045
f 1910/2374/2064 1911/2388/2075 1909/2384/2072 1908/2375/2065
f 1917/1876/1648 1931/2349/2043 1915/2389/2076
f 1894/2344/2041 1921/2390/2077 1885/2173/1913 1883/2327/2026
f 1899/2368/2059 1900/2391/2078 1898/2392/2079 1897/2355/2047
f 1925/2365/2057 1924/2364/2056 1957/2393/2080 1956/2394/2081
f 1928/2395/2082 1927/2396/2010 1880/2387/2030 1905/2397/2083
f 1940/2398/2084 1938/2399/2085 1864/2367/1601 1914/2400/2086
f 1898/2392/2079 1921/2390/2077 1894/2344/2041 1896/2401/2087
f 1923/2402/2088 1891/2363/2055 1889/2362/2054 1922/2366/2058
f 1920/2379/2069 1936/2378/2068 1888/2171/1911 1887/2170/1910
f 1938/2403/2085 1918/2404/2089 1899/2368/2059 1864/2367/1601
f 1906/2386/2074 1904/2359/2051 1943/2358/2050 1944/2405/2090
f 2645/2406/2091 2643/2407/2092 1966/2408/2093 1965/2409/2094
f 1895/2356/2048 1896/2401/2087 1894/2344/2041 1893/2343/2040
f 1924/2364/2056 1901/2340/2037 1892/2357/2049 1891/2363/2055
f 1874/2069/1825 1873/2068/1824 1879/2353/2045 1880/2332/2030
f 1901/2340/2037 1877/2318/2018 1871/2339/2036 1892/2357/2049
f 1897/2355/2047 1898/2392/2079 1896/2401/2087 1895/2356/2048
f 1934/2410/2095 1922/2366/2058 1886/2172/1912 1888/2171/1911
f 1956/2394/2081 1954/2411/2096 1926/2382/2053 1925/2365/2057
f 1887/2170/1910 1921/2390/2077 1898/2392/2079 1900/2391/2078
f 1906/2386/2074 1907/2385/2073 1905/2397/2083 1904/2359/2051
f 1918/2404/2089 1919/2412/2097 1900/2391/2078 1899/2368/2059
f 2641/2369/2060 2639/2372/2063 1929/2413/2098 1930/2414/2099
f 1929/2413/2098 1928/2395/2082 1905/2397/2083 1907/2385/2073
f 1928/2395/2082 1929/2413/2098 2639/2372/2063 2637/2415/2100
f 2657/2416/2101 2647/2417/2102 1933/2418/2103 1932/2352/2044
f 1938/2403/2085 1950/2419/2104 1918/2404/2089
f 1944/2405/2090 1941/2376/2066 1908/2375/2065 1906/2386/2074
f 1951/2420/2105 1937/2421/2106 2659/2422/2107 2658/2423/2108
f 1916/1877/1649 1917/1876/1648 1915/2389/2076 1914/2400/2086
f 1965/2409/2094 1966/2408/2093 1911/2388/2075 1913/2424/2109
f 2641/2369/2060 1930/2414/2099 1966/2408/2093 2643/2407/2092
f 2665/2425/2110 2664/2426/2111 1948/2427/2112 1947/2428/2113
f 1939/2429/2114 1940/2398/2084 1914/2400/2086 1912/2430/2115
f 2632/2431/2116 2621/2380/2070 1920/2379/2069 1919/2412/2097
f 1935/2432/2117 1953/2433/2118 1891/2363/2055 1923/2402/2088
f 1950/2419/2104 1949/2434/2119 2661/2435/2120 2660/2436/2121
f 1885/2173/1913 1921/2390/2077 1887/2170/1910
f 1923/2402/2088 1922/2366/2058 1934/2410/2095 1935/2432/2117
f 1902/2341/2038 1879/2353/2045 1878/2319/2019
f 1952/2437/2122 1951/2420/2105 2658/2423/2108 2667/2438/2123
f 1947/2439/2113 1948/2440/2112 1941/2376/2066 1944/2405/2090
f 1912/2430/2115 1910/2374/2064 1942/2377/2067 1939/2429/2114
f 1914/2400/2086 1915/2389/2076 1913/2424/2109 1912/2430/2115
f 1943/2358/2050 1926/2361/2053 1954/2411/2096 1955/2441/2124
f 1979/2442/2125 1980/2443/2126 1974/1471/1279 1978/1470/1278
f 1932/2352/2044 1933/2418/2103 1915/2389/2076 1931/2349/2043
f 2662/2444/2127 1946/2445/2128 1945/2446/2129 2663/2447/2130
f 2620/2381/2071 2659/2422/2107 1937/2421/2106 1936/2378/2068
f 2612/2308/2011 1927/2448/2010 1928/2395/2082 2637/2415/2100
f 1957/2393/2080 1924/2364/2056 1891/2363/2055 1953/2433/2118
f 1934/2410/2095 1888/2171/1911 1936/2378/2068 1937/2421/2106
f 1974/1471/1279 1971/1274/1091 1972/1410/1220 1973/1409/1219
f 1949/2449/2119 1950/2419/2104 1938/2399/2085 1940/2398/2084
f 1945/2446/2129 1948/2427/2112 2664/2426/2111 2663/2447/2130
f 2665/2425/2110 1947/2428/2113 1955/2450/2124 2666/2451/2131
f 1956/2394/2081 1968/2452/2132 1955/2453/2124 1954/2454/2096
f 178/103/96 161/223/194 4/2/2 3/1/1
f 1937/2421/2106 1951/2420/2105 1935/2432/2117 1934/2410/2095
f 1946/2455/2128 1949/2449/2119 1940/2398/2084 1939/2429/2114
f 1933/2418/2103 1965/2409/2094 1913/2424/2109 1915/2389/2076
f 1188/1387/1200 1240/1413/1221 2020/1416/1224 2013/2456/2133
f 1912/2430/2115 1913/2424/2109 1911/2388/2075 1910/2374/2064
f 1967/2457/2134 1957/2393/2080 1953/2433/2118 1952/2437/2122
f 2661/2435/2120 1949/2434/2119 1946/2445/2128 2662/2444/2127
f 1968/2452/2132 1967/2457/2134 2670/2458/2135 2669/2459/2136
f 1920/2379/2069 1887/2170/1910 1900/2391/2078 1919/2412/2097
f 1955/2441/2124 1947/2439/2113 1944/2405/2090 1943/2358/2050
f 1945/2460/2129 1946/2455/2128 1939/2429/2114 1942/2377/2067
f 1948/2440/2112 1945/2460/2129 1942/2377/2067 1941/2376/2066
f 1967/2457/2134 1968/2452/2132 1956/2394/2081 1957/2393/2080
f 1955/2453/2124 1968/2452/2132 2669/2459/2136 2668/2461/2137
f 1966/2408/2093 1930/2414/2099 1909/2384/2072 1911/2388/2075
f 1930/2414/2099 1929/2413/2098 1907/2385/2073 1909/2384/2072
f 1953/2433/2118 1935/2432/2117 1951/2420/2105 1952/2437/2122
f 2/4/4 1/3/3 135/197/173 134/221/192
f 1969/1399/1209 1188/1387/1200 2013/2456/2133 2014/2462/2138
f 2544/2463/2139 2657/2416/2101 1932/2352/2044 1808/2351/2001
f 1362/1755/1547 1363/1756/1438 1331/1614/1418 1330/1613/1417
f 1325/1607/1411 1246/1587/1391 1245/1584/1388 1324/1583/1387
f 1447/1740/1535 1446/1487/1295 1435/1560/1365 1442/1741/1536
f 2302/1835/1613 1958/1834/1612 1523/1828/1606 2294/1827/1605
f 2390/2087/1842 2382/1953/1717 1961/1952/1716 1962/2065/1821
f 1563/1915/1683 1562/1812/1592 1538/1841/1619 1544/1955/1719
f 2480/2464/2140 2467/2222/1954 1729/2225/1895 1781/2220/1952
f 1630/2073/1829 1631/2075/1831 1623/2034/1791 1622/2044/1800
f 2519/2465/2141 2518/2466/2142 2520/2292/2003 2522/2245/1969
f 1965/2409/2094 1933/2418/2103 2647/2417/2102 2645/2406/2091
f 2631/2467/2143 2633/2468/2144 2600/2469/2145 2599/2470/2146
f 1816/2329/2028 1815/2315/2016 1813/2325/1972 1814/2471/1992
f 2536/2472/2147 2537/2473/2148 2534/2474/2149 2535/2475/2150
f 1893/2343/2040 1867/1882/1652 1866/2342/2039 1895/2356/2048
f 2670/2458/2135 1967/2457/2134 1952/2437/2122 2667/2438/2123
f 2647/2417/2102 2657/2416/2101 2649/2476/2151
f 2632/2431/2116 1919/2412/2097 1918/2404/2089 2633/2468/2144
f 1972/1410/1220 1971/1274/1091 1970/1273/1090 1969/1399/1209
f 172/16/16 18/30/30 13/38/38 14/17/17
f 2181/2477/2152 2182/2478/2153 2208/2479/2154 2200/2480/2155
f 1955/2450/2124 2668/2461/2137 2656/2481/2156 2666/2451/2131
f 1972/1410/1220 1969/1399/1209 2014/2462/2138 2011/1407/1217
f 6/15/15 5/14/14 151/28/28 152/253/218
f 1358/1605/1409 1324/1583/1387 1323/1571/1375 1357/1739/1534
f 2026/1773/1562 2100/2482/2157 2099/1423/1231
f 1982/1272/1089 1981/1275/1092 1984/2483/2158 1983/1338/1154
f 1981/1275/1092 1971/1274/1091 1974/1471/1279 1980/2443/2126
f 1988/2484/2159 1987/2485/2160 2094/2486/2161 2093/2487/2162
f 2016/2488/2163 2012/1456/1264 2011/1407/1217 2015/2489/2164
f 1989/2490/2165 2000/2491/2166 1975/1472/1280 1977/2492/2167
f 2175/1568/1372 1983/1338/1154 1984/2483/2158 2174/2493/2168
f 1978/1470/1278 1975/1472/1280 2000/2491/2166 1999/2494/2169
f 1976/1408/1218 1977/2492/2167 1975/1472/1280 1973/1409/1219
f 1997/2495/2170 2000/2491/2166 1989/2490/2165
f 2121/2496/2171 2122/2497/2172 2118/2498/2173 2120/2499/2174
f 1981/1275/1092 1980/2443/2126 1985/2500/2175 1984/2483/2158
f 2173/2501/2176 1985/2500/2175 1986/2502/2177 2172/2503/2178
f 2102/2504/2179 2101/2505/2180 2022/2506/2181 2025/2507/2182
f 2008/2508/2183 2009/2509/2184 2001/2510/2185 1999/2494/2169
f 1998/2511/2186 1997/2495/2170 1989/2490/2165 1988/2484/2159
f 2001/2510/2185 2002/2512/2187 1986/2502/2177 1979/2442/2125
f 2095/2513/2188 2094/2486/2161 1987/2485/2160 1990/1457/1265
f 2129/2514/2189 2128/2515/2190 2094/2486/2161 2095/2513/2188
f 2005/2516/2191 1995/2517/2192 1992/2518/2193 2003/2519/2194
f 2060/2520/2195 2058/2521/2196 1991/2522/2197 1994/2523/2198
f 2090/2524/2199 2088/2525/2200 1994/2523/2198 1993/2526/2201
f 1989/2490/2165 1977/2492/2167 1987/2485/2160 1988/2484/2159
f 1997/2495/2170 1998/2511/2186 1996/2527/2202 1995/2517/2192
f 2091/2528/2203 2090/2524/2199 1993/2526/2201 1996/2527/2202
f 2069/2529/2204 2068/2530/2205 2006/2531/2206 2005/2516/2191
f 2168/2532/2207 2162/2533/2208 2161/2534/2209 2164/1796/1576
f 2009/2509/2184 2010/2535/2210 2002/2512/2187 2001/2510/2185
f 2589/2536/2211 2063/2537/2212 2062/2538/2213 2575/2539/2214
f 1993/2526/2201 1994/2523/2198 1991/2522/2197 1992/2518/2193
f 2132/1425/1233 2131/2540/2215 2098/2541/2216 2097/1422/1230
f 2087/2542/2217 2077/2543/2218 2076/2544/2219 2086/2545/2220
f 2007/2546/2221 2000/2491/2166 1997/2495/2170 2006/2531/2206
f 2279/2547/2222 2278/2548/2223 2223/2549/2224 2222/2550/2225
f 2172/2503/2178 1986/2502/2177 2002/2512/2187 2170/2551/2226
f 2130/2552/2227 2129/2514/2189 2095/2513/2188 2096/2553/2228
f 2092/2554/2229 2091/2528/2203 1996/2527/2202 1998/2511/2186
f 1992/2518/2193 1991/2522/2197 2004/2555/2230 2003/2519/2194
f 2071/2556/2231 2070/2557/2232 2003/2519/2194 2004/2555/2230
f 2070/2557/2232 2069/2529/2204 2005/2516/2191 2003/2519/2194
f 2435/2192/1928 2433/2558/2233 2248/2559/2234 2251/2560/2235
f 2067/2561/2236 2066/2562/2237 2008/2508/2183 2007/2546/2221
f 2066/2562/2237 2065/2563/2238 2009/2509/2184 2008/2508/2183
f 2007/2546/2221 2008/2508/2183 1999/2494/2169 2000/2491/2166
f 2065/2563/2238 2079/2564/2239 2010/2535/2210 2009/2509/2184
f 2015/2489/2164 2018/2565/2240 2016/2488/2163
f 1990/1457/1265 2012/1456/1264 2096/2553/2228 2095/2513/2188
f 2276/1892/1660 2275/1830/1608 2226/1565/1370 2225/2566/2241
f 2170/2551/2226 2002/2512/2187 2010/2535/2210 2082/2567/2242
f 2026/1773/1562 2099/1423/1231 2020/1416/1224 2019/1415/1223
f 2014/2462/2138 2013/2456/2133 2097/1422/1230 2098/2541/2216
f 2118/2498/2173 2096/2553/2228 2012/1456/1264 2016/2488/2163
f 1995/2517/2192 1996/2527/2202 1993/2526/2201 1992/2518/2193
f 1980/2443/2126 1979/2442/2125 1986/2502/2177 1985/2500/2175
f 2181/2477/2152 2179/2568/2243 2126/2569/2244 2127/2570/2245
f 2011/1407/1217 2014/2462/2138 2017/2571/2246 2015/2489/2164
f 1999/2494/2169 2001/2510/2185 1979/2442/2125 1978/1470/1278
f 2028/2572/2247 2027/2573/2248 2043/2574/2249 2042/2575/2250
f 2120/2499/2174 2118/2498/2173 2016/2488/2163 2018/2565/2240
f 2131/2576/2215 2130/2577/2227 2122/2497/2172 2121/2496/2171
f 2017/2571/2246 2018/2565/2240 2015/2489/2164
f 2167/2578/2251 2166/1595/1399 2154/1598/1402 2156/2579/2252
f 2133/2580/1232 2134/2581/2253 2188/2582/2254 2187/2583/2255
f 2026/1773/1562 2023/1582/1386 2022/2506/2181
f 2556/2584/2256 2149/2585/2257 2027/2573/2248 2030/1578/1382
f 1829/2313/2014 1831/1764/1555 1828/1802/1582 1827/1805/1585
f 2149/2585/2257 2147/2586/2258 2035/2587/2259 2027/2573/2248
f 2024/1581/1385 2025/2507/2182 2022/2506/2181 2023/1582/1386
f 2379/2588/2260 2378/2589/2261 2033/2590/2262 2036/2591/2263
f 2141/2592/2264 2140/2593/2265 2108/2594/2266 2109/2595/2267
f 2246/2596/2268 2247/2597/2269 2236/2598/2270 2235/2599/2271
f 2031/2600/2272 2028/2572/2247 2042/2575/2250 2041/2601/2273
f 2108/2594/2266 2107/2602/2274 2029/1579/1383 2032/2603/2275
f 2029/1579/1383 2030/1578/1382 2027/2573/2248 2028/2572/2247
f 2233/2604/2276 2055/2605/2277 2045/2606/2278 2046/2607/2279
f 2228/2608/2280 2229/2609/2281 2112/2610/2282 2111/2611/2283
f 2048/2612/2284 2227/2613/2285 2039/2614/2286 2038/2615/2287
f 2043/2574/2249 2027/2573/2248 2035/2587/2259 2034/2616/2288
f 2263/2617/2289 2262/2618/2290 2264/2619/2291 2265/2620/2292
f 2052/2621/2293 2057/2622/2294 2051/2623/2295
f 2038/2615/2287 2039/2614/2286 2037/2624/2296
f 2035/2587/2259 2036/2591/2263 2033/2590/2262 2034/2616/2288
f 2040/2625/2297 2039/2614/2286 2228/2608/2280 2111/2611/2283
f 2041/2601/2273 2042/2575/2250 2051/2623/2295 2050/2626/2298
f 2109/2595/2267 2108/2594/2266 2032/2603/2275 2040/2625/2297
f 2052/2621/2293 2051/2623/2295 2042/2575/2250 2043/2574/2249
f 2053/2627/2299 2057/2622/2294 2052/2621/2293
f 2034/2616/2288 2044/2628/2300 2043/2574/2249
f 2054/2629/2301 2045/2606/2278 2055/2605/2277 2056/2630/2302
f 2046/2607/2279 2045/2606/2278 2044/2628/2300 2034/2616/2288
f 2043/2574/2249 2044/2628/2300 2053/2627/2299 2052/2621/2293
f 2040/2625/2297 2032/2603/2275 2037/2624/2296 2039/2614/2286
f 2242/2631/2303 2233/2604/2276 2046/2607/2279 2034/2616/2288
f 2067/2561/2236 2078/2632/2304 2065/2563/2238 2066/2562/2237
f 2044/2628/2300 2045/2606/2278 2054/2629/2301 2053/2627/2299
f 2245/2633/2305 2246/2596/2268 2235/2599/2271 2234/2634/2306
f 2056/2630/2302 2055/2605/2277 2048/2612/2284 2047/2635/2307
f 2285/2636/2308 2284/2637/2309 2061/2638/2310 2064/2639/2311
f 2049/2640/2312 2057/2622/2294 2047/2635/2307
f 2047/2635/2307 2057/2622/2294 2056/2630/2302
f 2050/2626/2298 2057/2622/2294 2049/2640/2312
f 2051/2623/2295 2057/2622/2294 2050/2626/2298
f 2072/2641/2313 2071/2556/2231 2004/2555/2230 2059/2642/2314
f 2054/2629/2301 2057/2622/2294 2053/2627/2299
f 2048/2612/2284 2055/2605/2277 2233/2604/2276 2227/2613/2285
f 2056/2630/2302 2057/2622/2294 2054/2629/2301
f 2378/2589/2261 2377/2643/2315 2241/2644/2316 2033/2590/2262
f 2261/2645/2317 2239/2646/2318 2238/2647/2319 2253/2648/2320
f 2268/2649/2321 2269/2650/2322 2064/2639/2311 2063/2651/2212
f 2077/2543/2218 2068/2530/2205 2069/2529/2204 2076/2544/2219
f 2154/1598/1402 2159/1597/1401 2083/2652/2323 2084/2653/2324
f 2119/2654/2325 2098/2541/2216 2131/2576/2215 2121/2496/2171
f 2050/2626/2298 2049/2640/2312 2037/2624/2296 2041/2601/2273
f 2589/2655/2211 2579/2656/2326 2267/2657/2327 2063/2537/2212
f 2062/2538/2213 2061/2638/2310 2166/1595/1399 2167/2578/2251
f 2078/2632/2304 2067/2561/2236 2068/2530/2205 2077/2543/2218
f 2006/2531/2206 1997/2495/2170 1995/2517/2192 2005/2516/2191
f 2063/2651/2212 2064/2639/2311 2061/2638/2310 2062/2538/2213
f 2171/2658/2328 2082/2567/2242 2081/2659/2329 2163/2660/2330
f 2157/1797/1577 2160/2661/2331 2087/2542/2217 2086/2545/2220
f 2097/1422/1230 2013/2456/2133 2020/1416/1224 2099/1423/1231
f 2075/2662/2332 2070/2557/2232 2071/2556/2231 2074/2663/2333
f 2119/2654/2325 2017/2571/2246 2014/2462/2138 2098/2541/2216
f 2071/2556/2231 2072/2641/2313 2073/2664/2334 2074/2663/2333
f 2032/2603/2275 2031/2600/2272 2041/2601/2273 2037/2624/2296
f 2585/2665/2335 2587/2666/2336 2073/2664/2334 2072/2641/2313
f 2080/2667/2337 2078/2632/2304 2077/2543/2218 2087/2542/2217
f 2240/2668/2338 2585/2669/2335 2072/2641/2313 2059/2642/2314
f 2161/2534/2209 2080/2667/2337 2087/2542/2217 2160/2661/2331
f 2074/2663/2333 2073/2664/2334 2084/2653/2324 2083/2652/2323
f 2080/2667/2337 2079/2564/2239 2065/2563/2238 2078/2632/2304
f 2076/2544/2219 2069/2529/2204 2070/2557/2232 2075/2662/2332
f 2086/2545/2220 2076/2544/2219 2075/2662/2332 2085/2670/2339
f 2085/2670/2339 2075/2662/2332 2074/2663/2333 2083/2652/2323
f 2157/1797/1577 2164/1796/1576 2160/2661/2331
f 2081/2659/2329 2079/2564/2239 2080/2667/2337 2161/2534/2209
f 2159/1597/1401 2158/1798/1578 2085/2670/2339 2083/2652/2323
f 2545/1832/1610 2104/2671/2340 2025/2507/2182 2024/1581/1385
f 2225/2566/2241 2174/2493/2168 2173/2501/2176 2224/2672/2341
f 2281/2673/2342 2280/2674/2343 2171/2658/2328 2163/2660/2330
f 2222/2550/2225 2170/2551/2226 2082/2567/2242 2171/2658/2328
f 2283/2675/2344 2282/2676/2345 2162/2533/2208 2168/2532/2207
f 2587/2666/2336 2588/2677/2346 2425/2678/2347
f 2084/2653/2324 2073/2664/2334 2587/2666/2336 2155/2679/2348
f 2116/2680/2349 2060/2520/2195 2089/2681/2350 2117/2682/2351
f 2125/2683/2352 2123/2684/2353 2090/2524/2199 2091/2528/2203
f 2224/2672/2341 2173/2501/2176 2172/2503/2178 2223/2549/2224
f 2292/2685/2354 2287/2686/2355 2295/2687/2356 2296/1929/1697
f 2126/2688/2244 2125/2683/2352 2091/2528/2203 2092/2554/2229
f 2158/1798/1578 2157/1797/1577 2086/2545/2220 2085/2670/2339
f 2183/2689/2357 2182/2478/2153 2128/2690/2190 2129/2691/2189
f 2127/2692/2245 2126/2688/2244 2092/2554/2229 2093/2487/2162
f 2298/2693/2358 2297/1930/1698 2291/2694/2359 2290/2695/2360
f 2656/2696/2156 2654/2697/2361 2634/2698/2362 2636/2699/2363
f 2068/2530/2205 2067/2561/2236 2007/2546/2221 2006/2531/2206
f 2128/2515/2190 2127/2692/2245 2093/2487/2162 2094/2486/2161
f 2134/2700/2253 2133/1424/1232 2099/1423/1231 2100/2482/2157
f 2093/2487/2162 2092/2554/2229 1998/2511/2186 1988/2484/2159
f 2004/2555/2230 1991/2522/2197 2058/2521/2196 2059/2642/2314
f 2038/2615/2287 2037/2624/2296 2049/2640/2312 2047/2635/2307
f 2179/2568/2243 2178/1446/1254 2125/2701/2352 2126/2569/2244
f 2178/1446/1254 2176/1445/1253 2123/2702/2353 2125/2701/2352
f 2120/2499/2174 2018/2565/2240 2017/2571/2246 2119/2654/2325
f 2135/2703/2364 2134/2700/2253 2100/2482/2157 2101/2505/2180
f 2106/1576/1380 2105/2704/2365 2103/2705/2366 2104/2671/2340
f 2104/2671/2340 2103/2705/2366 2102/2504/2179 2025/2507/2182
f 2194/2706/2367 2193/2707/2368 2139/2708/2369 2140/2709/2265
f 2552/2710/2370 2553/2711/2371 2551/2712/2372 2550/2713/2373
f 2565/2714/2374 2561/2715/2375 2551/2712/2372 2553/2711/2371
f 2103/2705/2366 2105/2704/2365 2138/2716/2376 2137/2717/2377
f 2545/1832/1610 2554/1577/1381 2106/1576/1380 2104/2671/2340
f 2105/2704/2365 2107/2602/2274 2139/2718/2369 2138/2716/2376
f 2196/2719/2378 2195/2720/2379 2141/2721/2264 2142/2722/2380
f 2113/2723/2381 2112/2610/2282 2114/2724/2382 2115/2725/2383
f 2217/2726/2384 2215/2727/2385 2206/2728/2386
f 2109/2595/2267 2040/2625/2297 2111/2611/2283 2110/2729/2387
f 2195/2720/2379 2194/2706/2367 2140/2709/2265 2141/2721/2264
f 2107/2602/2274 2108/2594/2266 2140/2593/2265 2139/2718/2369
f 2239/2730/2318 2058/2521/2196 2232/2731/2388 2238/2647/2319
f 2112/2610/2282 2113/2723/2381 2110/2729/2387 2111/2611/2283
f 2109/2595/2267 2110/2729/2387 2142/2732/2380 2141/2592/2264
f 2199/2733/2389 2198/2734/2390 2144/2735/2391 2145/2736/2392
f 2110/2729/2387 2113/2723/2381 2143/2737/2393 2142/2732/2380
f 2122/2497/2172 2130/2552/2227 2096/2553/2228 2118/2498/2173
f 2189/2738/2394 2202/2739/2395 2188/2582/2254
f 2059/2642/2314 2058/2521/2196 2239/2730/2318 2240/2668/2338
f 2115/2725/2383 2114/2724/2382 2116/2680/2349 2117/2682/2351
f 2198/2734/2390 2197/2740/2396 2143/2741/2393 2144/2735/2391
f 2229/2609/2281 2230/2742/2397 2114/2724/2382 2112/2610/2282
f 2115/2725/2383 2117/2682/2351 2145/2743/2392 2144/2744/2391
f 2230/2742/2397 2231/2745/2398 2116/2680/2349 2114/2724/2382
f 2232/2731/2388 2060/2520/2195 2116/2680/2349 2231/2745/2398
f 2153/1831/1609 2152/1737/1532 2526/2263/1983 2527/2746/2399
f 2119/2654/2325 2121/2496/2171 2120/2499/2174
f 2530/2747/2400 2148/2748/2401 2147/2586/2258 2529/2749/2402
f 2184/2750/2403 2183/2689/2357 2129/2691/2189 2130/2577/2227
f 2186/2751/2404 2185/2752/2405 2131/2540/2215 2132/2753/1233
f 2182/2478/2153 2181/2477/2152 2127/2570/2245 2128/2690/2190
f 2191/2754/2406 2190/2755/2407 2136/2756/2408 2137/2757/2377
f 2201/2758/2409 2185/2752/2405 2186/2751/2404 2210/2759/2410
f 2221/2760/2411 2212/2761/2412 2211/2762/2413 2203/2763/2414
f 2187/2583/2255 2186/2751/2404 2132/2753/1233 2133/2580/1232
f 2204/2764/2415 2219/2765/2416 2216/2766/2417
f 2208/2479/2154 2201/2758/2409 2220/2767/2418 2209/2768/2419
f 2130/2577/2227 2131/2540/2215 2185/2752/2405 2184/2750/2403
f 2192/2769/2420 2203/2763/2414 2191/2754/2406
f 2193/2707/2368 2192/2769/2420 2138/2770/2376 2139/2708/2369
f 2102/2504/2179 2103/2705/2366 2137/2717/2377 2136/2771/2408
f 2196/2719/2378 2204/2764/2415 2195/2720/2379
f 2204/2764/2415 2213/2772/2421 2194/2706/2367 2195/2720/2379
f 2190/2755/2407 2189/2738/2394 2135/2773/2364 2136/2756/2408
f 2192/2769/2420 2191/2754/2406 2137/2757/2377 2138/2770/2376
f 2197/2740/2396 2196/2719/2378 2142/2722/2380 2143/2741/2393
f 2217/2726/2384 2216/2766/2417 2214/2774/2422 2215/2727/2385
f 2199/2733/2389 2145/2736/2392 2146/2775/2423 2180/2776/2424
f 2380/2777/2425 2379/2588/2260 2036/2591/2263 2148/2748/2401
f 2449/2778/2426 2448/2779/2427 2399/2780/2428 2401/2781/2429
f 2197/2740/2396 2204/2764/2415 2196/2719/2378
f 2180/2776/2424 2146/2775/2423 2124/2782/2430 2177/2783/2431
f 2543/2784/2432 2533/2286/2000 2532/2785/2433 2542/2786/2434
f 2147/2586/2258 2149/2585/2257 2528/2787/2435 2529/2749/2402
f 2144/2744/2391 2143/2737/2393 2113/2723/2381 2115/2725/2383
f 2021/1562/1367 2151/1738/1533 2150/1580/1384
f 2029/1579/1383 2107/2602/2274 2105/2704/2365 2106/1576/1380
f 2034/2616/2288 2033/2590/2262 2241/2644/2316 2242/2631/2303
f 2147/2586/2258 2148/2748/2401 2036/2591/2263 2035/2587/2259
f 2153/1831/1609 2150/1580/1384 2151/1738/1533 2152/1737/1532
f 2032/2603/2275 2029/1579/1383 2028/2572/2247 2031/2600/2272
f 1824/2373/1995 1826/2330/2029 1816/2329/2028 1814/2471/1992
f 2418/2788/2436 2419/2789/2437 2156/2579/2252 2155/2679/2348
f 2284/2637/2309 2283/2675/2344 2168/2532/2207 2061/2638/2310
f 2551/2712/2372 2549/2790/2438 2548/2791/2439 2550/2713/2373
f 2081/2659/2329 2161/2534/2209 2162/2533/2208 2163/2660/2330
f 2155/2679/2348 2156/2579/2252 2154/1598/1402 2084/2653/2324
f 2575/2539/2214 2576/2792/2440 2589/2536/2211
f 2571/2793/2441 2575/2539/2214 2062/2538/2213 2167/2578/2251
f 2169/2794/2442 2164/1796/1576 2165/1596/1400
f 2223/2549/2224 2172/2503/2178 2170/2551/2226 2222/2550/2225
f 2160/2661/2331 2164/1796/1576 2161/2534/2209
f 2282/2676/2345 2281/2673/2342 2163/2660/2330 2162/2533/2208
f 2168/2532/2207 2169/2794/2442 2165/1596/1400
f 2419/2789/2437 2571/2793/2441 2167/2578/2251 2156/2579/2252
f 2305/2795/2443 2298/2693/2358 2290/2695/2360 2289/2796/2444
f 2234/2634/2306 2228/2608/2280 2039/2614/2286 2227/2613/2285
f 2159/1597/1401 2165/1596/1400 2158/1798/1578
f 2326/1976/1737 2327/2797/2445 2332/2798/2446 2331/1977/1738
f 2164/1796/1576 2169/2794/2442 2168/2532/2207
f 2226/1565/1370 2175/1568/1372 2174/2493/2168 2225/2566/2241
f 2166/1595/1399 2061/2638/2310 2168/2532/2207 2165/1596/1400
f 2328/1978/1739 2321/2799/2447 2324/2800/2448 2323/2801/2449
f 2177/2783/2431 2176/1445/1253 2205/1444/1252 2206/2728/2386
f 2309/2802/2450 2289/2796/2444 2288/2803/2451 2329/2804/2452
f 2201/2758/2409 2208/2479/2154 2182/2478/2153 2183/2689/2357
f 2209/2768/2419 2218/2805/2453 2205/1444/1252 2207/1443/1251
f 2184/2750/2403 2201/2758/2409 2183/2689/2357
f 2181/2477/2152 2200/2480/2155 2179/2568/2243
f 2193/2707/2368 2203/2763/2414 2192/2769/2420
f 2212/2761/2412 2221/2760/2411 2220/2767/2418
f 2203/2763/2414 2211/2762/2413 2190/2755/2407 2191/2754/2406
f 2221/2760/2411 2203/2763/2414 2213/2772/2421 2216/2766/2417
f 2202/2739/2395 2212/2761/2412 2210/2759/2410
f 2189/2738/2394 2190/2755/2407 2211/2762/2413 2202/2739/2395
f 2200/2480/2155 2209/2768/2419 2207/1443/1251
f 2219/2765/2416 2204/2764/2415 2214/2774/2422
f 2222/2550/2225 2171/2658/2328 2280/2674/2343 2279/2547/2222
f 2188/2582/2254 2202/2739/2395 2187/2583/2255
f 2203/2763/2414 2193/2707/2368 2194/2706/2367 2213/2772/2421
f 2216/2766/2417 2217/2726/2384 2218/2805/2453 2209/2768/2419
f 2218/2805/2453 2217/2726/2384 2206/2728/2386 2205/1444/1252
f 2197/2740/2396 2198/2734/2390 2214/2774/2422 2204/2764/2415
f 2221/2760/2411 2216/2766/2417 2209/2768/2419 2220/2767/2418
f 2219/2765/2416 2214/2774/2422 2216/2766/2417
f 2199/2733/2389 2180/2776/2424 2215/2727/2385 2214/2774/2422
f 2199/2733/2389 2214/2774/2422 2198/2734/2390
f 2204/2764/2415 2216/2766/2417 2213/2772/2421
f 2185/2752/2405 2201/2758/2409 2184/2750/2403
f 2211/2762/2413 2212/2761/2412 2202/2739/2395
f 2278/2548/2223 2277/2806/2454 2224/2672/2341 2223/2549/2224
f 2220/2767/2418 2201/2758/2409 2210/2759/2410 2212/2761/2412
f 2246/2596/2268 2249/2807/2455 2254/2808/2456 2255/2809/2457
f 2277/2806/2454 2276/1892/1660 2225/2566/2241 2224/2672/2341
f 2208/2479/2154 2209/2768/2419 2200/2480/2155
f 2200/2480/2155 2207/1443/1251 2178/1446/1254 2179/2568/2243
f 2235/2599/2271 2229/2609/2281 2228/2608/2280 2234/2634/2306
f 2327/2797/2445 2326/1976/1737 2283/2675/2344 2284/2637/2309
f 2215/2727/2385 2180/2776/2424 2177/2783/2431 2206/2728/2386
f 2299/1928/1696 2293/1891/1659 2292/2685/2354 2296/1929/1697
f 2237/2810/2458 2231/2745/2398 2230/2742/2397 2236/2598/2270
f 2238/2647/2319 2232/2731/2388 2231/2745/2398 2237/2810/2458
f 2377/2643/2315 2376/2811/2459 2243/2812/2460 2241/2644/2316
f 2117/2682/2351 2089/2681/2350 2146/2813/2423 2145/2743/2392
f 2202/2739/2395 2210/2759/2410 2186/2751/2404 2187/2583/2255
f 2374/2814/2461 2375/2815/2462 2251/2560/2235 2250/2816/2463
f 2247/2597/2269 2252/2817/2464 2237/2810/2458 2236/2598/2270
f 2189/2738/2394 2188/2582/2254 2134/2581/2253 2135/2773/2364
f 2252/2817/2464 2253/2648/2320 2238/2647/2319 2237/2810/2458
f 2060/2520/2195 2232/2731/2388 2058/2521/2196
f 2245/2633/2305 2234/2634/2306 2227/2613/2285 2233/2604/2276
f 2263/2617/2289 2240/2818/2338 2239/2646/2318 2262/2618/2290
f 2650/2819/2465 2649/2476/2151 2598/2820/2466 2600/2469/2145
f 2242/2631/2303 2241/2644/2316 2243/2812/2460 2244/2821/2467
f 2124/2822/2430 2146/2813/2423 2089/2681/2350 2088/2525/2200
f 2450/2823/2468 2449/2778/2426 2401/2781/2429 2402/2824/2469
f 2384/2825/2470 2383/2826/2471 2391/2827/2472 2392/2828/2473
f 2245/2633/2305 2233/2604/2276 2242/2631/2303 2244/2821/2467
f 2448/2779/2427 2447/2829/2474 2400/2830/2475 2399/2780/2428
f 2048/2612/2284 2038/2615/2287 2047/2635/2307
f 2255/2809/2457 2254/2808/2456 2257/2831/2476 2256/2832/2477
f 2244/2821/2467 2243/2812/2460 2250/2816/2463 2249/2807/2455
f 2246/2596/2268 2245/2633/2305 2244/2821/2467 2249/2807/2455
f 2256/2832/2477 2247/2597/2269 2246/2596/2268 2255/2809/2457
f 2258/2833/2478 2259/2834/2479 2416/2835/2480 2260/2836/2481
f 2388/2837/2482 2389/2838/2483 2397/2839/2484 2396/2840/2485
f 2256/2832/2477 2258/2833/2478 2252/2817/2464 2247/2597/2269
f 2250/2816/2463 2251/2560/2235 2248/2559/2234 2249/2807/2455
f 2580/2841/2486 2265/2620/2292 2267/2657/2327 2579/2656/2326
f 2256/2832/2477 2257/2831/2476 2259/2834/2479 2258/2833/2478
f 2249/2807/2455 2248/2559/2234 2412/2842/2487 2254/2808/2456
f 2585/2669/2335 2240/2818/2338 2263/2617/2289 2583/2843/2488
f 2571/2793/2441 2419/2789/2437 2423/2844/2489 2570/2845/2490
f 2413/2846/2491 2414/2847/2492 2259/2834/2479 2257/2831/2476
f 2253/2648/2320 2260/2836/2481 2415/2848/2493 2261/2645/2317
f 2267/2657/2327 2266/2849/2494 2268/2850/2321 2063/2537/2212
f 2265/2620/2292 2264/2619/2291 2266/2849/2494 2267/2657/2327
f 2270/2851/2495 2271/2852/2496 2264/2619/2291 2262/2618/2290
f 2376/2811/2459 2374/2814/2461 2250/2816/2463 2243/2812/2460
f 2271/2852/2496 2272/2853/2497 2266/2849/2494 2264/2619/2291
f 2606/2854/2498 2603/2855/2499 2593/2856/2500 2592/2857/2501
f 2272/2853/2497 2273/2858/2502 2268/2850/2321 2266/2849/2494
f 2064/2639/2311 2269/2650/2322 2334/2859/2503 2285/2636/2308
f 2577/2860/2504 2568/2861/2505 2272/2853/2497 2271/2852/2496
f 2415/2862/2493 2578/2863/2506 2270/2851/2495 2261/2864/2317
f 2568/2861/2505 2567/2865/1772 2273/2858/2502 2272/2853/2497
f 2567/2865/1772 2357/2013/1771 2274/2866/2507 2273/2867/2502
f 2273/2867/2502 2274/2866/2507 2269/2650/2322 2268/2649/2321
f 2334/2859/2503 2338/2868/2508 2340/2869/2509 2339/2870/2510
f 2292/2685/2354 2293/1891/1659 2276/1892/1660 2277/2806/2454
f 2287/2686/2355 2292/2685/2354 2277/2806/2454 2278/2548/2223
f 2286/2871/2511 2287/2686/2355 2278/2548/2223 2279/2547/2222
f 2269/2650/2322 2274/2866/2507 2338/2868/2508 2334/2859/2503
f 2342/2872/2512 2358/2873/2513 2360/2874/2514 2359/2875/2515
f 2325/1975/1736 2322/2876/2516 2281/2673/2342 2282/2676/2345
f 2328/1978/1739 2323/2801/2449 2322/2876/2516 2325/1975/1736
f 2320/2877/2517 2286/2871/2511 2279/2547/2222 2280/2674/2343
f 2326/1976/1737 2325/1975/1736 2282/2676/2345 2283/2675/2344
f 2322/2876/2516 2320/2877/2517 2280/2674/2343 2281/2673/2342
f 2330/1970/1731 2331/1977/1738 2337/2878/2518 2333/1971/1732
f 2335/2879/2519 2327/2797/2445 2284/2637/2309 2285/2636/2308
f 2295/2687/2356 2321/2799/2447 2288/2803/2451 2291/2694/2359
f 2288/2803/2451 2321/2799/2447 2328/1978/1739 2329/2804/2452
f 2321/2799/2447 2295/2687/2356 2287/2686/2355 2286/2871/2511
f 2305/2795/2443 2306/2880/2520 2301/1933/1700 2298/2693/2358
f 2301/1933/1700 2300/1931/1699 2297/1930/1698 2298/2693/2358
f 2290/2695/2360 2291/2694/2359 2288/2803/2451 2289/2796/2444
f 2296/1929/1697 2295/2687/2356 2291/2694/2359 2297/1930/1698
f 2344/2881/2521 2345/2882/2522 2316/2883/2523 2317/1972/1733
f 1960/1895/1663 1959/1833/1611 2303/1836/1614 2304/1896/1664
f 2307/1897/1665 2304/1896/1664 2301/1933/1700 2306/2880/2520
f 2309/2802/2450 2308/2884/2524 2305/2795/2443 2289/2796/2444
f 2302/1835/1613 2299/1928/1696 2300/1931/1699 2303/1836/1614
f 2308/2884/2524 2310/2885/2525 2306/2880/2520 2305/2795/2443
f 2314/2886/2526 2315/1911/1679 2311/1914/1682 2310/2885/2525
f 2318/2887/2527 2319/1979/1740 2315/1911/1679 2314/2886/2526
f 2310/2885/2525 2311/1914/1682 2307/1897/1665 2306/2880/2520
f 2312/2888/2528 2314/2886/2526 2310/2885/2525 2308/2884/2524
f 2313/1973/1734 2312/2888/2528 2308/2884/2524 2309/2802/2450
f 2316/2883/2523 2318/2887/2527 2314/2886/2526 2312/2888/2528
f 2345/2882/2522 2346/2889/2529 2318/2887/2527 2316/2883/2523
f 2330/1970/1731 2313/1973/1734 2309/2802/2450 2329/2804/2452
f 2346/2889/2529 2347/2007/1767 2319/1979/1740 2318/2887/2527
f 2324/2800/2448 2321/2799/2447 2286/2871/2511 2320/2877/2517
f 2329/2804/2452 2328/1978/1739 2331/1977/1738 2330/1970/1731
f 2348/2890/2530 2350/2891/2531 2362/2892/2532 2351/2893/2533
f 2473/2894/2534 2474/2895/2535 2368/2896/2536 2370/2003/1763
f 2357/2013/1771 2355/2028/1785 2338/2868/2508 2274/2866/2507
f 2323/2801/2449 2324/2800/2448 2320/2877/2517 2322/2876/2516
f 2302/1835/1613 2294/1827/1605 2293/1891/1659 2299/1928/1696
f 2339/2870/2510 2340/2869/2509 2358/2873/2513 2341/2897/2537
f 2341/2897/2537 2336/2898/2538 2335/2879/2519 2339/2870/2510
f 2285/2636/2308 2334/2859/2503 2339/2870/2510 2335/2879/2519
f 2335/2879/2519 2336/2898/2538 2332/2798/2446 2327/2797/2445
f 2317/1972/1733 2316/2883/2523 2312/2888/2528 2313/1973/1734
f 2337/2878/2518 2331/1977/1738 2332/2798/2446 2336/2898/2538
f 2344/2881/2521 2317/1972/1733 2333/1971/1732 2343/2899/2539
f 2475/2900/2540 2473/2894/2534 2370/2003/1763 2371/2002/1762
f 2333/1971/1732 2337/2878/2518 2342/2872/2512 2343/2899/2539
f 2343/2899/2539 2342/2872/2512 2359/2875/2515 2350/2891/2531
f 2342/2872/2512 2337/2878/2518 2336/2898/2538 2341/2897/2537
f 2355/2028/1785 2356/2027/1784 2340/2869/2509 2338/2868/2508
f 2352/2901/2541 2346/2889/2529 2345/2882/2522 2349/2902/2542
f 2345/2882/2522 2344/2881/2521 2348/2890/2530 2349/2902/2542
f 2517/2903/2543 2521/2244/1968 2493/2904/2544 2481/2905/2545
f 2352/2901/2541 2353/1937/1704 2347/2007/1767 2346/2889/2529
f 2341/2897/2537 2358/2873/2513 2342/2872/2512
f 2344/2881/2521 2343/2899/2539 2350/2891/2531 2348/2890/2530
f 2349/2902/2542 2348/2890/2530 2351/2893/2533 2352/2901/2541
f 2488/2209/1942 2361/2000/1760 2362/2892/2532 2369/2906/2546
f 2363/2907/2547 2362/2892/2532 2350/2891/2531 2359/2875/2515
f 2477/2908/2548 2476/2909/2549 2372/2910/2550 2373/2911/2551
f 2476/2909/2549 2475/2900/2540 2371/2002/1762 2372/2910/2550
f 2360/2874/2514 2358/2873/2513 2340/2869/2509 2356/2027/1784
f 2365/2005/1765 2364/2004/1764 2360/2874/2514 2356/2027/1784
f 2362/2892/2532 2361/2000/1760 2354/1934/1701 2351/2893/2533
f 2477/2908/2548 2373/2911/2551 2478/2912/2552 2479/2913/2553
f 2355/2028/1785 2357/2013/1771 2367/2012/1770 2366/2029/1786
f 2490/2914/2554 2491/2915/2555 2489/2916/2556
f 2491/2915/2555 2488/2209/1942 2369/2906/2546 2489/2916/2556
f 2364/2004/1764 2363/2907/2547 2359/2875/2515 2360/2874/2514
f 2352/2901/2541 2351/2893/2533 2354/1934/1701 2353/1937/1704
f 2368/2896/2536 2369/2906/2546 2362/2892/2532 2363/2907/2547
f 2410/2193/1929 2435/2192/1928 2251/2560/2235 2375/2815/2462
f 2474/2895/2535 2489/2916/2556 2369/2906/2546 2368/2896/2536
f 2506/2203/1936 2500/2259/1981 2501/2267/1986 2507/2204/1937
f 2373/2911/2551 2372/2910/2550 2366/2029/1786 2367/2012/1770
f 2586/2917/2557 2584/2918/2558 2578/2863/2506 2415/2862/2493
f 2372/2910/2550 2371/2002/1762 2365/2005/1765 2366/2029/1786
f 2373/2911/2551 2367/2012/1770 2569/2011/1769 2478/2912/2552
f 2375/2815/2462 2374/2814/2461 2383/2826/2471 2384/2825/2470
f 2377/2643/2315 2378/2589/2261 2387/2919/2559 2386/2920/2560
f 2376/2811/2459 2377/2643/2315 2386/2920/2560 2385/2921/2561
f 2487/2922/2562 2481/2905/2545 2493/2904/2544 2492/2923/2563
f 2518/2466/2142 2515/2924/2564 2472/2925/2565 2480/2464/2140
f 2604/2926/2566 2601/2927/2567 2591/2928/2568 2590/2929/2569
f 2481/2905/2545 2482/2930/2570 2477/2908/2548 2479/2913/2553
f 2378/2589/2261 2379/2588/2260 2388/2837/2482 2387/2919/2559
f 2374/2814/2461 2376/2811/2459 2385/2921/2561 2383/2826/2471
f 2258/2833/2478 2260/2836/2481 2253/2648/2320 2252/2817/2464
f 2379/2588/2260 2380/2777/2425 2389/2838/2483 2388/2837/2482
f 2399/2780/2428 2400/2830/2475 2392/2828/2473 2391/2827/2472
f 2412/2842/2487 2413/2846/2491 2257/2831/2476 2254/2808/2456
f 2408/2104/1858 2409/2103/1857 2384/2825/2470 2392/2828/2473
f 2380/2777/2425 2382/1953/1717 2390/2087/1842 2389/2838/2483
f 2406/2114/1867 2405/2931/2571 2397/2839/2484 2398/2086/1841
f 2382/1953/1717 2380/2777/2425 2148/2748/2401 2381/1954/1718
f 2537/2473/2148 2542/2786/2434 2532/2785/2433 2534/2474/2149
f 2596/2932/2572 2542/2786/2434 2537/2473/2148 2591/2928/2568
f 2530/2747/2400 2531/2265/1985 2381/1954/1718 2148/2748/2401
f 2403/2933/2573 2402/2824/2469 2394/2934/2574 2395/2935/2575
f 2236/2598/2270 2230/2742/2397 2229/2609/2281 2235/2599/2271
f 2383/2826/2471 2385/2921/2561 2393/2936/2576 2391/2827/2472
f 2088/2525/2200 2089/2681/2350 2060/2520/2195 1994/2523/2198
f 2453/2191/1927 2452/2937/2577 2404/2938/2578 2405/2931/2571
f 2385/2921/2561 2386/2920/2560 2394/2934/2574 2393/2936/2576
f 2405/2931/2571 2404/2938/2578 2396/2840/2485 2397/2839/2484
f 2387/2919/2559 2388/2837/2482 2396/2840/2485 2395/2935/2575
f 2409/2103/1857 2410/2193/1929 2375/2815/2462 2384/2825/2470
f 2451/2939/2579 2450/2823/2468 2402/2824/2469 2403/2933/2573
f 2407/2105/1859 2408/2104/1858 2392/2828/2473 2400/2830/2475
f 2401/2781/2429 2399/2780/2428 2391/2827/2472 2393/2936/2576
f 2402/2824/2469 2401/2781/2429 2393/2936/2576 2394/2934/2574
f 2404/2938/2578 2403/2933/2573 2395/2935/2575 2396/2840/2485
f 2409/2103/1857 2411/2102/1856 2410/2193/1929
f 2407/2105/1859 2400/2830/2475 2447/2829/2474 2441/2940/2580
f 2452/2937/2577 2451/2939/2579 2403/2933/2573 2404/2938/2578
f 2454/2189/1926 2453/2191/1927 2405/2931/2571 2406/2114/1867
f 2431/2941/2581 2427/2942/2582 2413/2846/2491 2412/2842/2487
f 2441/2940/2580 2436/2194/1930 2411/2102/1856 2407/2105/1859
f 2459/2198/1932 2460/2197/1931 2447/2829/2474 2448/2779/2427
f 2438/2943/2583 2440/2944/2584 2465/2945/2585 2464/2109/1863
f 2433/2558/2233 2431/2941/2581 2412/2842/2487 2248/2559/2234
f 2571/2793/2441 2576/2946/2440 2575/2539/2214
f 2239/2646/2318 2261/2864/2317 2270/2851/2495 2262/2618/2290
f 2259/2834/2479 2414/2847/2492 2417/2947/2586 2416/2835/2480
f 2416/2835/2480 2417/2947/2586 2588/2948/2346 2586/2949/2557
f 2416/2835/2480 2586/2950/2557 2415/2848/2493 2260/2836/2481
f 2587/2666/2336 2425/2951/2347 2418/2788/2436 2155/2679/2348
f 2419/2789/2437 2418/2788/2436 2420/2952/2587 2423/2844/2489
f 2580/2841/2486 2583/2843/2488 2263/2617/2289 2265/2620/2292
f 2430/2953/2588 2421/2954/2589 2420/2952/2587 2424/2955/2590
f 2569/2011/1769 2570/2845/2490 2423/2844/2489 2422/2956/2591
f 2426/2957/2592 2428/2958/2593 2417/2947/2586 2414/2847/2492
f 2462/2959/2594 2422/2956/2591 2421/2954/2589 2461/2960/2595
f 2568/2861/2505 2577/2860/2504 2582/2961/2596 2581/2962/2597
f 2592/2857/2501 2595/2963/2598 2605/2964/2599 2606/2854/2498
f 2425/2951/2347 2424/2955/2590 2420/2952/2587 2418/2788/2436
f 2469/2107/1861 2470/2965/2600 2461/2960/2595 2463/2108/1862
f 2434/2966/2601 2430/2953/2588 2429/2967/2602 2432/2968/2603
f 2428/2958/2593 2429/2967/2602 2424/2969/2590 2425/2678/2347
f 2585/2665/2335 2586/2970/2557 2588/2677/2346 2587/2666/2336
f 2422/2956/2591 2423/2844/2489 2420/2952/2587 2421/2954/2589
f 2468/2106/1860 2464/2109/1863 2465/2945/2585 2471/2971/2604
f 2438/2972/2583 2430/2973/2588 2434/2966/2601 2437/2974/2605
f 2463/2108/1862 2461/2960/2595 2421/2954/2589 2430/2973/2588
f 2435/2192/1928 2436/2194/1930 2439/2975/2606 2437/2974/2605
f 2437/2974/2605 2434/2966/2601 2433/2558/2233 2435/2192/1928
f 2425/2678/2347 2588/2948/2346 2417/2947/2586 2428/2958/2593
f 2429/2967/2602 2430/2953/2588 2424/2969/2590
f 2434/2966/2601 2432/2968/2603 2431/2941/2581 2433/2558/2233
f 2431/2941/2581 2432/2968/2603 2426/2957/2592 2427/2942/2582
f 2522/2245/1969 2521/2244/1968 2517/2903/2543 2519/2465/2141
f 2430/2973/2588 2438/2943/2583 2464/2109/1863 2463/2108/1862
f 1708/2185/1922 2455/2186/1923 2452/2937/2577 2453/2191/1927
f 2441/2940/2580 2442/2976/2607 2439/2975/2606 2436/2194/1930
f 2440/2977/2584 2438/2972/2583 2437/2974/2605 2439/2975/2606
f 2446/2199/1933 2444/2178/1916 2442/2976/2607 2441/2940/2580
f 2513/2978/2608 2510/2979/2609 2509/2980/2610 2512/2981/2611
f 2458/2062/1818 2459/2198/1932 2448/2779/2427 2449/2778/2426
f 2442/2976/2607 2443/2982/2612 2440/2977/2584 2439/2975/2606
f 2517/2903/2543 2481/2905/2545 2479/2913/2553 2514/2983/2613
f 2455/2186/1923 2456/2188/1925 2451/2939/2579 2452/2937/2577
f 2444/2178/1916 2445/2177/1915 2443/2982/2612 2442/2976/2607
f 2519/2465/2141 2517/2903/2543 2514/2983/2613 2516/2984/2614
f 2514/2983/2613 2479/2913/2553 2478/2912/2552 2511/2985/2615
f 2440/2944/2584 2443/2986/2612 2466/2987/2616 2465/2945/2585
f 2467/2222/1954 2466/2987/2616 2443/2986/2612 2445/2223/1915
f 2447/2829/2474 2460/2197/1931 2446/2199/1933 2441/2940/2580
f 2456/2188/1925 2457/2063/1819 2450/2823/2468 2451/2939/2579
f 2508/2988/2617 2462/2959/2594 2461/2960/2595 2470/2965/2600
f 2468/2106/1860 2471/2971/2604 2512/2981/2611 2509/2980/2610
f 2457/2063/1819 2458/2062/1818 2449/2778/2426 2450/2823/2468
f 2471/2971/2604 2465/2945/2585 2466/2987/2616 2472/2925/2565
f 2487/2922/2562 2484/2989/2618 2483/2990/2619 2486/2991/2620
f 2478/2912/2552 2569/2011/1769 2422/2956/2591 2462/2959/2594
f 1710/2059/1815 1661/1704/1505 1834/1703/1504 1727/2045/1801
f 2466/2987/2616 2467/2222/1954 2480/2464/2140 2472/2925/2565
f 2485/2992/2621 2487/2922/2562 2486/2991/2620
f 2485/2992/2621 2486/2991/2620 2475/2900/2540 2476/2909/2549
f 2509/2980/2610 2470/2965/2600 2469/2107/1861 2468/2106/1860
f 2482/2930/2570 2485/2992/2621 2476/2909/2549 2477/2908/2548
f 2499/2258/1980 2498/2232/1959 2495/2234/1943 2496/2993/2622
f 2513/2978/2608 2511/2985/2615 2508/2988/2617 2510/2979/2609
f 2474/2895/2535 2473/2894/2534 2483/2990/2619 2484/2989/2618
f 2523/2247/1971 2502/2994/2623 2497/2995/2624 2494/2996/2625
f 2505/2257/1979 2504/2253/1976 2498/2232/1959 2499/2258/1980
f 2389/2838/2483 2390/2087/1842 2398/2086/1841 2397/2839/2484
f 2386/2920/2560 2387/2919/2559 2395/2935/2575 2394/2934/2574
f 2490/2914/2554 2489/2916/2556 2474/2895/2535 2484/2989/2618
f 2497/2995/2624 2496/2997/2622 2491/2915/2555 2494/2996/2625
f 2484/2989/2618 2487/2922/2562 2492/2923/2563 2490/2914/2554
f 2493/2904/2544 2494/2996/2625 2492/2923/2563
f 2494/2996/2625 2491/2915/2555 2490/2914/2554 2492/2923/2563
f 2510/2979/2609 2508/2988/2617 2470/2965/2600 2509/2980/2610
f 2488/2209/1942 2491/2915/2555 2496/2997/2622 2495/2210/1943
f 2496/2993/2622 2497/2998/2624 2500/2259/1981 2499/2258/1980
f 2523/2247/1971 2494/2996/2625 2493/2904/2544 2521/2244/1968
f 2500/2259/1981 2497/2998/2624 2502/2999/2623 2501/2267/1986
f 2511/2985/2615 2478/2912/2552 2462/2959/2594 2508/2988/2617
f 2502/2999/2623 2503/2268/1987 2501/2267/1986
f 2524/2291/2002 2503/2293/1987 2502/2999/2623 2525/2246/1970
f 1727/2045/1801 1770/2207/1940 1767/2056/1812 1710/2059/1815
f 1764/2238/1963 1754/2037/1794 1753/2040/1797 1763/2239/1964
f 2506/2203/1936 1766/2202/1935 1762/2264/1984 2505/2257/1979
f 2519/2465/2141 2516/2984/2614 2515/2924/2564 2518/2466/2142
f 2516/2984/2614 2513/2978/2608 2512/2981/2611 2515/2924/2564
f 2486/2991/2620 2483/2990/2619 2473/2894/2534 2475/2900/2540
f 2516/2984/2614 2514/2983/2613 2511/2985/2615 2513/2978/2608
f 2518/2466/2142 2480/2464/2140 1781/2275/1952 2520/2292/2003
f 2524/2291/2002 2525/2246/1970 2522/2245/1969 2520/2292/2003
f 1780/2289/1990 2520/2292/2003 1781/2275/1952
f 2523/2247/1971 2525/2246/1970 2502/2994/2623
f 2532/2785/2433 2533/2286/2000 2531/2285/1985 2530/3000/2400
f 2153/1831/1609 2527/2746/2399 2548/3001/2439 2546/2316/2017
f 2527/3002/2399 2526/2300/1983 2538/2299/2006 2539/3003/2626
f 2556/2584/2256 2558/3004/2627 2528/2787/2435 2149/2585/2257
f 2562/3005/2628 2563/3006/2629 2566/3007/2630 2564/3008/2631
f 2530/3000/2400 2529/3009/2402 2534/2474/2149 2532/2785/2433
f 2596/2932/2572 2591/2928/2568 2601/2927/2567 2602/3010/2632
f 2627/3011/2633 2601/2927/2567 2604/2926/2566 2615/3012/2634
f 1804/2071/1827 1805/2070/1826 1802/2271/1989 1803/2270/1988
f 2539/3003/2626 2538/2299/2006 2540/2284/1999 2541/2283/1998
f 2550/2713/2373 2548/2791/2439 2527/3002/2399 2539/3003/2626
f 2590/2929/2569 2591/2928/2568 2537/2473/2148 2536/2472/2147
f 2590/2929/2569 2593/2856/2500 2603/2855/2499 2604/2926/2566
f 2558/3013/2627 2562/3005/2628 2535/2475/2150 2528/3014/2435
f 2552/2710/2370 2550/2713/2373 2539/3003/2626 2541/2283/1998
f 2624/3015/2635 2622/3016/2636 2606/2854/2498 2605/2964/2599
f 2597/3017/2637 2598/3018/2466 2544/3019/2139 2543/2784/2432
f 2559/3020/2638 2560/3021/2639 2557/3022/2640 2555/3023/2641
f 2634/2698/2362 2635/3024/2642 2611/3025/2643 2610/3026/2644
f 2616/3027/2645 2617/3028/2646 2615/3012/2634 2614/3029/2647
f 2555/3023/2641 2554/1577/1381 2545/1832/1610 2547/3030/2648
f 2616/3027/2645 2614/3029/2647 2622/3016/2636 2623/3031/2649
f 2547/3030/2648 2549/3032/2438 2559/3020/2638 2555/3023/2641
f 2101/2505/2180 2102/2504/2179 2136/2771/2408 2135/2703/2364
f 2546/2316/2017 2547/3030/2648 2545/1832/1610
f 2549/2790/2438 2551/2712/2372 2561/2715/2375 2559/3033/2638
f 2553/2711/2371 2552/2710/2370 2608/3034/2650 2594/3035/2651
f 2577/2860/2504 2578/2863/2506 2584/2918/2558 2582/2961/2596
f 2552/2710/2370 2541/2283/1998 2607/2282/1997 2608/3034/2650
f 2602/3010/2632 2599/2470/2146 2597/3017/2637 2596/2932/2572
f 2557/3022/2640 2556/2584/2256 2030/1578/1382 2554/1577/1381
f 2556/2584/2256 2557/3022/2640 2560/3021/2639 2558/3004/2627
f 2563/3006/2629 2560/3036/2639 2559/3033/2638 2561/2715/2375
f 2555/3023/2641 2557/3022/2640 2554/1577/1381
f 2563/3006/2629 2562/3005/2628 2558/3013/2627 2560/3036/2639
f 2565/2714/2374 2553/2711/2371 2594/3035/2651 2595/2963/2598
f 2592/2857/2501 2566/3007/2630 2565/2714/2374 2595/2963/2598
f 2636/2699/2363 2634/2698/2362 2613/3037/2652 2612/3038/2011
f 2593/2856/2500 2590/2929/2569 2536/2472/2147 2564/3008/2631
f 2565/2714/2374 2566/3007/2630 2563/3006/2629 2561/2715/2375
f 2543/2784/2432 2542/2786/2434 2596/2932/2572 2597/3017/2637
f 2574/3039/2653 2570/2845/2490 2569/2011/1769 2573/3040/2654
f 2639/2372/2063 2640/2371/2062 2638/3041/2655 2637/2415/2100
f 2611/3025/2643 2605/2964/2599 2595/2963/2598 2594/3035/2651
f 2592/2857/2501 2593/2856/2500 2564/3008/2631 2566/3007/2630
f 2576/2946/2440 2571/2793/2441 2570/2845/2490 2574/3039/2653
f 2363/2907/2547 2364/2004/1764 2370/2003/1763 2368/2896/2536
f 2657/2416/2101 2544/2463/2139 2598/2820/2466 2649/2476/2151
f 2569/2011/1769 2567/2014/1772 2572/3042/2656 2573/3043/2654
f 2487/2922/2562 2485/2992/2621 2482/2930/2570 2481/2905/2545
f 2572/3044/2656 2574/3045/2653 2573/3040/2654
f 2429/2967/2602 2428/2958/2593 2426/2957/2592 2432/2968/2603
f 2576/2946/2440 2574/3045/2653 2572/3046/2656 2581/2962/2597
f 2580/2841/2486 2579/2656/2326 2581/3047/2597 2582/3048/2596
f 2584/3049/2558 2583/2843/2488 2580/2841/2486 2582/3048/2596
f 2578/2863/2506 2577/2860/2504 2271/2852/2496 2270/2851/2495
f 2583/2843/2488 2584/3049/2558 2586/2970/2557 2585/2669/2335
f 2010/2535/2210 2079/2564/2239 2081/2659/2329 2082/2567/2242
f 2576/2946/2440 2581/3047/2597 2579/2656/2326 2589/2655/2211
f 2471/2971/2604 2472/2925/2565 2515/2924/2564 2512/2981/2611
f 2123/2684/2353 2124/2822/2430 2088/2525/2200 2090/2524/2199
f 2629/3050/2657 2602/3010/2632 2601/2927/2567 2627/3011/2633
f 2544/3019/2139 1808/2287/2001 2533/2286/2000 2543/2784/2432
f 2598/3018/2466 2597/3017/2637 2599/2470/2146 2600/2469/2145
f 2622/3016/2636 2614/3029/2647 2603/2855/2499 2606/2854/2498
f 2666/2451/2131 2656/2481/2156 2636/3051/2363 2638/3041/2655
f 2613/3037/2652 2610/3026/2644 2608/3034/2650 2607/2282/1997
f 2610/3026/2644 2611/3025/2643 2594/3035/2651 2608/3034/2650
f 2614/3029/2647 2615/3012/2634 2604/2926/2566 2603/2855/2499
f 2631/2467/2143 2599/2470/2146 2602/3010/2632 2629/3050/2657
f 2549/3032/2438 2547/3030/2648 2546/2316/2017 2548/3001/2439
f 2626/3052/2658 2627/3011/2633 2615/3012/2634 2617/3028/2646
f 2653/3053/2659 2652/3054/2660 2623/3031/2649 2625/3055/2661
f 2668/3056/2137 2669/2459/2136 2654/2697/2361 2656/2696/2156
f 2635/3024/2642 2624/3015/2635 2605/2964/2599 2611/3025/2643
f 2665/2425/2110 2666/2451/2131 2638/3041/2655 2640/2371/2062
f 2612/3038/2011 2613/3037/2652 2607/2282/1997 2609/2281/1996
f 1904/2359/2051 1905/2397/2083 1880/2387/2030 1903/2360/2052
f 2581/2962/2597 2572/3042/2656 2567/2865/1772 2568/2861/2505
f 2630/3057/2662 2631/2467/2143 2629/3050/2657 2628/3058/2663
f 2613/3037/2652 2634/2698/2362 2610/3026/2644
f 2642/2370/2061 2641/2369/2060 2643/2407/2092 2644/3059/2664
f 1950/3060/2104 2660/3061/2121 1918/2404/2089
f 2618/3062/2665 2616/3027/2645 2623/3031/2649 2652/3054/2660
f 2620/2381/2071 2621/2380/2070 2619/3063/2666 2618/3062/2665
f 2659/2422/2107 2620/2381/2071 2618/3062/2665 2652/3054/2660
f 2624/3015/2635 2625/3055/2661 2623/3031/2649 2622/3016/2636
f 2654/2697/2361 2655/3064/2667 2635/3024/2642 2634/2698/2362
f 2653/3053/2659 2625/3055/2661 2667/2438/2123 2658/2423/2108
f 2628/3058/2663 2629/3050/2657 2627/3011/2633 2626/3052/2658
f 2651/3065/2668 2630/3057/2662 2628/3058/2663 2626/3052/2658
f 2632/2431/2116 2630/3057/2662 2651/3065/2668 2621/2380/2070
f 2632/2431/2116 2633/2468/2144 2631/2467/2143 2630/3057/2662
f 1918/2404/2089 2660/3061/2121 2600/3066/2145 2633/2468/2144
f 2663/2447/2130 2664/2426/2111 2642/2370/2061 2644/3059/2664
f 2655/3064/2667 2625/3055/2661 2624/3015/2635 2635/3024/2642
f 2636/3051/2363 2612/2308/2011 2637/2415/2100 2638/3041/2655
f 2618/3062/2665 2619/3063/2666 2617/3028/2646 2616/3027/2645
f 195/54/51 3/1/1 2/4/4 194/55/52
f 2651/3065/2668 2626/3052/2658 2617/3028/2646 2619/3063/2666
f 2664/2426/2111 2665/2425/2110 2640/2371/2062 2642/2370/2061
f 2647/2417/2102 2648/3067/2669 2646/3068/2670 2645/2406/2091
f 2662/2444/2127 2663/2447/2130 2644/3059/2664 2646/3068/2670
f 2661/2435/2120 2662/2444/2127 2646/3068/2670 2648/3067/2669
f 176/33/33 26/37/37 8/13/13 7/12/12
f 2649/2476/2151 2650/2819/2465 2648/3067/2669 2647/2417/2102
f 2621/2380/2070 2651/3065/2668 2619/3063/2666
f 2670/2458/2135 2667/2438/2123 2625/3055/2661 2655/3064/2667
f 14/17/17 13/38/38 12/24/24 11/10/10
f 2650/2819/2465 2600/3066/2145 2648/3067/2669
f 2600/3066/2145 2660/2436/2121 2661/2435/2120 2648/3067/2669
f 2658/2423/2108 2659/2422/2107 2652/3054/2660 2653/3053/2659
f 2669/2459/2136 2670/2458/2135 2655/3064/2667 2654/2697/2361
f 1914/2400/2086 1864/2367/1601 1916/1877/1649
f 2645/2406/2091 2646/3068/2670 2644/3059/2664 2643/2407/2092
f 22/44/44 19/29/29 5/14/14 8/13/13
f 192/252/151 193/31/31 7/12/12 6/15/15
f 2176/1445/1253 2177/2783/2431 2124/2782/2430 2123/2702/2353
f 2026/1773/1562 2022/2506/2181 2101/2505/2180 2100/2482/2157
f 2564/3008/2631 2536/2472/2147 2535/2475/2150 2562/3005/2628
f 2427/2942/2582 2426/2957/2592 2414/2847/2492 2413/2846/2491
f 2529/3009/2402 2528/3014/2435 2535/2475/2150 2534/2474/2149
f 216/292/249 215/291/248 303/425/359 222/321/275
f 2174/2493/2168 1984/2483/2158 1985/2500/2175 2173/2501/2176
f 1990/1457/1265 1987/2485/2160 1977/2492/2167 1976/1408/1218
f 4/2/2 160/229/199 157/257/221
